# This is a clothes file for MakeHuman Community, exported by MakeClothes 2
#
# author: MatCreator
# license: CC0
#
v -0.1391 1.3540 0.0146
v -0.1308 1.3393 0.0229
v -0.1169 1.3487 0.0146
v -0.1184 1.3592 0.0060
v -0.1322 1.3726 -0.0031
v -0.1460 1.3757 -0.0013
v -0.1491 1.3613 0.0113
v -0.1205 1.3714 -0.0066
v -0.1728 0.8148 -0.0410
v -0.1698 0.8246 -0.0536
v -0.1684 0.8163 -0.0658
v -0.1703 0.8074 -0.0614
v -0.1705 0.8331 -0.0360
v -0.1690 0.8367 -0.0463
v -0.1734 0.8152 -0.0259
v -0.1712 0.8299 -0.0228
v -0.1743 0.7992 -0.0422
v -0.1750 0.8001 -0.0251
v -0.1720 0.7949 -0.0568
v -0.0401 1.3769 -0.1140
v -0.0340 1.3597 -0.1192
v -0.0497 1.3558 -0.1235
v -0.0580 1.3689 -0.1193
v -0.0683 1.3805 -0.1137
v -0.0555 1.3897 -0.1087
v -0.0329 1.3919 -0.1068
v -0.0172 1.3870 -0.1068
v -0.0185 1.3733 -0.1115
v -0.0177 1.3592 -0.1157
v -0.0467 1.4003 -0.1030
v -0.1534 1.3292 -0.1197
v -0.1390 1.3133 -0.1263
v -0.1522 1.3004 -0.1212
v -0.1615 1.3103 -0.1183
v -0.1505 1.3494 -0.1143
v -0.1371 1.3491 -0.1186
v -0.1327 1.3335 -0.1256
v -0.1276 1.3215 -0.1297
v -0.1028 -0.0003 0.1381
v -0.0982 -0.0007 0.1335
v -0.0935 0.0023 0.1356
v -0.0994 0.0022 0.1409
v -0.1081 -0.0011 0.1383
v -0.1068 -0.0027 0.1333
v -0.1088 0.0014 0.1429
v -0.1383 0.0092 -0.0843
v -0.1428 0.0057 -0.0801
v -0.1444 0.0158 -0.0832
v -0.1384 0.0152 -0.0865
v -0.1332 0.0054 -0.0834
v -0.1374 0.0006 -0.0783
v -0.1315 0.0147 -0.0877
v -0.1638 0.0535 -0.0184
v -0.1655 0.0442 -0.0058
v -0.1617 0.0521 -0.0001
v -0.1599 0.0631 -0.0101
v -0.1664 0.0394 -0.0212
v -0.1685 0.0340 -0.0091
v -0.1636 0.0552 -0.0331
v -0.1651 0.0407 -0.0326
v -0.1611 0.0707 -0.0257
v -0.1621 0.0685 -0.0356
v -0.1585 0.0743 -0.0166
v -0.0945 0.0463 -0.0099
v -0.0933 0.0395 0.0034
v -0.0935 0.0295 0.0025
v -0.0945 0.0318 -0.0116
v -0.0953 0.0445 -0.0264
v -0.0958 0.0567 -0.0286
v -0.0961 0.0609 -0.0193
v -0.0954 0.0313 -0.0239
v -0.0980 0.0669 -0.0100
v -0.0964 0.0567 -0.0027
v -0.0947 0.0483 0.0085
v -0.0963 0.0182 0.1387
v -0.1023 0.0188 0.1414
v -0.1016 0.0140 0.1450
v -0.0950 0.0144 0.1409
v -0.0942 0.0193 0.1338
v -0.1004 0.0215 0.1341
v -0.0903 0.0150 0.1335
v -0.1262 -0.0049 0.1076
v -0.1283 -0.0050 0.1004
v -0.1178 -0.0053 0.0985
v -0.1182 -0.0050 0.1092
v -0.1219 -0.0047 0.1183
v -0.1314 -0.0047 0.1133
v -0.1381 -0.0045 0.1043
v -0.1415 0.0268 0.1029
v -0.1487 0.0249 0.1057
v -0.1385 0.0242 0.1153
v -0.1340 0.0275 0.1070
v -0.1309 0.0305 0.0986
v -0.1430 0.0288 0.0945
v -0.1537 0.0267 0.0949
v -0.1225 -0.0061 -0.0584
v -0.1277 -0.0063 -0.0610
v -0.1235 -0.0050 -0.0670
v -0.1178 -0.0050 -0.0623
v -0.1220 -0.0062 -0.0529
v -0.1302 -0.0067 -0.0531
v -0.1146 -0.0048 -0.0545
v -0.1170 1.1327 0.0453
v -0.1163 1.1152 0.0440
v -0.1053 1.1103 0.0560
v -0.1046 1.1235 0.0585
v -0.1021 1.1352 0.0616
v -0.1122 1.1432 0.0521
v -0.1232 1.1494 0.0374
v -0.1291 1.1455 0.0250
v -0.1262 1.1329 0.0295
v -0.1242 1.1200 0.0316
v -0.1175 1.1559 0.0473
v -0.0929 1.1651 0.0729
v -0.0961 1.1568 0.0685
v -0.0865 1.1547 0.0740
v -0.0866 1.1658 0.0765
v -0.0888 1.1763 0.0798
v -0.0975 1.1716 0.0729
v -0.1024 1.1640 0.0658
v -0.0391 0.8474 0.0591
v -0.0389 0.8687 0.0646
v -0.0555 0.8702 0.0623
v -0.0620 0.8589 0.0602
v -0.0187 0.8539 0.0634
v -0.0189 0.8665 0.0664
v -0.0279 0.8330 0.0545
v -0.0151 0.8356 0.0573
v -0.0515 0.8392 0.0572
v -0.0364 0.8260 0.0514
v -0.0682 0.8458 0.0589
v -0.1673 0.8298 -0.0629
v -0.1661 0.8260 -0.0704
v -0.1666 0.8389 -0.0594
v -0.1632 0.8375 -0.0753
v -0.0151 0.7999 -0.1215
v -0.0040 0.8011 -0.1100
v -0.0029 0.7920 -0.0924
v -0.0054 0.7887 -0.0917
v -0.0175 0.8163 -0.1375
v -0.0064 0.8165 -0.1293
v -0.0079 0.7848 -0.0907
v -0.0171 0.7900 -0.1111
v -0.0374 1.3640 0.0139
v -0.0534 1.3572 0.0150
v -0.0485 1.3474 0.0235
v -0.0324 1.3504 0.0243
v -0.0163 1.3504 0.0249
v -0.0166 1.3624 0.0168
v -0.0159 1.3728 0.0112
v -0.0307 1.3757 0.0076
v -0.0435 1.3817 -0.0003
v -0.0502 1.3720 0.0019
v -0.0612 1.3641 0.0046
v -0.0601 1.3777 -0.0091
v -0.0691 1.3700 -0.0068
v -0.0807 1.3654 -0.0041
v -0.0748 1.3580 0.0067
v -0.0695 1.3503 0.0158
v -0.0651 1.3419 0.0235
v -0.0892 1.3541 0.0086
v -0.0859 1.3456 0.0167
v -0.0821 1.3369 0.0242
v -0.0786 1.3276 0.0316
v -0.0626 1.3320 0.0309
v -0.1009 1.3421 0.0184
v -0.0966 1.3319 0.0264
v -0.0935 1.3216 0.0341
v -0.0912 1.3108 0.0421
v -0.0768 1.3172 0.0391
v -0.1102 1.3247 0.0312
v -0.1078 1.3133 0.0393
v -0.1052 1.3016 0.0474
v -0.1025 1.2903 0.0552
v -0.0882 1.2993 0.0504
v -0.1228 1.3032 0.0453
v -0.1200 1.2920 0.0523
v -0.1173 1.2810 0.0592
v -0.1146 1.2699 0.0659
v -0.0998 1.2791 0.0628
v -0.1346 1.2821 0.0542
v -0.1315 1.2710 0.0599
v -0.1285 1.2596 0.0652
v -0.1256 1.2481 0.0696
v -0.1117 1.2587 0.0718
v -0.1428 1.2599 0.0547
v -0.1394 1.2487 0.0588
v -0.1360 1.2372 0.0616
v -0.1321 1.2258 0.0636
v -0.1224 1.2365 0.0726
v -0.1460 1.2381 0.0474
v -0.1422 1.2274 0.0495
v -0.1382 1.2166 0.0512
v -0.1339 1.2061 0.0529
v -0.1281 1.2148 0.0658
v -0.1459 1.2193 0.0357
v -0.1419 1.2091 0.0375
v -0.1376 1.1989 0.0391
v -0.1329 1.1888 0.0408
v -0.1294 1.1958 0.0540
v -0.1443 1.2030 0.0232
v -0.1401 1.1930 0.0253
v -0.1357 1.1830 0.0279
v -0.1311 1.1727 0.0307
v -0.1276 1.1786 0.0427
v -0.1427 1.1878 0.0114
v -0.1389 1.1778 0.0144
v -0.1353 1.1676 0.0176
v -0.1320 1.1569 0.0212
v -0.1269 1.1619 0.0337
v -0.1425 1.1733 -0.0000
v -0.1394 1.1632 0.0032
v -0.1366 1.1528 0.0067
v -0.1342 1.1420 0.0102
v -0.1421 1.1595 -0.0123
v -0.1395 1.1493 -0.0090
v -0.1373 1.1388 -0.0059
v -0.1354 1.1282 -0.0030
v -0.1321 1.1309 0.0138
v -0.1400 1.1467 -0.0250
v -0.1379 1.1363 -0.0220
v -0.1359 1.1259 -0.0192
v -0.1342 1.1154 -0.0170
v -0.1337 1.1178 -0.0005
v -0.1364 1.1345 -0.0376
v -0.1345 1.1241 -0.0348
v -0.1327 1.1137 -0.0325
v -0.1308 1.1032 -0.0307
v -0.1324 1.1050 -0.0155
v -0.1314 1.1228 -0.0495
v -0.1296 1.1124 -0.0471
v -0.1278 1.1019 -0.0451
v -0.1261 1.0913 -0.0435
v -0.1290 1.0924 -0.0294
v -0.1250 1.1116 -0.0608
v -0.1233 1.1011 -0.0586
v -0.1217 1.0905 -0.0570
v -0.1206 1.0797 -0.0557
v -0.1247 1.0804 -0.0425
v -0.1172 1.1007 -0.0711
v -0.1159 1.0900 -0.0694
v -0.1150 1.0791 -0.0681
v -0.1146 1.0682 -0.0673
v -0.1201 1.0688 -0.0550
v -0.1084 1.0898 -0.0804
v -0.1078 1.0788 -0.0790
v -0.1075 1.0677 -0.0781
v -0.1077 1.0565 -0.0777
v -0.1150 1.0571 -0.0670
v -0.0989 1.0787 -0.0881
v -0.0987 1.0673 -0.0871
v -0.0987 1.0559 -0.0864
v -0.0991 1.0445 -0.0863
v -0.1083 1.0452 -0.0777
v -0.0885 1.0671 -0.0939
v -0.0885 1.0555 -0.0931
v -0.0886 1.0439 -0.0929
v -0.0891 1.0323 -0.0933
v -0.0998 1.0330 -0.0868
v -0.0775 1.0553 -0.0981
v -0.0775 1.0435 -0.0978
v -0.0778 1.0317 -0.0983
v -0.0782 1.0199 -0.0995
v -0.0898 1.0207 -0.0945
v -0.0662 1.0433 -0.1016
v -0.0663 1.0313 -0.1021
v -0.0665 1.0192 -0.1034
v -0.0667 1.0072 -0.1051
v -0.0787 1.0081 -0.1013
v -0.0548 1.0310 -0.1051
v -0.0548 1.0188 -0.1064
v -0.0549 1.0064 -0.1083
v -0.0551 0.9941 -0.1112
v -0.0671 0.9952 -0.1077
v -0.0433 1.0183 -0.1087
v -0.0433 1.0057 -0.1109
v -0.0434 0.9929 -0.1142
v -0.0439 0.9803 -0.1187
v -0.0558 0.9819 -0.1155
v -0.0321 1.0050 -0.1127
v -0.0321 0.9919 -0.1162
v -0.0323 0.9787 -0.1207
v -0.0327 0.9656 -0.1264
v -0.0446 0.9677 -0.1244
v -0.0211 0.9910 -0.1169
v -0.0212 0.9773 -0.1214
v -0.0213 0.9635 -0.1271
v -0.0214 0.9495 -0.1335
v -0.0332 0.9522 -0.1329
v -0.0105 0.9763 -0.1212
v -0.0105 0.9619 -0.1268
v -0.0104 0.9472 -0.1329
v -0.0102 0.9316 -0.1386
v -0.0215 0.9349 -0.1399
v 0.0000 0.9613 -0.1261
v 0.0000 0.9461 -0.1316
v 0.0000 0.9300 -0.1362
v 0.0000 0.9132 -0.1394
v -0.0098 0.9151 -0.1435
v -0.0094 0.8978 -0.1472
v -0.0216 0.9037 -0.1508
v -0.0216 0.9196 -0.1458
v 0.0000 0.8955 -0.1409
v 0.0000 0.8791 -0.1406
v -0.0095 0.8805 -0.1493
v -0.0096 0.8640 -0.1491
v -0.0225 0.8692 -0.1558
v -0.0221 0.8869 -0.1544
v 0.0000 0.8645 -0.1388
v 0.0000 0.8507 -0.1356
v -0.0093 0.8484 -0.1464
v -0.0084 0.8332 -0.1406
v -0.0216 0.8341 -0.1488
v -0.0228 0.8510 -0.1543
v 0.0000 0.8365 -0.1304
v 0.0000 0.8201 -0.1219
v 0.0000 0.8021 -0.1049
v 0.0000 0.7940 -0.0914
v 0.0000 0.7846 -0.0682
v -0.0014 0.7838 -0.0685
v -0.0024 0.7808 -0.0675
v 0.0000 0.7803 -0.0484
v -0.0011 0.7794 -0.0467
v -0.0009 0.7772 -0.0459
v -0.0011 0.7750 -0.0451
v -0.0030 0.7782 -0.0670
v -0.0020 0.7806 -0.0197
v -0.0036 0.7796 -0.0199
v -0.0038 0.7772 -0.0201
v -0.0038 0.7746 -0.0201
v -0.0014 0.7724 -0.0443
v -0.0064 0.7848 0.0037
v -0.0090 0.7839 0.0025
v -0.0103 0.7811 0.0022
v -0.0107 0.7776 0.0023
v -0.0039 0.7714 -0.0200
v -0.0159 0.7941 0.0236
v -0.0187 0.7908 0.0230
v -0.0202 0.7862 0.0233
v -0.0208 0.7807 0.0238
v -0.0108 0.7731 0.0026
v -0.0296 0.8044 0.0397
v -0.0324 0.7978 0.0398
v -0.0339 0.7904 0.0403
v -0.0349 0.7816 0.0411
v -0.0212 0.7738 0.0243
v -0.0459 0.8085 0.0509
v -0.0482 0.7986 0.0513
v -0.0497 0.7877 0.0517
v -0.0505 0.7760 0.0523
v -0.0355 0.7709 0.0412
v -0.0634 0.8046 0.0572
v -0.0652 0.7928 0.0578
v -0.0662 0.7806 0.0587
v -0.0669 0.7680 0.0593
v -0.0511 0.7637 0.0524
v -0.0807 0.7972 0.0606
v -0.0820 0.7847 0.0616
v -0.0828 0.7719 0.0627
v -0.0834 0.7590 0.0636
v -0.0673 0.7553 0.0597
v -0.0975 0.7882 0.0616
v -0.0986 0.7753 0.0628
v -0.0994 0.7622 0.0641
v -0.0998 0.7490 0.0653
v -0.0837 0.7460 0.0644
v -0.1140 0.7781 0.0601
v -0.1149 0.7649 0.0614
v -0.1154 0.7515 0.0628
v -0.1157 0.7379 0.0641
v -0.1000 0.7357 0.0663
v -0.1295 0.7670 0.0561
v -0.1301 0.7534 0.0576
v -0.1304 0.7397 0.0589
v -0.1304 0.7259 0.0600
v -0.1156 0.7243 0.0651
v -0.1433 0.7548 0.0493
v -0.1436 0.7409 0.0506
v -0.1435 0.7270 0.0517
v -0.1433 0.7131 0.0527
v -0.1302 0.7120 0.0608
v -0.1547 0.7417 0.0398
v -0.1547 0.7277 0.0410
v -0.1545 0.7137 0.0421
v -0.1542 0.6998 0.0429
v -0.1431 0.6992 0.0535
v -0.1638 0.7280 0.0286
v -0.1635 0.7140 0.0297
v -0.1632 0.7001 0.0307
v -0.1626 0.6864 0.0313
v -0.1538 0.6860 0.0435
v -0.1705 0.7140 0.0162
v -0.1701 0.7001 0.0172
v -0.1695 0.6865 0.0179
v -0.1688 0.6729 0.0183
v -0.1620 0.6728 0.0315
v -0.1749 0.6999 0.0030
v -0.1743 0.6863 0.0038
v -0.1736 0.6729 0.0043
v -0.1727 0.6596 0.0045
v -0.1680 0.6596 0.0183
v -0.1770 0.6859 -0.0108
v -0.1762 0.6726 -0.0102
v -0.1753 0.6595 -0.0099
v -0.1744 0.6465 -0.0098
v -0.1719 0.6465 0.0044
v -0.1767 0.6721 -0.0249
v -0.1759 0.6592 -0.0244
v -0.1750 0.6463 -0.0242
v -0.1740 0.6336 -0.0242
v -0.1735 0.6336 -0.0099
v -0.1743 0.6586 -0.0389
v -0.1734 0.6460 -0.0386
v -0.1724 0.6334 -0.0384
v -0.1713 0.6210 -0.0384
v -0.1729 0.6211 -0.0244
v -0.1695 0.6454 -0.0525
v -0.1685 0.6330 -0.0522
v -0.1675 0.6207 -0.0520
v -0.1664 0.6085 -0.0519
v -0.1702 0.6087 -0.0385
v -0.1623 0.6323 -0.0651
v -0.1613 0.6201 -0.0647
v -0.1602 0.6080 -0.0642
v -0.1591 0.5960 -0.0639
v -0.1653 0.5964 -0.0518
v -0.1527 0.6193 -0.0758
v -0.1516 0.6073 -0.0751
v -0.1505 0.5954 -0.0744
v -0.1493 0.5836 -0.0736
v -0.1579 0.5841 -0.0635
v -0.1408 0.6065 -0.0839
v -0.1399 0.5947 -0.0829
v -0.1389 0.5829 -0.0820
v -0.1381 0.5712 -0.0810
v -0.1483 0.5718 -0.0729
v -0.1278 0.5937 -0.0896
v -0.1272 0.5820 -0.0884
v -0.1265 0.5704 -0.0872
v -0.1259 0.5588 -0.0861
v -0.1373 0.5596 -0.0802
v -0.1140 0.5812 -0.0917
v -0.1137 0.5695 -0.0904
v -0.1135 0.5579 -0.0892
v -0.1135 0.5463 -0.0880
v -0.1256 0.5473 -0.0850
v -0.1004 0.5686 -0.0907
v -0.1006 0.5569 -0.0894
v -0.1009 0.5453 -0.0882
v -0.1015 0.5337 -0.0871
v -0.1137 0.5349 -0.0869
v -0.0877 0.5558 -0.0870
v -0.0884 0.5440 -0.0858
v -0.0894 0.5323 -0.0848
v -0.0906 0.5207 -0.0840
v -0.1024 0.5222 -0.0862
v -0.0764 0.5426 -0.0816
v -0.0776 0.5308 -0.0807
v -0.0791 0.5191 -0.0801
v -0.0808 0.5074 -0.0798
v -0.0921 0.5092 -0.0836
v -0.0664 0.5291 -0.0750
v -0.0681 0.5172 -0.0745
v -0.0702 0.5054 -0.0743
v -0.0727 0.4937 -0.0746
v -0.0829 0.4959 -0.0801
v -0.0584 0.5156 -0.0671
v -0.0608 0.5034 -0.0671
v -0.0636 0.4914 -0.0676
v -0.0667 0.4795 -0.0687
v -0.0754 0.4821 -0.0756
v -0.0534 0.5016 -0.0581
v -0.0564 0.4891 -0.0589
v -0.0598 0.4769 -0.0602
v -0.0632 0.4650 -0.0620
v -0.0699 0.4677 -0.0705
v -0.0520 0.4873 -0.0486
v -0.0554 0.4750 -0.0502
v -0.0588 0.4629 -0.0521
v -0.0620 0.4511 -0.0545
v -0.0664 0.4533 -0.0643
v -0.0540 0.4735 -0.0391
v -0.0573 0.4614 -0.0412
v -0.0603 0.4496 -0.0437
v -0.0629 0.4379 -0.0463
v -0.0647 0.4395 -0.0571
v -0.0585 0.4604 -0.0301
v -0.0613 0.4485 -0.0327
v -0.0638 0.4368 -0.0354
v -0.0657 0.4252 -0.0379
v -0.0648 0.4263 -0.0489
v -0.0649 0.4479 -0.0221
v -0.0673 0.4362 -0.0249
v -0.0691 0.4246 -0.0274
v -0.0702 0.4131 -0.0295
v -0.0668 0.4138 -0.0402
v -0.0723 0.4357 -0.0151
v -0.0739 0.4240 -0.0176
v -0.0749 0.4124 -0.0196
v -0.0753 0.4008 -0.0212
v -0.0705 0.4016 -0.0312
v -0.0800 0.4233 -0.0086
v -0.0809 0.4117 -0.0106
v -0.0815 0.4001 -0.0122
v -0.0818 0.3885 -0.0135
v -0.0753 0.3892 -0.0224
v -0.0885 0.4111 -0.0030
v -0.0892 0.3995 -0.0045
v -0.0897 0.3879 -0.0058
v -0.0900 0.3765 -0.0068
v -0.0819 0.3769 -0.0146
v -0.0980 0.3991 0.0019
v -0.0987 0.3876 0.0008
v -0.0992 0.3762 -0.0002
v -0.0996 0.3648 -0.0011
v -0.0903 0.3650 -0.0078
v -0.1088 0.3876 0.0057
v -0.1094 0.3762 0.0047
v -0.1101 0.3648 0.0038
v -0.1106 0.3535 0.0029
v -0.1000 0.3534 -0.0019
v -0.1206 0.3766 0.0075
v -0.1213 0.3653 0.0067
v -0.1219 0.3539 0.0058
v -0.1224 0.3426 0.0050
v -0.1110 0.3422 0.0021
v -0.1330 0.3663 0.0070
v -0.1337 0.3549 0.0062
v -0.1342 0.3434 0.0055
v -0.1345 0.3319 0.0047
v -0.1228 0.3312 0.0041
v -0.1452 0.3560 0.0039
v -0.1457 0.3443 0.0033
v -0.1459 0.3326 0.0026
v -0.1460 0.3209 0.0019
v -0.1347 0.3203 0.0039
v -0.1563 0.3451 -0.0015
v -0.1565 0.3332 -0.0022
v -0.1564 0.3213 -0.0029
v -0.1561 0.3094 -0.0036
v -0.1459 0.3091 0.0012
v -0.1657 0.3337 -0.0091
v -0.1655 0.3216 -0.0098
v -0.1651 0.3096 -0.0104
v -0.1646 0.2976 -0.0111
v -0.1557 0.2974 -0.0043
v -0.1731 0.3221 -0.0184
v -0.1726 0.3099 -0.0190
v -0.1719 0.2978 -0.0196
v -0.1710 0.2857 -0.0201
v -0.1639 0.2856 -0.0118
v -0.1782 0.3102 -0.0289
v -0.1774 0.2979 -0.0293
v -0.1764 0.2857 -0.0297
v -0.1754 0.2735 -0.0299
v -0.1701 0.2736 -0.0206
v -0.1811 0.2980 -0.0398
v -0.1800 0.2857 -0.0400
v -0.1789 0.2733 -0.0401
v -0.1776 0.2610 -0.0401
v -0.1743 0.2613 -0.0301
v -0.1818 0.2855 -0.0508
v -0.1805 0.2731 -0.0507
v -0.1792 0.2606 -0.0504
v -0.1778 0.2482 -0.0499
v -0.1764 0.2487 -0.0399
v -0.1804 0.2728 -0.0613
v -0.1790 0.2602 -0.0608
v -0.1776 0.2477 -0.0601
v -0.1760 0.2352 -0.0592
v -0.1763 0.2357 -0.0494
v -0.1770 0.2599 -0.0709
v -0.1755 0.2473 -0.0700
v -0.1740 0.2347 -0.0689
v -0.1725 0.2221 -0.0678
v -0.1745 0.2226 -0.0584
v -0.1717 0.2470 -0.0793
v -0.1703 0.2343 -0.0780
v -0.1689 0.2217 -0.0766
v -0.1674 0.2092 -0.0753
v -0.1709 0.2096 -0.0666
v -0.1652 0.2340 -0.0864
v -0.1639 0.2214 -0.0848
v -0.1625 0.2087 -0.0832
v -0.1611 0.1961 -0.0817
v -0.1658 0.1966 -0.0740
v -0.1577 0.2210 -0.0920
v -0.1565 0.2084 -0.0901
v -0.1551 0.1958 -0.0884
v -0.1535 0.1832 -0.0865
v -0.1595 0.1835 -0.0802
v -0.1491 0.2082 -0.0954
v -0.1478 0.1956 -0.0933
v -0.1464 0.1831 -0.0912
v -0.1451 0.1705 -0.0893
v -0.1520 0.1706 -0.0848
v -0.1400 0.1957 -0.0965
v -0.1390 0.1832 -0.0943
v -0.1381 0.1706 -0.0922
v -0.1372 0.1579 -0.0903
v -0.1439 0.1578 -0.0874
v -0.1316 0.1834 -0.0959
v -0.1312 0.1707 -0.0938
v -0.1307 0.1580 -0.0918
v -0.1302 0.1451 -0.0900
v -0.1363 0.1451 -0.0884
v -0.1244 0.1709 -0.0938
v -0.1243 0.1581 -0.0919
v -0.1242 0.1452 -0.0901
v -0.1243 0.1321 -0.0884
v -0.1299 0.1321 -0.0883
v -0.1182 0.1583 -0.0903
v -0.1185 0.1453 -0.0885
v -0.1189 0.1322 -0.0868
v -0.1193 0.1190 -0.0850
v -0.1244 0.1190 -0.0868
v -0.1133 0.1455 -0.0855
v -0.1141 0.1323 -0.0838
v -0.1147 0.1191 -0.0820
v -0.1147 0.1060 -0.0803
v -0.1192 0.1060 -0.0835
v -0.1099 0.1325 -0.0797
v -0.1105 0.1192 -0.0779
v -0.1106 0.1060 -0.0761
v -0.1100 0.0928 -0.0750
v -0.1140 0.0929 -0.0795
v -0.1070 0.1195 -0.0728
v -0.1070 0.1061 -0.0710
v -0.1063 0.0926 -0.0696
v -0.1057 0.0792 -0.0685
v -0.1093 0.0795 -0.0744
v -0.1040 0.1066 -0.0649
v -0.1033 0.0928 -0.0633
v -0.1025 0.0792 -0.0617
v -0.1020 0.0660 -0.0605
v -0.1051 0.0659 -0.0680
v -0.1009 0.0936 -0.0559
v -0.0999 0.0798 -0.0537
v -0.0993 0.0665 -0.0516
v -0.0988 0.0538 -0.0499
v -0.1014 0.0530 -0.0595
v -0.0984 0.0811 -0.0449
v -0.0974 0.0676 -0.0419
v -0.0968 0.0550 -0.0394
v -0.0966 0.0427 -0.0374
v -0.0983 0.0411 -0.0481
v -0.0968 0.0698 -0.0325
v -0.0981 0.0834 -0.0364
v -0.0990 0.0867 -0.0280
v -0.0976 0.0738 -0.0239
v -0.1010 0.0903 -0.0198
v -0.0995 0.0784 -0.0155
v -0.1040 0.0936 -0.0122
v -0.1026 0.0827 -0.0078
v -0.1013 0.0726 -0.0021
v -0.0997 0.0635 0.0052
v -0.1066 0.0861 -0.0014
v -0.1053 0.0768 0.0044
v -0.1039 0.0684 0.0117
v -0.1021 0.0609 0.0204
v -0.0978 0.0555 0.0146
v -0.1102 0.0796 0.0093
v -0.1090 0.0717 0.0167
v -0.1076 0.0646 0.0251
v -0.1059 0.0583 0.0343
v -0.1001 0.0544 0.0299
v -0.1150 0.0733 0.0198
v -0.1141 0.0664 0.0283
v -0.1129 0.0601 0.0375
v -0.1116 0.0546 0.0471
v -0.1041 0.0527 0.0439
v -0.1212 0.0669 0.0302
v -0.1207 0.0605 0.0395
v -0.1200 0.0547 0.0492
v -0.1192 0.0494 0.0591
v -0.1102 0.0496 0.0571
v -0.1292 0.0593 0.0400
v -0.1293 0.0532 0.0498
v -0.1292 0.0476 0.0597
v -0.1290 0.0425 0.0694
v -0.1183 0.0443 0.0691
v -0.1389 0.0505 0.0484
v -0.1396 0.0448 0.0580
v -0.1402 0.0396 0.0675
v -0.1409 0.0351 0.0769
v -0.1290 0.0378 0.0790
v -0.1497 0.0409 0.0546
v -0.1513 0.0359 0.0644
v -0.1530 0.0319 0.0743
v -0.1542 0.0290 0.0844
v -0.1418 0.0316 0.0860
v -0.1612 0.0325 0.0614
v -0.1629 0.0296 0.0729
v -0.1630 0.0271 0.0848
v -0.1603 0.0248 0.0974
v -0.1702 0.0266 0.0719
v -0.1692 0.0240 0.0857
v -0.1652 0.0218 0.0996
v -0.1577 0.0206 0.1130
v -0.1538 0.0230 0.1098
v -0.1732 0.0200 0.0863
v -0.1684 0.0182 0.1011
v -0.1606 0.0175 0.1153
v -0.1498 0.0170 0.1281
v -0.1468 0.0196 0.1248
v -0.1704 0.0140 0.1021
v -0.1620 0.0133 0.1165
v -0.1512 0.0131 0.1297
v -0.1373 0.0135 0.1414
v -0.1357 0.0169 0.1379
v -0.1624 0.0087 0.1171
v -0.1515 0.0085 0.1305
v -0.1375 0.0089 0.1425
v -0.1217 0.0093 0.1465
v -0.1219 0.0140 0.1454
v -0.1505 0.0037 0.1303
v -0.1365 0.0045 0.1413
v -0.1213 0.0047 0.1455
v -0.1093 0.0050 0.1458
v -0.1097 0.0095 0.1468
v -0.1346 0.0009 0.1388
v -0.1203 0.0010 0.1425
v -0.1320 -0.0015 0.1349
v -0.1189 -0.0015 0.1382
v -0.1290 -0.0031 0.1301
v -0.1171 -0.0031 0.1329
v -0.1257 -0.0041 0.1247
v -0.1147 -0.0042 0.1269
v -0.1048 -0.0037 0.1272
v -0.1118 -0.0048 0.1194
v -0.1025 -0.0041 0.1195
v -0.0951 -0.0017 0.1201
v -0.0969 -0.0016 0.1278
v -0.0897 0.0017 0.1214
v -0.0916 0.0015 0.1296
v -0.0864 0.0058 0.1228
v -0.0888 0.0055 0.1315
v -0.0926 0.0059 0.1385
v -0.0997 0.0056 0.1438
v -0.0886 0.0103 0.1327
v -0.0933 0.0101 0.1401
v -0.1004 0.0096 0.1451
v -0.1100 0.0145 0.1458
v -0.1098 0.0190 0.1418
v -0.1212 0.0183 0.1419
v -0.1086 0.0218 0.1351
v -0.1198 0.0214 0.1362
v -0.1333 0.0199 0.1332
v -0.1173 0.0239 0.1287
v -0.1301 0.0226 0.1278
v -0.1429 0.0219 0.1206
v -0.1262 0.0256 0.1200
v -0.1138 0.0264 0.1194
v -0.1107 0.0293 0.1094
v -0.1224 0.0288 0.1100
v -0.1086 0.0327 0.0989
v -0.1197 0.0319 0.0996
v -0.1076 0.0366 0.0882
v -0.1182 0.0354 0.0893
v -0.1295 0.0338 0.0888
v -0.1178 0.0396 0.0792
v -0.1078 0.0406 0.0776
v -0.1088 0.0451 0.0672
v -0.0991 0.0399 0.0750
v -0.1004 0.0437 0.0644
v -0.1022 0.0479 0.0540
v -0.0937 0.0398 0.0609
v -0.0957 0.0440 0.0503
v -0.0979 0.0488 0.0399
v -0.0912 0.0385 0.0464
v -0.0935 0.0433 0.0356
v -0.0956 0.0489 0.0249
v -0.0908 0.0369 0.0318
v -0.0929 0.0421 0.0203
v -0.0896 0.0298 0.0290
v -0.0916 0.0342 0.0170
v -0.0903 0.0226 0.0274
v -0.0922 0.0262 0.0154
v -0.0933 0.0155 0.0268
v -0.0947 0.0180 0.0152
v -0.0956 0.0196 0.0033
v -0.1004 0.0097 0.0162
v -0.1011 0.0105 0.0051
v -0.1011 0.0106 -0.0060
v -0.0960 0.0200 -0.0087
v -0.1004 0.0099 -0.0169
v -0.0962 0.0194 -0.0202
v -0.0999 0.0084 -0.0277
v -0.0968 0.0180 -0.0312
v -0.0965 0.0297 -0.0349
v -0.0977 0.0163 -0.0420
v -0.0978 0.0281 -0.0456
v -0.0994 0.0151 -0.0525
v -0.0996 0.0271 -0.0558
v -0.1005 0.0401 -0.0581
v -0.1023 0.0266 -0.0651
v -0.1034 0.0396 -0.0671
v -0.1044 0.0527 -0.0677
v -0.1070 0.0394 -0.0746
v -0.1079 0.0529 -0.0747
v -0.1086 0.0663 -0.0744
v -0.1121 0.0531 -0.0806
v -0.1127 0.0667 -0.0799
v -0.1133 0.0799 -0.0795
v -0.1174 0.0670 -0.0843
v -0.1179 0.0802 -0.0835
v -0.1185 0.0931 -0.0831
v -0.1232 0.0805 -0.0860
v -0.1237 0.0933 -0.0852
v -0.1241 0.1061 -0.0855
v -0.1292 0.0934 -0.0853
v -0.1295 0.1061 -0.0857
v -0.1297 0.1191 -0.0868
v -0.1347 0.1062 -0.0839
v -0.1351 0.1192 -0.0850
v -0.1356 0.1322 -0.0865
v -0.1406 0.1192 -0.0821
v -0.1415 0.1322 -0.0838
v -0.1426 0.1451 -0.0856
v -0.1476 0.1322 -0.0799
v -0.1490 0.1451 -0.0815
v -0.1505 0.1579 -0.0831
v -0.1549 0.1453 -0.0760
v -0.1564 0.1581 -0.0773
v -0.1579 0.1709 -0.0787
v -0.1609 0.1586 -0.0701
v -0.1625 0.1713 -0.0713
v -0.1641 0.1840 -0.0726
v -0.1656 0.1719 -0.0633
v -0.1674 0.1845 -0.0644
v -0.1691 0.1971 -0.0655
v -0.1693 0.1851 -0.0557
v -0.1711 0.1976 -0.0566
v -0.1728 0.2101 -0.0575
v -0.1716 0.1982 -0.0475
v -0.1732 0.2107 -0.0481
v -0.1748 0.2232 -0.0488
v -0.1722 0.2114 -0.0388
v -0.1736 0.2239 -0.0393
v -0.1750 0.2363 -0.0396
v -0.1708 0.2245 -0.0301
v -0.1720 0.2368 -0.0302
v -0.1732 0.2491 -0.0302
v -0.1673 0.2373 -0.0215
v -0.1682 0.2494 -0.0213
v -0.1692 0.2615 -0.0210
v -0.1617 0.2496 -0.0135
v -0.1624 0.2617 -0.0130
v -0.1632 0.2736 -0.0124
v -0.1542 0.2617 -0.0066
v -0.1547 0.2736 -0.0058
v -0.1553 0.2855 -0.0051
v -0.1451 0.2735 -0.0012
v -0.1454 0.2854 -0.0004
v -0.1457 0.2973 0.0004
v -0.1347 0.2853 0.0015
v -0.1347 0.2970 0.0023
v -0.1348 0.3087 0.0031
v -0.1235 0.2968 0.0015
v -0.1234 0.3083 0.0024
v -0.1231 0.3198 0.0032
v -0.1122 0.3081 -0.0006
v -0.1118 0.3195 0.0003
v -0.1115 0.3308 0.0012
v -0.1011 0.3193 -0.0043
v -0.1007 0.3307 -0.0035
v -0.1004 0.3420 -0.0027
v -0.0911 0.3307 -0.0102
v -0.0908 0.3421 -0.0094
v -0.0906 0.3536 -0.0086
v -0.0822 0.3423 -0.0172
v -0.0821 0.3538 -0.0164
v -0.0820 0.3654 -0.0155
v -0.0750 0.3544 -0.0254
v -0.0751 0.3660 -0.0245
v -0.0752 0.3777 -0.0235
v -0.0701 0.3669 -0.0347
v -0.0702 0.3786 -0.0336
v -0.0704 0.3901 -0.0325
v -0.0674 0.3793 -0.0447
v -0.0675 0.3909 -0.0435
v -0.0673 0.4024 -0.0420
v -0.0669 0.3918 -0.0549
v -0.0666 0.4033 -0.0533
v -0.0660 0.4148 -0.0513
v -0.0687 0.4047 -0.0645
v -0.0680 0.4164 -0.0623
v -0.0667 0.4279 -0.0598
v -0.0723 0.4183 -0.0725
v -0.0710 0.4301 -0.0698
v -0.0691 0.4417 -0.0670
v -0.0773 0.4326 -0.0786
v -0.0755 0.4444 -0.0756
v -0.0729 0.4561 -0.0728
v -0.0831 0.4470 -0.0831
v -0.0808 0.4588 -0.0801
v -0.0782 0.4705 -0.0775
v -0.0899 0.4612 -0.0860
v -0.0876 0.4729 -0.0832
v -0.0852 0.4844 -0.0811
v -0.0978 0.4750 -0.0871
v -0.0958 0.4864 -0.0849
v -0.0938 0.4978 -0.0838
v -0.1068 0.4881 -0.0869
v -0.1051 0.4995 -0.0858
v -0.1036 0.5108 -0.0857
v -0.1165 0.5009 -0.0857
v -0.1152 0.5122 -0.0855
v -0.1144 0.5235 -0.0860
v -0.1265 0.5134 -0.0831
v -0.1259 0.5247 -0.0834
v -0.1256 0.5360 -0.0841
v -0.1365 0.5255 -0.0785
v -0.1365 0.5368 -0.0788
v -0.1367 0.5482 -0.0794
v -0.1460 0.5373 -0.0714
v -0.1466 0.5487 -0.0718
v -0.1473 0.5602 -0.0722
v -0.1548 0.5488 -0.0627
v -0.1557 0.5604 -0.0628
v -0.1567 0.5722 -0.0632
v -0.1620 0.5606 -0.0521
v -0.1630 0.5725 -0.0520
v -0.1641 0.5844 -0.0519
v -0.1669 0.5724 -0.0397
v -0.1680 0.5844 -0.0392
v -0.1691 0.5965 -0.0388
v -0.1694 0.5840 -0.0259
v -0.1706 0.5962 -0.0253
v -0.1718 0.6086 -0.0247
v -0.1699 0.5956 -0.0117
v -0.1712 0.6081 -0.0109
v -0.1724 0.6208 -0.0103
v -0.1687 0.6075 0.0026
v -0.1699 0.6204 0.0035
v -0.1710 0.6334 0.0041
v -0.1656 0.6198 0.0167
v -0.1665 0.6330 0.0175
v -0.1673 0.6462 0.0181
v -0.1602 0.6324 0.0302
v -0.1608 0.6458 0.0310
v -0.1614 0.6593 0.0314
v -0.1522 0.6451 0.0426
v -0.1527 0.6587 0.0434
v -0.1532 0.6723 0.0436
v -0.1418 0.6578 0.0534
v -0.1422 0.6715 0.0539
v -0.1427 0.6853 0.0540
v -0.1290 0.6704 0.0615
v -0.1295 0.6842 0.0618
v -0.1299 0.6981 0.0615
v -0.1147 0.6828 0.0664
v -0.1151 0.6967 0.0664
v -0.1154 0.7105 0.0659
v -0.0994 0.6949 0.0678
v -0.0997 0.7085 0.0676
v -0.0999 0.7221 0.0671
v -0.0836 0.7062 0.0655
v -0.0838 0.7196 0.0653
v -0.0839 0.7328 0.0649
v -0.0679 0.7166 0.0600
v -0.0679 0.7296 0.0600
v -0.0676 0.7425 0.0599
v -0.0524 0.7261 0.0516
v -0.0520 0.7387 0.0520
v -0.0516 0.7513 0.0523
v -0.0375 0.7349 0.0402
v -0.0368 0.7471 0.0406
v -0.0361 0.7592 0.0410
v -0.0238 0.7430 0.0249
v -0.0228 0.7544 0.0248
v -0.0219 0.7650 0.0247
v -0.0127 0.7497 0.0046
v -0.0117 0.7596 0.0037
v -0.0110 0.7673 0.0030
v -0.0052 0.7557 -0.0181
v -0.0044 0.7624 -0.0191
v -0.0040 0.7675 -0.0197
v -0.0033 0.7599 -0.0413
v -0.0025 0.7649 -0.0425
v -0.0019 0.7692 -0.0435
v -0.0064 0.7660 -0.0637
v -0.0052 0.7707 -0.0650
v -0.0040 0.7747 -0.0661
v -0.0130 0.7747 -0.0864
v -0.0105 0.7800 -0.0887
v -0.0257 0.7773 -0.1041
v -0.0218 0.7839 -0.1081
v -0.0401 0.7801 -0.1180
v -0.0361 0.7879 -0.1236
v -0.0328 0.7963 -0.1302
v -0.0552 0.7928 -0.1362
v -0.0538 0.8030 -0.1432
v -0.0535 0.8151 -0.1497
v -0.0323 0.8067 -0.1386
v -0.0537 0.8299 -0.1551
v -0.0355 0.8223 -0.1489
v -0.0534 0.8466 -0.1589
v -0.0375 0.8396 -0.1558
v -0.0522 0.8642 -0.1601
v -0.0374 0.8576 -0.1590
v -0.0507 0.8816 -0.1588
v -0.0364 0.8754 -0.1588
v -0.0494 0.8981 -0.1554
v -0.0355 0.8927 -0.1563
v -0.0483 0.9137 -0.1504
v -0.0348 0.9088 -0.1517
v -0.0473 0.9282 -0.1444
v -0.0342 0.9240 -0.1461
v -0.0463 0.9420 -0.1377
v -0.0337 0.9385 -0.1395
v -0.0454 0.9551 -0.1309
v -0.0592 0.9453 -0.1345
v -0.0579 0.9578 -0.1276
v -0.0567 0.9699 -0.1211
v -0.0704 0.9600 -0.1235
v -0.0690 0.9717 -0.1172
v -0.0679 0.9833 -0.1117
v -0.0814 0.9733 -0.1125
v -0.0802 0.9847 -0.1074
v -0.0793 0.9964 -0.1038
v -0.0923 0.9860 -0.1021
v -0.0913 0.9975 -0.0987
v -0.0905 1.0091 -0.0963
v -0.1029 0.9986 -0.0921
v -0.1018 1.0101 -0.0898
v -0.1007 1.0216 -0.0880
v -0.1121 1.0112 -0.0814
v -0.1107 1.0225 -0.0796
v -0.1093 1.0339 -0.0783
v -0.1191 1.0235 -0.0695
v -0.1173 1.0347 -0.0681
v -0.1159 1.0459 -0.0673
v -0.1234 1.0355 -0.0563
v -0.1217 1.0466 -0.0553
v -0.1205 1.0577 -0.0549
v -0.1258 1.0471 -0.0424
v -0.1245 1.0583 -0.0419
v -0.1242 1.0694 -0.0419
v -0.1270 1.0588 -0.0283
v -0.1268 1.0702 -0.0282
v -0.1275 1.0814 -0.0286
v -0.1282 1.0710 -0.0143
v -0.1290 1.0827 -0.0143
v -0.1306 1.0941 -0.0147
v -0.1288 1.0836 -0.0005
v -0.1304 1.0959 0.0002
v -0.1320 1.1075 0.0009
v -0.1277 1.0953 0.0142
v -0.1288 1.1082 0.0165
v -0.1302 1.1202 0.0168
v -0.1234 1.1051 0.0296
v -0.1226 1.0917 0.0273
v -0.1151 1.0879 0.0397
v -0.1157 1.1009 0.0421
v -0.1054 1.0848 0.0508
v -0.1055 1.0974 0.0533
v -0.0942 1.0823 0.0600
v -0.0939 1.0948 0.0625
v -0.0933 1.1073 0.0651
v -0.0818 1.0931 0.0697
v -0.0810 1.1058 0.0721
v -0.0798 1.1184 0.0742
v -0.0920 1.1198 0.0676
v -0.0783 1.1311 0.0759
v -0.0902 1.1318 0.0699
v -0.0768 1.1438 0.0773
v -0.0882 1.1435 0.0720
v -0.0991 1.1464 0.0649
v -0.1071 1.1535 0.0588
v -0.1082 1.1736 0.0656
v -0.1125 1.1645 0.0563
v -0.1137 1.1837 0.0667
v -0.1181 1.1752 0.0552
v -0.1222 1.1679 0.0447
v -0.1241 1.1856 0.0546
v -0.1193 1.1937 0.0676
v -0.1240 1.2041 0.0675
v -0.1115 1.2021 0.0800
v -0.1157 1.2136 0.0792
v -0.1193 1.2251 0.0759
v -0.1042 1.2236 0.0854
v -0.1067 1.2355 0.0809
v -0.1091 1.2471 0.0766
v -0.0922 1.2444 0.0812
v -0.0944 1.2562 0.0759
v -0.0971 1.2678 0.0699
v -0.0801 1.2639 0.0732
v -0.0829 1.2761 0.0663
v -0.0855 1.2878 0.0585
v -0.0695 1.2826 0.0629
v -0.0719 1.2945 0.0550
v -0.0748 1.3061 0.0470
v -0.0585 1.2982 0.0535
v -0.0605 1.3097 0.0459
v -0.0614 1.3208 0.0385
v -0.0455 1.3111 0.0461
v -0.0460 1.3230 0.0389
v -0.0466 1.3354 0.0314
v -0.0310 1.3244 0.0395
v -0.0314 1.3373 0.0323
v -0.0157 1.3249 0.0398
v -0.0159 1.3377 0.0328
v 0.0000 1.3251 0.0399
v 0.0000 1.3377 0.0328
v 0.0000 1.3499 0.0247
v 0.0000 1.3627 0.0156
v 0.0000 1.3722 0.0114
v 0.0000 1.3833 0.0108
v -0.0146 1.3841 0.0099
v -0.0135 1.3953 0.0116
v -0.0254 1.3988 0.0078
v -0.0277 1.3872 0.0065
v 0.0000 1.3942 0.0129
v 0.0000 1.4049 0.0156
v -0.0122 1.4063 0.0142
v -0.0107 1.4172 0.0174
v -0.0212 1.4205 0.0135
v -0.0232 1.4099 0.0104
v 0.0000 1.4159 0.0188
v 0.0000 1.4276 0.0213
v -0.0096 1.4283 0.0200
v -0.0192 1.4307 0.0160
v -0.0284 1.4347 0.0098
v -0.0308 1.4246 0.0071
v -0.0371 1.4394 0.0019
v -0.0395 1.4293 -0.0008
v -0.0418 1.4190 -0.0038
v -0.0331 1.4142 0.0042
v -0.0447 1.4085 -0.0065
v -0.0358 1.4034 0.0016
v -0.0485 1.3979 -0.0086
v -0.0391 1.3924 -0.0001
v -0.0535 1.3875 -0.0097
v -0.0559 1.4035 -0.0183
v -0.0611 1.3937 -0.0197
v -0.0677 1.3846 -0.0201
v -0.0670 1.4005 -0.0310
v -0.0735 1.3926 -0.0319
v -0.0817 1.3867 -0.0317
v -0.0762 1.3776 -0.0189
v -0.0912 1.3834 -0.0301
v -0.0864 1.3736 -0.0167
v -0.1015 1.3820 -0.0277
v -0.0975 1.3716 -0.0139
v -0.0932 1.3626 -0.0013
v -0.1090 1.3709 -0.0105
v -0.1061 1.3606 0.0019
v -0.1040 1.3515 0.0108
v -0.1133 1.3364 0.0231
v -0.1283 1.3263 0.0308
v -0.1256 1.3145 0.0381
v -0.1449 1.3137 0.0368
v -0.1412 1.3032 0.0425
v -0.1378 1.2927 0.0483
v -0.1552 1.2904 0.0411
v -0.1507 1.2808 0.0456
v -0.1466 1.2706 0.0502
v -0.1597 1.2677 0.0377
v -0.1546 1.2583 0.0412
v -0.1500 1.2484 0.0446
v -0.1590 1.2477 0.0287
v -0.1541 1.2387 0.0313
v -0.1499 1.2292 0.0337
v -0.1567 1.2310 0.0167
v -0.1523 1.2221 0.0190
v -0.1482 1.2127 0.0212
v -0.1545 1.2161 0.0040
v -0.1503 1.2071 0.0064
v -0.1466 1.1976 0.0088
v -0.1528 1.2021 -0.0088
v -0.1492 1.1929 -0.0061
v -0.1458 1.1832 -0.0032
v -0.1511 1.1890 -0.0217
v -0.1479 1.1794 -0.0186
v -0.1450 1.1696 -0.0155
v -0.1481 1.1768 -0.0346
v -0.1453 1.1669 -0.0314
v -0.1426 1.1569 -0.0282
v -0.1436 1.1653 -0.0472
v -0.1410 1.1551 -0.0439
v -0.1385 1.1449 -0.0406
v -0.1376 1.1542 -0.0589
v -0.1354 1.1437 -0.0556
v -0.1334 1.1333 -0.0524
v -0.1305 1.1433 -0.0696
v -0.1287 1.1326 -0.0664
v -0.1268 1.1221 -0.0634
v -0.1220 1.1327 -0.0789
v -0.1202 1.1220 -0.0759
v -0.1186 1.1113 -0.0733
v -0.1119 1.1225 -0.0867
v -0.1105 1.1116 -0.0843
v -0.1094 1.1007 -0.0822
v -0.1010 1.1124 -0.0933
v -0.1001 1.1012 -0.0913
v -0.0994 1.0900 -0.0896
v -0.0898 1.1018 -0.0984
v -0.0892 1.0903 -0.0966
v -0.0888 1.0787 -0.0951
v -0.0784 1.0907 -0.1019
v -0.0780 1.0789 -0.1002
v -0.0777 1.0671 -0.0989
v -0.0669 1.0794 -0.1040
v -0.0665 1.0674 -0.1027
v -0.0663 1.0553 -0.1018
v -0.0553 1.0677 -0.1053
v -0.0551 1.0555 -0.1045
v -0.0549 1.0433 -0.1044
v -0.0438 1.0559 -0.1061
v -0.0436 1.0434 -0.1062
v -0.0435 1.0309 -0.1071
v -0.0325 1.0436 -0.1069
v -0.0323 1.0309 -0.1082
v -0.0322 1.0181 -0.1101
v -0.0214 1.0309 -0.1085
v -0.0213 1.0178 -0.1107
v -0.0212 1.0045 -0.1134
v -0.0106 1.0176 -0.1105
v -0.0105 1.0041 -0.1133
v -0.0105 0.9904 -0.1168
v 0.0000 1.0040 -0.1129
v 0.0000 0.9901 -0.1164
v 0.0000 0.9758 -0.1208
v 0.0000 1.0175 -0.1101
v -0.0107 1.0308 -0.1082
v 0.0000 1.0307 -0.1079
v -0.0107 1.0439 -0.1065
v 0.0000 1.0439 -0.1062
v -0.0108 1.0568 -0.1053
v 0.0000 1.0569 -0.1050
v -0.0109 1.0697 -0.1048
v 0.0000 1.0698 -0.1046
v -0.0110 1.0826 -0.1050
v 0.0000 1.0827 -0.1048
v -0.0110 1.0956 -0.1058
v 0.0000 1.0957 -0.1056
v -0.0112 1.1086 -0.1068
v 0.0000 1.1088 -0.1067
v -0.0114 1.1216 -0.1079
v 0.0000 1.1218 -0.1077
v -0.0115 1.1347 -0.1091
v 0.0000 1.1350 -0.1087
v -0.0116 1.1480 -0.1107
v 0.0000 1.1483 -0.1101
v -0.0117 1.1615 -0.1129
v 0.0000 1.1618 -0.1121
v -0.0118 1.1752 -0.1156
v 0.0000 1.1756 -0.1147
v -0.0119 1.1892 -0.1186
v 0.0000 1.1897 -0.1177
v -0.0123 1.2034 -0.1216
v 0.0000 1.2038 -0.1208
v -0.0126 1.2176 -0.1241
v 0.0000 1.2180 -0.1231
v -0.0129 1.2320 -0.1260
v 0.0000 1.2323 -0.1250
v -0.0132 1.2468 -0.1272
v 0.0000 1.2471 -0.1260
v -0.0134 1.2620 -0.1276
v 0.0000 1.2623 -0.1263
v -0.0136 1.2776 -0.1274
v 0.0000 1.2779 -0.1259
v -0.0139 1.2937 -0.1263
v 0.0000 1.2939 -0.1246
v -0.0142 1.3102 -0.1245
v 0.0000 1.3103 -0.1227
v -0.0148 1.3270 -0.1222
v 0.0000 1.3271 -0.1202
v -0.0161 1.3435 -0.1193
v 0.0000 1.3433 -0.1171
v 0.0000 1.3581 -0.1137
v 0.0000 1.3705 -0.1101
v 0.0000 1.3854 -0.1056
v -0.0146 1.4018 -0.1015
v 0.0000 1.4000 -0.1011
v -0.0123 1.4172 -0.0964
v 0.0000 1.4157 -0.0964
v -0.0106 1.4331 -0.0918
v 0.0000 1.4322 -0.0920
v -0.0092 1.4499 -0.0879
v 0.0000 1.4495 -0.0882
v -0.0084 1.4694 -0.0848
v 0.0000 1.4695 -0.0853
v -0.0186 1.4515 -0.0866
v -0.0167 1.4691 -0.0836
v -0.0282 1.4539 -0.0833
v -0.0251 1.4688 -0.0805
v -0.0371 1.4555 -0.0768
v -0.0337 1.4683 -0.0739
v -0.0445 1.4552 -0.0671
v -0.0417 1.4663 -0.0637
v -0.0509 1.4529 -0.0560
v -0.0486 1.4633 -0.0519
v -0.0547 1.4488 -0.0442
v -0.0527 1.4596 -0.0397
v -0.0556 1.4441 -0.0322
v -0.0539 1.4553 -0.0279
v -0.0527 1.4393 -0.0207
v -0.0509 1.4502 -0.0170
v -0.0470 1.4344 -0.0101
v -0.0449 1.4444 -0.0070
v -0.0544 1.4288 -0.0240
v -0.0490 1.4240 -0.0132
v -0.0574 1.4189 -0.0269
v -0.0519 1.4136 -0.0160
v -0.0615 1.4093 -0.0293
v -0.0600 1.4238 -0.0394
v -0.0645 1.4146 -0.0422
v -0.0702 1.4063 -0.0444
v -0.0649 1.4189 -0.0556
v -0.0712 1.4107 -0.0585
v -0.0786 1.4037 -0.0609
v -0.0770 1.3990 -0.0459
v -0.0874 1.3987 -0.0622
v -0.0853 1.3938 -0.0462
v -0.0968 1.3958 -0.0620
v -0.0947 1.3910 -0.0452
v -0.1066 1.3940 -0.0611
v -0.1046 1.3900 -0.0434
v -0.1168 1.3934 -0.0594
v -0.1149 1.3905 -0.0412
v -0.1121 1.3822 -0.0248
v -0.1255 1.3922 -0.0388
v -0.1230 1.3840 -0.0216
v -0.1367 1.3946 -0.0366
v -0.1346 1.3866 -0.0189
v -0.1486 1.3972 -0.0349
v -0.1472 1.3896 -0.0171
v -0.1614 1.3997 -0.0339
v -0.1609 1.3926 -0.0166
v -0.1610 1.3806 -0.0018
v -0.1754 1.3953 -0.0173
v -0.1762 1.3845 -0.0034
v -0.1789 1.3720 0.0072
v -0.1639 1.3672 0.0095
v -0.1854 1.3579 0.0148
v -0.1729 1.3527 0.0181
v -0.1619 1.3457 0.0217
v -0.1535 1.3363 0.0260
v -0.1853 1.3352 0.0226
v -0.1773 1.3274 0.0263
v -0.1704 1.3186 0.0295
v -0.1648 1.3092 0.0330
v -0.1489 1.3246 0.0312
v -0.1887 1.3110 0.0224
v -0.1823 1.3027 0.0251
v -0.1764 1.2940 0.0278
v -0.1707 1.2853 0.0308
v -0.1598 1.2998 0.0368
v -0.1895 1.2888 0.0158
v -0.1831 1.2807 0.0180
v -0.1768 1.2725 0.0205
v -0.1706 1.2643 0.0230
v -0.1651 1.2766 0.0341
v -0.1868 1.2707 0.0057
v -0.1802 1.2630 0.0077
v -0.1739 1.2551 0.0098
v -0.1676 1.2474 0.0122
v -0.1646 1.2562 0.0258
v -0.1821 1.2561 -0.0064
v -0.1760 1.2484 -0.0045
v -0.1701 1.2406 -0.0024
v -0.1644 1.2328 -0.0003
v -0.1618 1.2394 0.0145
v -0.1769 1.2436 -0.0196
v -0.1716 1.2356 -0.0176
v -0.1665 1.2275 -0.0157
v -0.1615 1.2194 -0.0137
v -0.1591 1.2247 0.0018
v -0.1717 1.2326 -0.0337
v -0.1672 1.2242 -0.0319
v -0.1628 1.2157 -0.0298
v -0.1587 1.2070 -0.0273
v -0.1569 1.2110 -0.0113
v -0.1665 1.2227 -0.0486
v -0.1627 1.2137 -0.0464
v -0.1588 1.2047 -0.0438
v -0.1549 1.1956 -0.0409
v -0.1548 1.1982 -0.0246
v -0.1607 1.2132 -0.0631
v -0.1568 1.2039 -0.0603
v -0.1529 1.1945 -0.0572
v -0.1493 1.1850 -0.0539
v -0.1513 1.1863 -0.0379
v -0.1528 1.2045 -0.0764
v -0.1490 1.1948 -0.0730
v -0.1454 1.1850 -0.0695
v -0.1424 1.1749 -0.0659
v -0.1463 1.1752 -0.0506
v -0.1428 1.1963 -0.0879
v -0.1395 1.1860 -0.0841
v -0.1368 1.1755 -0.0804
v -0.1346 1.1647 -0.0767
v -0.1399 1.1646 -0.0624
v -0.1313 1.1882 -0.0970
v -0.1291 1.1770 -0.0932
v -0.1274 1.1657 -0.0895
v -0.1254 1.1546 -0.0857
v -0.1324 1.1540 -0.0730
v -0.1195 1.1793 -0.1039
v -0.1180 1.1674 -0.1002
v -0.1164 1.1559 -0.0964
v -0.1149 1.1446 -0.0928
v -0.1236 1.1436 -0.0821
v -0.1074 1.1698 -0.1086
v -0.1059 1.1579 -0.1048
v -0.1045 1.1463 -0.1013
v -0.1032 1.1349 -0.0983
v -0.1133 1.1335 -0.0896
v -0.0944 1.1604 -0.1111
v -0.0932 1.1485 -0.1078
v -0.0921 1.1367 -0.1050
v -0.0912 1.1250 -0.1026
v -0.1020 1.1236 -0.0957
v -0.0815 1.1508 -0.1127
v -0.0806 1.1386 -0.1100
v -0.0799 1.1265 -0.1078
v -0.0794 1.1145 -0.1057
v -0.0905 1.1134 -0.1004
v -0.0690 1.1405 -0.1138
v -0.0685 1.1280 -0.1115
v -0.0681 1.1157 -0.1095
v -0.0677 1.1034 -0.1076
v -0.0789 1.1026 -0.1038
v -0.0570 1.1294 -0.1138
v -0.0567 1.1168 -0.1117
v -0.0563 1.1044 -0.1098
v -0.0559 1.0921 -0.1080
v -0.0673 1.0914 -0.1056
v -0.0452 1.1181 -0.1123
v -0.0449 1.1055 -0.1105
v -0.0445 1.0931 -0.1089
v -0.0443 1.0807 -0.1076
v -0.0556 1.0799 -0.1065
v -0.0335 1.1068 -0.1096
v -0.0332 1.0941 -0.1083
v -0.0330 1.0815 -0.1072
v -0.0329 1.0689 -0.1066
v -0.0440 1.0683 -0.1066
v -0.0221 1.0950 -0.1069
v -0.0220 1.0822 -0.1060
v -0.0219 1.0694 -0.1057
v -0.0217 1.0566 -0.1060
v -0.0327 1.0563 -0.1064
v -0.0215 1.0438 -0.1069
v -0.0223 1.1079 -0.1080
v -0.0338 1.1195 -0.1111
v -0.0226 1.1208 -0.1092
v -0.0341 1.1324 -0.1131
v -0.0229 1.1338 -0.1108
v -0.0343 1.1455 -0.1155
v -0.0230 1.1470 -0.1130
v -0.0345 1.1588 -0.1180
v -0.0232 1.1604 -0.1154
v -0.0348 1.1724 -0.1204
v -0.0233 1.1740 -0.1180
v -0.0352 1.1862 -0.1228
v -0.0236 1.1879 -0.1207
v -0.0361 1.2003 -0.1255
v -0.0243 1.2022 -0.1236
v -0.0373 1.2147 -0.1281
v -0.0251 1.2165 -0.1261
v -0.0383 1.2293 -0.1305
v -0.0257 1.2310 -0.1282
v -0.0389 1.2443 -0.1323
v -0.0261 1.2458 -0.1296
v -0.0396 1.2598 -0.1336
v -0.0265 1.2612 -0.1304
v -0.0401 1.2755 -0.1343
v -0.0269 1.2769 -0.1306
v -0.0409 1.2917 -0.1342
v -0.0274 1.2930 -0.1299
v -0.0418 1.3080 -0.1332
v -0.0280 1.3095 -0.1285
v -0.0432 1.3243 -0.1308
v -0.0290 1.3261 -0.1262
v -0.0455 1.3406 -0.1274
v -0.0309 1.3429 -0.1232
v -0.0578 1.3216 -0.1350
v -0.0611 1.3366 -0.1317
v -0.0665 1.3495 -0.1281
v -0.0773 1.3311 -0.1357
v -0.0834 1.3429 -0.1322
v -0.0901 1.3543 -0.1277
v -0.0741 1.3614 -0.1239
v -0.0967 1.3660 -0.1215
v -0.0822 1.3731 -0.1180
v -0.1030 1.3777 -0.1126
v -0.0900 1.3843 -0.1099
v -0.0775 1.3912 -0.1059
v -0.0665 1.3991 -0.1012
v -0.0958 1.3932 -0.0975
v -0.0845 1.3988 -0.0944
v -0.0744 1.4054 -0.0903
v -0.0658 1.4133 -0.0857
v -0.0576 1.4084 -0.0959
v -0.0877 1.4012 -0.0788
v -0.0783 1.4066 -0.0760
v -0.0701 1.4136 -0.0726
v -0.0632 1.4219 -0.0687
v -0.0586 1.4224 -0.0807
v -0.0526 1.4325 -0.0758
v -0.0451 1.4305 -0.0853
v -0.0507 1.4191 -0.0906
v -0.0575 1.4314 -0.0646
v -0.0534 1.4419 -0.0603
v -0.0479 1.4435 -0.0711
v -0.0599 1.4282 -0.0523
v -0.0565 1.4382 -0.0485
v -0.0571 1.4336 -0.0361
v -0.0407 1.4428 -0.0805
v -0.0313 1.4397 -0.0869
v -0.0352 1.4258 -0.0917
v -0.0212 1.4359 -0.0904
v -0.0241 1.4207 -0.0953
v -0.0281 1.4059 -0.1009
v -0.0402 1.4126 -0.0972
v -0.0977 1.3972 -0.0803
v -0.1072 1.3883 -0.0985
v -0.1077 1.3941 -0.0799
v -0.1183 1.3849 -0.0970
v -0.1180 1.3920 -0.0783
v -0.1291 1.3827 -0.0944
v -0.1288 1.3912 -0.0762
v -0.1274 1.3943 -0.0575
v -0.1399 1.3917 -0.0742
v -0.1385 1.3961 -0.0556
v -0.1516 1.3935 -0.0723
v -0.1501 1.3985 -0.0540
v -0.1639 1.3956 -0.0707
v -0.1625 1.4008 -0.0527
v -0.1768 1.3974 -0.0695
v -0.1756 1.4025 -0.0519
v -0.1752 1.4016 -0.0339
v -0.1895 1.4031 -0.0520
v -0.1895 1.4026 -0.0350
v -0.1902 1.3968 -0.0192
v -0.2042 1.4024 -0.0368
v -0.2050 1.3972 -0.0221
v -0.2062 1.3883 -0.0094
v -0.1913 1.3871 -0.0060
v -0.2083 1.3774 0.0005
v -0.1937 1.3753 0.0042
v -0.2118 1.3650 0.0076
v -0.1984 1.3620 0.0112
v -0.2165 1.3509 0.0109
v -0.2051 1.3469 0.0145
v -0.1946 1.3416 0.0185
v -0.2126 1.3312 0.0130
v -0.2040 1.3253 0.0164
v -0.1960 1.3186 0.0196
v -0.2106 1.3110 0.0089
v -0.2032 1.3040 0.0114
v -0.1962 1.2967 0.0137
v -0.2073 1.2928 0.0003
v -0.2003 1.2857 0.0021
v -0.1934 1.2783 0.0038
v -0.2019 1.2783 -0.0114
v -0.1950 1.2711 -0.0098
v -0.1884 1.2637 -0.0082
v -0.1945 1.2667 -0.0245
v -0.1882 1.2594 -0.0230
v -0.1823 1.2516 -0.0214
v -0.1867 1.2571 -0.0384
v -0.1812 1.2492 -0.0370
v -0.1763 1.2410 -0.0355
v -0.1793 1.2484 -0.0533
v -0.1747 1.2400 -0.0519
v -0.1705 1.2314 -0.0504
v -0.1721 1.2405 -0.0689
v -0.1682 1.2316 -0.0674
v -0.1645 1.2224 -0.0654
v -0.1642 1.2333 -0.0842
v -0.1604 1.2238 -0.0821
v -0.1567 1.2141 -0.0795
v -0.1531 1.2272 -0.0975
v -0.1496 1.2169 -0.0947
v -0.1462 1.2066 -0.0915
v -0.1392 1.2220 -0.1072
v -0.1364 1.2107 -0.1042
v -0.1338 1.1994 -0.1008
v -0.1250 1.2159 -0.1145
v -0.1230 1.2036 -0.1112
v -0.1212 1.1914 -0.1077
v -0.1117 1.2077 -0.1199
v -0.1102 1.1947 -0.1163
v -0.1088 1.1820 -0.1125
v -0.0985 1.1980 -0.1227
v -0.0972 1.1850 -0.1187
v -0.0958 1.1724 -0.1148
v -0.0851 1.1882 -0.1228
v -0.0838 1.1754 -0.1192
v -0.0826 1.1630 -0.1157
v -0.0715 1.1785 -0.1220
v -0.0705 1.1657 -0.1191
v -0.0697 1.1530 -0.1164
v -0.0585 1.1682 -0.1211
v -0.0578 1.1551 -0.1186
v -0.0574 1.1422 -0.1161
v -0.0461 1.1570 -0.1192
v -0.0458 1.1438 -0.1167
v -0.0455 1.1309 -0.1144
v -0.0465 1.1705 -0.1215
v -0.0593 1.1815 -0.1236
v -0.0471 1.1841 -0.1238
v -0.0604 1.1948 -0.1265
v -0.0481 1.1978 -0.1265
v -0.0616 1.2086 -0.1299
v -0.0494 1.2119 -0.1294
v -0.0629 1.2230 -0.1334
v -0.0506 1.2266 -0.1325
v -0.0640 1.2382 -0.1365
v -0.0515 1.2418 -0.1349
v -0.0652 1.2538 -0.1389
v -0.0524 1.2574 -0.1368
v -0.0667 1.2699 -0.1404
v -0.0535 1.2733 -0.1379
v -0.0683 1.2861 -0.1409
v -0.0545 1.2894 -0.1381
v -0.0701 1.3021 -0.1404
v -0.0559 1.3056 -0.1374
v -0.0729 1.3175 -0.1386
v -0.0844 1.2974 -0.1415
v -0.0882 1.3116 -0.1402
v -0.0936 1.3240 -0.1377
v -0.1028 1.3041 -0.1388
v -0.1085 1.3166 -0.1364
v -0.1147 1.3285 -0.1329
v -0.0998 1.3358 -0.1343
v -0.1204 1.3401 -0.1282
v -0.1058 1.3473 -0.1295
v -0.1247 1.3536 -0.1212
v -0.1113 1.3594 -0.1226
v -0.1278 1.3690 -0.1101
v -0.1158 1.3727 -0.1124
v -0.1396 1.3672 -0.1067
v -0.1403 1.3818 -0.0915
v -0.1522 1.3682 -0.1029
v -0.1523 1.3829 -0.0888
v -0.1656 1.3707 -0.0995
v -0.1648 1.3851 -0.0866
v -0.1791 1.3734 -0.0967
v -0.1778 1.3871 -0.0848
v -0.1926 1.3753 -0.0946
v -0.1911 1.3884 -0.0833
v -0.1902 1.3981 -0.0686
v -0.2046 1.3889 -0.0820
v -0.2039 1.3979 -0.0681
v -0.2038 1.4027 -0.0526
v -0.2181 1.3969 -0.0680
v -0.2184 1.4015 -0.0536
v -0.2190 1.4014 -0.0389
v -0.2330 1.3999 -0.0547
v -0.2338 1.3997 -0.0410
v -0.2343 1.3956 -0.0280
v -0.2197 1.3967 -0.0251
v -0.2351 1.3883 -0.0164
v -0.2208 1.3888 -0.0130
v -0.2365 1.3789 -0.0068
v -0.2226 1.3786 -0.0033
v -0.2383 1.3677 0.0006
v -0.2253 1.3669 0.0038
v -0.2407 1.3548 0.0042
v -0.2285 1.3535 0.0075
v -0.2435 1.3415 0.0038
v -0.2325 1.3394 0.0067
v -0.2221 1.3360 0.0096
v -0.2361 1.3264 0.0008
v -0.2268 1.3225 0.0034
v -0.2184 1.3172 0.0062
v -0.2299 1.3115 -0.0065
v -0.2221 1.3058 -0.0040
v -0.2146 1.2997 -0.0017
v -0.2233 1.2982 -0.0167
v -0.2160 1.2919 -0.0147
v -0.2088 1.2853 -0.0130
v -0.2153 1.2873 -0.0287
v -0.2081 1.2808 -0.0273
v -0.2012 1.2739 -0.0259
v -0.2067 1.2782 -0.0419
v -0.1997 1.2714 -0.0408
v -0.1930 1.2644 -0.0397
v -0.1979 1.2704 -0.0561
v -0.1911 1.2634 -0.0553
v -0.1848 1.2562 -0.0544
v -0.1885 1.2643 -0.0715
v -0.1821 1.2570 -0.0708
v -0.1766 1.2491 -0.0700
v -0.1778 1.2601 -0.0874
v -0.1725 1.2517 -0.0868
v -0.1681 1.2426 -0.0858
v -0.1654 1.2569 -0.1024
v -0.1610 1.2473 -0.1015
v -0.1569 1.2373 -0.0998
v -0.1498 1.2551 -0.1138
v -0.1459 1.2442 -0.1123
v -0.1424 1.2331 -0.1100
v -0.1333 1.2526 -0.1220
v -0.1302 1.2405 -0.1202
v -0.1274 1.2282 -0.1176
v -0.1176 1.2479 -0.1286
v -0.1153 1.2344 -0.1263
v -0.1134 1.2209 -0.1233
v -0.1030 1.2401 -0.1328
v -0.1013 1.2257 -0.1298
v -0.0999 1.2116 -0.1264
v -0.0890 1.2300 -0.1341
v -0.0877 1.2154 -0.1307
v -0.0864 1.2015 -0.1268
v -0.0753 1.2192 -0.1330
v -0.0740 1.2050 -0.1291
v -0.0727 1.1916 -0.1253
v -0.0765 1.2342 -0.1363
v -0.0906 1.2451 -0.1371
v -0.0779 1.2497 -0.1391
v -0.0925 1.2606 -0.1394
v -0.0797 1.2656 -0.1411
v -0.0951 1.2762 -0.1404
v -0.0819 1.2818 -0.1419
v -0.0985 1.2907 -0.1402
v -0.1078 1.2692 -0.1361
v -0.1116 1.2830 -0.1360
v -0.1159 1.2963 -0.1349
v -0.1241 1.2744 -0.1301
v -0.1282 1.2874 -0.1296
v -0.1332 1.3004 -0.1284
v -0.1214 1.3091 -0.1329
v -0.1411 1.2767 -0.1228
v -0.1459 1.2888 -0.1223
v -0.1541 1.2660 -0.1144
v -0.1592 1.2764 -0.1143
v -0.1655 1.2861 -0.1135
v -0.1706 1.2661 -0.1027
v -0.1766 1.2749 -0.1023
v -0.1839 1.2829 -0.1012
v -0.1738 1.2949 -0.1117
v -0.1921 1.2904 -0.0998
v -0.1839 1.3025 -0.1093
v -0.1752 1.3183 -0.1138
v -0.1949 1.3091 -0.1069
v -0.1885 1.3244 -0.1102
v -0.1838 1.3408 -0.1096
v -0.1683 1.3353 -0.1141
v -0.1809 1.3576 -0.1053
v -0.1666 1.3537 -0.1090
v -0.1974 1.3445 -0.1064
v -0.1947 1.3603 -0.1023
v -0.2107 1.3469 -0.1037
v -0.2082 1.3620 -0.0997
v -0.2062 1.3764 -0.0926
v -0.2214 1.3631 -0.0974
v -0.2198 1.3770 -0.0908
v -0.2186 1.3886 -0.0808
v -0.2335 1.3770 -0.0894
v -0.2327 1.3879 -0.0800
v -0.2325 1.3956 -0.0681
v -0.2470 1.3869 -0.0796
v -0.2471 1.3941 -0.0684
v -0.2478 1.3980 -0.0559
v -0.2617 1.3926 -0.0688
v -0.2623 1.3961 -0.0568
v -0.2626 1.3958 -0.0444
v -0.2484 1.3978 -0.0429
v -0.2624 1.3922 -0.0322
v -0.2486 1.3939 -0.0305
v -0.2622 1.3861 -0.0210
v -0.2489 1.3873 -0.0192
v -0.2625 1.3777 -0.0113
v -0.2498 1.3785 -0.0095
v -0.2634 1.3673 -0.0041
v -0.2510 1.3676 -0.0022
v -0.2647 1.3556 -0.0004
v -0.2528 1.3553 0.0015
v -0.2662 1.3434 -0.0005
v -0.2548 1.3428 0.0013
v -0.2673 1.3320 -0.0050
v -0.2565 1.3311 -0.0035
v -0.2460 1.3291 -0.0015
v -0.2575 1.3217 -0.0124
v -0.2476 1.3195 -0.0108
v -0.2384 1.3159 -0.0087
v -0.2482 1.3125 -0.0223
v -0.2391 1.3089 -0.0207
v -0.2309 1.3040 -0.0187
v -0.2391 1.3041 -0.0335
v -0.2306 1.2993 -0.0319
v -0.2228 1.2936 -0.0303
v -0.2300 1.2961 -0.0453
v -0.2218 1.2907 -0.0441
v -0.2141 1.2847 -0.0429
v -0.2207 1.2892 -0.0581
v -0.2127 1.2834 -0.0574
v -0.2050 1.2771 -0.0568
v -0.2106 1.2842 -0.0721
v -0.2028 1.2778 -0.0721
v -0.1955 1.2711 -0.0719
v -0.1987 1.2820 -0.0869
v -0.1911 1.2751 -0.0875
v -0.1841 1.2679 -0.0876
v -0.2070 1.2885 -0.0863
v -0.2015 1.2969 -0.0985
v -0.2159 1.2941 -0.0859
v -0.2114 1.3022 -0.0976
v -0.2061 1.3144 -0.1052
v -0.2217 1.3069 -0.0967
v -0.2177 1.3186 -0.1034
v -0.2140 1.3323 -0.1051
v -0.2012 1.3290 -0.1075
v -0.2298 1.3217 -0.1018
v -0.2267 1.3348 -0.1031
v -0.2237 1.3487 -0.1015
v -0.2393 1.3366 -0.1014
v -0.2366 1.3502 -0.0998
v -0.2346 1.3639 -0.0956
v -0.2495 1.3511 -0.0987
v -0.2480 1.3643 -0.0947
v -0.2472 1.3767 -0.0886
v -0.2614 1.3644 -0.0942
v -0.2611 1.3761 -0.0882
v -0.2613 1.3858 -0.0795
v -0.2749 1.3754 -0.0880
v -0.2754 1.3846 -0.0794
v -0.2760 1.3911 -0.0690
v -0.2892 1.3834 -0.0793
v -0.2898 1.3897 -0.0690
v -0.2900 1.3927 -0.0572
v -0.2764 1.3943 -0.0573
v -0.2895 1.3926 -0.0450
v -0.2763 1.3940 -0.0450
v -0.2887 1.3897 -0.0329
v -0.2758 1.3908 -0.0329
v -0.2878 1.3843 -0.0216
v -0.2752 1.3851 -0.0217
v -0.2874 1.3767 -0.0120
v -0.2750 1.3771 -0.0121
v -0.2877 1.3669 -0.0050
v -0.2756 1.3671 -0.0050
v -0.2883 1.3554 -0.0016
v -0.2766 1.3556 -0.0014
v -0.2891 1.3435 -0.0018
v -0.2776 1.3436 -0.0015
v -0.2896 1.3323 -0.0060
v -0.2784 1.3323 -0.0058
v -0.2900 1.3231 -0.0138
v -0.2789 1.3230 -0.0138
v -0.2680 1.3227 -0.0134
v -0.2791 1.3158 -0.0240
v -0.2684 1.3155 -0.0238
v -0.2580 1.3145 -0.0233
v -0.2686 1.3100 -0.0355
v -0.2582 1.3092 -0.0353
v -0.2483 1.3074 -0.0346
v -0.2583 1.3054 -0.0477
v -0.2482 1.3037 -0.0474
v -0.2388 1.3006 -0.0465
v -0.2479 1.3017 -0.0603
v -0.2382 1.2987 -0.0598
v -0.2292 1.2944 -0.0589
v -0.2371 1.2991 -0.0730
v -0.2278 1.2948 -0.0726
v -0.2190 1.2898 -0.0723
v -0.2253 1.2990 -0.0857
v -0.2352 1.3029 -0.0855
v -0.2327 1.3105 -0.0959
v -0.2460 1.3054 -0.0853
v -0.2442 1.3129 -0.0951
v -0.2420 1.3239 -0.1003
v -0.2562 1.3144 -0.0940
v -0.2543 1.3254 -0.0991
v -0.2518 1.3379 -0.1002
v -0.2666 1.3264 -0.0980
v -0.2643 1.3388 -0.0993
v -0.2623 1.3517 -0.0979
v -0.2767 1.3393 -0.0987
v -0.2753 1.3519 -0.0975
v -0.2747 1.3642 -0.0940
v -0.2882 1.3520 -0.0974
v -0.2880 1.3639 -0.0938
v -0.2884 1.3747 -0.0878
v -0.3012 1.3635 -0.0938
v -0.3018 1.3739 -0.0876
v -0.3026 1.3823 -0.0790
v -0.3151 1.3731 -0.0873
v -0.3158 1.3813 -0.0786
v -0.3161 1.3872 -0.0682
v -0.3031 1.3884 -0.0687
v -0.3156 1.3902 -0.0564
v -0.3030 1.3914 -0.0570
v -0.3146 1.3903 -0.0440
v -0.3023 1.3914 -0.0446
v -0.3133 1.3879 -0.0318
v -0.3012 1.3887 -0.0324
v -0.3123 1.3830 -0.0205
v -0.3002 1.3836 -0.0212
v -0.3118 1.3758 -0.0109
v -0.2996 1.3763 -0.0115
v -0.3118 1.3662 -0.0039
v -0.2997 1.3665 -0.0046
v -0.3121 1.3549 -0.0008
v -0.3001 1.3552 -0.0013
v -0.3125 1.3433 -0.0010
v -0.3006 1.3434 -0.0015
v -0.3128 1.3324 -0.0052
v -0.3011 1.3323 -0.0057
v -0.3132 1.3234 -0.0128
v -0.3015 1.3232 -0.0134
v -0.3135 1.3163 -0.0225
v -0.3018 1.3161 -0.0232
v -0.2903 1.3159 -0.0237
v -0.3021 1.3108 -0.0342
v -0.2906 1.3106 -0.0348
v -0.2794 1.3104 -0.0353
v -0.2910 1.3068 -0.0466
v -0.2797 1.3066 -0.0473
v -0.2688 1.3062 -0.0477
v -0.2801 1.3044 -0.0595
v -0.2690 1.3041 -0.0602
v -0.2582 1.3032 -0.0605
v -0.2690 1.3043 -0.0725
v -0.2579 1.3034 -0.0730
v -0.2472 1.3018 -0.0732
v -0.2573 1.3070 -0.0847
v -0.2689 1.3081 -0.0838
v -0.2682 1.3156 -0.0929
v -0.2806 1.3088 -0.0829
v -0.2801 1.3164 -0.0919
v -0.2788 1.3271 -0.0972
v -0.2921 1.3170 -0.0911
v -0.2910 1.3277 -0.0966
v -0.2894 1.3398 -0.0984
v -0.3032 1.3281 -0.0961
v -0.3021 1.3400 -0.0982
v -0.3012 1.3521 -0.0973
v -0.3148 1.3401 -0.0979
v -0.3143 1.3519 -0.0971
v -0.3144 1.3631 -0.0936
v -0.3275 1.3514 -0.0969
v -0.3277 1.3624 -0.0933
v -0.3283 1.3722 -0.0868
v -0.3409 1.3616 -0.0927
v -0.3411 1.3713 -0.0860
v -0.3413 1.3792 -0.0768
v -0.3288 1.3803 -0.0779
v -0.3409 1.3851 -0.0662
v -0.3287 1.3861 -0.0674
v -0.3398 1.3882 -0.0544
v -0.3279 1.3891 -0.0556
v -0.3382 1.3886 -0.0421
v -0.3265 1.3894 -0.0432
v -0.3369 1.3866 -0.0300
v -0.3252 1.3872 -0.0310
v -0.3360 1.3822 -0.0188
v -0.3242 1.3825 -0.0197
v -0.3359 1.3752 -0.0093
v -0.3238 1.3754 -0.0101
v -0.3362 1.3656 -0.0028
v -0.3239 1.3658 -0.0033
v -0.3366 1.3545 0.0001
v -0.3243 1.3546 -0.0003
v -0.3371 1.3431 -0.0003
v -0.3246 1.3432 -0.0006
v -0.3373 1.3326 -0.0041
v -0.3249 1.3325 -0.0046
v -0.3372 1.3238 -0.0115
v -0.3251 1.3236 -0.0121
v -0.3369 1.3167 -0.0211
v -0.3252 1.3166 -0.0217
v -0.3367 1.3111 -0.0321
v -0.3252 1.3111 -0.0328
v -0.3137 1.3110 -0.0335
v -0.3255 1.3073 -0.0446
v -0.3140 1.3072 -0.0453
v -0.3025 1.3070 -0.0459
v -0.3147 1.3051 -0.0574
v -0.3031 1.3048 -0.0581
v -0.2915 1.3046 -0.0588
v -0.3038 1.3053 -0.0702
v -0.2921 1.3050 -0.0709
v -0.2805 1.3047 -0.0717
v -0.2924 1.3092 -0.0821
v -0.3042 1.3097 -0.0814
v -0.3040 1.3176 -0.0904
v -0.3161 1.3102 -0.0808
v -0.3161 1.3180 -0.0898
v -0.3156 1.3284 -0.0956
v -0.3284 1.3184 -0.0893
v -0.3282 1.3286 -0.0951
v -0.3277 1.3399 -0.0975
v -0.3412 1.3284 -0.0943
v -0.3411 1.3395 -0.0968
v -0.3409 1.3508 -0.0963
v -0.3545 1.3390 -0.0952
v -0.3542 1.3502 -0.0948
v -0.3538 1.3610 -0.0913
v -0.3669 1.3500 -0.0921
v -0.3663 1.3608 -0.0889
v -0.3655 1.3700 -0.0823
v -0.3535 1.3704 -0.0845
v -0.3648 1.3773 -0.0732
v -0.3532 1.3781 -0.0752
v -0.3641 1.3831 -0.0625
v -0.3527 1.3841 -0.0645
v -0.3630 1.3867 -0.0509
v -0.3515 1.3874 -0.0527
v -0.3616 1.3876 -0.0391
v -0.3499 1.3881 -0.0407
v -0.3606 1.3860 -0.0276
v -0.3486 1.3863 -0.0288
v -0.3602 1.3819 -0.0170
v -0.3480 1.3821 -0.0179
v -0.3603 1.3750 -0.0081
v -0.3480 1.3751 -0.0087
v -0.3609 1.3654 -0.0023
v -0.3485 1.3654 -0.0025
v -0.3617 1.3545 0.0001
v -0.3491 1.3544 0.0002
v -0.3624 1.3434 -0.0005
v -0.3497 1.3432 -0.0002
v -0.3626 1.3330 -0.0043
v -0.3499 1.3327 -0.0040
v -0.3619 1.3240 -0.0113
v -0.3495 1.3239 -0.0112
v -0.3607 1.3165 -0.0204
v -0.3487 1.3167 -0.0207
v -0.3598 1.3105 -0.0309
v -0.3482 1.3109 -0.0315
v -0.3597 1.3064 -0.0426
v -0.3483 1.3070 -0.0433
v -0.3369 1.3073 -0.0440
v -0.3492 1.3051 -0.0556
v -0.3377 1.3054 -0.0563
v -0.3263 1.3054 -0.0569
v -0.3390 1.3062 -0.0685
v -0.3273 1.3061 -0.0691
v -0.3155 1.3057 -0.0696
v -0.3280 1.3106 -0.0803
v -0.3401 1.3107 -0.0796
v -0.3409 1.3185 -0.0885
v -0.3523 1.3106 -0.0784
v -0.3536 1.3183 -0.0870
v -0.3544 1.3281 -0.0926
v -0.3663 1.3181 -0.0845
v -0.3672 1.3278 -0.0899
v -0.3673 1.3388 -0.0923
v -0.3792 1.3282 -0.0863
v -0.3792 1.3390 -0.0890
v -0.3787 1.3501 -0.0888
v -0.3904 1.3394 -0.0860
v -0.3901 1.3502 -0.0860
v -0.3896 1.3606 -0.0829
v -0.3782 1.3608 -0.0859
v -0.3889 1.3698 -0.0771
v -0.3774 1.3699 -0.0797
v -0.3879 1.3768 -0.0686
v -0.3763 1.3769 -0.0709
v -0.3868 1.3820 -0.0587
v -0.3753 1.3823 -0.0605
v -0.3860 1.3854 -0.0477
v -0.3744 1.3859 -0.0492
v -0.3854 1.3865 -0.0365
v -0.3734 1.3870 -0.0376
v -0.3852 1.3853 -0.0257
v -0.3727 1.3856 -0.0265
v -0.3853 1.3815 -0.0157
v -0.3726 1.3817 -0.0162
v -0.3858 1.3748 -0.0076
v -0.3729 1.3749 -0.0077
v -0.3865 1.3656 -0.0024
v -0.3736 1.3655 -0.0022
v -0.3873 1.3551 -0.0007
v -0.3744 1.3548 -0.0002
v -0.3879 1.3443 -0.0017
v -0.3752 1.3438 -0.0010
v -0.3877 1.3339 -0.0057
v -0.3752 1.3334 -0.0049
v -0.3866 1.3244 -0.0121
v -0.3743 1.3242 -0.0116
v -0.3849 1.3161 -0.0204
v -0.3728 1.3163 -0.0203
v -0.3839 1.3097 -0.0299
v -0.3716 1.3099 -0.0305
v -0.3841 1.3058 -0.0402
v -0.3716 1.3059 -0.0414
v -0.3855 1.3047 -0.0509
v -0.3729 1.3045 -0.0526
v -0.3608 1.3047 -0.0544
v -0.3750 1.3059 -0.0636
v -0.3627 1.3058 -0.0659
v -0.3507 1.3060 -0.0676
v -0.3647 1.3104 -0.0763
v -0.3770 1.3107 -0.0734
v -0.3785 1.3185 -0.0810
v -0.3891 1.3116 -0.0705
v -0.3901 1.3195 -0.0778
v -0.3905 1.3289 -0.0830
v -0.4017 1.3204 -0.0757
v -0.4017 1.3297 -0.0808
v -0.4015 1.3397 -0.0839
v -0.4132 1.3303 -0.0800
v -0.4127 1.3402 -0.0831
v -0.4122 1.3504 -0.0833
v -0.4011 1.3502 -0.0840
v -0.4118 1.3603 -0.0799
v -0.4007 1.3603 -0.0808
v -0.4113 1.3691 -0.0739
v -0.4002 1.3693 -0.0749
v -0.4107 1.3766 -0.0659
v -0.3994 1.3766 -0.0668
v -0.4102 1.3822 -0.0566
v -0.3984 1.3820 -0.0572
v -0.4099 1.3855 -0.0463
v -0.3978 1.3853 -0.0467
v -0.4100 1.3866 -0.0358
v -0.3976 1.3864 -0.0359
v -0.4105 1.3854 -0.0255
v -0.3977 1.3852 -0.0254
v -0.4112 1.3815 -0.0162
v -0.3982 1.3814 -0.0157
v -0.4121 1.3748 -0.0087
v -0.3989 1.3747 -0.0079
v -0.4129 1.3658 -0.0040
v -0.3997 1.3657 -0.0030
v -0.4134 1.3556 -0.0027
v -0.4003 1.3554 -0.0015
v -0.4134 1.3450 -0.0040
v -0.4007 1.3447 -0.0028
v -0.4126 1.3345 -0.0077
v -0.4002 1.3343 -0.0067
v -0.4113 1.3247 -0.0134
v -0.3989 1.3246 -0.0127
v -0.4100 1.3163 -0.0207
v -0.3974 1.3162 -0.0205
v -0.4095 1.3098 -0.0290
v -0.3966 1.3097 -0.0294
v -0.4100 1.3061 -0.0386
v -0.3970 1.3059 -0.0392
v -0.4111 1.3060 -0.0488
v -0.3983 1.3052 -0.0495
v -0.4123 1.3087 -0.0587
v -0.3999 1.3075 -0.0596
v -0.3875 1.3065 -0.0613
v -0.4011 1.3128 -0.0686
v -0.4131 1.3140 -0.0676
v -0.4134 1.3214 -0.0748
v -0.4252 1.3148 -0.0675
v -0.4254 1.3221 -0.0749
v -0.4249 1.3309 -0.0803
v -0.4374 1.3228 -0.0751
v -0.4370 1.3316 -0.0808
v -0.4361 1.3414 -0.0845
v -0.4242 1.3406 -0.0836
v -0.4352 1.3517 -0.0850
v -0.4235 1.3508 -0.0840
v -0.4343 1.3616 -0.0817
v -0.4229 1.3607 -0.0805
v -0.4338 1.3706 -0.0756
v -0.4225 1.3696 -0.0743
v -0.4336 1.3780 -0.0675
v -0.4221 1.3770 -0.0662
v -0.4338 1.3835 -0.0581
v -0.4220 1.3826 -0.0569
v -0.4343 1.3868 -0.0479
v -0.4221 1.3860 -0.0467
v -0.4351 1.3878 -0.0375
v -0.4226 1.3871 -0.0363
v -0.4361 1.3863 -0.0274
v -0.4233 1.3857 -0.0262
v -0.4371 1.3821 -0.0183
v -0.4243 1.3818 -0.0171
v -0.4380 1.3752 -0.0112
v -0.4252 1.3750 -0.0098
v -0.4386 1.3660 -0.0069
v -0.4259 1.3660 -0.0053
v -0.4385 1.3557 -0.0058
v -0.4261 1.3557 -0.0041
v -0.4379 1.3449 -0.0069
v -0.4258 1.3451 -0.0054
v -0.4370 1.3343 -0.0101
v -0.4249 1.3345 -0.0089
v -0.4360 1.3246 -0.0152
v -0.4237 1.3247 -0.0142
v -0.4354 1.3163 -0.0216
v -0.4227 1.3163 -0.0210
v -0.4352 1.3098 -0.0295
v -0.4224 1.3099 -0.0291
v -0.4354 1.3063 -0.0388
v -0.4228 1.3064 -0.0385
v -0.4359 1.3066 -0.0489
v -0.4235 1.3065 -0.0486
v -0.4366 1.3097 -0.0587
v -0.4245 1.3095 -0.0585
v -0.4372 1.3152 -0.0676
v -0.4487 1.3097 -0.0587
v -0.4492 1.3156 -0.0675
v -0.4493 1.3234 -0.0748
v -0.4611 1.3158 -0.0673
v -0.4610 1.3238 -0.0746
v -0.4606 1.3330 -0.0806
v -0.4489 1.3325 -0.0808
v -0.4601 1.3429 -0.0848
v -0.4481 1.3423 -0.0848
v -0.4593 1.3534 -0.0857
v -0.4472 1.3526 -0.0856
v -0.4585 1.3635 -0.0829
v -0.4462 1.3627 -0.0825
v -0.4578 1.3725 -0.0775
v -0.4456 1.3717 -0.0767
v -0.4577 1.3797 -0.0698
v -0.4454 1.3790 -0.0688
v -0.4581 1.3848 -0.0606
v -0.4458 1.3843 -0.0595
v -0.4589 1.3881 -0.0506
v -0.4466 1.3876 -0.0493
v -0.4599 1.3888 -0.0401
v -0.4476 1.3884 -0.0389
v -0.4610 1.3868 -0.0299
v -0.4487 1.3866 -0.0287
v -0.4620 1.3822 -0.0207
v -0.4497 1.3822 -0.0197
v -0.4626 1.3749 -0.0135
v -0.4505 1.3751 -0.0126
v -0.4628 1.3654 -0.0091
v -0.4508 1.3658 -0.0082
v -0.4625 1.3549 -0.0077
v -0.4506 1.3553 -0.0071
v -0.4617 1.3441 -0.0085
v -0.4499 1.3446 -0.0080
v -0.4609 1.3336 -0.0111
v -0.4489 1.3340 -0.0109
v -0.4604 1.3240 -0.0158
v -0.4482 1.3244 -0.0158
v -0.4603 1.3157 -0.0221
v -0.4479 1.3160 -0.0221
v -0.4605 1.3094 -0.0300
v -0.4478 1.3096 -0.0299
v -0.4607 1.3059 -0.0393
v -0.4480 1.3061 -0.0391
v -0.4609 1.3063 -0.0492
v -0.4483 1.3063 -0.0491
v -0.4610 1.3098 -0.0587
v -0.4736 1.3066 -0.0493
v -0.4734 1.3102 -0.0588
v -0.4731 1.3161 -0.0674
v -0.4858 1.3109 -0.0590
v -0.4852 1.3167 -0.0677
v -0.4846 1.3244 -0.0751
v -0.4727 1.3241 -0.0748
v -0.4843 1.3335 -0.0809
v -0.4724 1.3333 -0.0807
v -0.4841 1.3434 -0.0847
v -0.4721 1.3432 -0.0848
v -0.4837 1.3539 -0.0857
v -0.4715 1.3537 -0.0858
v -0.4832 1.3640 -0.0835
v -0.4709 1.3639 -0.0833
v -0.4828 1.3730 -0.0785
v -0.4703 1.3729 -0.0781
v -0.4827 1.3800 -0.0710
v -0.4702 1.3800 -0.0705
v -0.4830 1.3850 -0.0620
v -0.4705 1.3851 -0.0614
v -0.4835 1.3881 -0.0521
v -0.4712 1.3883 -0.0515
v -0.4843 1.3886 -0.0418
v -0.4722 1.3889 -0.0410
v -0.4851 1.3864 -0.0316
v -0.4731 1.3867 -0.0308
v -0.4859 1.3816 -0.0224
v -0.4740 1.3820 -0.0216
v -0.4864 1.3741 -0.0152
v -0.4746 1.3745 -0.0143
v -0.4865 1.3646 -0.0107
v -0.4747 1.3650 -0.0098
v -0.4862 1.3541 -0.0090
v -0.4743 1.3544 -0.0082
v -0.4856 1.3435 -0.0095
v -0.4737 1.3437 -0.0088
v -0.4852 1.3333 -0.0118
v -0.4730 1.3333 -0.0113
v -0.4850 1.3239 -0.0161
v -0.4727 1.3238 -0.0158
v -0.4853 1.3160 -0.0223
v -0.4728 1.3157 -0.0221
v -0.4857 1.3101 -0.0303
v -0.4731 1.3095 -0.0301
v -0.4861 1.3069 -0.0396
v -0.4735 1.3062 -0.0394
v -0.4862 1.3074 -0.0496
v -0.4986 1.3081 -0.0399
v -0.4986 1.3086 -0.0498
v -0.4982 1.3120 -0.0593
v -0.5109 1.3101 -0.0499
v -0.5104 1.3133 -0.0593
v -0.5097 1.3188 -0.0679
v -0.4974 1.3176 -0.0679
v -0.5091 1.3259 -0.0751
v -0.4967 1.3250 -0.0753
v -0.5087 1.3345 -0.0806
v -0.4964 1.3338 -0.0809
v -0.5085 1.3441 -0.0840
v -0.4962 1.3436 -0.0845
v -0.5082 1.3541 -0.0849
v -0.4960 1.3539 -0.0854
v -0.5080 1.3639 -0.0831
v -0.4956 1.3640 -0.0834
v -0.5077 1.3727 -0.0785
v -0.4952 1.3729 -0.0786
v -0.5075 1.3795 -0.0713
v -0.4951 1.3798 -0.0713
v -0.5076 1.3844 -0.0626
v -0.4953 1.3848 -0.0624
v -0.5079 1.3873 -0.0529
v -0.4957 1.3877 -0.0526
v -0.5084 1.3877 -0.0429
v -0.4964 1.3882 -0.0424
v -0.5090 1.3854 -0.0331
v -0.4971 1.3859 -0.0323
v -0.5096 1.3805 -0.0242
v -0.4977 1.3811 -0.0233
v -0.5099 1.3732 -0.0173
v -0.4982 1.3736 -0.0162
v -0.5099 1.3640 -0.0131
v -0.4982 1.3642 -0.0119
v -0.5097 1.3539 -0.0112
v -0.4980 1.3540 -0.0101
v -0.5095 1.3438 -0.0115
v -0.4976 1.3436 -0.0105
v -0.5094 1.3340 -0.0135
v -0.4973 1.3335 -0.0126
v -0.5097 1.3250 -0.0173
v -0.4974 1.3244 -0.0166
v -0.5102 1.3176 -0.0234
v -0.4978 1.3167 -0.0228
v -0.5107 1.3123 -0.0311
v -0.4983 1.3110 -0.0307
v -0.5110 1.3096 -0.0402
v -0.5230 1.3139 -0.0316
v -0.5233 1.3114 -0.0404
v -0.5232 1.3117 -0.0499
v -0.5355 1.3132 -0.0405
v -0.5354 1.3135 -0.0497
v -0.5350 1.3164 -0.0588
v -0.5227 1.3148 -0.0591
v -0.5344 1.3214 -0.0671
v -0.5221 1.3200 -0.0676
v -0.5339 1.3283 -0.0741
v -0.5215 1.3270 -0.0747
v -0.5335 1.3364 -0.0794
v -0.5211 1.3354 -0.0801
v -0.5331 1.3454 -0.0825
v -0.5208 1.3447 -0.0833
v -0.5329 1.3547 -0.0833
v -0.5206 1.3543 -0.0842
v -0.5327 1.3638 -0.0817
v -0.5203 1.3638 -0.0825
v -0.5325 1.3721 -0.0775
v -0.5201 1.3724 -0.0781
v -0.5323 1.3787 -0.0708
v -0.5199 1.3791 -0.0711
v -0.5322 1.3835 -0.0625
v -0.5198 1.3840 -0.0626
v -0.5323 1.3863 -0.0533
v -0.5201 1.3868 -0.0532
v -0.5326 1.3866 -0.0437
v -0.5205 1.3871 -0.0433
v -0.5330 1.3842 -0.0343
v -0.5210 1.3848 -0.0337
v -0.5333 1.3794 -0.0259
v -0.5214 1.3800 -0.0251
v -0.5333 1.3722 -0.0193
v -0.5216 1.3727 -0.0184
v -0.5332 1.3635 -0.0152
v -0.5216 1.3637 -0.0142
v -0.5331 1.3540 -0.0133
v -0.5214 1.3539 -0.0124
v -0.5331 1.3445 -0.0134
v -0.5213 1.3441 -0.0125
v -0.5335 1.3354 -0.0152
v -0.5214 1.3346 -0.0144
v -0.5340 1.3271 -0.0188
v -0.5219 1.3260 -0.0181
v -0.5347 1.3203 -0.0244
v -0.5225 1.3189 -0.0239
v -0.5352 1.3156 -0.0319
v -0.5468 1.3219 -0.0247
v -0.5474 1.3173 -0.0320
v -0.5477 1.3150 -0.0405
v -0.5595 1.3192 -0.0320
v -0.5598 1.3169 -0.0403
v -0.5598 1.3170 -0.0491
v -0.5476 1.3152 -0.0495
v -0.5594 1.3197 -0.0579
v -0.5473 1.3180 -0.0584
v -0.5590 1.3244 -0.0661
v -0.5467 1.3229 -0.0666
v -0.5586 1.3309 -0.0729
v -0.5463 1.3296 -0.0736
v -0.5582 1.3387 -0.0779
v -0.5458 1.3375 -0.0787
v -0.5579 1.3470 -0.0808
v -0.5455 1.3462 -0.0817
v -0.5577 1.3555 -0.0815
v -0.5453 1.3551 -0.0824
v -0.5575 1.3639 -0.0800
v -0.5451 1.3639 -0.0809
v -0.5573 1.3717 -0.0761
v -0.5449 1.3719 -0.0768
v -0.5571 1.3779 -0.0699
v -0.5447 1.3783 -0.0704
v -0.5570 1.3825 -0.0622
v -0.5445 1.3830 -0.0624
v -0.5570 1.3853 -0.0533
v -0.5446 1.3858 -0.0534
v -0.5571 1.3854 -0.0439
v -0.5448 1.3860 -0.0439
v -0.5571 1.3829 -0.0349
v -0.5450 1.3836 -0.0347
v -0.5570 1.3782 -0.0267
v -0.5451 1.3788 -0.0264
v -0.5568 1.3714 -0.0204
v -0.5451 1.3718 -0.0200
v -0.5566 1.3632 -0.0164
v -0.5449 1.3633 -0.0159
v -0.5565 1.3545 -0.0146
v -0.5448 1.3542 -0.0141
v -0.5567 1.3457 -0.0146
v -0.5449 1.3451 -0.0141
v -0.5573 1.3374 -0.0162
v -0.5454 1.3363 -0.0158
v -0.5581 1.3298 -0.0196
v -0.5461 1.3284 -0.0192
v -0.5589 1.3236 -0.0249
v -0.5700 1.3313 -0.0198
v -0.5709 1.3254 -0.0250
v -0.5715 1.3212 -0.0319
v -0.5828 1.3273 -0.0251
v -0.5835 1.3232 -0.0317
v -0.5838 1.3209 -0.0396
v -0.5719 1.3189 -0.0400
v -0.5839 1.3206 -0.0483
v -0.5719 1.3188 -0.0487
v -0.5836 1.3230 -0.0569
v -0.5716 1.3213 -0.0574
v -0.5833 1.3276 -0.0648
v -0.5712 1.3260 -0.0655
v -0.5830 1.3336 -0.0713
v -0.5708 1.3323 -0.0722
v -0.5827 1.3408 -0.0759
v -0.5705 1.3398 -0.0770
v -0.5826 1.3485 -0.0786
v -0.5703 1.3478 -0.0798
v -0.5824 1.3563 -0.0792
v -0.5701 1.3559 -0.0805
v -0.5823 1.3640 -0.0777
v -0.5699 1.3640 -0.0789
v -0.5822 1.3711 -0.0742
v -0.5698 1.3714 -0.0753
v -0.5821 1.3769 -0.0686
v -0.5696 1.3775 -0.0693
v -0.5820 1.3813 -0.0613
v -0.5695 1.3820 -0.0619
v -0.5820 1.3838 -0.0528
v -0.5695 1.3846 -0.0531
v -0.5818 1.3838 -0.0435
v -0.5694 1.3847 -0.0438
v -0.5815 1.3813 -0.0347
v -0.5693 1.3822 -0.0349
v -0.5810 1.3768 -0.0269
v -0.5690 1.3775 -0.0269
v -0.5805 1.3705 -0.0207
v -0.5687 1.3709 -0.0206
v -0.5801 1.3630 -0.0169
v -0.5683 1.3631 -0.0167
v -0.5800 1.3551 -0.0152
v -0.5682 1.3547 -0.0149
v -0.5803 1.3472 -0.0152
v -0.5685 1.3465 -0.0149
v -0.5809 1.3397 -0.0167
v -0.5691 1.3386 -0.0165
v -0.5818 1.3329 -0.0200
v -0.5927 1.3410 -0.0168
v -0.5936 1.3345 -0.0200
v -0.5945 1.3292 -0.0250
v -0.6052 1.3360 -0.0200
v -0.6062 1.3310 -0.0250
v -0.6069 1.3272 -0.0314
v -0.5953 1.3252 -0.0316
v -0.6075 1.3248 -0.0391
v -0.5957 1.3229 -0.0393
v -0.6077 1.3243 -0.0475
v -0.5959 1.3225 -0.0479
v -0.6076 1.3264 -0.0559
v -0.5956 1.3247 -0.0564
v -0.6074 1.3306 -0.0633
v -0.5953 1.3291 -0.0640
v -0.6072 1.3360 -0.0693
v -0.5951 1.3349 -0.0703
v -0.6071 1.3425 -0.0736
v -0.5949 1.3418 -0.0747
v -0.6070 1.3496 -0.0760
v -0.5948 1.3491 -0.0773
v -0.6071 1.3566 -0.0765
v -0.5948 1.3566 -0.0778
v -0.6072 1.3636 -0.0752
v -0.5948 1.3638 -0.0764
v -0.6073 1.3701 -0.0719
v -0.5947 1.3706 -0.0730
v -0.6073 1.3755 -0.0666
v -0.5947 1.3763 -0.0677
v -0.6073 1.3795 -0.0598
v -0.5946 1.3804 -0.0606
v -0.6072 1.3816 -0.0516
v -0.5946 1.3827 -0.0523
v -0.6069 1.3815 -0.0425
v -0.5943 1.3827 -0.0431
v -0.6062 1.3792 -0.0339
v -0.5938 1.3803 -0.0344
v -0.6053 1.3751 -0.0264
v -0.5931 1.3760 -0.0267
v -0.6045 1.3695 -0.0206
v -0.5925 1.3700 -0.0207
v -0.6040 1.3629 -0.0169
v -0.5920 1.3629 -0.0170
v -0.6037 1.3559 -0.0152
v -0.5918 1.3555 -0.0153
v -0.6039 1.3489 -0.0152
v -0.5921 1.3481 -0.0153
v -0.6044 1.3421 -0.0166
v -0.6157 1.3496 -0.0148
v -0.6161 1.3431 -0.0163
v -0.6168 1.3373 -0.0198
v -0.6277 1.3437 -0.0156
v -0.6282 1.3382 -0.0192
v -0.6289 1.3335 -0.0243
v -0.6176 1.3326 -0.0248
v -0.6298 1.3300 -0.0307
v -0.6184 1.3289 -0.0312
v -0.6306 1.3277 -0.0383
v -0.6191 1.3265 -0.0388
v -0.6312 1.3271 -0.0466
v -0.6195 1.3259 -0.0471
v -0.6313 1.3290 -0.0547
v -0.6195 1.3279 -0.0553
v -0.6313 1.3326 -0.0618
v -0.6194 1.3318 -0.0625
v -0.6313 1.3374 -0.0674
v -0.6193 1.3369 -0.0684
v -0.6314 1.3432 -0.0716
v -0.6192 1.3430 -0.0725
v -0.6315 1.3497 -0.0739
v -0.6193 1.3497 -0.0748
v -0.6318 1.3564 -0.0745
v -0.6194 1.3566 -0.0754
v -0.6322 1.3630 -0.0732
v -0.6197 1.3634 -0.0741
v -0.6326 1.3690 -0.0699
v -0.6199 1.3696 -0.0708
v -0.6329 1.3739 -0.0647
v -0.6200 1.3747 -0.0656
v -0.6331 1.3776 -0.0580
v -0.6201 1.3785 -0.0589
v -0.6330 1.3794 -0.0500
v -0.6200 1.3805 -0.0509
v -0.6324 1.3793 -0.0410
v -0.6196 1.3804 -0.0419
v -0.6314 1.3772 -0.0324
v -0.6187 1.3782 -0.0333
v -0.6303 1.3735 -0.0252
v -0.6177 1.3743 -0.0260
v -0.6291 1.3687 -0.0196
v -0.6167 1.3692 -0.0203
v -0.6283 1.3629 -0.0159
v -0.6160 1.3630 -0.0166
v -0.6277 1.3565 -0.0141
v -0.6157 1.3563 -0.0149
v -0.6275 1.3499 -0.0140
v -0.6398 1.3564 -0.0128
v -0.6393 1.3499 -0.0127
v -0.6392 1.3438 -0.0144
v -0.6514 1.3495 -0.0105
v -0.6509 1.3433 -0.0122
v -0.6508 1.3380 -0.0160
v -0.6395 1.3383 -0.0180
v -0.6511 1.3338 -0.0214
v -0.6401 1.3339 -0.0232
v -0.6518 1.3306 -0.0282
v -0.6410 1.3305 -0.0297
v -0.6526 1.3286 -0.0364
v -0.6419 1.3284 -0.0375
v -0.6535 1.3281 -0.0453
v -0.6426 1.3278 -0.0460
v -0.6542 1.3298 -0.0536
v -0.6429 1.3296 -0.0541
v -0.6548 1.3329 -0.0606
v -0.6431 1.3330 -0.0611
v -0.6552 1.3372 -0.0662
v -0.6433 1.3375 -0.0667
v -0.6557 1.3424 -0.0705
v -0.6435 1.3429 -0.0709
v -0.6562 1.3485 -0.0730
v -0.6438 1.3493 -0.0733
v -0.6568 1.3551 -0.0737
v -0.6443 1.3559 -0.0739
v -0.6575 1.3617 -0.0724
v -0.6448 1.3625 -0.0726
v -0.6583 1.3675 -0.0687
v -0.6454 1.3683 -0.0691
v -0.6589 1.3721 -0.0633
v -0.6459 1.3731 -0.0639
v -0.6593 1.3754 -0.0565
v -0.6462 1.3765 -0.0572
v -0.6593 1.3772 -0.0481
v -0.6461 1.3783 -0.0491
v -0.6587 1.3772 -0.0384
v -0.6455 1.3782 -0.0399
v -0.6575 1.3752 -0.0294
v -0.6444 1.3761 -0.0312
v -0.6561 1.3718 -0.0221
v -0.6430 1.3727 -0.0240
v -0.6547 1.3675 -0.0164
v -0.6417 1.3681 -0.0184
v -0.6534 1.3621 -0.0125
v -0.6406 1.3626 -0.0146
v -0.6523 1.3559 -0.0107
v -0.6676 1.3612 -0.0091
v -0.6662 1.3548 -0.0071
v -0.6648 1.3482 -0.0072
v -0.6634 1.3420 -0.0094
v -0.6623 1.3370 -0.0138
v -0.6617 1.3331 -0.0196
v -0.6617 1.3303 -0.0270
v -0.6623 1.3285 -0.0353
v -0.6635 1.3282 -0.0441
v -0.6648 1.3297 -0.0528
v -0.6661 1.3326 -0.0601
v -0.6672 1.3366 -0.0659
v -0.6683 1.3415 -0.0702
v -0.6692 1.3466 -0.0728
v -0.6702 1.3540 -0.0740
v -0.6710 1.3607 -0.0725
v -0.6715 1.3664 -0.0688
v -0.6716 1.3710 -0.0632
v -0.6717 1.3743 -0.0561
v -0.6719 1.3762 -0.0473
v -0.6718 1.3764 -0.0370
v -0.6710 1.3744 -0.0273
v -0.6699 1.3711 -0.0195
v -0.6689 1.3668 -0.0134
v -0.1370 1.2647 -0.1229
v -0.1205 1.2613 -0.1299
v -0.1051 1.2547 -0.1350
v -0.0155 1.3126 0.0464
v 0.0000 1.3128 0.0464
v -0.0151 1.3005 0.0526
v 0.0000 1.3008 0.0524
v -0.0146 1.2883 0.0584
v 0.0000 1.2884 0.0580
v -0.0141 1.2756 0.0636
v 0.0000 1.2758 0.0630
v -0.0136 1.2628 0.0685
v 0.0000 1.2629 0.0676
v -0.0131 1.2499 0.0730
v 0.0000 1.2500 0.0718
v -0.0124 1.2367 0.0770
v 0.0000 1.2368 0.0756
v -0.0119 1.2228 0.0800
v 0.0000 1.2228 0.0784
v -0.0117 1.2086 0.0816
v 0.0000 1.2087 0.0803
v -0.0117 1.1944 0.0826
v 0.0000 1.1945 0.0817
v -0.0115 1.1803 0.0831
v 0.0000 1.1792 0.0825
v -0.0113 1.1667 0.0833
v 0.0000 1.1668 0.0828
v -0.0111 1.1529 0.0834
v 0.0000 1.1531 0.0830
v -0.0110 1.1388 0.0834
v 0.0000 1.1391 0.0831
v -0.0110 1.1247 0.0833
v 0.0000 1.1250 0.0830
v -0.0111 1.1106 0.0828
v 0.0000 1.1109 0.0826
v -0.0112 1.0966 0.0822
v 0.0000 1.0969 0.0819
v -0.0113 1.0827 0.0814
v 0.0000 1.0829 0.0811
v -0.0114 1.0688 0.0805
v 0.0000 1.0690 0.0802
v -0.0115 1.0549 0.0796
v 0.0000 1.0551 0.0793
v -0.0117 1.0411 0.0791
v 0.0000 1.0413 0.0787
v -0.0119 1.0274 0.0789
v 0.0000 1.0275 0.0782
v -0.0122 1.0137 0.0789
v 0.0000 1.0138 0.0782
v -0.0125 1.0002 0.0792
v 0.0000 1.0003 0.0785
v -0.0128 0.9869 0.0795
v 0.0000 0.9869 0.0789
v -0.0132 0.9737 0.0794
v 0.0000 0.9737 0.0791
v -0.0136 0.9608 0.0787
v 0.0000 0.9608 0.0786
v -0.0141 0.9482 0.0775
v 0.0000 0.9482 0.0775
v -0.0145 0.9358 0.0759
v 0.0000 0.9359 0.0761
v -0.0149 0.9236 0.0744
v 0.0000 0.9237 0.0746
v -0.0155 0.9117 0.0729
v 0.0000 0.9118 0.0731
v -0.0162 0.8999 0.0714
v 0.0000 0.9001 0.0716
v -0.0172 0.8886 0.0699
v 0.0000 0.8887 0.0702
v -0.0182 0.8775 0.0683
v 0.0000 0.8775 0.0686
v 0.0000 0.8663 0.0668
v 0.0000 0.8553 0.0645
v 0.0000 0.8362 0.0584
v -0.0114 0.8146 0.0457
v 0.0000 0.8156 0.0475
v -0.0072 0.7968 0.0280
v 0.0000 0.7977 0.0299
v -0.0033 0.7849 0.0054
v 0.0000 0.7850 0.0066
v 0.0000 0.7804 -0.0186
v -0.0121 0.7957 0.0254
v -0.0188 0.8128 0.0430
v -0.0248 0.8097 0.0404
v -0.0422 0.8175 0.0507
v -0.0572 0.8274 0.0564
v -0.0608 0.8161 0.0566
v -0.0727 0.8336 0.0587
v -0.0761 0.8216 0.0591
v -0.0787 0.8095 0.0598
v -0.0912 0.8257 0.0589
v -0.0939 0.8134 0.0595
v -0.0960 0.8009 0.0604
v -0.1088 0.8165 0.0567
v -0.1109 0.8039 0.0575
v -0.1127 0.7911 0.0587
v -0.1254 0.8064 0.0523
v -0.1272 0.7935 0.0534
v -0.1285 0.7804 0.0547
v -0.1405 0.7954 0.0454
v -0.1418 0.7821 0.0465
v -0.1427 0.7685 0.0479
v -0.1532 0.7833 0.0358
v -0.1540 0.7695 0.0371
v -0.1545 0.7557 0.0384
v -0.1633 0.7702 0.0244
v -0.1637 0.7562 0.0258
v -0.1638 0.7420 0.0273
v -0.1707 0.7563 0.0119
v -0.1708 0.7421 0.0136
v -0.1708 0.7280 0.0150
v -0.1756 0.7418 -0.0009
v -0.1756 0.7276 0.0006
v -0.1753 0.7137 0.0020
v -0.1782 0.7270 -0.0141
v -0.1779 0.7130 -0.0127
v -0.1776 0.6994 -0.0116
v -0.1784 0.7121 -0.0275
v -0.1780 0.6986 -0.0264
v -0.1775 0.6853 -0.0255
v -0.1761 0.6975 -0.0410
v -0.1757 0.6844 -0.0401
v -0.1751 0.6714 -0.0394
v -0.1715 0.6833 -0.0541
v -0.1710 0.6705 -0.0535
v -0.1702 0.6579 -0.0529
v -0.1645 0.6694 -0.0666
v -0.1639 0.6569 -0.0660
v -0.1632 0.6446 -0.0655
v -0.1551 0.6557 -0.0778
v -0.1545 0.6435 -0.0772
v -0.1536 0.6314 -0.0765
v -0.1433 0.6423 -0.0867
v -0.1426 0.6303 -0.0858
v -0.1418 0.6184 -0.0849
v -0.1299 0.6291 -0.0931
v -0.1292 0.6173 -0.0919
v -0.1285 0.6055 -0.0907
v -0.1153 0.6162 -0.0959
v -0.1148 0.6045 -0.0945
v -0.1144 0.5928 -0.0931
v -0.1005 0.6034 -0.0950
v -0.1004 0.5918 -0.0934
v -0.1004 0.5802 -0.0920
v -0.0865 0.5908 -0.0910
v -0.0868 0.5791 -0.0895
v -0.0872 0.5675 -0.0882
v -0.0738 0.5781 -0.0846
v -0.0745 0.5664 -0.0834
v -0.0754 0.5545 -0.0825
v -0.0626 0.5652 -0.0769
v -0.0637 0.5533 -0.0763
v -0.0649 0.5412 -0.0757
v -0.0534 0.5522 -0.0680
v -0.0548 0.5401 -0.0677
v -0.0564 0.5278 -0.0673
v -0.0469 0.5390 -0.0573
v -0.0487 0.5267 -0.0574
v -0.0508 0.5141 -0.0576
v -0.0440 0.5253 -0.0457
v -0.0462 0.5127 -0.0464
v -0.0489 0.5000 -0.0474
v -0.0448 0.5113 -0.0343
v -0.0475 0.4986 -0.0358
v -0.0507 0.4859 -0.0373
v -0.0491 0.4974 -0.0238
v -0.0521 0.4849 -0.0257
v -0.0553 0.4726 -0.0277
v -0.0561 0.4843 -0.0144
v -0.0590 0.4720 -0.0167
v -0.0620 0.4598 -0.0193
v -0.0647 0.4716 -0.0064
v -0.0674 0.4594 -0.0092
v -0.0701 0.4474 -0.0123
v -0.0741 0.4590 0.0000
v -0.0765 0.4470 -0.0032
v -0.0785 0.4351 -0.0061
v -0.0842 0.4464 0.0047
v -0.0861 0.4345 0.0016
v -0.0875 0.4228 -0.0009
v -0.0949 0.4341 0.0078
v -0.0963 0.4223 0.0052
v -0.0973 0.4106 0.0033
v -0.1059 0.4219 0.0101
v -0.1070 0.4104 0.0082
v -0.1079 0.3990 0.0068
v -0.1177 0.4107 0.0110
v -0.1187 0.3993 0.0096
v -0.1197 0.3880 0.0085
v -0.1300 0.4003 0.0098
v -0.1311 0.3890 0.0087
v -0.1321 0.3776 0.0078
v -0.1423 0.3906 0.0061
v -0.1435 0.3791 0.0052
v -0.1445 0.3676 0.0045
v -0.1540 0.3807 0.0005
v -0.1551 0.3689 -0.0002
v -0.1559 0.3571 -0.0009
v -0.1644 0.3701 -0.0069
v -0.1652 0.3580 -0.0076
v -0.1656 0.3458 -0.0084
v -0.1728 0.3589 -0.0163
v -0.1733 0.3466 -0.0170
v -0.1733 0.3343 -0.0177
v -0.1790 0.3473 -0.0271
v -0.1790 0.3349 -0.0278
v -0.1787 0.3225 -0.0284
v -0.1829 0.3354 -0.0387
v -0.1826 0.3229 -0.0392
v -0.1820 0.3104 -0.0396
v -0.1846 0.3232 -0.0506
v -0.1838 0.3106 -0.0508
v -0.1829 0.2980 -0.0509
v -0.1839 0.3106 -0.0622
v -0.1829 0.2980 -0.0621
v -0.1817 0.2854 -0.0618
v -0.1808 0.2979 -0.0731
v -0.1796 0.2852 -0.0725
v -0.1783 0.2725 -0.0718
v -0.1755 0.2851 -0.0827
v -0.1743 0.2723 -0.0817
v -0.1730 0.2596 -0.0806
v -0.1687 0.2722 -0.0908
v -0.1676 0.2594 -0.0894
v -0.1664 0.2467 -0.0879
v -0.1608 0.2592 -0.0972
v -0.1599 0.2464 -0.0955
v -0.1589 0.2337 -0.0938
v -0.1519 0.2463 -0.1014
v -0.1511 0.2335 -0.0994
v -0.1501 0.2208 -0.0974
v -0.1422 0.2336 -0.1029
v -0.1416 0.2209 -0.1008
v -0.1408 0.2083 -0.0987
v -0.1327 0.2211 -0.1024
v -0.1324 0.2085 -0.1002
v -0.1320 0.1960 -0.0981
v -0.1240 0.2088 -0.1000
v -0.1242 0.1962 -0.0979
v -0.1244 0.1835 -0.0958
v -0.1168 0.1963 -0.0960
v -0.1174 0.1837 -0.0941
v -0.1179 0.1710 -0.0922
v -0.1110 0.1839 -0.0906
v -0.1120 0.1712 -0.0890
v -0.1127 0.1585 -0.0872
v -0.1068 0.1714 -0.0841
v -0.1079 0.1587 -0.0827
v -0.1089 0.1457 -0.0813
v -0.1039 0.1589 -0.0769
v -0.1052 0.1459 -0.0759
v -0.1063 0.1327 -0.0745
v -0.1022 0.1461 -0.0693
v -0.1034 0.1332 -0.0682
v -0.1041 0.1200 -0.0666
v -0.1014 0.1337 -0.0609
v -0.1021 0.1207 -0.0595
v -0.1019 0.1073 -0.0578
v -0.1009 0.1217 -0.0516
v -0.1007 0.1085 -0.0499
v -0.0996 0.0950 -0.0477
v -0.1005 0.1101 -0.0417
v -0.0995 0.0970 -0.0394
v -0.1015 0.1119 -0.0334
v -0.1004 0.0994 -0.0312
v -0.1036 0.1140 -0.0253
v -0.1024 0.1022 -0.0230
v -0.1066 0.1160 -0.0182
v -0.1055 0.1047 -0.0156
v -0.1102 0.1174 -0.0124
v -0.1093 0.1066 -0.0098
v -0.1079 0.0962 -0.0061
v -0.1136 0.1079 -0.0053
v -0.1124 0.0979 -0.0016
v -0.1113 0.0884 0.0033
v -0.1176 0.0988 0.0014
v -0.1168 0.0895 0.0062
v -0.1160 0.0810 0.0123
v -0.1227 0.0898 0.0077
v -0.1221 0.0814 0.0138
v -0.1216 0.0738 0.0214
v -0.1287 0.0807 0.0139
v -0.1287 0.0730 0.0216
v -0.1290 0.0659 0.0305
v -0.1363 0.0711 0.0203
v -0.1372 0.0637 0.0292
v -0.1381 0.0568 0.0387
v -0.1453 0.0604 0.0262
v -0.1467 0.0533 0.0355
v -0.1482 0.0467 0.0449
v -0.1545 0.0485 0.0308
v -0.1566 0.0420 0.0406
v -0.1588 0.0367 0.0508
v -0.1638 0.0368 0.0363
v -0.1666 0.0323 0.0471
v -0.1691 0.0291 0.0589
v -0.1723 0.0272 0.0446
v -0.1741 0.0245 0.0576
v -0.1747 0.0223 0.0716
v -0.1774 0.0192 0.0570
v -0.1774 0.0173 0.0715
v -0.1757 0.0156 0.0868
v -0.1787 0.0122 0.0715
v -0.1767 0.0109 0.0870
v -0.1714 0.0095 0.1026
v -0.1758 0.0063 0.0869
v -0.1704 0.0052 0.1023
v -0.1617 0.0041 0.1170
v -0.1676 0.0015 0.1014
v -0.1592 0.0001 0.1157
v -0.1480 -0.0000 0.1287
v -0.1552 -0.0023 0.1135
v -0.1446 -0.0023 0.1258
v -0.1505 -0.0034 0.1108
v -0.1408 -0.0037 0.1222
v -0.1452 -0.0041 0.1080
v -0.1367 -0.0044 0.1182
v -0.1576 -0.0028 0.0981
v -0.1511 -0.0037 0.0962
v -0.1427 -0.0043 0.0935
v -0.1551 -0.0042 0.0840
v -0.1461 -0.0051 0.0823
v -0.1345 -0.0059 0.0797
v -0.1316 -0.0052 0.0904
v -0.1220 -0.0064 0.0773
v -0.1196 -0.0059 0.0880
v -0.1099 -0.0061 0.0755
v -0.1087 -0.0056 0.0870
v -0.1085 -0.0050 0.0987
v -0.1093 -0.0049 0.1099
v -0.0996 -0.0040 0.0870
v -0.1001 -0.0036 0.0990
v -0.1009 -0.0039 0.1100
v -0.0929 -0.0006 0.0995
v -0.0937 -0.0012 0.1106
v -0.0873 0.0033 0.1004
v -0.0883 0.0024 0.1115
v -0.0836 0.0082 0.1014
v -0.0848 0.0069 0.1126
v -0.0826 0.0137 0.1024
v -0.0839 0.0122 0.1137
v -0.0857 0.0108 0.1239
v -0.0853 0.0174 0.1147
v -0.0872 0.0159 0.1247
v -0.0889 0.0221 0.1159
v -0.0911 0.0204 0.1254
v -0.0949 0.0256 0.1171
v -0.0974 0.0234 0.1262
v -0.1031 0.0268 0.1182
v -0.1062 0.0243 0.1270
v -0.0928 0.0280 0.1067
v -0.1007 0.0297 0.1084
v -0.0914 0.0306 0.0952
v -0.0990 0.0330 0.0975
v -0.0911 0.0333 0.0832
v -0.0984 0.0364 0.0861
v -0.0920 0.0363 0.0718
v -0.0861 0.0283 0.0806
v -0.0871 0.0308 0.0687
v -0.0890 0.0343 0.0574
v -0.0839 0.0249 0.0663
v -0.0859 0.0281 0.0545
v -0.0884 0.0323 0.0431
v -0.0845 0.0219 0.0522
v -0.0871 0.0257 0.0406
v -0.0853 0.0155 0.0506
v -0.0879 0.0190 0.0389
v -0.0889 0.0093 0.0498
v -0.0912 0.0124 0.0382
v -0.0952 0.0036 0.0497
v -0.0973 0.0061 0.0384
v -0.0992 0.0083 0.0273
v -0.1064 0.0010 0.0398
v -0.1082 0.0026 0.0289
v -0.1093 0.0037 0.0179
v -0.1189 -0.0009 0.0307
v -0.1195 0.0000 0.0193
v -0.1192 0.0005 0.0080
v -0.1095 0.0043 0.0068
v -0.1182 0.0004 -0.0032
v -0.1089 0.0043 -0.0042
v -0.1168 -0.0004 -0.0140
v -0.1077 0.0034 -0.0149
v -0.1151 -0.0016 -0.0245
v -0.1066 0.0020 -0.0255
v -0.1138 -0.0030 -0.0349
v -0.1060 0.0005 -0.0363
v -0.1000 0.0066 -0.0387
v -0.1062 -0.0009 -0.0471
v -0.1012 0.0053 -0.0496
v -0.1082 -0.0018 -0.0570
v -0.1040 0.0047 -0.0597
v -0.1022 0.0146 -0.0624
v -0.1080 0.0044 -0.0684
v -0.1061 0.0143 -0.0709
v -0.1061 0.0263 -0.0733
v -0.1111 0.0141 -0.0781
v -0.1109 0.0261 -0.0801
v -0.1115 0.0394 -0.0811
v -0.1167 0.0261 -0.0855
v -0.1169 0.0395 -0.0861
v -0.1170 0.0534 -0.0853
v -0.1231 0.0398 -0.0891
v -0.1229 0.0537 -0.0880
v -0.1229 0.0673 -0.0868
v -0.1292 0.0540 -0.0885
v -0.1288 0.0675 -0.0870
v -0.1289 0.0805 -0.0858
v -0.1346 0.0675 -0.0853
v -0.1344 0.0805 -0.0840
v -0.1345 0.0933 -0.0835
v -0.1397 0.0803 -0.0809
v -0.1397 0.0932 -0.0804
v -0.1400 0.1062 -0.0809
v -0.1449 0.0930 -0.0766
v -0.1455 0.1061 -0.0772
v -0.1463 0.1192 -0.0785
v -0.1509 0.1061 -0.0724
v -0.1520 0.1194 -0.0736
v -0.1534 0.1324 -0.0748
v -0.1568 0.1198 -0.0671
v -0.1580 0.1329 -0.0680
v -0.1594 0.1458 -0.0690
v -0.1610 0.1336 -0.0602
v -0.1625 0.1465 -0.0612
v -0.1640 0.1592 -0.0622
v -0.1644 0.1471 -0.0529
v -0.1659 0.1599 -0.0539
v -0.1676 0.1725 -0.0548
v -0.1666 0.1606 -0.0453
v -0.1682 0.1732 -0.0461
v -0.1699 0.1857 -0.0468
v -0.1674 0.1739 -0.0375
v -0.1690 0.1865 -0.0379
v -0.1706 0.1990 -0.0384
v -0.1665 0.1872 -0.0295
v -0.1681 0.1997 -0.0297
v -0.1695 0.2121 -0.0299
v -0.1639 0.2002 -0.0217
v -0.1651 0.2127 -0.0216
v -0.1662 0.2250 -0.0216
v -0.1592 0.2131 -0.0146
v -0.1601 0.2254 -0.0143
v -0.1609 0.2375 -0.0139
v -0.1525 0.2255 -0.0085
v -0.1531 0.2377 -0.0079
v -0.1537 0.2497 -0.0073
v -0.1442 0.2377 -0.0036
v -0.1445 0.2497 -0.0029
v -0.1448 0.2617 -0.0020
v -0.1346 0.2498 -0.0010
v -0.1346 0.2617 -0.0002
v -0.1346 0.2735 0.0006
v -0.1241 0.2618 -0.0009
v -0.1239 0.2735 -0.0002
v -0.1237 0.2852 0.0007
v -0.1134 0.2734 -0.0029
v -0.1129 0.2850 -0.0022
v -0.1125 0.2966 -0.0014
v -0.1026 0.2847 -0.0065
v -0.1020 0.2963 -0.0058
v -0.1015 0.3078 -0.0051
v -0.0925 0.2960 -0.0120
v -0.0919 0.3076 -0.0114
v -0.0914 0.3192 -0.0108
v -0.0832 0.3073 -0.0189
v -0.0827 0.3191 -0.0184
v -0.0824 0.3307 -0.0179
v -0.0755 0.3190 -0.0274
v -0.0752 0.3309 -0.0269
v -0.0750 0.3427 -0.0262
v -0.0701 0.3312 -0.0371
v -0.0699 0.3432 -0.0364
v -0.0699 0.3552 -0.0356
v -0.0673 0.3436 -0.0475
v -0.0672 0.3557 -0.0467
v -0.0673 0.3676 -0.0458
v -0.0672 0.3563 -0.0582
v -0.0671 0.3682 -0.0573
v -0.0670 0.3801 -0.0562
v -0.0694 0.3690 -0.0687
v -0.0693 0.3810 -0.0676
v -0.0691 0.3929 -0.0662
v -0.0741 0.3821 -0.0782
v -0.0737 0.3943 -0.0767
v -0.0732 0.4064 -0.0748
v -0.0801 0.3960 -0.0861
v -0.0794 0.4084 -0.0840
v -0.0786 0.4206 -0.0815
v -0.0868 0.4106 -0.0923
v -0.0860 0.4230 -0.0896
v -0.0848 0.4351 -0.0864
v -0.0948 0.4253 -0.0961
v -0.0937 0.4375 -0.0928
v -0.0920 0.4494 -0.0893
v -0.1037 0.4396 -0.0974
v -0.1020 0.4516 -0.0937
v -0.0999 0.4634 -0.0902
v -0.1127 0.4537 -0.0963
v -0.1106 0.4654 -0.0926
v -0.1087 0.4768 -0.0893
v -0.1218 0.4670 -0.0929
v -0.1198 0.4783 -0.0895
v -0.1180 0.4896 -0.0870
v -0.1308 0.4794 -0.0877
v -0.1290 0.4907 -0.0851
v -0.1275 0.5020 -0.0836
v -0.1393 0.4916 -0.0814
v -0.1379 0.5029 -0.0796
v -0.1370 0.5142 -0.0787
v -0.1472 0.5034 -0.0736
v -0.1463 0.5147 -0.0722
v -0.1459 0.5259 -0.0716
v -0.1541 0.5145 -0.0639
v -0.1539 0.5259 -0.0630
v -0.1542 0.5373 -0.0627
v -0.1602 0.5256 -0.0533
v -0.1606 0.5371 -0.0526
v -0.1612 0.5488 -0.0523
v -0.1648 0.5368 -0.0417
v -0.1652 0.5486 -0.0409
v -0.1660 0.5605 -0.0402
v -0.1664 0.5479 -0.0288
v -0.1672 0.5599 -0.0278
v -0.1682 0.5719 -0.0268
v -0.1661 0.5587 -0.0153
v -0.1673 0.5709 -0.0139
v -0.1686 0.5831 -0.0127
v -0.1646 0.5695 -0.0013
v -0.1659 0.5820 0.0002
v -0.1673 0.5947 0.0015
v -0.1617 0.5807 0.0125
v -0.1631 0.5936 0.0141
v -0.1644 0.6066 0.0155
v -0.1571 0.5926 0.0258
v -0.1583 0.6058 0.0275
v -0.1593 0.6191 0.0290
v -0.1500 0.6049 0.0383
v -0.1508 0.6183 0.0400
v -0.1516 0.6316 0.0415
v -0.1402 0.6174 0.0492
v -0.1408 0.6308 0.0510
v -0.1413 0.6442 0.0524
v -0.1278 0.6298 0.0578
v -0.1282 0.6431 0.0595
v -0.1286 0.6567 0.0607
v -0.1135 0.6420 0.0634
v -0.1139 0.6554 0.0648
v -0.1142 0.6691 0.0659
v -0.0983 0.6540 0.0655
v -0.0986 0.6676 0.0668
v -0.0990 0.6812 0.0675
v -0.0829 0.6659 0.0640
v -0.0831 0.6794 0.0649
v -0.0834 0.6928 0.0654
v -0.0679 0.6774 0.0588
v -0.0679 0.6905 0.0594
v -0.0679 0.7036 0.0598
v -0.0534 0.6880 0.0502
v -0.0531 0.7008 0.0508
v -0.0527 0.7135 0.0513
v -0.0397 0.6979 0.0387
v -0.0390 0.7103 0.0392
v -0.0383 0.7227 0.0397
v -0.0272 0.7073 0.0244
v -0.0259 0.7193 0.0246
v -0.0248 0.7312 0.0248
v -0.0165 0.7162 0.0069
v -0.0151 0.7278 0.0063
v -0.0138 0.7391 0.0055
v -0.0091 0.7248 -0.0138
v -0.0077 0.7358 -0.0152
v -0.0064 0.7464 -0.0167
v -0.0065 0.7334 -0.0360
v -0.0053 0.7437 -0.0379
v -0.0042 0.7529 -0.0398
v -0.0095 0.7420 -0.0581
v -0.0086 0.7515 -0.0602
v -0.0076 0.7597 -0.0621
v -0.0184 0.7510 -0.0785
v -0.0171 0.7601 -0.0811
v -0.0153 0.7681 -0.0838
v -0.0310 0.7611 -0.0962
v -0.0288 0.7698 -0.0999
v -0.0459 0.7626 -0.1082
v -0.0436 0.7718 -0.1126
v -0.0620 0.7647 -0.1177
v -0.0599 0.7742 -0.1232
v -0.0575 0.7834 -0.1294
v -0.0773 0.7774 -0.1292
v -0.0756 0.7872 -0.1356
v -0.0740 0.7975 -0.1419
v -0.0931 0.7922 -0.1369
v -0.0916 0.8034 -0.1427
v -0.0897 0.8157 -0.1479
v -0.0726 0.8089 -0.1478
v -0.0876 0.8293 -0.1520
v -0.0714 0.8219 -0.1528
v -0.0853 0.8440 -0.1548
v -0.0700 0.8367 -0.1567
v -0.0829 0.8598 -0.1560
v -0.0684 0.8534 -0.1588
v -0.0805 0.8759 -0.1551
v -0.0665 0.8704 -0.1588
v -0.0784 0.8918 -0.1526
v -0.0648 0.8871 -0.1566
v -0.0767 0.9072 -0.1485
v -0.0632 0.9031 -0.1528
v -0.0751 0.9218 -0.1433
v -0.0618 0.9181 -0.1475
v -0.0735 0.9354 -0.1371
v -0.0605 0.9322 -0.1413
v -0.0720 0.9480 -0.1303
v -0.0862 0.9376 -0.1315
v -0.0845 0.9500 -0.1250
v -0.0829 0.9618 -0.1185
v -0.0968 0.9517 -0.1180
v -0.0952 0.9633 -0.1122
v -0.0937 0.9746 -0.1067
v -0.1070 0.9645 -0.1041
v -0.1055 0.9759 -0.0993
v -0.1041 0.9872 -0.0952
v -0.1165 0.9769 -0.0903
v -0.1150 0.9883 -0.0867
v -0.1135 0.9997 -0.0837
v -0.1246 0.9893 -0.0765
v -0.1229 1.0007 -0.0737
v -0.1210 1.0122 -0.0714
v -0.1303 1.0015 -0.0621
v -0.1281 1.0129 -0.0598
v -0.1257 1.0242 -0.0579
v -0.1330 1.0132 -0.0471
v -0.1303 1.0246 -0.0452
v -0.1277 1.0359 -0.0435
v -0.1328 1.0243 -0.0320
v -0.1301 1.0358 -0.0303
v -0.1282 1.0474 -0.0291
v -0.1309 1.0351 -0.0173
v -0.1291 1.0471 -0.0159
v -0.1282 1.0591 -0.0148
v -0.1287 1.0460 -0.0032
v -0.1279 1.0585 -0.0019
v -0.1279 1.0712 -0.0009
v -0.1259 1.0565 0.0103
v -0.1259 1.0695 0.0115
v -0.1266 1.0825 0.0126
v -0.1216 1.0664 0.0239
v -0.1220 1.0791 0.0254
v -0.1147 1.0632 0.0359
v -0.1148 1.0755 0.0377
v -0.1055 1.0602 0.0466
v -0.1054 1.0724 0.0485
v -0.0945 1.0577 0.0553
v -0.0943 1.0699 0.0575
v -0.0828 1.0557 0.0624
v -0.0825 1.0681 0.0647
v -0.0823 1.0806 0.0673
v -0.0705 1.0670 0.0705
v -0.0702 1.0797 0.0729
v -0.0697 1.0925 0.0752
v -0.0581 1.0797 0.0770
v -0.0576 1.0928 0.0790
v -0.0568 1.1062 0.0805
v -0.0688 1.1055 0.0772
v -0.0560 1.1197 0.0817
v -0.0678 1.1187 0.0788
v -0.0553 1.1334 0.0823
v -0.0666 1.1320 0.0799
v -0.0547 1.1472 0.0827
v -0.0657 1.1454 0.0807
v -0.0546 1.1610 0.0835
v -0.0653 1.1588 0.0817
v -0.0761 1.1565 0.0787
v -0.0658 1.1722 0.0837
v -0.0765 1.1688 0.0809
v -0.0673 1.1855 0.0873
v -0.0783 1.1807 0.0846
v -0.0696 1.1991 0.0908
v -0.0811 1.1929 0.0885
v -0.0922 1.1871 0.0837
v -0.0849 1.2059 0.0911
v -0.0965 1.1984 0.0869
v -0.1065 1.1915 0.0783
v -0.1016 1.1813 0.0756
v -0.1009 1.2108 0.0880
v -0.0883 1.2195 0.0904
v -0.0903 1.2324 0.0864
v -0.0747 1.2263 0.0899
v -0.0761 1.2389 0.0850
v -0.0779 1.2515 0.0792
v -0.0630 1.2436 0.0827
v -0.0648 1.2569 0.0765
v -0.0670 1.2700 0.0701
v -0.0526 1.2603 0.0741
v -0.0545 1.2735 0.0678
v -0.0567 1.2860 0.0611
v -0.0415 1.2748 0.0663
v -0.0431 1.2872 0.0602
v -0.0446 1.2993 0.0533
v -0.0290 1.2879 0.0593
v -0.0301 1.3000 0.0530
v -0.0307 1.3120 0.0464
v -0.0280 1.2753 0.0649
v -0.0271 1.2625 0.0702
v -0.0402 1.2618 0.0722
v -0.0386 1.2486 0.0776
v -0.0261 1.2496 0.0751
v -0.0508 1.2468 0.0801
v -0.0487 1.2336 0.0855
v -0.0367 1.2354 0.0826
v -0.0613 1.2307 0.0880
v -0.0599 1.2176 0.0911
v -0.0473 1.2202 0.0888
v -0.0727 1.2130 0.0921
v -0.0581 1.2038 0.0908
v -0.0565 1.1895 0.0883
v -0.0457 1.1922 0.0878
v -0.0463 1.2065 0.0892
v -0.0346 1.1934 0.0862
v -0.0347 1.2077 0.0866
v -0.0353 1.2217 0.0858
v -0.0233 1.2083 0.0839
v -0.0236 1.2225 0.0825
v -0.0247 1.2363 0.0795
v -0.0232 1.1941 0.0843
v -0.0230 1.1801 0.0843
v -0.0341 1.1792 0.0853
v -0.0333 1.1649 0.0847
v -0.0224 1.1661 0.0842
v -0.0448 1.1776 0.0856
v -0.0440 1.1631 0.0845
v -0.0438 1.1490 0.0840
v -0.0329 1.1507 0.0844
v -0.0552 1.1752 0.0852
v -0.0329 1.1366 0.0842
v -0.0219 1.1379 0.0840
v -0.0220 1.1521 0.0841
v -0.0440 1.1350 0.0836
v -0.0445 1.1211 0.0832
v -0.0332 1.1225 0.0839
v -0.0335 1.1086 0.0833
v -0.0222 1.1098 0.0832
v -0.0220 1.1238 0.0837
v -0.0451 1.1073 0.0825
v -0.0456 1.0936 0.0813
v -0.0339 1.0947 0.0825
v -0.0342 1.0810 0.0814
v -0.0226 1.0819 0.0817
v -0.0224 1.0958 0.0826
v -0.0461 1.0802 0.0798
v -0.0465 1.0668 0.0781
v -0.0346 1.0674 0.0800
v -0.0584 1.0666 0.0749
v -0.0588 1.0537 0.0728
v -0.0468 1.0536 0.0765
v -0.0707 1.0544 0.0681
v -0.0711 1.0417 0.0662
v -0.0592 1.0408 0.0712
v -0.0832 1.0433 0.0605
v -0.0840 1.0310 0.0591
v -0.0719 1.0292 0.0648
v -0.0950 1.0455 0.0535
v -0.0959 1.0334 0.0523
v -0.0973 1.0213 0.0516
v -0.0852 1.0187 0.0583
v -0.1059 1.0481 0.0450
v -0.1069 1.0361 0.0439
v -0.1084 1.0241 0.0434
v -0.1105 1.0122 0.0432
v -0.0993 1.0093 0.0515
v -0.1159 1.0389 0.0336
v -0.1175 1.0269 0.0330
v -0.1197 1.0151 0.0327
v -0.1223 1.0035 0.0324
v -0.1131 1.0005 0.0431
v -0.1241 1.0295 0.0211
v -0.1264 1.0178 0.0206
v -0.1289 1.0062 0.0199
v -0.1314 0.9947 0.0188
v -0.1248 0.9919 0.0315
v -0.1307 1.0201 0.0076
v -0.1333 1.0085 0.0066
v -0.1358 0.9970 0.0053
v -0.1383 0.9855 0.0038
v -0.1337 0.9832 0.0172
v -0.1357 1.0104 -0.0069
v -0.1384 0.9988 -0.0084
v -0.1411 0.9873 -0.0101
v -0.1436 0.9758 -0.0120
v -0.1407 0.9739 0.0019
v -0.1392 1.0003 -0.0222
v -0.1420 0.9887 -0.0241
v -0.1445 0.9772 -0.0263
v -0.1469 0.9656 -0.0286
v -0.1461 0.9642 -0.0141
v -0.1409 0.9897 -0.0381
v -0.1434 0.9781 -0.0406
v -0.1455 0.9665 -0.0433
v -0.1473 0.9548 -0.0462
v -0.1489 0.9541 -0.0313
v -0.1399 0.9785 -0.0546
v -0.1418 0.9668 -0.0575
v -0.1433 0.9551 -0.0607
v -0.1444 0.9432 -0.0639
v -0.1486 0.9431 -0.0492
v -0.1358 0.9667 -0.0710
v -0.1372 0.9549 -0.0745
v -0.1383 0.9430 -0.0780
v -0.1394 0.9311 -0.0816
v -0.1456 0.9314 -0.0672
v -0.1291 0.9545 -0.0872
v -0.1303 0.9426 -0.0912
v -0.1315 0.9306 -0.0952
v -0.1330 0.9185 -0.0991
v -0.1408 0.9191 -0.0852
v -0.1208 0.9420 -0.1034
v -0.1223 0.9299 -0.1078
v -0.1240 0.9176 -0.1121
v -0.1260 0.9049 -0.1159
v -0.1348 0.9062 -0.1027
v -0.1119 0.9288 -0.1193
v -0.1137 0.9160 -0.1238
v -0.1158 0.9029 -0.1276
v -0.1182 0.8892 -0.1308
v -0.1283 0.8919 -0.1190
v -0.1022 0.9136 -0.1340
v -0.1043 0.8998 -0.1379
v -0.1068 0.8856 -0.1408
v -0.1096 0.8711 -0.1427
v -0.1212 0.8754 -0.1329
v -0.0917 0.8959 -0.1463
v -0.0940 0.8810 -0.1491
v -0.0967 0.8657 -0.1504
v -0.0996 0.8506 -0.1501
v -0.1128 0.8565 -0.1429
v -0.1160 0.8421 -0.1415
v -0.1279 0.8473 -0.1327
v -0.1245 0.8614 -0.1337
v -0.1024 0.8361 -0.1480
v -0.1050 0.8223 -0.1445
v -0.1190 0.8282 -0.1386
v -0.1216 0.8150 -0.1346
v -0.1340 0.8201 -0.1264
v -0.1311 0.8334 -0.1301
v -0.1074 0.8094 -0.1401
v -0.1093 0.7974 -0.1348
v -0.1239 0.8025 -0.1298
v -0.1257 0.7906 -0.1245
v -0.1387 0.7955 -0.1168
v -0.1366 0.8075 -0.1218
v -0.1107 0.7861 -0.1291
v -0.1119 0.7751 -0.1235
v -0.1269 0.7794 -0.1191
v -0.0945 0.7816 -0.1308
v -0.0957 0.7711 -0.1251
v -0.0968 0.7606 -0.1201
v -0.1128 0.7643 -0.1187
v -0.0788 0.7675 -0.1234
v -0.0801 0.7574 -0.1183
v -0.0812 0.7471 -0.1138
v -0.0977 0.7500 -0.1158
v -0.0635 0.7548 -0.1130
v -0.0648 0.7447 -0.1089
v -0.0656 0.7344 -0.1055
v -0.0821 0.7366 -0.1102
v -0.0475 0.7529 -0.1044
v -0.0486 0.7428 -0.1010
v -0.0494 0.7325 -0.0980
v -0.0500 0.7220 -0.0956
v -0.0662 0.7238 -0.1029
v -0.0332 0.7416 -0.0902
v -0.0339 0.7312 -0.0877
v -0.0346 0.7207 -0.0854
v -0.0354 0.7100 -0.0832
v -0.0505 0.7113 -0.0936
v -0.0201 0.7308 -0.0738
v -0.0211 0.7202 -0.0715
v -0.0223 0.7095 -0.0694
v -0.0236 0.6986 -0.0675
v -0.0363 0.6992 -0.0813
v -0.0117 0.7209 -0.0541
v -0.0131 0.7099 -0.0522
v -0.0148 0.6989 -0.0504
v -0.0165 0.6879 -0.0489
v -0.0251 0.6877 -0.0657
v -0.0094 0.7114 -0.0327
v -0.0111 0.7002 -0.0313
v -0.0129 0.6889 -0.0301
v -0.0149 0.6776 -0.0292
v -0.0184 0.6767 -0.0475
v -0.0124 0.7021 -0.0117
v -0.0142 0.6906 -0.0110
v -0.0161 0.6790 -0.0106
v -0.0180 0.6673 -0.0103
v -0.0169 0.6662 -0.0284
v -0.0196 0.6927 0.0073
v -0.0213 0.6808 0.0073
v -0.0229 0.6688 0.0071
v -0.0246 0.6568 0.0067
v -0.0199 0.6556 -0.0102
v -0.0296 0.6830 0.0237
v -0.0308 0.6708 0.0231
v -0.0320 0.6584 0.0225
v -0.0334 0.6460 0.0216
v -0.0263 0.6447 0.0062
v -0.0412 0.6730 0.0374
v -0.0419 0.6603 0.0366
v -0.0428 0.6477 0.0355
v -0.0439 0.6349 0.0341
v -0.0348 0.6336 0.0206
v -0.0540 0.6623 0.0485
v -0.0545 0.6494 0.0473
v -0.0551 0.6364 0.0457
v -0.0559 0.6234 0.0440
v -0.0451 0.6221 0.0326
v -0.0680 0.6510 0.0564
v -0.0682 0.6378 0.0548
v -0.0686 0.6247 0.0531
v -0.0692 0.6117 0.0511
v -0.0570 0.6104 0.0420
v -0.0827 0.6393 0.0612
v -0.0828 0.6261 0.0593
v -0.0831 0.6130 0.0572
v -0.0837 0.6001 0.0549
v -0.0702 0.5987 0.0488
v -0.0980 0.6274 0.0621
v -0.0981 0.6144 0.0599
v -0.0983 0.6015 0.0576
v -0.0985 0.5886 0.0552
v -0.0843 0.5872 0.0525
v -0.1131 0.6156 0.0595
v -0.1130 0.6026 0.0572
v -0.1128 0.5897 0.0548
v -0.1127 0.5769 0.0524
v -0.0988 0.5758 0.0527
v -0.1270 0.6035 0.0536
v -0.1265 0.5905 0.0512
v -0.1260 0.5776 0.0489
v -0.1255 0.5647 0.0466
v -0.1126 0.5641 0.0501
v -0.1387 0.5910 0.0449
v -0.1379 0.5780 0.0425
v -0.1370 0.5649 0.0402
v -0.1361 0.5520 0.0380
v -0.1250 0.5518 0.0444
v -0.1478 0.5785 0.0341
v -0.1465 0.5655 0.0318
v -0.1452 0.5525 0.0295
v -0.1440 0.5396 0.0272
v -0.1353 0.5390 0.0358
v -0.1543 0.5665 0.0218
v -0.1528 0.5537 0.0196
v -0.1513 0.5412 0.0173
v -0.1501 0.5289 0.0149
v -0.1431 0.5270 0.0248
v -0.1588 0.5554 0.0087
v -0.1573 0.5431 0.0065
v -0.1561 0.5311 0.0042
v -0.1556 0.5192 0.0019
v -0.1496 0.5168 0.0124
v -0.1620 0.5450 -0.0049
v -0.1610 0.5330 -0.0069
v -0.1605 0.5210 -0.0090
v -0.1606 0.5092 -0.0113
v -0.1557 0.5073 -0.0007
v -0.1644 0.5346 -0.0184
v -0.1641 0.5226 -0.0202
v -0.1641 0.5107 -0.0222
v -0.1647 0.4989 -0.0245
v -0.1613 0.4974 -0.0138
v -0.1657 0.5240 -0.0315
v -0.1657 0.5121 -0.0333
v -0.1662 0.5001 -0.0354
v -0.1671 0.4882 -0.0380
v -0.1658 0.4869 -0.0271
v -0.1644 0.5132 -0.0442
v -0.1647 0.5013 -0.0461
v -0.1656 0.4895 -0.0486
v -0.1671 0.4776 -0.0516
v -0.1684 0.4762 -0.0408
v -0.1607 0.5025 -0.0562
v -0.1617 0.4908 -0.0586
v -0.1634 0.4790 -0.0616
v -0.1656 0.4670 -0.0650
v -0.1691 0.4656 -0.0548
v -0.1560 0.4917 -0.0678
v -0.1579 0.4800 -0.0708
v -0.1600 0.4679 -0.0741
v -0.1622 0.4555 -0.0776
v -0.1680 0.4546 -0.0684
v -0.1505 0.4804 -0.0784
v -0.1525 0.4684 -0.0818
v -0.1546 0.4560 -0.0853
v -0.1566 0.4432 -0.0889
v -0.1645 0.4427 -0.0810
v -0.1433 0.4684 -0.0874
v -0.1453 0.4562 -0.0911
v -0.1472 0.4435 -0.0949
v -0.1488 0.4305 -0.0983
v -0.1584 0.4302 -0.0921
v -0.1349 0.4560 -0.0949
v -0.1367 0.4436 -0.0988
v -0.1382 0.4306 -0.1024
v -0.1394 0.4173 -0.1054
v -0.1501 0.4173 -0.1011
v -0.1257 0.4430 -0.1006
v -0.1271 0.4302 -0.1043
v -0.1281 0.4170 -0.1075
v -0.1291 0.4036 -0.1100
v -0.1404 0.4040 -0.1078
v -0.1159 0.4291 -0.1038
v -0.1168 0.4161 -0.1069
v -0.1176 0.4028 -0.1096
v -0.1184 0.3895 -0.1117
v -0.1300 0.3902 -0.1121
v -0.1059 0.4146 -0.1040
v -0.1066 0.4016 -0.1066
v -0.1072 0.3885 -0.1087
v -0.1078 0.3753 -0.1105
v -0.1190 0.3762 -0.1135
v -0.0963 0.3999 -0.1016
v -0.0969 0.3870 -0.1036
v -0.0974 0.3740 -0.1053
v -0.0978 0.3610 -0.1065
v -0.1082 0.3620 -0.1118
v -0.0880 0.3853 -0.0965
v -0.0885 0.3725 -0.0980
v -0.0888 0.3597 -0.0990
v -0.0891 0.3469 -0.0996
v -0.0980 0.3479 -0.1072
v -0.0810 0.3711 -0.0890
v -0.0813 0.3586 -0.0899
v -0.0815 0.3461 -0.0905
v -0.0817 0.3335 -0.0907
v -0.0894 0.3341 -0.0997
v -0.0745 0.3577 -0.0803
v -0.0746 0.3453 -0.0809
v -0.0749 0.3328 -0.0812
v -0.0753 0.3202 -0.0813
v -0.0822 0.3208 -0.0907
v -0.0697 0.3447 -0.0703
v -0.0701 0.3322 -0.0707
v -0.0707 0.3197 -0.0709
v -0.0716 0.3070 -0.0708
v -0.0761 0.3074 -0.0811
v -0.0677 0.3317 -0.0595
v -0.0683 0.3193 -0.0598
v -0.0692 0.3067 -0.0599
v -0.0705 0.2941 -0.0597
v -0.0729 0.2942 -0.0704
v -0.0681 0.3191 -0.0485
v -0.0690 0.3066 -0.0488
v -0.0703 0.2941 -0.0488
v -0.0720 0.2816 -0.0486
v -0.0723 0.2814 -0.0594
v -0.0713 0.3068 -0.0379
v -0.0724 0.2945 -0.0380
v -0.0740 0.2821 -0.0381
v -0.0758 0.2697 -0.0381
v -0.0740 0.2691 -0.0483
v -0.0770 0.2950 -0.0280
v -0.0783 0.2828 -0.0283
v -0.0799 0.2705 -0.0284
v -0.0818 0.2581 -0.0286
v -0.0780 0.2573 -0.0380
v -0.0850 0.2836 -0.0197
v -0.0862 0.2715 -0.0201
v -0.0878 0.2592 -0.0204
v -0.0896 0.2470 -0.0207
v -0.0840 0.2458 -0.0288
v -0.0942 0.2724 -0.0130
v -0.0955 0.2604 -0.0135
v -0.0969 0.2483 -0.0138
v -0.0984 0.2362 -0.0142
v -0.0916 0.2348 -0.0209
v -0.1042 0.2612 -0.0077
v -0.1052 0.2493 -0.0082
v -0.1064 0.2373 -0.0087
v -0.1076 0.2251 -0.0091
v -0.1000 0.2240 -0.0145
v -0.1146 0.2498 -0.0042
v -0.1153 0.2378 -0.0048
v -0.1161 0.2257 -0.0054
v -0.1169 0.2135 -0.0059
v -0.1088 0.2129 -0.0095
v -0.1248 0.2379 -0.0024
v -0.1252 0.2258 -0.0031
v -0.1256 0.2137 -0.0037
v -0.1258 0.2014 -0.0044
v -0.1176 0.2013 -0.0064
v -0.1346 0.2257 -0.0026
v -0.1346 0.2135 -0.0034
v -0.1344 0.2013 -0.0041
v -0.1341 0.1892 -0.0049
v -0.1259 0.1892 -0.0050
v -0.1435 0.2134 -0.0051
v -0.1430 0.2012 -0.0058
v -0.1424 0.1889 -0.0065
v -0.1415 0.1767 -0.0070
v -0.1337 0.1770 -0.0055
v -0.1511 0.2010 -0.0095
v -0.1502 0.1886 -0.0099
v -0.1491 0.1763 -0.0102
v -0.1480 0.1641 -0.0102
v -0.1407 0.1646 -0.0072
v -0.1571 0.1883 -0.0150
v -0.1559 0.1758 -0.0151
v -0.1546 0.1634 -0.0149
v -0.1532 0.1511 -0.0147
v -0.1468 0.1519 -0.0101
v -0.1613 0.1752 -0.0215
v -0.1599 0.1627 -0.0213
v -0.1585 0.1502 -0.0209
v -0.1571 0.1377 -0.0203
v -0.1518 0.1388 -0.0143
v -0.1636 0.1620 -0.0288
v -0.1623 0.1494 -0.0282
v -0.1610 0.1367 -0.0275
v -0.1598 0.1239 -0.0266
v -0.1558 0.1252 -0.0194
v -0.1645 0.1486 -0.0362
v -0.1632 0.1358 -0.0354
v -0.1620 0.1227 -0.0345
v -0.1609 0.1097 -0.0333
v -0.1587 0.1111 -0.0253
v -0.1637 0.1350 -0.0437
v -0.1624 0.1219 -0.0428
v -0.1615 0.1086 -0.0417
v -0.1609 0.0951 -0.0404
v -0.1601 0.0966 -0.0317
v -0.1617 0.1212 -0.0511
v -0.1609 0.1077 -0.0502
v -0.1606 0.0940 -0.0491
v -0.1608 0.0802 -0.0477
v -0.1611 0.0818 -0.0383
v -0.1591 0.1070 -0.0585
v -0.1588 0.0932 -0.0577
v -0.1588 0.0793 -0.0568
v -0.1592 0.0657 -0.0558
v -0.1616 0.0669 -0.0458
v -0.1551 0.0928 -0.0655
v -0.1549 0.0791 -0.0650
v -0.1549 0.0657 -0.0648
v -0.1553 0.0530 -0.0646
v -0.1597 0.0530 -0.0550
v -0.1499 0.0794 -0.0716
v -0.1500 0.0663 -0.0718
v -0.1506 0.0534 -0.0724
v -0.1519 0.0410 -0.0729
v -0.1563 0.0407 -0.0647
v -0.1451 0.0670 -0.0776
v -0.1459 0.0541 -0.0787
v -0.1472 0.0412 -0.0796
v -0.1490 0.0283 -0.0794
v -0.1536 0.0284 -0.0726
v -0.1409 0.0544 -0.0835
v -0.1421 0.0411 -0.0847
v -0.1438 0.0279 -0.0848
v -0.1499 0.0162 -0.0781
v -0.1363 0.0407 -0.0882
v -0.1377 0.0272 -0.0884
v -0.1298 0.0402 -0.0898
v -0.1308 0.0266 -0.0898
v -0.1235 0.0262 -0.0891
v -0.1243 0.0144 -0.0868
v -0.1265 0.0049 -0.0828
v -0.1171 0.0141 -0.0837
v -0.1197 0.0045 -0.0801
v -0.1246 -0.0017 -0.0752
v -0.1312 -0.0010 -0.0774
v -0.1134 0.0043 -0.0752
v -0.1182 -0.0021 -0.0714
v -0.1299 -0.0047 -0.0696
v -0.1124 -0.0021 -0.0654
v -0.1346 -0.0060 -0.0630
v -0.1415 -0.0049 -0.0654
v -0.1364 -0.0036 -0.0718
v -0.1481 -0.0016 -0.0680
v -0.1426 -0.0008 -0.0740
v -0.1531 0.0056 -0.0700
v -0.1480 0.0057 -0.0761
v -0.1547 0.0164 -0.0713
v -0.1578 0.0057 -0.0620
v -0.1590 0.0162 -0.0633
v -0.1579 0.0283 -0.0643
v -0.1623 0.0163 -0.0538
v -0.1613 0.0281 -0.0546
v -0.1603 0.0406 -0.0548
v -0.1641 0.0279 -0.0441
v -0.1632 0.0407 -0.0439
v -0.1626 0.0538 -0.0442
v -0.1662 0.0278 -0.0333
v -0.1682 0.0267 -0.0223
v -0.1649 0.0169 -0.0436
v -0.1670 0.0173 -0.0330
v -0.1688 0.0168 -0.0223
v -0.1707 0.0152 -0.0109
v -0.1705 0.0240 -0.0109
v -0.1653 0.0082 -0.0317
v -0.1666 0.0083 -0.0209
v -0.1679 0.0074 -0.0097
v -0.1691 0.0059 0.0022
v -0.1724 0.0126 0.0015
v -0.1612 0.0019 -0.0194
v -0.1623 0.0017 -0.0083
v -0.1636 0.0007 0.0035
v -0.1649 -0.0006 0.0161
v -0.1705 0.0038 0.0150
v -0.1552 -0.0020 -0.0067
v -0.1565 -0.0023 0.0050
v -0.1578 -0.0031 0.0175
v -0.1589 -0.0042 0.0306
v -0.1661 -0.0021 0.0295
v -0.1483 -0.0037 0.0065
v -0.1496 -0.0042 0.0189
v -0.1507 -0.0051 0.0317
v -0.1510 -0.0060 0.0448
v -0.1593 -0.0053 0.0442
v -0.1406 -0.0041 0.0199
v -0.1412 -0.0049 0.0322
v -0.1409 -0.0057 0.0446
v -0.1394 -0.0064 0.0569
v -0.1502 -0.0065 0.0578
v -0.1301 -0.0034 0.0318
v -0.1291 -0.0044 0.0436
v -0.1271 -0.0055 0.0551
v -0.1245 -0.0063 0.0663
v -0.1372 -0.0065 0.0686
v -0.1173 -0.0022 0.0419
v -0.1149 -0.0038 0.0530
v -0.1122 -0.0053 0.0641
v -0.1041 -0.0010 0.0508
v -0.1016 -0.0029 0.0623
v -0.0999 -0.0042 0.0745
v -0.0932 0.0012 0.0618
v -0.0920 -0.0004 0.0745
v -0.0921 -0.0006 0.0874
v -0.0860 0.0045 0.0751
v -0.0864 0.0039 0.0881
v -0.0821 0.0102 0.0759
v -0.0825 0.0091 0.0890
v -0.0813 0.0165 0.0771
v -0.0816 0.0151 0.0900
v -0.0828 0.0225 0.0786
v -0.0830 0.0209 0.0912
v -0.0839 0.0192 0.1035
v -0.0863 0.0262 0.0929
v -0.0873 0.0242 0.1050
v -0.0823 0.0187 0.0644
v -0.0831 0.0124 0.0629
v -0.0870 0.0065 0.0621
v -0.1486 -0.0061 0.0704
v -0.1572 -0.0053 0.0712
v -0.1585 -0.0058 0.0579
v -0.1644 -0.0036 0.0715
v -0.1658 -0.0040 0.0577
v -0.1665 -0.0035 0.0435
v -0.1718 -0.0011 0.0574
v -0.1723 -0.0003 0.0429
v -0.1717 0.0016 0.0286
v -0.1764 0.0043 0.0426
v -0.1754 0.0067 0.0282
v -0.1739 0.0097 0.0145
v -0.1771 0.0127 0.0283
v -0.1753 0.0164 0.0146
v -0.1731 0.0202 0.0015
v -0.1743 0.0232 0.0155
v -0.1714 0.0281 0.0028
v -0.1713 0.0299 0.0177
v -0.1682 0.0359 0.0061
v -0.1668 0.0364 0.0213
v -0.1639 0.0432 0.0106
v -0.1612 0.0427 0.0259
v -0.1588 0.0499 0.0160
v -0.1568 0.0585 0.0065
v -0.1526 0.0557 0.0215
v -0.1509 0.0637 0.0126
v -0.1495 0.0728 0.0047
v -0.1553 0.0684 -0.0018
v -0.1485 0.0824 -0.0016
v -0.1542 0.0786 -0.0083
v -0.1481 0.0927 -0.0063
v -0.1536 0.0896 -0.0128
v -0.1576 0.0862 -0.0207
v -0.1539 0.1010 -0.0159
v -0.1578 0.0986 -0.0235
v -0.1600 0.0837 -0.0293
v -0.1548 0.1130 -0.0180
v -0.1485 0.1036 -0.0095
v -0.1494 0.1149 -0.0118
v -0.1505 0.1267 -0.0134
v -0.1432 0.1166 -0.0073
v -0.1443 0.1281 -0.0089
v -0.1455 0.1399 -0.0098
v -0.1378 0.1291 -0.0061
v -0.1388 0.1407 -0.0070
v -0.1398 0.1526 -0.0073
v -0.1322 0.1412 -0.0057
v -0.1327 0.1530 -0.0059
v -0.1332 0.1650 -0.0058
v -0.1260 0.1530 -0.0060
v -0.1260 0.1650 -0.0058
v -0.1259 0.1771 -0.0055
v -0.1193 0.1647 -0.0074
v -0.1187 0.1768 -0.0071
v -0.1181 0.1890 -0.0068
v -0.1121 0.1762 -0.0102
v -0.1110 0.1884 -0.0100
v -0.1099 0.2007 -0.0098
v -0.1046 0.1874 -0.0151
v -0.1031 0.1996 -0.0149
v -0.1016 0.2118 -0.0147
v -0.0975 0.1984 -0.0216
v -0.0956 0.2105 -0.0214
v -0.0936 0.2226 -0.0212
v -0.0911 0.2092 -0.0292
v -0.0887 0.2213 -0.0291
v -0.0863 0.2335 -0.0289
v -0.0856 0.2203 -0.0378
v -0.0830 0.2325 -0.0379
v -0.0804 0.2449 -0.0379
v -0.0816 0.2319 -0.0473
v -0.0789 0.2443 -0.0476
v -0.0764 0.2567 -0.0480
v -0.0793 0.2439 -0.0575
v -0.0767 0.2563 -0.0582
v -0.0743 0.2688 -0.0588
v -0.0789 0.2563 -0.0681
v -0.0766 0.2689 -0.0690
v -0.0746 0.2815 -0.0698
v -0.0808 0.2692 -0.0786
v -0.0789 0.2819 -0.0797
v -0.0773 0.2946 -0.0805
v -0.0852 0.2825 -0.0885
v -0.0838 0.2952 -0.0895
v -0.0828 0.3080 -0.0902
v -0.0914 0.2957 -0.0977
v -0.0904 0.3085 -0.0988
v -0.0898 0.3213 -0.0994
v -0.0992 0.3088 -0.1062
v -0.0987 0.3218 -0.1070
v -0.0983 0.3348 -0.1074
v -0.1089 0.3222 -0.1124
v -0.1086 0.3354 -0.1128
v -0.1084 0.3487 -0.1127
v -0.1199 0.3359 -0.1158
v -0.1197 0.3493 -0.1157
v -0.1195 0.3627 -0.1148
v -0.1315 0.3499 -0.1160
v -0.1312 0.3633 -0.1152
v -0.1307 0.3768 -0.1139
v -0.1429 0.3638 -0.1131
v -0.1423 0.3772 -0.1118
v -0.1415 0.3906 -0.1100
v -0.1534 0.3774 -0.1073
v -0.1525 0.3908 -0.1055
v -0.1513 0.4040 -0.1035
v -0.1624 0.3905 -0.0990
v -0.1612 0.4038 -0.0970
v -0.1599 0.4170 -0.0947
v -0.1696 0.4034 -0.0888
v -0.1681 0.4166 -0.0866
v -0.1664 0.4297 -0.0840
v -0.1743 0.4160 -0.0769
v -0.1725 0.4291 -0.0744
v -0.1704 0.4420 -0.0716
v -0.1764 0.4281 -0.0638
v -0.1741 0.4409 -0.0610
v -0.1716 0.4534 -0.0580
v -0.1755 0.4395 -0.0499
v -0.1729 0.4520 -0.0470
v -0.1704 0.4642 -0.0440
v -0.1721 0.4504 -0.0361
v -0.1695 0.4627 -0.0331
v -0.1674 0.4748 -0.0300
v -0.1669 0.4611 -0.0226
v -0.1645 0.4733 -0.0195
v -0.1626 0.4854 -0.0165
v -0.1603 0.4714 -0.0095
v -0.1581 0.4835 -0.0064
v -0.1565 0.4955 -0.0034
v -0.1527 0.4812 0.0034
v -0.1509 0.4931 0.0066
v -0.1499 0.5049 0.0096
v -0.1445 0.4901 0.0162
v -0.1433 0.5022 0.0195
v -0.1429 0.5145 0.0223
v -0.1356 0.4999 0.0283
v -0.1349 0.5129 0.0312
v -0.1348 0.5260 0.0336
v -0.1253 0.5117 0.0376
v -0.1248 0.5254 0.0400
v -0.1247 0.5387 0.0422
v -0.1135 0.5245 0.0435
v -0.1129 0.5380 0.0456
v -0.1126 0.5512 0.0478
v -0.1006 0.5367 0.0455
v -0.0997 0.5500 0.0479
v -0.0992 0.5630 0.0503
v -0.0872 0.5484 0.0445
v -0.0860 0.5614 0.0471
v -0.0850 0.5743 0.0498
v -0.0741 0.5599 0.0407
v -0.0726 0.5729 0.0435
v -0.0713 0.5858 0.0462
v -0.0619 0.5719 0.0346
v -0.0601 0.5847 0.0372
v -0.0584 0.5976 0.0397
v -0.0505 0.5840 0.0264
v -0.0485 0.5967 0.0287
v -0.0467 0.6094 0.0308
v -0.0404 0.5962 0.0160
v -0.0384 0.6086 0.0178
v -0.0365 0.6211 0.0193
v -0.0322 0.6082 0.0034
v -0.0300 0.6203 0.0046
v -0.0280 0.6325 0.0055
v -0.0260 0.6200 -0.0113
v -0.0239 0.6319 -0.0107
v -0.0218 0.6437 -0.0103
v -0.0231 0.6316 -0.0275
v -0.0209 0.6432 -0.0276
v -0.0189 0.6547 -0.0279
v -0.0243 0.6431 -0.0447
v -0.0223 0.6544 -0.0454
v -0.0203 0.6656 -0.0464
v -0.0301 0.6546 -0.0614
v -0.0284 0.6657 -0.0626
v -0.0267 0.6767 -0.0641
v -0.0397 0.6664 -0.0764
v -0.0385 0.6774 -0.0779
v -0.0373 0.6883 -0.0795
v -0.0523 0.6785 -0.0889
v -0.0516 0.6895 -0.0904
v -0.0510 0.7004 -0.0920
v -0.0672 0.6911 -0.0981
v -0.0669 0.7021 -0.0994
v -0.0666 0.7130 -0.1009
v -0.0833 0.7040 -0.1042
v -0.0830 0.7150 -0.1056
v -0.0827 0.7259 -0.1075
v -0.0994 0.7172 -0.1076
v -0.0990 0.7283 -0.1096
v -0.0985 0.7392 -0.1123
v -0.1150 0.7311 -0.1086
v -0.1144 0.7423 -0.1111
v -0.1137 0.7533 -0.1145
v -0.1293 0.7458 -0.1066
v -0.1286 0.7570 -0.1102
v -0.1278 0.7682 -0.1144
v -0.1421 0.7612 -0.1029
v -0.1413 0.7726 -0.1071
v -0.1403 0.7839 -0.1118
v -0.1527 0.7774 -0.0971
v -0.1514 0.7888 -0.1016
v -0.1495 0.8004 -0.1065
v -0.1600 0.7942 -0.0892
v -0.1582 0.8054 -0.0941
v -0.1556 0.8170 -0.0990
v -0.1472 0.8123 -0.1114
v -0.1526 0.8291 -0.1036
v -0.1443 0.8248 -0.1158
v -0.1492 0.8419 -0.1072
v -0.1412 0.8380 -0.1195
v -0.1458 0.8552 -0.1092
v -0.1379 0.8516 -0.1218
v -0.1426 0.8684 -0.1093
v -0.1344 0.8653 -0.1222
v -0.1397 0.8812 -0.1081
v -0.1312 0.8787 -0.1212
v -0.1371 0.8938 -0.1057
v -0.1468 0.8830 -0.0938
v -0.1445 0.8951 -0.0914
v -0.1424 0.9072 -0.0885
v -0.1504 0.8959 -0.0763
v -0.1485 0.9077 -0.0736
v -0.1469 0.9195 -0.0705
v -0.1529 0.9079 -0.0582
v -0.1513 0.9196 -0.0553
v -0.1499 0.9313 -0.0523
v -0.1540 0.9192 -0.0399
v -0.1523 0.9308 -0.0370
v -0.1506 0.9424 -0.0341
v -0.1526 0.9293 -0.0218
v -0.1505 0.9409 -0.0191
v -0.1483 0.9525 -0.0164
v -0.1480 0.9388 -0.0046
v -0.1455 0.9505 -0.0023
v -0.1431 0.9622 -0.0001
v -0.1406 0.9484 0.0111
v -0.1383 0.9600 0.0133
v -0.1360 0.9717 0.0153
v -0.1316 0.9576 0.0259
v -0.1294 0.9691 0.0281
v -0.1271 0.9805 0.0301
v -0.1205 0.9661 0.0398
v -0.1181 0.9774 0.0416
v -0.1157 0.9889 0.0428
v -0.1066 0.9740 0.0507
v -0.1041 0.9856 0.0514
v -0.1016 0.9974 0.0515
v -0.0914 0.9824 0.0581
v -0.0891 0.9944 0.0581
v -0.0870 1.0065 0.0580
v -0.0763 0.9919 0.0637
v -0.0745 1.0042 0.0637
v -0.0729 1.0166 0.0640
v -0.0621 1.0023 0.0692
v -0.0608 1.0150 0.0695
v -0.0598 1.0279 0.0701
v -0.0488 1.0141 0.0744
v -0.0480 1.0272 0.0746
v -0.0473 1.0404 0.0753
v -0.0360 1.0270 0.0779
v -0.0354 1.0405 0.0781
v -0.0349 1.0539 0.0788
v -0.0235 1.0408 0.0792
v -0.0231 1.0544 0.0797
v -0.0229 1.0682 0.0806
v -0.0239 1.0272 0.0792
v -0.0244 1.0136 0.0794
v -0.0367 1.0136 0.0780
v -0.0376 1.0004 0.0781
v -0.0250 1.0002 0.0797
v -0.0499 1.0011 0.0743
v -0.0512 0.9882 0.0742
v -0.0386 0.9873 0.0781
v -0.0637 0.9898 0.0692
v -0.0654 0.9774 0.0690
v -0.0526 0.9755 0.0739
v -0.0783 0.9796 0.0637
v -0.0802 0.9675 0.0632
v -0.0670 0.9650 0.0683
v -0.0936 0.9706 0.0576
v -0.0960 0.9591 0.0565
v -0.0822 0.9557 0.0622
v -0.1091 0.9626 0.0493
v -0.1120 0.9516 0.0476
v -0.0986 0.9480 0.0551
v -0.1231 0.9549 0.0377
v -0.1257 0.9436 0.0356
v -0.1149 0.9406 0.0458
v -0.1341 0.9461 0.0238
v -0.1368 0.9345 0.0218
v -0.1286 0.9322 0.0336
v -0.1432 0.9367 0.0090
v -0.1460 0.9250 0.0069
v -0.1397 0.9229 0.0197
v -0.1505 0.9272 -0.0069
v -0.1531 0.9157 -0.0092
v -0.1492 0.9133 0.0049
v -0.1548 0.9179 -0.0243
v -0.1569 0.9065 -0.0272
v -0.1561 0.9042 -0.0118
v -0.1558 0.9077 -0.0427
v -0.1577 0.8959 -0.0453
v -0.1592 0.8950 -0.0301
v -0.1548 0.8961 -0.0607
v -0.1569 0.8844 -0.0627
v -0.1598 0.8841 -0.0472
v -0.1526 0.8841 -0.0786
v -0.1548 0.8722 -0.0804
v -0.1591 0.8730 -0.0641
v -0.1493 0.8707 -0.0954
v -0.1523 0.8580 -0.0956
v -0.1573 0.8605 -0.0809
v -0.1602 0.8489 -0.0790
v -0.1638 0.8510 -0.0630
v -0.1613 0.8619 -0.0645
v -0.1555 0.8454 -0.0937
v -0.1588 0.8333 -0.0899
v -0.1618 0.8217 -0.0853
v -0.1643 0.8107 -0.0803
v -0.1663 0.8001 -0.0754
v -0.1680 0.7886 -0.0710
v -0.1615 0.7827 -0.0847
v -0.1626 0.7708 -0.0808
v -0.1692 0.7759 -0.0672
v -0.1536 0.7658 -0.0930
v -0.1543 0.7538 -0.0895
v -0.1635 0.7583 -0.0775
v -0.1428 0.7496 -0.0994
v -0.1434 0.7378 -0.0966
v -0.1549 0.7417 -0.0866
v -0.1299 0.7343 -0.1040
v -0.1304 0.7227 -0.1019
v -0.1439 0.7260 -0.0944
v -0.1154 0.7198 -0.1066
v -0.1157 0.7084 -0.1051
v -0.1307 0.7111 -0.1003
v -0.0996 0.7060 -0.1061
v -0.0998 0.6948 -0.1049
v -0.1159 0.6970 -0.1037
v -0.0835 0.6929 -0.1029
v -0.0837 0.6817 -0.1018
v -0.1000 0.6836 -0.1038
v -0.0676 0.6800 -0.0969
v -0.0681 0.6690 -0.0957
v -0.0840 0.6706 -0.1007
v -0.0532 0.6675 -0.0875
v -0.0541 0.6565 -0.0862
v -0.0687 0.6578 -0.0944
v -0.0410 0.6554 -0.0750
v -0.0423 0.6443 -0.0738
v -0.0551 0.6453 -0.0849
v -0.0318 0.6435 -0.0603
v -0.0334 0.6323 -0.0595
v -0.0437 0.6331 -0.0728
v -0.0263 0.6318 -0.0441
v -0.0283 0.6203 -0.0438
v -0.0351 0.6210 -0.0588
v -0.0252 0.6200 -0.0276
v -0.0275 0.6083 -0.0279
v -0.0304 0.6089 -0.0437
v -0.0283 0.6081 -0.0120
v -0.0306 0.5961 -0.0128
v -0.0298 0.5966 -0.0283
v -0.0344 0.5960 0.0021
v -0.0367 0.5838 0.0007
v -0.0329 0.5841 -0.0138
v -0.0426 0.5837 0.0142
v -0.0448 0.5712 0.0122
v -0.0388 0.5714 -0.0008
v -0.0526 0.5713 0.0241
v -0.0548 0.5586 0.0216
v -0.0470 0.5586 0.0102
v -0.0638 0.5591 0.0319
v -0.0659 0.5462 0.0292
v -0.0571 0.5459 0.0191
v -0.0758 0.5469 0.0380
v -0.0777 0.5339 0.0353
v -0.0682 0.5334 0.0265
v -0.0886 0.5352 0.0419
v -0.0903 0.5219 0.0394
v -0.0798 0.5209 0.0326
v -0.1017 0.5232 0.0431
v -0.1032 0.5094 0.0404
v -0.0922 0.5084 0.0366
v -0.1145 0.5106 0.0410
v -0.1159 0.4966 0.0379
v -0.1049 0.4955 0.0373
v -0.1264 0.4981 0.0347
v -0.1279 0.4846 0.0309
v -0.1176 0.4828 0.0339
v -0.1369 0.4872 0.0247
v -0.1389 0.4748 0.0206
v -0.1299 0.4718 0.0262
v -0.1463 0.4782 0.0127
v -0.1487 0.4662 0.0088
v -0.1413 0.4627 0.0164
v -0.1550 0.4691 -0.0000
v -0.1576 0.4570 -0.0034
v -0.1511 0.4542 0.0050
v -0.1629 0.4592 -0.0126
v -0.1657 0.4469 -0.0155
v -0.1602 0.4447 -0.0065
v -0.1697 0.4488 -0.0255
v -0.1725 0.4364 -0.0281
v -0.1685 0.4345 -0.0180
v -0.1748 0.4380 -0.0389
v -0.1773 0.4255 -0.0413
v -0.1750 0.4239 -0.0304
v -0.1778 0.4269 -0.0525
v -0.1799 0.4141 -0.0547
v -0.1794 0.4128 -0.0434
v -0.1782 0.4151 -0.0661
v -0.1799 0.4021 -0.0681
v -0.1817 0.4011 -0.0566
v -0.1759 0.4028 -0.0789
v -0.1772 0.3895 -0.0807
v -0.1813 0.3889 -0.0697
v -0.1709 0.3901 -0.0906
v -0.1717 0.3767 -0.0921
v -0.1782 0.3762 -0.0822
v -0.1633 0.3772 -0.1006
v -0.1639 0.3639 -0.1019
v -0.1723 0.3634 -0.0933
v -0.1540 0.3641 -0.1086
v -0.1544 0.3507 -0.1094
v -0.1642 0.3505 -0.1027
v -0.1432 0.3504 -0.1139
v -0.1434 0.3370 -0.1141
v -0.1545 0.3374 -0.1098
v -0.1317 0.3365 -0.1161
v -0.1319 0.3233 -0.1158
v -0.1435 0.3238 -0.1138
v -0.1202 0.3227 -0.1153
v -0.1205 0.3096 -0.1144
v -0.1321 0.3102 -0.1149
v -0.1094 0.3091 -0.1114
v -0.1100 0.2963 -0.1101
v -0.1210 0.2967 -0.1131
v -0.1000 0.2960 -0.1049
v -0.1010 0.2833 -0.1035
v -0.1108 0.2836 -0.1085
v -0.0926 0.2830 -0.0965
v -0.0940 0.2703 -0.0951
v -0.1022 0.2707 -0.1019
v -0.0868 0.2698 -0.0873
v -0.0888 0.2573 -0.0860
v -0.0956 0.2578 -0.0936
v -0.0830 0.2567 -0.0775
v -0.0854 0.2443 -0.0763
v -0.0908 0.2449 -0.0846
v -0.0815 0.2439 -0.0672
v -0.0841 0.2317 -0.0662
v -0.0879 0.2321 -0.0752
v -0.0820 0.2316 -0.0568
v -0.0847 0.2194 -0.0562
v -0.0868 0.2196 -0.0653
v -0.0843 0.2197 -0.0469
v -0.0869 0.2075 -0.0466
v -0.0874 0.2073 -0.0557
v -0.0882 0.2081 -0.0377
v -0.0907 0.1960 -0.0376
v -0.0895 0.1953 -0.0464
v -0.0934 0.1971 -0.0293
v -0.0955 0.1850 -0.0293
v -0.0930 0.1839 -0.0375
v -0.0994 0.1862 -0.0217
v -0.1012 0.1741 -0.0216
v -0.0976 0.1729 -0.0292
v -0.1060 0.1753 -0.0151
v -0.1075 0.1632 -0.0151
v -0.1029 0.1621 -0.0214
v -0.1131 0.1641 -0.0103
v -0.1141 0.1522 -0.0104
v -0.1089 0.1514 -0.0149
v -0.1199 0.1527 -0.0075
v -0.1202 0.1411 -0.0074
v -0.1148 0.1406 -0.0103
v -0.1260 0.1413 -0.0059
v -0.1256 0.1300 -0.0050
v -0.1201 0.1299 -0.0066
v -0.1315 0.1298 -0.0049
v -0.1307 0.1187 -0.0032
v -0.1250 0.1191 -0.0033
v -0.1368 0.1179 -0.0044
v -0.1359 0.1072 -0.0020
v -0.1299 0.1082 -0.0007
v -0.1422 0.1056 -0.0049
v -0.1418 0.0952 -0.0015
v -0.1354 0.0971 0.0014
v -0.1353 0.0876 0.0062
v -0.1289 0.0891 0.0076
v -0.1293 0.0983 0.0029
v -0.1420 0.0854 0.0032
v -0.1428 0.0763 0.0095
v -0.1356 0.0789 0.0125
v -0.1440 0.0679 0.0173
v -0.1233 0.0989 0.0029
v -0.1242 0.1087 -0.0008
v -0.1186 0.1086 -0.0023
v -0.1196 0.1190 -0.0049
v -0.1146 0.1184 -0.0080
v -0.1150 0.1293 -0.0095
v -0.1105 0.1284 -0.0140
v -0.1100 0.1398 -0.0148
v -0.1067 0.1273 -0.0198
v -0.1060 0.1387 -0.0207
v -0.1045 0.1503 -0.0211
v -0.1029 0.1374 -0.0280
v -0.1013 0.1491 -0.0286
v -0.0995 0.1610 -0.0289
v -0.0993 0.1481 -0.0368
v -0.0974 0.1599 -0.0371
v -0.0953 0.1719 -0.0373
v -0.0965 0.1592 -0.0456
v -0.0943 0.1712 -0.0458
v -0.0919 0.1832 -0.0461
v -0.0946 0.1709 -0.0544
v -0.0923 0.1830 -0.0548
v -0.0899 0.1952 -0.0552
v -0.0940 0.1833 -0.0633
v -0.0918 0.1954 -0.0639
v -0.0894 0.2075 -0.0645
v -0.0949 0.1958 -0.0721
v -0.0928 0.2079 -0.0731
v -0.0904 0.2200 -0.0741
v -0.0973 0.2083 -0.0809
v -0.0952 0.2204 -0.0821
v -0.0930 0.2326 -0.0833
v -0.1009 0.2209 -0.0893
v -0.0991 0.2332 -0.0907
v -0.0973 0.2455 -0.0921
v -0.1062 0.2336 -0.0970
v -0.1048 0.2459 -0.0986
v -0.1035 0.2583 -0.1002
v -0.1135 0.2462 -0.1033
v -0.1126 0.2586 -0.1051
v -0.1117 0.2711 -0.1068
v -0.1226 0.2589 -0.1079
v -0.1220 0.2714 -0.1097
v -0.1215 0.2840 -0.1115
v -0.1327 0.2717 -0.1103
v -0.1326 0.2844 -0.1121
v -0.1323 0.2973 -0.1136
v -0.1434 0.2847 -0.1105
v -0.1435 0.2977 -0.1119
v -0.1435 0.3107 -0.1131
v -0.1540 0.2979 -0.1079
v -0.1543 0.3109 -0.1090
v -0.1545 0.3241 -0.1096
v -0.1636 0.3109 -0.1024
v -0.1641 0.3240 -0.1029
v -0.1643 0.3372 -0.1031
v -0.1720 0.3238 -0.0943
v -0.1724 0.3369 -0.0944
v -0.1725 0.3501 -0.0941
v -0.1787 0.3366 -0.0844
v -0.1789 0.3497 -0.0841
v -0.1788 0.3629 -0.0833
v -0.1833 0.3494 -0.0730
v -0.1831 0.3625 -0.0723
v -0.1824 0.3757 -0.0712
v -0.1850 0.3620 -0.0606
v -0.1843 0.3751 -0.0596
v -0.1831 0.3881 -0.0582
v -0.1839 0.3743 -0.0479
v -0.1827 0.3871 -0.0466
v -0.1812 0.4000 -0.0451
v -0.1805 0.3860 -0.0353
v -0.1789 0.3987 -0.0339
v -0.1771 0.4113 -0.0323
v -0.1750 0.3972 -0.0233
v -0.1732 0.4097 -0.0219
v -0.1711 0.4221 -0.0201
v -0.1675 0.4080 -0.0123
v -0.1654 0.4203 -0.0108
v -0.1629 0.4325 -0.0089
v -0.1581 0.4182 -0.0028
v -0.1559 0.4302 -0.0010
v -0.1535 0.4422 0.0016
v -0.1476 0.4275 0.0057
v -0.1456 0.4391 0.0086
v -0.1435 0.4508 0.0123
v -0.1363 0.4362 0.0137
v -0.1343 0.4477 0.0174
v -0.1321 0.4596 0.0216
v -0.1239 0.4457 0.0199
v -0.1218 0.4574 0.0244
v -0.1197 0.4697 0.0293
v -0.1110 0.4564 0.0242
v -0.1089 0.4688 0.0289
v -0.1068 0.4818 0.0334
v -0.0985 0.4692 0.0250
v -0.0962 0.4818 0.0294
v -0.0942 0.4951 0.0333
v -0.0863 0.4824 0.0233
v -0.0841 0.4951 0.0268
v -0.0820 0.5080 0.0298
v -0.0752 0.4955 0.0182
v -0.0729 0.5080 0.0210
v -0.0705 0.5207 0.0238
v -0.0646 0.5083 0.0113
v -0.0621 0.5208 0.0139
v -0.0595 0.5333 0.0165
v -0.0544 0.5210 0.0033
v -0.0518 0.5335 0.0057
v -0.0493 0.5460 0.0080
v -0.0455 0.5340 -0.0060
v -0.0432 0.5465 -0.0042
v -0.0410 0.5590 -0.0024
v -0.0393 0.5474 -0.0172
v -0.0373 0.5597 -0.0160
v -0.0351 0.5720 -0.0148
v -0.0363 0.5607 -0.0300
v -0.0342 0.5728 -0.0293
v -0.0321 0.5848 -0.0287
v -0.0364 0.5739 -0.0437
v -0.0346 0.5857 -0.0436
v -0.0325 0.5973 -0.0436
v -0.0405 0.5867 -0.0574
v -0.0388 0.5983 -0.0578
v -0.0370 0.6097 -0.0583
v -0.0481 0.5993 -0.0701
v -0.0466 0.6107 -0.0710
v -0.0451 0.6220 -0.0718
v -0.0584 0.6117 -0.0812
v -0.0572 0.6230 -0.0825
v -0.0561 0.6342 -0.0837
v -0.0708 0.6241 -0.0905
v -0.0701 0.6354 -0.0919
v -0.0694 0.6466 -0.0932
v -0.0851 0.6367 -0.0973
v -0.0847 0.6480 -0.0985
v -0.0843 0.6593 -0.0996
v -0.1004 0.6495 -0.1006
v -0.1003 0.6609 -0.1017
v -0.1001 0.6723 -0.1027
v -0.1160 0.6626 -0.1005
v -0.1160 0.6741 -0.1015
v -0.1159 0.6856 -0.1026
v -0.1309 0.6762 -0.0968
v -0.1310 0.6878 -0.0978
v -0.1309 0.6995 -0.0990
v -0.1444 0.6902 -0.0901
v -0.1444 0.7021 -0.0913
v -0.1442 0.7140 -0.0927
v -0.1560 0.7048 -0.0812
v -0.1558 0.7171 -0.0826
v -0.1554 0.7294 -0.0843
v -0.1650 0.7199 -0.0707
v -0.1646 0.7328 -0.0724
v -0.1641 0.7456 -0.0746
v -0.1716 0.7356 -0.0593
v -0.1709 0.7490 -0.0614
v -0.1701 0.7625 -0.0641
v -0.1756 0.7519 -0.0475
v -0.1748 0.7660 -0.0502
v -0.1736 0.7804 -0.0531
v -0.1771 0.7684 -0.0356
v -0.1760 0.7835 -0.0386
v -0.1772 0.7699 -0.0204
v -0.1762 0.7848 -0.0230
v -0.1749 0.7706 -0.0050
v -0.1741 0.7850 -0.0069
v -0.1731 0.7995 -0.0083
v -0.1696 0.7847 0.0086
v -0.1687 0.7987 0.0075
v -0.1675 0.8124 0.0069
v -0.1718 0.8137 -0.0088
v -0.1658 0.8258 0.0070
v -0.1699 0.8276 -0.0081
v -0.1635 0.8391 0.0076
v -0.1675 0.8413 -0.0070
v -0.1687 0.8439 -0.0210
v -0.1649 0.8543 -0.0061
v -0.1664 0.8568 -0.0202
v -0.1660 0.8590 -0.0338
v -0.1683 0.8466 -0.0340
v -0.1642 0.8611 -0.0483
v -0.1666 0.8495 -0.0474
v -0.1637 0.8711 -0.0335
v -0.1620 0.8725 -0.0482
v -0.1615 0.8832 -0.0323
v -0.1640 0.8693 -0.0194
v -0.1616 0.8812 -0.0176
v -0.1589 0.8927 -0.0148
v -0.1595 0.8782 -0.0029
v -0.1561 0.8898 -0.0001
v -0.1525 0.9015 0.0026
v -0.1507 0.8873 0.0136
v -0.1468 0.8992 0.0158
v -0.1430 0.9111 0.0177
v -0.1390 0.8973 0.0280
v -0.1351 0.9091 0.0298
v -0.1317 0.9207 0.0317
v -0.1251 0.9070 0.0406
v -0.1215 0.9184 0.0423
v -0.1181 0.9296 0.0440
v -0.1087 0.9158 0.0506
v -0.1050 0.9265 0.0521
v -0.1017 0.9372 0.0536
v -0.0901 0.9228 0.0578
v -0.0870 0.9333 0.0594
v -0.0844 0.9442 0.0609
v -0.0719 0.9293 0.0641
v -0.0702 0.9409 0.0658
v -0.0685 0.9528 0.0672
v -0.0565 0.9383 0.0701
v -0.0552 0.9505 0.0717
v -0.0539 0.9629 0.0730
v -0.0417 0.9490 0.0752
v -0.0407 0.9615 0.0767
v -0.0397 0.9743 0.0777
v -0.0273 0.9609 0.0785
v -0.0265 0.9738 0.0795
v -0.0257 0.9869 0.0798
v -0.0280 0.9483 0.0771
v -0.0288 0.9359 0.0754
v -0.0428 0.9366 0.0735
v -0.0438 0.9246 0.0715
v -0.0296 0.9237 0.0736
v -0.0578 0.9264 0.0682
v -0.0591 0.9147 0.0663
v -0.0450 0.9127 0.0696
v -0.0742 0.9184 0.0623
v -0.0774 0.9083 0.0606
v -0.0609 0.9035 0.0645
v -0.0937 0.9125 0.0563
v -0.0977 0.9020 0.0550
v -0.0814 0.8984 0.0591
v -0.1124 0.9048 0.0491
v -0.1164 0.8934 0.0478
v -0.1018 0.8911 0.0538
v -0.1289 0.8954 0.0389
v -0.1328 0.8836 0.0374
v -0.1203 0.8818 0.0464
v -0.1430 0.8854 0.0261
v -0.1469 0.8735 0.0245
v -0.1367 0.8718 0.0360
v -0.1545 0.8755 0.0113
v -0.1579 0.8638 0.0096
v -0.1505 0.8617 0.0231
v -0.1622 0.8664 -0.0049
v -0.1609 0.8518 0.0084
v -0.1563 0.8373 0.0214
v -0.1536 0.8497 0.0221
v -0.1463 0.8356 0.0336
v -0.1434 0.8479 0.0341
v -0.1402 0.8599 0.0349
v -0.1311 0.8460 0.0438
v -0.1279 0.8581 0.0444
v -0.1242 0.8700 0.0453
v -0.1140 0.8560 0.0514
v -0.1101 0.8680 0.0520
v -0.1060 0.8797 0.0528
v -0.0951 0.8655 0.0563
v -0.0905 0.8771 0.0569
v -0.0859 0.8881 0.0579
v -0.0740 0.8737 0.0598
v -0.0686 0.8840 0.0612
v -0.0640 0.8934 0.0628
v -0.0507 0.8793 0.0642
v -0.0481 0.8896 0.0659
v -0.0464 0.9010 0.0676
v -0.0337 0.8887 0.0684
v -0.0319 0.9001 0.0701
v -0.0306 0.9118 0.0719
v -0.0360 0.8778 0.0665
v -0.0793 0.8623 0.0588
v -0.0840 0.8503 0.0585
v -0.0993 0.8534 0.0559
v -0.1030 0.8413 0.0559
v -0.0880 0.8380 0.0585
v -0.1175 0.8439 0.0511
v -0.1206 0.8316 0.0511
v -0.1061 0.8290 0.0561
v -0.1341 0.8337 0.0436
v -0.1366 0.8212 0.0438
v -0.1232 0.8191 0.0515
v -0.1487 0.8230 0.0337
v -0.1506 0.8101 0.0340
v -0.1388 0.8085 0.0444
v -0.1586 0.8244 0.0212
v -0.1603 0.8112 0.0214
v -0.1616 0.7978 0.0221
v -0.1521 0.7968 0.0348
v -0.1626 0.7841 0.0231
v -0.1703 0.7706 0.0102
v -0.1754 0.7561 -0.0028
v -0.1778 0.7554 -0.0179
v -0.1782 0.7411 -0.0158
v -0.1778 0.7540 -0.0329
v -0.1784 0.7398 -0.0307
v -0.1785 0.7259 -0.0289
v -0.1762 0.7380 -0.0453
v -0.1765 0.7243 -0.0435
v -0.1765 0.7108 -0.0421
v -0.1719 0.7224 -0.0575
v -0.1720 0.7092 -0.0561
v -0.1718 0.6962 -0.0550
v -0.1651 0.7072 -0.0693
v -0.1651 0.6945 -0.0682
v -0.1649 0.6819 -0.0673
v -0.1560 0.6925 -0.0801
v -0.1558 0.6802 -0.0792
v -0.1555 0.6679 -0.0784
v -0.1443 0.6782 -0.0891
v -0.1441 0.6663 -0.0883
v -0.1438 0.6543 -0.0875
v -0.1308 0.6645 -0.0958
v -0.1306 0.6527 -0.0950
v -0.1303 0.6409 -0.0941
v -0.1160 0.6511 -0.0996
v -0.1159 0.6395 -0.0986
v -0.1156 0.6278 -0.0973
v -0.1005 0.6381 -0.0995
v -0.1006 0.6266 -0.0981
v -0.1005 0.6150 -0.0966
v -0.0854 0.6253 -0.0959
v -0.0858 0.6139 -0.0943
v -0.0861 0.6024 -0.0926
v -0.0716 0.6128 -0.0890
v -0.0724 0.6013 -0.0875
v -0.0731 0.5898 -0.0860
v -0.0595 0.6003 -0.0799
v -0.0606 0.5887 -0.0788
v -0.0616 0.5770 -0.0777
v -0.0495 0.5877 -0.0693
v -0.0508 0.5760 -0.0686
v -0.0521 0.5642 -0.0682
v -0.0421 0.5750 -0.0571
v -0.0437 0.5632 -0.0570
v -0.0453 0.5512 -0.0571
v -0.0383 0.5619 -0.0440
v -0.0401 0.5499 -0.0445
v -0.0420 0.5377 -0.0451
v -0.0383 0.5485 -0.0309
v -0.0403 0.5362 -0.0319
v -0.0424 0.5238 -0.0330
v -0.0415 0.5349 -0.0187
v -0.0439 0.5224 -0.0202
v -0.0464 0.5099 -0.0220
v -0.0480 0.5215 -0.0080
v -0.0506 0.5090 -0.0101
v -0.0533 0.4966 -0.0123
v -0.0571 0.5086 0.0009
v -0.0597 0.4962 -0.0015
v -0.0621 0.4839 -0.0038
v -0.0671 0.4959 0.0087
v -0.0694 0.4835 0.0060
v -0.0717 0.4712 0.0031
v -0.0774 0.4830 0.0152
v -0.0797 0.4706 0.0118
v -0.0820 0.4584 0.0082
v -0.0886 0.4699 0.0192
v -0.0909 0.4578 0.0151
v -0.0931 0.4459 0.0111
v -0.1006 0.4569 0.0205
v -0.1027 0.4451 0.0163
v -0.1044 0.4334 0.0128
v -0.1130 0.4447 0.0199
v -0.1148 0.4333 0.0160
v -0.1164 0.4220 0.0130
v -0.1257 0.4342 0.0160
v -0.1273 0.4229 0.0132
v -0.1288 0.4116 0.0112
v -0.1380 0.4248 0.0108
v -0.1396 0.4134 0.0087
v -0.1410 0.4020 0.0072
v -0.1494 0.4159 0.0037
v -0.1512 0.4042 0.0023
v -0.1527 0.3924 0.0013
v -0.1601 0.4062 -0.0041
v -0.1619 0.3942 -0.0052
v -0.1633 0.3822 -0.0061
v -0.1694 0.3958 -0.0136
v -0.1709 0.3835 -0.0146
v -0.1720 0.3712 -0.0155
v -0.1766 0.3848 -0.0245
v -0.1778 0.3723 -0.0255
v -0.1786 0.3598 -0.0264
v -0.1817 0.3733 -0.0364
v -0.1825 0.3606 -0.0374
v -0.1829 0.3480 -0.0381
v -0.1847 0.3614 -0.0489
v -0.1850 0.3486 -0.0496
v -0.1850 0.3358 -0.0502
v -0.1852 0.3491 -0.0614
v -0.1851 0.3362 -0.0619
v -0.1847 0.3234 -0.0622
v -0.1832 0.3363 -0.0735
v -0.1826 0.3234 -0.0736
v -0.1818 0.3106 -0.0734
v -0.1783 0.3236 -0.0844
v -0.1775 0.3107 -0.0841
v -0.1766 0.2978 -0.0835
v -0.1714 0.3108 -0.0938
v -0.1706 0.2979 -0.0930
v -0.1697 0.2850 -0.0920
v -0.1631 0.2979 -0.1014
v -0.1624 0.2850 -0.1002
v -0.1617 0.2721 -0.0988
v -0.1536 0.2849 -0.1066
v -0.1531 0.2719 -0.1050
v -0.1526 0.2591 -0.1033
v -0.1433 0.2719 -0.1088
v -0.1430 0.2590 -0.1069
v -0.1427 0.2463 -0.1050
v -0.1329 0.2590 -0.1085
v -0.1329 0.2464 -0.1065
v -0.1329 0.2338 -0.1045
v -0.1230 0.2464 -0.1060
v -0.1234 0.2339 -0.1040
v -0.1237 0.2213 -0.1020
v -0.1144 0.2338 -0.1015
v -0.1153 0.2214 -0.0996
v -0.1161 0.2089 -0.0978
v -0.1076 0.2213 -0.0954
v -0.1089 0.2089 -0.0938
v -0.1100 0.1964 -0.0922
v -0.1026 0.2087 -0.0880
v -0.1042 0.1964 -0.0867
v -0.1055 0.1840 -0.0854
v -0.0992 0.1962 -0.0798
v -0.1008 0.1839 -0.0788
v -0.1024 0.1715 -0.0779
v -0.0969 0.1836 -0.0713
v -0.0988 0.1714 -0.0707
v -0.1006 0.1589 -0.0701
v -0.0962 0.1711 -0.0628
v -0.0982 0.1588 -0.0624
v -0.1000 0.1463 -0.0619
v -0.0967 0.1588 -0.0542
v -0.0987 0.1467 -0.0537
v -0.1002 0.1343 -0.0529
v -0.0984 0.1473 -0.0452
v -0.1000 0.1352 -0.0445
v -0.1007 0.1229 -0.0434
v -0.1009 0.1362 -0.0361
v -0.1017 0.1242 -0.0350
v -0.1037 0.1258 -0.0270
v -0.1698 0.0311 0.0325
v -0.1741 0.0252 0.0301
v -0.1762 0.0216 0.0433
v -0.1767 0.0190 0.0289
v -0.1784 0.0157 0.0427
v -0.1791 0.0136 0.0569
v -0.1784 0.0098 0.0425
v -0.1787 0.0080 0.0570
v -0.1780 0.0071 0.0716
v -0.1762 0.0030 0.0571
v -0.1751 0.0025 0.0717
v -0.1729 0.0023 0.0865
v -0.1705 -0.0010 0.0716
v -0.1681 -0.0008 0.0859
v -0.1631 -0.0012 0.0999
v -0.1620 -0.0028 0.0849
v -0.1302 -0.0026 0.0200
v -0.1393 -0.0037 0.0078
v -0.1294 -0.0022 0.0083
v -0.1376 -0.0036 -0.0038
v -0.1280 -0.0021 -0.0031
v -0.1358 -0.0040 -0.0148
v -0.1263 -0.0026 -0.0140
v -0.1340 -0.0048 -0.0252
v -0.1244 -0.0037 -0.0245
v -0.1324 -0.0058 -0.0350
v -0.1228 -0.0049 -0.0345
v -0.1312 -0.0065 -0.0443
v -0.1218 -0.0058 -0.0441
v -0.1135 -0.0041 -0.0451
v -0.1423 -0.0055 -0.0364
v -0.1405 -0.0062 -0.0459
v -0.1381 -0.0065 -0.0549
v -0.1490 -0.0045 -0.0481
v -0.1459 -0.0052 -0.0573
v -0.1564 -0.0007 -0.0504
v -0.1529 -0.0017 -0.0599
v -0.1612 0.0065 -0.0525
v -0.1637 0.0075 -0.0422
v -0.1586 0.0006 -0.0402
v -0.1600 0.0015 -0.0299
v -0.1512 -0.0036 -0.0383
v -0.1526 -0.0027 -0.0282
v -0.1539 -0.0021 -0.0178
v -0.1437 -0.0047 -0.0266
v -0.1452 -0.0040 -0.0162
v -0.1468 -0.0036 -0.0052
v -0.1353 0.0543 -0.0869
v -0.1400 0.0674 -0.0821
v -0.1448 0.0799 -0.0768
v -0.1502 0.0928 -0.0717
v -0.1558 0.1064 -0.0662
v -0.1599 0.1205 -0.0593
v -0.1629 0.1343 -0.0520
v -0.1651 0.1479 -0.0445
v -0.1659 0.1613 -0.0369
v -0.1650 0.1746 -0.0292
v -0.1627 0.1878 -0.0216
v -0.1582 0.2007 -0.0148
v -0.1518 0.2133 -0.0090
v -0.1439 0.2256 -0.0044
v -0.1346 0.2378 -0.0018
v -0.1245 0.2499 -0.0017
v -0.1139 0.2616 -0.0036
v -0.1033 0.2730 -0.0071
v -0.0932 0.2842 -0.0125
v -0.0839 0.2955 -0.0194
v -0.0761 0.3071 -0.0277
v -0.0706 0.3190 -0.0376
v -0.0676 0.3314 -0.0481
v -0.0673 0.3441 -0.0590
v -0.0695 0.3569 -0.0696
v -0.0743 0.3699 -0.0794
v -0.0806 0.3836 -0.0877
v -0.0874 0.3980 -0.0947
v -0.0957 0.4128 -0.0991
v -0.1050 0.4273 -0.1009
v -0.1145 0.4417 -0.1001
v -0.1239 0.4553 -0.0966
v -0.1329 0.4679 -0.0911
v -0.1412 0.4801 -0.0841
v -0.1486 0.4920 -0.0756
v -0.1548 0.5032 -0.0655
v -0.1602 0.5140 -0.0544
v -0.1644 0.5250 -0.0427
v -0.1660 0.5360 -0.0300
v -0.1652 0.5466 -0.0167
v -0.1632 0.5571 -0.0031
v -0.1603 0.5679 0.0107
v -0.1558 0.5795 0.0239
v -0.1489 0.5917 0.0362
v -0.1395 0.6042 0.0471
v -0.1274 0.6166 0.0558
v -0.1133 0.6287 0.0616
v -0.0981 0.6406 0.0640
v -0.0828 0.6525 0.0627
v -0.0679 0.6642 0.0577
v -0.0537 0.6752 0.0495
v -0.0404 0.6855 0.0381
v -0.0284 0.6952 0.0241
v -0.0180 0.7045 0.0072
v -0.0107 0.7136 -0.0126
v -0.0078 0.7225 -0.0343
v -0.0106 0.7316 -0.0560
v -0.0193 0.7411 -0.0761
v -0.0323 0.7515 -0.0930
v -0.0897 0.9105 -0.1425
v -0.1003 0.9269 -0.1294
v -0.0879 0.9244 -0.1374
v -0.0985 0.9395 -0.1239
v -0.1102 0.9411 -0.1144
v -0.1086 0.9530 -0.1092
v -0.1194 0.9538 -0.0989
v -0.1180 0.9654 -0.0944
v -0.1278 0.9662 -0.0834
v -0.1263 0.9778 -0.0797
v -0.1342 0.9783 -0.0677
v -0.1323 0.9900 -0.0648
v -0.1378 0.9901 -0.0518
v -0.1355 1.0017 -0.0493
v -0.1384 1.0013 -0.0359
v -0.1356 1.0128 -0.0338
v -0.1364 1.0118 -0.0204
v -0.1335 1.0234 -0.0188
v -0.1329 1.0220 -0.0056
v -0.1304 1.0338 -0.0045
v -0.1283 1.0319 0.0084
v -0.1266 1.0440 0.0093
v -0.1225 1.0416 0.0217
v -0.1217 1.0539 0.0227
v -0.1151 1.0510 0.0346
v 0.1391 1.3540 0.0146
v 0.1184 1.3592 0.0060
v 0.1169 1.3487 0.0146
v 0.1308 1.3393 0.0229
v 0.1491 1.3613 0.0113
v 0.1460 1.3757 -0.0013
v 0.1322 1.3726 -0.0031
v 0.1205 1.3714 -0.0066
v 0.1728 0.8148 -0.0410
v 0.1703 0.8074 -0.0614
v 0.1684 0.8163 -0.0658
v 0.1698 0.8246 -0.0536
v 0.1690 0.8367 -0.0463
v 0.1705 0.8331 -0.0360
v 0.1712 0.8299 -0.0228
v 0.1734 0.8152 -0.0259
v 0.1750 0.8001 -0.0251
v 0.1743 0.7992 -0.0422
v 0.1720 0.7949 -0.0568
v 0.0401 1.3769 -0.1140
v 0.0580 1.3689 -0.1193
v 0.0497 1.3558 -0.1235
v 0.0340 1.3597 -0.1192
v 0.0555 1.3897 -0.1087
v 0.0683 1.3805 -0.1137
v 0.0185 1.3733 -0.1115
v 0.0172 1.3870 -0.1068
v 0.0329 1.3919 -0.1068
v 0.0177 1.3592 -0.1157
v 0.0467 1.4003 -0.1030
v 0.1534 1.3292 -0.1197
v 0.1615 1.3103 -0.1183
v 0.1522 1.3004 -0.1212
v 0.1390 1.3133 -0.1263
v 0.1327 1.3335 -0.1256
v 0.1371 1.3491 -0.1186
v 0.1505 1.3494 -0.1143
v 0.1276 1.3215 -0.1297
v 0.1028 -0.0003 0.1381
v 0.0994 0.0022 0.1409
v 0.0935 0.0023 0.1356
v 0.0982 -0.0007 0.1335
v 0.1068 -0.0027 0.1333
v 0.1081 -0.0011 0.1383
v 0.1088 0.0014 0.1429
v 0.1383 0.0092 -0.0843
v 0.1384 0.0152 -0.0865
v 0.1444 0.0158 -0.0832
v 0.1428 0.0057 -0.0801
v 0.1374 0.0006 -0.0783
v 0.1332 0.0054 -0.0834
v 0.1315 0.0147 -0.0877
v 0.1638 0.0535 -0.0184
v 0.1599 0.0631 -0.0101
v 0.1617 0.0521 -0.0001
v 0.1655 0.0442 -0.0058
v 0.1685 0.0340 -0.0091
v 0.1664 0.0394 -0.0212
v 0.1651 0.0407 -0.0326
v 0.1636 0.0552 -0.0331
v 0.1621 0.0685 -0.0356
v 0.1611 0.0707 -0.0257
v 0.1585 0.0743 -0.0166
v 0.0945 0.0463 -0.0099
v 0.0945 0.0318 -0.0116
v 0.0935 0.0295 0.0025
v 0.0933 0.0395 0.0034
v 0.0961 0.0609 -0.0193
v 0.0958 0.0567 -0.0286
v 0.0953 0.0445 -0.0264
v 0.0954 0.0313 -0.0239
v 0.0964 0.0567 -0.0027
v 0.0980 0.0669 -0.0100
v 0.0947 0.0483 0.0085
v 0.0963 0.0182 0.1387
v 0.0950 0.0144 0.1409
v 0.1016 0.0140 0.1450
v 0.1023 0.0188 0.1414
v 0.1004 0.0215 0.1341
v 0.0942 0.0193 0.1338
v 0.0903 0.0150 0.1335
v 0.1262 -0.0049 0.1076
v 0.1182 -0.0050 0.1092
v 0.1178 -0.0053 0.0985
v 0.1283 -0.0050 0.1004
v 0.1314 -0.0047 0.1133
v 0.1219 -0.0047 0.1183
v 0.1381 -0.0045 0.1043
v 0.1415 0.0268 0.1029
v 0.1340 0.0275 0.1070
v 0.1385 0.0242 0.1153
v 0.1487 0.0249 0.1057
v 0.1430 0.0288 0.0945
v 0.1309 0.0305 0.0986
v 0.1537 0.0267 0.0949
v 0.1225 -0.0061 -0.0584
v 0.1178 -0.0050 -0.0623
v 0.1235 -0.0050 -0.0670
v 0.1277 -0.0063 -0.0610
v 0.1302 -0.0067 -0.0531
v 0.1220 -0.0062 -0.0529
v 0.1146 -0.0048 -0.0545
v 0.1170 1.1327 0.0453
v 0.1046 1.1235 0.0585
v 0.1053 1.1103 0.0560
v 0.1163 1.1152 0.0440
v 0.1122 1.1432 0.0521
v 0.1021 1.1352 0.0616
v 0.1262 1.1329 0.0295
v 0.1291 1.1455 0.0250
v 0.1232 1.1494 0.0374
v 0.1242 1.1200 0.0316
v 0.1175 1.1559 0.0473
v 0.0929 1.1651 0.0729
v 0.0866 1.1658 0.0765
v 0.0865 1.1547 0.0740
v 0.0961 1.1568 0.0685
v 0.0975 1.1716 0.0729
v 0.0888 1.1763 0.0798
v 0.1024 1.1640 0.0658
v 0.0391 0.8474 0.0591
v 0.0620 0.8589 0.0602
v 0.0555 0.8702 0.0623
v 0.0389 0.8687 0.0646
v 0.0189 0.8665 0.0664
v 0.0187 0.8539 0.0634
v 0.0151 0.8356 0.0573
v 0.0279 0.8330 0.0545
v 0.0364 0.8260 0.0514
v 0.0515 0.8392 0.0572
v 0.0682 0.8458 0.0589
v 0.1673 0.8298 -0.0629
v 0.1661 0.8260 -0.0704
v 0.1632 0.8375 -0.0753
v 0.1666 0.8389 -0.0594
v 0.0151 0.7999 -0.1215
v 0.0054 0.7887 -0.0917
v 0.0029 0.7920 -0.0924
v 0.0040 0.8011 -0.1100
v 0.0064 0.8165 -0.1293
v 0.0175 0.8163 -0.1375
v 0.0171 0.7900 -0.1111
v 0.0079 0.7848 -0.0907
v 0.0374 1.3640 0.0139
v 0.0324 1.3504 0.0243
v 0.0485 1.3474 0.0235
v 0.0534 1.3572 0.0150
v 0.0166 1.3624 0.0168
v 0.0163 1.3504 0.0249
v 0.0307 1.3757 0.0076
v 0.0159 1.3728 0.0112
v 0.0502 1.3720 0.0019
v 0.0435 1.3817 -0.0003
v 0.0612 1.3641 0.0046
v 0.0691 1.3700 -0.0068
v 0.0601 1.3777 -0.0091
v 0.0748 1.3580 0.0067
v 0.0807 1.3654 -0.0041
v 0.0695 1.3503 0.0158
v 0.0651 1.3419 0.0235
v 0.0859 1.3456 0.0167
v 0.0892 1.3541 0.0086
v 0.0821 1.3369 0.0242
v 0.0626 1.3320 0.0309
v 0.0786 1.3276 0.0316
v 0.0966 1.3319 0.0264
v 0.1009 1.3421 0.0184
v 0.0935 1.3216 0.0341
v 0.0768 1.3172 0.0391
v 0.0912 1.3108 0.0421
v 0.1078 1.3133 0.0393
v 0.1102 1.3247 0.0312
v 0.1052 1.3016 0.0474
v 0.0882 1.2993 0.0504
v 0.1025 1.2903 0.0552
v 0.1200 1.2920 0.0523
v 0.1228 1.3032 0.0453
v 0.1173 1.2810 0.0592
v 0.0998 1.2791 0.0628
v 0.1146 1.2699 0.0659
v 0.1315 1.2710 0.0599
v 0.1346 1.2821 0.0542
v 0.1285 1.2596 0.0652
v 0.1117 1.2587 0.0718
v 0.1256 1.2481 0.0696
v 0.1394 1.2487 0.0588
v 0.1428 1.2599 0.0547
v 0.1360 1.2372 0.0616
v 0.1224 1.2365 0.0726
v 0.1321 1.2258 0.0636
v 0.1422 1.2274 0.0495
v 0.1460 1.2381 0.0474
v 0.1382 1.2166 0.0512
v 0.1281 1.2148 0.0658
v 0.1339 1.2061 0.0529
v 0.1419 1.2091 0.0375
v 0.1459 1.2193 0.0357
v 0.1376 1.1989 0.0391
v 0.1294 1.1958 0.0540
v 0.1329 1.1888 0.0408
v 0.1401 1.1930 0.0253
v 0.1443 1.2030 0.0232
v 0.1357 1.1830 0.0279
v 0.1276 1.1786 0.0427
v 0.1311 1.1727 0.0307
v 0.1389 1.1778 0.0144
v 0.1427 1.1878 0.0114
v 0.1353 1.1676 0.0176
v 0.1269 1.1619 0.0337
v 0.1320 1.1569 0.0212
v 0.1394 1.1632 0.0032
v 0.1425 1.1733 -0.0000
v 0.1366 1.1528 0.0067
v 0.1342 1.1420 0.0102
v 0.1395 1.1493 -0.0090
v 0.1421 1.1595 -0.0123
v 0.1373 1.1388 -0.0059
v 0.1321 1.1309 0.0138
v 0.1354 1.1282 -0.0030
v 0.1379 1.1363 -0.0220
v 0.1400 1.1467 -0.0250
v 0.1359 1.1259 -0.0192
v 0.1337 1.1178 -0.0005
v 0.1342 1.1154 -0.0170
v 0.1345 1.1241 -0.0348
v 0.1364 1.1345 -0.0376
v 0.1327 1.1137 -0.0325
v 0.1324 1.1050 -0.0155
v 0.1308 1.1032 -0.0307
v 0.1296 1.1124 -0.0471
v 0.1314 1.1228 -0.0495
v 0.1278 1.1019 -0.0451
v 0.1290 1.0924 -0.0294
v 0.1261 1.0913 -0.0435
v 0.1233 1.1011 -0.0586
v 0.1250 1.1116 -0.0608
v 0.1217 1.0905 -0.0570
v 0.1247 1.0804 -0.0425
v 0.1206 1.0797 -0.0557
v 0.1159 1.0900 -0.0694
v 0.1172 1.1007 -0.0711
v 0.1150 1.0791 -0.0681
v 0.1201 1.0688 -0.0550
v 0.1146 1.0682 -0.0673
v 0.1078 1.0788 -0.0790
v 0.1084 1.0898 -0.0804
v 0.1075 1.0677 -0.0781
v 0.1150 1.0571 -0.0670
v 0.1077 1.0565 -0.0777
v 0.0987 1.0673 -0.0871
v 0.0989 1.0787 -0.0881
v 0.0987 1.0559 -0.0864
v 0.1083 1.0452 -0.0777
v 0.0991 1.0445 -0.0863
v 0.0885 1.0555 -0.0931
v 0.0885 1.0671 -0.0939
v 0.0886 1.0439 -0.0929
v 0.0998 1.0330 -0.0868
v 0.0891 1.0323 -0.0933
v 0.0775 1.0435 -0.0978
v 0.0775 1.0553 -0.0981
v 0.0778 1.0317 -0.0983
v 0.0898 1.0207 -0.0945
v 0.0782 1.0199 -0.0995
v 0.0663 1.0313 -0.1021
v 0.0662 1.0433 -0.1016
v 0.0665 1.0192 -0.1034
v 0.0787 1.0081 -0.1013
v 0.0667 1.0072 -0.1051
v 0.0548 1.0188 -0.1064
v 0.0548 1.0310 -0.1051
v 0.0549 1.0064 -0.1083
v 0.0671 0.9952 -0.1077
v 0.0551 0.9941 -0.1112
v 0.0433 1.0057 -0.1109
v 0.0433 1.0183 -0.1087
v 0.0434 0.9929 -0.1142
v 0.0558 0.9819 -0.1155
v 0.0439 0.9803 -0.1187
v 0.0321 0.9919 -0.1162
v 0.0321 1.0050 -0.1127
v 0.0323 0.9787 -0.1207
v 0.0446 0.9677 -0.1244
v 0.0327 0.9656 -0.1264
v 0.0212 0.9773 -0.1214
v 0.0211 0.9910 -0.1169
v 0.0213 0.9635 -0.1271
v 0.0332 0.9522 -0.1329
v 0.0214 0.9495 -0.1335
v 0.0105 0.9619 -0.1268
v 0.0105 0.9763 -0.1212
v 0.0104 0.9472 -0.1329
v 0.0215 0.9349 -0.1399
v 0.0102 0.9316 -0.1386
v 0.0098 0.9151 -0.1435
v 0.0216 0.9196 -0.1458
v 0.0216 0.9037 -0.1508
v 0.0094 0.8978 -0.1472
v 0.0095 0.8805 -0.1493
v 0.0221 0.8869 -0.1544
v 0.0225 0.8692 -0.1558
v 0.0096 0.8640 -0.1491
v 0.0093 0.8484 -0.1464
v 0.0228 0.8510 -0.1543
v 0.0216 0.8341 -0.1488
v 0.0084 0.8332 -0.1406
v 0.0014 0.7838 -0.0685
v 0.0024 0.7808 -0.0675
v 0.0011 0.7794 -0.0467
v 0.0009 0.7772 -0.0459
v 0.0030 0.7782 -0.0670
v 0.0011 0.7750 -0.0451
v 0.0036 0.7796 -0.0199
v 0.0020 0.7806 -0.0197
v 0.0038 0.7772 -0.0201
v 0.0014 0.7724 -0.0443
v 0.0038 0.7746 -0.0201
v 0.0090 0.7839 0.0025
v 0.0064 0.7848 0.0037
v 0.0103 0.7811 0.0022
v 0.0039 0.7714 -0.0200
v 0.0107 0.7776 0.0023
v 0.0187 0.7908 0.0230
v 0.0159 0.7941 0.0236
v 0.0202 0.7862 0.0233
v 0.0108 0.7731 0.0026
v 0.0208 0.7807 0.0238
v 0.0324 0.7978 0.0398
v 0.0296 0.8044 0.0397
v 0.0339 0.7904 0.0403
v 0.0212 0.7738 0.0243
v 0.0349 0.7816 0.0411
v 0.0482 0.7986 0.0513
v 0.0459 0.8085 0.0509
v 0.0497 0.7877 0.0517
v 0.0355 0.7709 0.0412
v 0.0505 0.7760 0.0523
v 0.0652 0.7928 0.0578
v 0.0634 0.8046 0.0572
v 0.0662 0.7806 0.0587
v 0.0511 0.7637 0.0524
v 0.0669 0.7680 0.0593
v 0.0820 0.7847 0.0616
v 0.0807 0.7972 0.0606
v 0.0828 0.7719 0.0627
v 0.0673 0.7553 0.0597
v 0.0834 0.7590 0.0636
v 0.0986 0.7753 0.0628
v 0.0975 0.7882 0.0616
v 0.0994 0.7622 0.0641
v 0.0837 0.7460 0.0644
v 0.0998 0.7490 0.0653
v 0.1149 0.7649 0.0614
v 0.1140 0.7781 0.0601
v 0.1154 0.7515 0.0628
v 0.1000 0.7357 0.0663
v 0.1157 0.7379 0.0641
v 0.1301 0.7534 0.0576
v 0.1295 0.7670 0.0561
v 0.1304 0.7397 0.0589
v 0.1156 0.7243 0.0651
v 0.1304 0.7259 0.0600
v 0.1436 0.7409 0.0506
v 0.1433 0.7548 0.0493
v 0.1435 0.7270 0.0517
v 0.1302 0.7120 0.0608
v 0.1433 0.7131 0.0527
v 0.1547 0.7277 0.0410
v 0.1547 0.7417 0.0398
v 0.1545 0.7137 0.0421
v 0.1431 0.6992 0.0535
v 0.1542 0.6998 0.0429
v 0.1635 0.7140 0.0297
v 0.1638 0.7280 0.0286
v 0.1632 0.7001 0.0307
v 0.1538 0.6860 0.0435
v 0.1626 0.6864 0.0313
v 0.1701 0.7001 0.0172
v 0.1705 0.7140 0.0162
v 0.1695 0.6865 0.0179
v 0.1620 0.6728 0.0315
v 0.1688 0.6729 0.0183
v 0.1743 0.6863 0.0038
v 0.1749 0.6999 0.0030
v 0.1736 0.6729 0.0043
v 0.1680 0.6596 0.0183
v 0.1727 0.6596 0.0045
v 0.1762 0.6726 -0.0102
v 0.1770 0.6859 -0.0108
v 0.1753 0.6595 -0.0099
v 0.1719 0.6465 0.0044
v 0.1744 0.6465 -0.0098
v 0.1759 0.6592 -0.0244
v 0.1767 0.6721 -0.0249
v 0.1750 0.6463 -0.0242
v 0.1735 0.6336 -0.0099
v 0.1740 0.6336 -0.0242
v 0.1734 0.6460 -0.0386
v 0.1743 0.6586 -0.0389
v 0.1724 0.6334 -0.0384
v 0.1729 0.6211 -0.0244
v 0.1713 0.6210 -0.0384
v 0.1685 0.6330 -0.0522
v 0.1695 0.6454 -0.0525
v 0.1675 0.6207 -0.0520
v 0.1702 0.6087 -0.0385
v 0.1664 0.6085 -0.0519
v 0.1613 0.6201 -0.0647
v 0.1623 0.6323 -0.0651
v 0.1602 0.6080 -0.0642
v 0.1653 0.5964 -0.0518
v 0.1591 0.5960 -0.0639
v 0.1516 0.6073 -0.0751
v 0.1527 0.6193 -0.0758
v 0.1505 0.5954 -0.0744
v 0.1579 0.5841 -0.0635
v 0.1493 0.5836 -0.0736
v 0.1399 0.5947 -0.0829
v 0.1408 0.6065 -0.0839
v 0.1389 0.5829 -0.0820
v 0.1483 0.5718 -0.0729
v 0.1381 0.5712 -0.0810
v 0.1272 0.5820 -0.0884
v 0.1278 0.5937 -0.0896
v 0.1265 0.5704 -0.0872
v 0.1373 0.5596 -0.0802
v 0.1259 0.5588 -0.0861
v 0.1137 0.5695 -0.0904
v 0.1140 0.5812 -0.0917
v 0.1135 0.5579 -0.0892
v 0.1256 0.5473 -0.0850
v 0.1135 0.5463 -0.0880
v 0.1006 0.5569 -0.0894
v 0.1004 0.5686 -0.0907
v 0.1009 0.5453 -0.0882
v 0.1137 0.5349 -0.0869
v 0.1015 0.5337 -0.0871
v 0.0884 0.5440 -0.0858
v 0.0877 0.5558 -0.0870
v 0.0894 0.5323 -0.0848
v 0.1024 0.5222 -0.0862
v 0.0906 0.5207 -0.0840
v 0.0776 0.5308 -0.0807
v 0.0764 0.5426 -0.0816
v 0.0791 0.5191 -0.0801
v 0.0921 0.5092 -0.0836
v 0.0808 0.5074 -0.0798
v 0.0681 0.5172 -0.0745
v 0.0664 0.5291 -0.0750
v 0.0702 0.5054 -0.0743
v 0.0829 0.4959 -0.0801
v 0.0727 0.4937 -0.0746
v 0.0608 0.5034 -0.0671
v 0.0584 0.5156 -0.0671
v 0.0636 0.4914 -0.0676
v 0.0754 0.4821 -0.0756
v 0.0667 0.4795 -0.0687
v 0.0564 0.4891 -0.0589
v 0.0534 0.5016 -0.0581
v 0.0598 0.4769 -0.0602
v 0.0699 0.4677 -0.0705
v 0.0632 0.4650 -0.0620
v 0.0554 0.4750 -0.0502
v 0.0520 0.4873 -0.0486
v 0.0588 0.4629 -0.0521
v 0.0664 0.4533 -0.0643
v 0.0620 0.4511 -0.0545
v 0.0573 0.4614 -0.0412
v 0.0540 0.4735 -0.0391
v 0.0603 0.4496 -0.0437
v 0.0647 0.4395 -0.0571
v 0.0629 0.4379 -0.0463
v 0.0613 0.4485 -0.0327
v 0.0585 0.4604 -0.0301
v 0.0638 0.4368 -0.0354
v 0.0648 0.4263 -0.0489
v 0.0657 0.4252 -0.0379
v 0.0673 0.4362 -0.0249
v 0.0649 0.4479 -0.0221
v 0.0691 0.4246 -0.0274
v 0.0668 0.4138 -0.0402
v 0.0702 0.4131 -0.0295
v 0.0739 0.4240 -0.0176
v 0.0723 0.4357 -0.0151
v 0.0749 0.4124 -0.0196
v 0.0705 0.4016 -0.0312
v 0.0753 0.4008 -0.0212
v 0.0809 0.4117 -0.0106
v 0.0800 0.4233 -0.0086
v 0.0815 0.4001 -0.0122
v 0.0753 0.3892 -0.0224
v 0.0818 0.3885 -0.0135
v 0.0892 0.3995 -0.0045
v 0.0885 0.4111 -0.0030
v 0.0897 0.3879 -0.0058
v 0.0819 0.3769 -0.0146
v 0.0900 0.3765 -0.0068
v 0.0987 0.3876 0.0008
v 0.0980 0.3991 0.0019
v 0.0992 0.3762 -0.0002
v 0.0903 0.3650 -0.0078
v 0.0996 0.3648 -0.0011
v 0.1094 0.3762 0.0047
v 0.1088 0.3876 0.0057
v 0.1101 0.3648 0.0038
v 0.1000 0.3534 -0.0019
v 0.1106 0.3535 0.0029
v 0.1213 0.3653 0.0067
v 0.1206 0.3766 0.0075
v 0.1219 0.3539 0.0058
v 0.1110 0.3422 0.0021
v 0.1224 0.3426 0.0050
v 0.1337 0.3549 0.0062
v 0.1330 0.3663 0.0070
v 0.1342 0.3434 0.0055
v 0.1228 0.3312 0.0041
v 0.1345 0.3319 0.0047
v 0.1457 0.3443 0.0033
v 0.1452 0.3560 0.0039
v 0.1459 0.3326 0.0026
v 0.1347 0.3203 0.0039
v 0.1460 0.3209 0.0019
v 0.1565 0.3332 -0.0022
v 0.1563 0.3451 -0.0015
v 0.1564 0.3213 -0.0029
v 0.1459 0.3091 0.0012
v 0.1561 0.3094 -0.0036
v 0.1655 0.3216 -0.0098
v 0.1657 0.3337 -0.0091
v 0.1651 0.3096 -0.0104
v 0.1557 0.2974 -0.0043
v 0.1646 0.2976 -0.0111
v 0.1726 0.3099 -0.0190
v 0.1731 0.3221 -0.0184
v 0.1719 0.2978 -0.0196
v 0.1639 0.2856 -0.0118
v 0.1710 0.2857 -0.0201
v 0.1774 0.2979 -0.0293
v 0.1782 0.3102 -0.0289
v 0.1764 0.2857 -0.0297
v 0.1701 0.2736 -0.0206
v 0.1754 0.2735 -0.0299
v 0.1800 0.2857 -0.0400
v 0.1811 0.2980 -0.0398
v 0.1789 0.2733 -0.0401
v 0.1743 0.2613 -0.0301
v 0.1776 0.2610 -0.0401
v 0.1805 0.2731 -0.0507
v 0.1818 0.2855 -0.0508
v 0.1792 0.2606 -0.0504
v 0.1764 0.2487 -0.0399
v 0.1778 0.2482 -0.0499
v 0.1790 0.2602 -0.0608
v 0.1804 0.2728 -0.0613
v 0.1776 0.2477 -0.0601
v 0.1763 0.2357 -0.0494
v 0.1760 0.2352 -0.0592
v 0.1755 0.2473 -0.0700
v 0.1770 0.2599 -0.0709
v 0.1740 0.2347 -0.0689
v 0.1745 0.2226 -0.0584
v 0.1725 0.2221 -0.0678
v 0.1703 0.2343 -0.0780
v 0.1717 0.2470 -0.0793
v 0.1689 0.2217 -0.0766
v 0.1709 0.2096 -0.0666
v 0.1674 0.2092 -0.0753
v 0.1639 0.2214 -0.0848
v 0.1652 0.2340 -0.0864
v 0.1625 0.2087 -0.0832
v 0.1658 0.1966 -0.0740
v 0.1611 0.1961 -0.0817
v 0.1565 0.2084 -0.0901
v 0.1577 0.2210 -0.0920
v 0.1551 0.1958 -0.0884
v 0.1595 0.1835 -0.0802
v 0.1535 0.1832 -0.0865
v 0.1478 0.1956 -0.0933
v 0.1491 0.2082 -0.0954
v 0.1464 0.1831 -0.0912
v 0.1520 0.1706 -0.0848
v 0.1451 0.1705 -0.0893
v 0.1390 0.1832 -0.0943
v 0.1400 0.1957 -0.0965
v 0.1381 0.1706 -0.0922
v 0.1439 0.1578 -0.0874
v 0.1372 0.1579 -0.0903
v 0.1312 0.1707 -0.0938
v 0.1316 0.1834 -0.0959
v 0.1307 0.1580 -0.0918
v 0.1363 0.1451 -0.0884
v 0.1302 0.1451 -0.0900
v 0.1243 0.1581 -0.0919
v 0.1244 0.1709 -0.0938
v 0.1242 0.1452 -0.0901
v 0.1299 0.1321 -0.0883
v 0.1243 0.1321 -0.0884
v 0.1185 0.1453 -0.0885
v 0.1182 0.1583 -0.0903
v 0.1189 0.1322 -0.0868
v 0.1244 0.1190 -0.0868
v 0.1193 0.1190 -0.0850
v 0.1141 0.1323 -0.0838
v 0.1133 0.1455 -0.0855
v 0.1147 0.1191 -0.0820
v 0.1192 0.1060 -0.0835
v 0.1147 0.1060 -0.0803
v 0.1105 0.1192 -0.0779
v 0.1099 0.1325 -0.0797
v 0.1106 0.1060 -0.0761
v 0.1140 0.0929 -0.0795
v 0.1100 0.0928 -0.0750
v 0.1070 0.1061 -0.0710
v 0.1070 0.1195 -0.0728
v 0.1063 0.0926 -0.0696
v 0.1093 0.0795 -0.0744
v 0.1057 0.0792 -0.0685
v 0.1033 0.0928 -0.0633
v 0.1040 0.1066 -0.0649
v 0.1025 0.0792 -0.0617
v 0.1051 0.0659 -0.0680
v 0.1020 0.0660 -0.0605
v 0.0999 0.0798 -0.0537
v 0.1009 0.0936 -0.0559
v 0.0993 0.0665 -0.0516
v 0.1014 0.0530 -0.0595
v 0.0988 0.0538 -0.0499
v 0.0974 0.0676 -0.0419
v 0.0984 0.0811 -0.0449
v 0.0968 0.0550 -0.0394
v 0.0983 0.0411 -0.0481
v 0.0966 0.0427 -0.0374
v 0.0968 0.0698 -0.0325
v 0.0981 0.0834 -0.0364
v 0.0976 0.0738 -0.0239
v 0.0990 0.0867 -0.0280
v 0.0995 0.0784 -0.0155
v 0.1010 0.0903 -0.0198
v 0.1026 0.0827 -0.0078
v 0.1040 0.0936 -0.0122
v 0.1013 0.0726 -0.0021
v 0.0997 0.0635 0.0052
v 0.1053 0.0768 0.0044
v 0.1066 0.0861 -0.0014
v 0.1039 0.0684 0.0117
v 0.0978 0.0555 0.0146
v 0.1021 0.0609 0.0204
v 0.1090 0.0717 0.0167
v 0.1102 0.0796 0.0093
v 0.1076 0.0646 0.0251
v 0.1001 0.0544 0.0299
v 0.1059 0.0583 0.0343
v 0.1141 0.0664 0.0283
v 0.1150 0.0733 0.0198
v 0.1129 0.0601 0.0375
v 0.1041 0.0527 0.0439
v 0.1116 0.0546 0.0471
v 0.1207 0.0605 0.0395
v 0.1212 0.0669 0.0302
v 0.1200 0.0547 0.0492
v 0.1102 0.0496 0.0571
v 0.1192 0.0494 0.0591
v 0.1293 0.0532 0.0498
v 0.1292 0.0593 0.0400
v 0.1292 0.0476 0.0597
v 0.1183 0.0443 0.0691
v 0.1290 0.0425 0.0694
v 0.1396 0.0448 0.0580
v 0.1389 0.0505 0.0484
v 0.1402 0.0396 0.0675
v 0.1290 0.0378 0.0790
v 0.1409 0.0351 0.0769
v 0.1513 0.0359 0.0644
v 0.1497 0.0409 0.0546
v 0.1530 0.0319 0.0743
v 0.1418 0.0316 0.0860
v 0.1542 0.0290 0.0844
v 0.1629 0.0296 0.0729
v 0.1612 0.0325 0.0614
v 0.1630 0.0271 0.0848
v 0.1603 0.0248 0.0974
v 0.1692 0.0240 0.0857
v 0.1702 0.0266 0.0719
v 0.1652 0.0218 0.0996
v 0.1538 0.0230 0.1098
v 0.1577 0.0206 0.1130
v 0.1684 0.0182 0.1011
v 0.1732 0.0200 0.0863
v 0.1606 0.0175 0.1153
v 0.1468 0.0196 0.1248
v 0.1498 0.0170 0.1281
v 0.1620 0.0133 0.1165
v 0.1704 0.0140 0.1021
v 0.1512 0.0131 0.1297
v 0.1357 0.0169 0.1379
v 0.1373 0.0135 0.1414
v 0.1515 0.0085 0.1305
v 0.1624 0.0087 0.1171
v 0.1375 0.0089 0.1425
v 0.1219 0.0140 0.1454
v 0.1217 0.0093 0.1465
v 0.1365 0.0045 0.1413
v 0.1505 0.0037 0.1303
v 0.1213 0.0047 0.1455
v 0.1097 0.0095 0.1468
v 0.1093 0.0050 0.1458
v 0.1203 0.0010 0.1425
v 0.1346 0.0009 0.1388
v 0.1189 -0.0015 0.1382
v 0.1320 -0.0015 0.1349
v 0.1171 -0.0031 0.1329
v 0.1290 -0.0031 0.1301
v 0.1147 -0.0042 0.1269
v 0.1257 -0.0041 0.1247
v 0.1048 -0.0037 0.1272
v 0.1025 -0.0041 0.1195
v 0.1118 -0.0048 0.1194
v 0.0969 -0.0016 0.1278
v 0.0951 -0.0017 0.1201
v 0.0916 0.0015 0.1296
v 0.0897 0.0017 0.1214
v 0.0888 0.0055 0.1315
v 0.0864 0.0058 0.1228
v 0.0926 0.0059 0.1385
v 0.0997 0.0056 0.1438
v 0.0933 0.0101 0.1401
v 0.0886 0.0103 0.1327
v 0.1004 0.0096 0.1451
v 0.1100 0.0145 0.1458
v 0.1098 0.0190 0.1418
v 0.1212 0.0183 0.1419
v 0.1198 0.0214 0.1362
v 0.1086 0.0218 0.1351
v 0.1333 0.0199 0.1332
v 0.1301 0.0226 0.1278
v 0.1173 0.0239 0.1287
v 0.1429 0.0219 0.1206
v 0.1262 0.0256 0.1200
v 0.1224 0.0288 0.1100
v 0.1107 0.0293 0.1094
v 0.1138 0.0264 0.1194
v 0.1197 0.0319 0.0996
v 0.1086 0.0327 0.0989
v 0.1182 0.0354 0.0893
v 0.1076 0.0366 0.0882
v 0.1295 0.0338 0.0888
v 0.1178 0.0396 0.0792
v 0.1078 0.0406 0.0776
v 0.1088 0.0451 0.0672
v 0.1004 0.0437 0.0644
v 0.0991 0.0399 0.0750
v 0.1022 0.0479 0.0540
v 0.0957 0.0440 0.0503
v 0.0937 0.0398 0.0609
v 0.0979 0.0488 0.0399
v 0.0935 0.0433 0.0356
v 0.0912 0.0385 0.0464
v 0.0956 0.0489 0.0249
v 0.0929 0.0421 0.0203
v 0.0908 0.0369 0.0318
v 0.0916 0.0342 0.0170
v 0.0896 0.0298 0.0290
v 0.0922 0.0262 0.0154
v 0.0903 0.0226 0.0274
v 0.0947 0.0180 0.0152
v 0.0933 0.0155 0.0268
v 0.0956 0.0196 0.0033
v 0.1011 0.0105 0.0051
v 0.1004 0.0097 0.0162
v 0.0960 0.0200 -0.0087
v 0.1011 0.0106 -0.0060
v 0.0962 0.0194 -0.0202
v 0.1004 0.0099 -0.0169
v 0.0968 0.0180 -0.0312
v 0.0999 0.0084 -0.0277
v 0.0965 0.0297 -0.0349
v 0.0978 0.0281 -0.0456
v 0.0977 0.0163 -0.0420
v 0.0996 0.0271 -0.0558
v 0.0994 0.0151 -0.0525
v 0.1005 0.0401 -0.0581
v 0.1034 0.0396 -0.0671
v 0.1023 0.0266 -0.0651
v 0.1044 0.0527 -0.0677
v 0.1079 0.0529 -0.0747
v 0.1070 0.0394 -0.0746
v 0.1086 0.0663 -0.0744
v 0.1127 0.0667 -0.0799
v 0.1121 0.0531 -0.0806
v 0.1133 0.0799 -0.0795
v 0.1179 0.0802 -0.0835
v 0.1174 0.0670 -0.0843
v 0.1185 0.0931 -0.0831
v 0.1237 0.0933 -0.0852
v 0.1232 0.0805 -0.0860
v 0.1241 0.1061 -0.0855
v 0.1295 0.1061 -0.0857
v 0.1292 0.0934 -0.0853
v 0.1297 0.1191 -0.0868
v 0.1351 0.1192 -0.0850
v 0.1347 0.1062 -0.0839
v 0.1356 0.1322 -0.0865
v 0.1415 0.1322 -0.0838
v 0.1406 0.1192 -0.0821
v 0.1426 0.1451 -0.0856
v 0.1490 0.1451 -0.0815
v 0.1476 0.1322 -0.0799
v 0.1505 0.1579 -0.0831
v 0.1564 0.1581 -0.0773
v 0.1549 0.1453 -0.0760
v 0.1579 0.1709 -0.0787
v 0.1625 0.1713 -0.0713
v 0.1609 0.1586 -0.0701
v 0.1641 0.1840 -0.0726
v 0.1674 0.1845 -0.0644
v 0.1656 0.1719 -0.0633
v 0.1691 0.1971 -0.0655
v 0.1711 0.1976 -0.0566
v 0.1693 0.1851 -0.0557
v 0.1728 0.2101 -0.0575
v 0.1732 0.2107 -0.0481
v 0.1716 0.1982 -0.0475
v 0.1748 0.2232 -0.0488
v 0.1736 0.2239 -0.0393
v 0.1722 0.2114 -0.0388
v 0.1750 0.2363 -0.0396
v 0.1720 0.2368 -0.0302
v 0.1708 0.2245 -0.0301
v 0.1732 0.2491 -0.0302
v 0.1682 0.2494 -0.0213
v 0.1673 0.2373 -0.0215
v 0.1692 0.2615 -0.0210
v 0.1624 0.2617 -0.0130
v 0.1617 0.2496 -0.0135
v 0.1632 0.2736 -0.0124
v 0.1547 0.2736 -0.0058
v 0.1542 0.2617 -0.0066
v 0.1553 0.2855 -0.0051
v 0.1454 0.2854 -0.0004
v 0.1451 0.2735 -0.0012
v 0.1457 0.2973 0.0004
v 0.1347 0.2970 0.0023
v 0.1347 0.2853 0.0015
v 0.1348 0.3087 0.0031
v 0.1234 0.3083 0.0024
v 0.1235 0.2968 0.0015
v 0.1231 0.3198 0.0032
v 0.1118 0.3195 0.0003
v 0.1122 0.3081 -0.0006
v 0.1115 0.3308 0.0012
v 0.1007 0.3307 -0.0035
v 0.1011 0.3193 -0.0043
v 0.1004 0.3420 -0.0027
v 0.0908 0.3421 -0.0094
v 0.0911 0.3307 -0.0102
v 0.0906 0.3536 -0.0086
v 0.0821 0.3538 -0.0164
v 0.0822 0.3423 -0.0172
v 0.0820 0.3654 -0.0155
v 0.0751 0.3660 -0.0245
v 0.0750 0.3544 -0.0254
v 0.0752 0.3777 -0.0235
v 0.0702 0.3786 -0.0336
v 0.0701 0.3669 -0.0347
v 0.0704 0.3901 -0.0325
v 0.0675 0.3909 -0.0435
v 0.0674 0.3793 -0.0447
v 0.0673 0.4024 -0.0420
v 0.0666 0.4033 -0.0533
v 0.0669 0.3918 -0.0549
v 0.0660 0.4148 -0.0513
v 0.0680 0.4164 -0.0623
v 0.0687 0.4047 -0.0645
v 0.0667 0.4279 -0.0598
v 0.0710 0.4301 -0.0698
v 0.0723 0.4183 -0.0725
v 0.0691 0.4417 -0.0670
v 0.0755 0.4444 -0.0756
v 0.0773 0.4326 -0.0786
v 0.0729 0.4561 -0.0728
v 0.0808 0.4588 -0.0801
v 0.0831 0.4470 -0.0831
v 0.0782 0.4705 -0.0775
v 0.0876 0.4729 -0.0832
v 0.0899 0.4612 -0.0860
v 0.0852 0.4844 -0.0811
v 0.0958 0.4864 -0.0849
v 0.0978 0.4750 -0.0871
v 0.0938 0.4978 -0.0838
v 0.1051 0.4995 -0.0858
v 0.1068 0.4881 -0.0869
v 0.1036 0.5108 -0.0857
v 0.1152 0.5122 -0.0855
v 0.1165 0.5009 -0.0857
v 0.1144 0.5235 -0.0860
v 0.1259 0.5247 -0.0834
v 0.1265 0.5134 -0.0831
v 0.1256 0.5360 -0.0841
v 0.1365 0.5368 -0.0788
v 0.1365 0.5255 -0.0785
v 0.1367 0.5482 -0.0794
v 0.1466 0.5487 -0.0718
v 0.1460 0.5373 -0.0714
v 0.1473 0.5602 -0.0722
v 0.1557 0.5604 -0.0628
v 0.1548 0.5488 -0.0627
v 0.1567 0.5722 -0.0632
v 0.1630 0.5725 -0.0520
v 0.1620 0.5606 -0.0521
v 0.1641 0.5844 -0.0519
v 0.1680 0.5844 -0.0392
v 0.1669 0.5724 -0.0397
v 0.1691 0.5965 -0.0388
v 0.1706 0.5962 -0.0253
v 0.1694 0.5840 -0.0259
v 0.1718 0.6086 -0.0247
v 0.1712 0.6081 -0.0109
v 0.1699 0.5956 -0.0117
v 0.1724 0.6208 -0.0103
v 0.1699 0.6204 0.0035
v 0.1687 0.6075 0.0026
v 0.1710 0.6334 0.0041
v 0.1665 0.6330 0.0175
v 0.1656 0.6198 0.0167
v 0.1673 0.6462 0.0181
v 0.1608 0.6458 0.0310
v 0.1602 0.6324 0.0302
v 0.1614 0.6593 0.0314
v 0.1527 0.6587 0.0434
v 0.1522 0.6451 0.0426
v 0.1532 0.6723 0.0436
v 0.1422 0.6715 0.0539
v 0.1418 0.6578 0.0534
v 0.1427 0.6853 0.0540
v 0.1295 0.6842 0.0618
v 0.1290 0.6704 0.0615
v 0.1299 0.6981 0.0615
v 0.1151 0.6967 0.0664
v 0.1147 0.6828 0.0664
v 0.1154 0.7105 0.0659
v 0.0997 0.7085 0.0676
v 0.0994 0.6949 0.0678
v 0.0999 0.7221 0.0671
v 0.0838 0.7196 0.0653
v 0.0836 0.7062 0.0655
v 0.0839 0.7328 0.0649
v 0.0679 0.7296 0.0600
v 0.0679 0.7166 0.0600
v 0.0676 0.7425 0.0599
v 0.0520 0.7387 0.0520
v 0.0524 0.7261 0.0516
v 0.0516 0.7513 0.0523
v 0.0368 0.7471 0.0406
v 0.0375 0.7349 0.0402
v 0.0361 0.7592 0.0410
v 0.0228 0.7544 0.0248
v 0.0238 0.7430 0.0249
v 0.0219 0.7650 0.0247
v 0.0117 0.7596 0.0037
v 0.0127 0.7497 0.0046
v 0.0110 0.7673 0.0030
v 0.0044 0.7624 -0.0191
v 0.0052 0.7557 -0.0181
v 0.0040 0.7675 -0.0197
v 0.0025 0.7649 -0.0425
v 0.0033 0.7599 -0.0413
v 0.0019 0.7692 -0.0435
v 0.0052 0.7707 -0.0650
v 0.0064 0.7660 -0.0637
v 0.0040 0.7747 -0.0661
v 0.0105 0.7800 -0.0887
v 0.0130 0.7747 -0.0864
v 0.0218 0.7839 -0.1081
v 0.0257 0.7773 -0.1041
v 0.0361 0.7879 -0.1236
v 0.0401 0.7801 -0.1180
v 0.0328 0.7963 -0.1302
v 0.0538 0.8030 -0.1432
v 0.0552 0.7928 -0.1362
v 0.0323 0.8067 -0.1386
v 0.0535 0.8151 -0.1497
v 0.0355 0.8223 -0.1489
v 0.0537 0.8299 -0.1551
v 0.0375 0.8396 -0.1558
v 0.0534 0.8466 -0.1589
v 0.0374 0.8576 -0.1590
v 0.0522 0.8642 -0.1601
v 0.0364 0.8754 -0.1588
v 0.0507 0.8816 -0.1588
v 0.0355 0.8927 -0.1563
v 0.0494 0.8981 -0.1554
v 0.0348 0.9088 -0.1517
v 0.0483 0.9137 -0.1504
v 0.0342 0.9240 -0.1461
v 0.0473 0.9282 -0.1444
v 0.0337 0.9385 -0.1395
v 0.0463 0.9420 -0.1377
v 0.0454 0.9551 -0.1309
v 0.0579 0.9578 -0.1276
v 0.0592 0.9453 -0.1345
v 0.0567 0.9699 -0.1211
v 0.0690 0.9717 -0.1172
v 0.0704 0.9600 -0.1235
v 0.0679 0.9833 -0.1117
v 0.0802 0.9847 -0.1074
v 0.0814 0.9733 -0.1125
v 0.0793 0.9964 -0.1038
v 0.0913 0.9975 -0.0987
v 0.0923 0.9860 -0.1021
v 0.0905 1.0091 -0.0963
v 0.1018 1.0101 -0.0898
v 0.1029 0.9986 -0.0921
v 0.1007 1.0216 -0.0880
v 0.1107 1.0225 -0.0796
v 0.1121 1.0112 -0.0814
v 0.1093 1.0339 -0.0783
v 0.1173 1.0347 -0.0681
v 0.1191 1.0235 -0.0695
v 0.1159 1.0459 -0.0673
v 0.1217 1.0466 -0.0553
v 0.1234 1.0355 -0.0563
v 0.1205 1.0577 -0.0549
v 0.1245 1.0583 -0.0419
v 0.1258 1.0471 -0.0424
v 0.1242 1.0694 -0.0419
v 0.1268 1.0702 -0.0282
v 0.1270 1.0588 -0.0283
v 0.1275 1.0814 -0.0286
v 0.1290 1.0827 -0.0143
v 0.1282 1.0710 -0.0143
v 0.1306 1.0941 -0.0147
v 0.1304 1.0959 0.0002
v 0.1288 1.0836 -0.0005
v 0.1320 1.1075 0.0009
v 0.1288 1.1082 0.0165
v 0.1277 1.0953 0.0142
v 0.1302 1.1202 0.0168
v 0.1234 1.1051 0.0296
v 0.1157 1.1009 0.0421
v 0.1151 1.0879 0.0397
v 0.1226 1.0917 0.0273
v 0.1055 1.0974 0.0533
v 0.1054 1.0848 0.0508
v 0.0939 1.0948 0.0625
v 0.0942 1.0823 0.0600
v 0.0933 1.1073 0.0651
v 0.0810 1.1058 0.0721
v 0.0818 1.0931 0.0697
v 0.0920 1.1198 0.0676
v 0.0798 1.1184 0.0742
v 0.0902 1.1318 0.0699
v 0.0783 1.1311 0.0759
v 0.0882 1.1435 0.0720
v 0.0768 1.1438 0.0773
v 0.0991 1.1464 0.0649
v 0.1071 1.1535 0.0588
v 0.1125 1.1645 0.0563
v 0.1082 1.1736 0.0656
v 0.1181 1.1752 0.0552
v 0.1137 1.1837 0.0667
v 0.1222 1.1679 0.0447
v 0.1241 1.1856 0.0546
v 0.1193 1.1937 0.0676
v 0.1240 1.2041 0.0675
v 0.1157 1.2136 0.0792
v 0.1115 1.2021 0.0800
v 0.1193 1.2251 0.0759
v 0.1067 1.2355 0.0809
v 0.1042 1.2236 0.0854
v 0.1091 1.2471 0.0766
v 0.0944 1.2562 0.0759
v 0.0922 1.2444 0.0812
v 0.0971 1.2678 0.0699
v 0.0829 1.2761 0.0663
v 0.0801 1.2639 0.0732
v 0.0855 1.2878 0.0585
v 0.0719 1.2945 0.0550
v 0.0695 1.2826 0.0629
v 0.0748 1.3061 0.0470
v 0.0605 1.3097 0.0459
v 0.0585 1.2982 0.0535
v 0.0614 1.3208 0.0385
v 0.0460 1.3230 0.0389
v 0.0455 1.3111 0.0461
v 0.0466 1.3354 0.0314
v 0.0314 1.3373 0.0323
v 0.0310 1.3244 0.0395
v 0.0159 1.3377 0.0328
v 0.0157 1.3249 0.0398
v 0.0146 1.3841 0.0099
v 0.0277 1.3872 0.0065
v 0.0254 1.3988 0.0078
v 0.0135 1.3953 0.0116
v 0.0122 1.4063 0.0142
v 0.0232 1.4099 0.0104
v 0.0212 1.4205 0.0135
v 0.0107 1.4172 0.0174
v 0.0096 1.4283 0.0200
v 0.0192 1.4307 0.0160
v 0.0308 1.4246 0.0071
v 0.0284 1.4347 0.0098
v 0.0395 1.4293 -0.0008
v 0.0371 1.4394 0.0019
v 0.0331 1.4142 0.0042
v 0.0418 1.4190 -0.0038
v 0.0358 1.4034 0.0016
v 0.0447 1.4085 -0.0065
v 0.0391 1.3924 -0.0001
v 0.0485 1.3979 -0.0086
v 0.0535 1.3875 -0.0097
v 0.0611 1.3937 -0.0197
v 0.0559 1.4035 -0.0183
v 0.0677 1.3846 -0.0201
v 0.0735 1.3926 -0.0319
v 0.0670 1.4005 -0.0310
v 0.0762 1.3776 -0.0189
v 0.0817 1.3867 -0.0317
v 0.0864 1.3736 -0.0167
v 0.0912 1.3834 -0.0301
v 0.0975 1.3716 -0.0139
v 0.1015 1.3820 -0.0277
v 0.0932 1.3626 -0.0013
v 0.1061 1.3606 0.0019
v 0.1090 1.3709 -0.0105
v 0.1040 1.3515 0.0108
v 0.1133 1.3364 0.0231
v 0.1283 1.3263 0.0308
v 0.1256 1.3145 0.0381
v 0.1412 1.3032 0.0425
v 0.1449 1.3137 0.0368
v 0.1378 1.2927 0.0483
v 0.1507 1.2808 0.0456
v 0.1552 1.2904 0.0411
v 0.1466 1.2706 0.0502
v 0.1546 1.2583 0.0412
v 0.1597 1.2677 0.0377
v 0.1500 1.2484 0.0446
v 0.1541 1.2387 0.0313
v 0.1590 1.2477 0.0287
v 0.1499 1.2292 0.0337
v 0.1523 1.2221 0.0190
v 0.1567 1.2310 0.0167
v 0.1482 1.2127 0.0212
v 0.1503 1.2071 0.0064
v 0.1545 1.2161 0.0040
v 0.1466 1.1976 0.0088
v 0.1492 1.1929 -0.0061
v 0.1528 1.2021 -0.0088
v 0.1458 1.1832 -0.0032
v 0.1479 1.1794 -0.0186
v 0.1511 1.1890 -0.0217
v 0.1450 1.1696 -0.0155
v 0.1453 1.1669 -0.0314
v 0.1481 1.1768 -0.0346
v 0.1426 1.1569 -0.0282
v 0.1410 1.1551 -0.0439
v 0.1436 1.1653 -0.0472
v 0.1385 1.1449 -0.0406
v 0.1354 1.1437 -0.0556
v 0.1376 1.1542 -0.0589
v 0.1334 1.1333 -0.0524
v 0.1287 1.1326 -0.0664
v 0.1305 1.1433 -0.0696
v 0.1268 1.1221 -0.0634
v 0.1202 1.1220 -0.0759
v 0.1220 1.1327 -0.0789
v 0.1186 1.1113 -0.0733
v 0.1105 1.1116 -0.0843
v 0.1119 1.1225 -0.0867
v 0.1094 1.1007 -0.0822
v 0.1001 1.1012 -0.0913
v 0.1010 1.1124 -0.0933
v 0.0994 1.0900 -0.0896
v 0.0892 1.0903 -0.0966
v 0.0898 1.1018 -0.0984
v 0.0888 1.0787 -0.0951
v 0.0780 1.0789 -0.1002
v 0.0784 1.0907 -0.1019
v 0.0777 1.0671 -0.0989
v 0.0665 1.0674 -0.1027
v 0.0669 1.0794 -0.1040
v 0.0663 1.0553 -0.1018
v 0.0551 1.0555 -0.1045
v 0.0553 1.0677 -0.1053
v 0.0549 1.0433 -0.1044
v 0.0436 1.0434 -0.1062
v 0.0438 1.0559 -0.1061
v 0.0435 1.0309 -0.1071
v 0.0323 1.0309 -0.1082
v 0.0325 1.0436 -0.1069
v 0.0322 1.0181 -0.1101
v 0.0213 1.0178 -0.1107
v 0.0214 1.0309 -0.1085
v 0.0212 1.0045 -0.1134
v 0.0105 1.0041 -0.1133
v 0.0106 1.0176 -0.1105
v 0.0105 0.9904 -0.1168
v 0.0107 1.0308 -0.1082
v 0.0107 1.0439 -0.1065
v 0.0108 1.0568 -0.1053
v 0.0109 1.0697 -0.1048
v 0.0110 1.0826 -0.1050
v 0.0110 1.0956 -0.1058
v 0.0112 1.1086 -0.1068
v 0.0114 1.1216 -0.1079
v 0.0115 1.1347 -0.1091
v 0.0116 1.1480 -0.1107
v 0.0117 1.1615 -0.1129
v 0.0118 1.1752 -0.1156
v 0.0119 1.1892 -0.1186
v 0.0123 1.2034 -0.1216
v 0.0126 1.2176 -0.1241
v 0.0129 1.2320 -0.1260
v 0.0132 1.2468 -0.1272
v 0.0134 1.2620 -0.1276
v 0.0136 1.2776 -0.1274
v 0.0139 1.2937 -0.1263
v 0.0142 1.3102 -0.1245
v 0.0148 1.3270 -0.1222
v 0.0161 1.3435 -0.1193
v 0.0146 1.4018 -0.1015
v 0.0123 1.4172 -0.0964
v 0.0106 1.4331 -0.0918
v 0.0092 1.4499 -0.0879
v 0.0084 1.4694 -0.0848
v 0.0167 1.4691 -0.0836
v 0.0186 1.4515 -0.0866
v 0.0251 1.4688 -0.0805
v 0.0282 1.4539 -0.0833
v 0.0337 1.4683 -0.0739
v 0.0371 1.4555 -0.0768
v 0.0417 1.4663 -0.0637
v 0.0445 1.4552 -0.0671
v 0.0486 1.4633 -0.0519
v 0.0509 1.4529 -0.0560
v 0.0527 1.4596 -0.0397
v 0.0547 1.4488 -0.0442
v 0.0539 1.4553 -0.0279
v 0.0556 1.4441 -0.0322
v 0.0509 1.4502 -0.0170
v 0.0527 1.4393 -0.0207
v 0.0449 1.4444 -0.0070
v 0.0470 1.4344 -0.0101
v 0.0490 1.4240 -0.0132
v 0.0544 1.4288 -0.0240
v 0.0519 1.4136 -0.0160
v 0.0574 1.4189 -0.0269
v 0.0615 1.4093 -0.0293
v 0.0645 1.4146 -0.0422
v 0.0600 1.4238 -0.0394
v 0.0702 1.4063 -0.0444
v 0.0712 1.4107 -0.0585
v 0.0649 1.4189 -0.0556
v 0.0770 1.3990 -0.0459
v 0.0786 1.4037 -0.0609
v 0.0853 1.3938 -0.0462
v 0.0874 1.3987 -0.0622
v 0.0947 1.3910 -0.0452
v 0.0968 1.3958 -0.0620
v 0.1046 1.3900 -0.0434
v 0.1066 1.3940 -0.0611
v 0.1149 1.3905 -0.0412
v 0.1168 1.3934 -0.0594
v 0.1121 1.3822 -0.0248
v 0.1230 1.3840 -0.0216
v 0.1255 1.3922 -0.0388
v 0.1346 1.3866 -0.0189
v 0.1367 1.3946 -0.0366
v 0.1472 1.3896 -0.0171
v 0.1486 1.3972 -0.0349
v 0.1609 1.3926 -0.0166
v 0.1614 1.3997 -0.0339
v 0.1610 1.3806 -0.0018
v 0.1762 1.3845 -0.0034
v 0.1754 1.3953 -0.0173
v 0.1639 1.3672 0.0095
v 0.1789 1.3720 0.0072
v 0.1729 1.3527 0.0181
v 0.1854 1.3579 0.0148
v 0.1619 1.3457 0.0217
v 0.1535 1.3363 0.0260
v 0.1773 1.3274 0.0263
v 0.1853 1.3352 0.0226
v 0.1704 1.3186 0.0295
v 0.1489 1.3246 0.0312
v 0.1648 1.3092 0.0330
v 0.1823 1.3027 0.0251
v 0.1887 1.3110 0.0224
v 0.1764 1.2940 0.0278
v 0.1598 1.2998 0.0368
v 0.1707 1.2853 0.0308
v 0.1831 1.2807 0.0180
v 0.1895 1.2888 0.0158
v 0.1768 1.2725 0.0205
v 0.1651 1.2766 0.0341
v 0.1706 1.2643 0.0230
v 0.1802 1.2630 0.0077
v 0.1868 1.2707 0.0057
v 0.1739 1.2551 0.0098
v 0.1646 1.2562 0.0258
v 0.1676 1.2474 0.0122
v 0.1760 1.2484 -0.0045
v 0.1821 1.2561 -0.0064
v 0.1701 1.2406 -0.0024
v 0.1618 1.2394 0.0145
v 0.1644 1.2328 -0.0003
v 0.1716 1.2356 -0.0176
v 0.1769 1.2436 -0.0196
v 0.1665 1.2275 -0.0157
v 0.1591 1.2247 0.0018
v 0.1615 1.2194 -0.0137
v 0.1672 1.2242 -0.0319
v 0.1717 1.2326 -0.0337
v 0.1628 1.2157 -0.0298
v 0.1569 1.2110 -0.0113
v 0.1587 1.2070 -0.0273
v 0.1627 1.2137 -0.0464
v 0.1665 1.2227 -0.0486
v 0.1588 1.2047 -0.0438
v 0.1548 1.1982 -0.0246
v 0.1549 1.1956 -0.0409
v 0.1568 1.2039 -0.0603
v 0.1607 1.2132 -0.0631
v 0.1529 1.1945 -0.0572
v 0.1513 1.1863 -0.0379
v 0.1493 1.1850 -0.0539
v 0.1490 1.1948 -0.0730
v 0.1528 1.2045 -0.0764
v 0.1454 1.1850 -0.0695
v 0.1463 1.1752 -0.0506
v 0.1424 1.1749 -0.0659
v 0.1395 1.1860 -0.0841
v 0.1428 1.1963 -0.0879
v 0.1368 1.1755 -0.0804
v 0.1399 1.1646 -0.0624
v 0.1346 1.1647 -0.0767
v 0.1291 1.1770 -0.0932
v 0.1313 1.1882 -0.0970
v 0.1274 1.1657 -0.0895
v 0.1324 1.1540 -0.0730
v 0.1254 1.1546 -0.0857
v 0.1180 1.1674 -0.1002
v 0.1195 1.1793 -0.1039
v 0.1164 1.1559 -0.0964
v 0.1236 1.1436 -0.0821
v 0.1149 1.1446 -0.0928
v 0.1059 1.1579 -0.1048
v 0.1074 1.1698 -0.1086
v 0.1045 1.1463 -0.1013
v 0.1133 1.1335 -0.0896
v 0.1032 1.1349 -0.0983
v 0.0932 1.1485 -0.1078
v 0.0944 1.1604 -0.1111
v 0.0921 1.1367 -0.1050
v 0.1020 1.1236 -0.0957
v 0.0912 1.1250 -0.1026
v 0.0806 1.1386 -0.1100
v 0.0815 1.1508 -0.1127
v 0.0799 1.1265 -0.1078
v 0.0905 1.1134 -0.1004
v 0.0794 1.1145 -0.1057
v 0.0685 1.1280 -0.1115
v 0.0690 1.1405 -0.1138
v 0.0681 1.1157 -0.1095
v 0.0789 1.1026 -0.1038
v 0.0677 1.1034 -0.1076
v 0.0567 1.1168 -0.1117
v 0.0570 1.1294 -0.1138
v 0.0563 1.1044 -0.1098
v 0.0673 1.0914 -0.1056
v 0.0559 1.0921 -0.1080
v 0.0449 1.1055 -0.1105
v 0.0452 1.1181 -0.1123
v 0.0445 1.0931 -0.1089
v 0.0556 1.0799 -0.1065
v 0.0443 1.0807 -0.1076
v 0.0332 1.0941 -0.1083
v 0.0335 1.1068 -0.1096
v 0.0330 1.0815 -0.1072
v 0.0440 1.0683 -0.1066
v 0.0329 1.0689 -0.1066
v 0.0220 1.0822 -0.1060
v 0.0221 1.0950 -0.1069
v 0.0219 1.0694 -0.1057
v 0.0327 1.0563 -0.1064
v 0.0217 1.0566 -0.1060
v 0.0215 1.0438 -0.1069
v 0.0223 1.1079 -0.1080
v 0.0226 1.1208 -0.1092
v 0.0338 1.1195 -0.1111
v 0.0229 1.1338 -0.1108
v 0.0341 1.1324 -0.1131
v 0.0230 1.1470 -0.1130
v 0.0343 1.1455 -0.1155
v 0.0232 1.1604 -0.1154
v 0.0345 1.1588 -0.1180
v 0.0233 1.1740 -0.1180
v 0.0348 1.1724 -0.1204
v 0.0236 1.1879 -0.1207
v 0.0352 1.1862 -0.1228
v 0.0243 1.2022 -0.1236
v 0.0361 1.2003 -0.1255
v 0.0251 1.2165 -0.1261
v 0.0373 1.2147 -0.1281
v 0.0257 1.2310 -0.1282
v 0.0383 1.2293 -0.1305
v 0.0261 1.2458 -0.1296
v 0.0389 1.2443 -0.1323
v 0.0265 1.2612 -0.1304
v 0.0396 1.2598 -0.1336
v 0.0269 1.2769 -0.1306
v 0.0401 1.2755 -0.1343
v 0.0274 1.2930 -0.1299
v 0.0409 1.2917 -0.1342
v 0.0280 1.3095 -0.1285
v 0.0418 1.3080 -0.1332
v 0.0290 1.3261 -0.1262
v 0.0432 1.3243 -0.1308
v 0.0309 1.3429 -0.1232
v 0.0455 1.3406 -0.1274
v 0.0611 1.3366 -0.1317
v 0.0578 1.3216 -0.1350
v 0.0665 1.3495 -0.1281
v 0.0834 1.3429 -0.1322
v 0.0773 1.3311 -0.1357
v 0.0741 1.3614 -0.1239
v 0.0901 1.3543 -0.1277
v 0.0822 1.3731 -0.1180
v 0.0967 1.3660 -0.1215
v 0.0900 1.3843 -0.1099
v 0.1030 1.3777 -0.1126
v 0.0775 1.3912 -0.1059
v 0.0665 1.3991 -0.1012
v 0.0845 1.3988 -0.0944
v 0.0958 1.3932 -0.0975
v 0.0744 1.4054 -0.0903
v 0.0576 1.4084 -0.0959
v 0.0658 1.4133 -0.0857
v 0.0783 1.4066 -0.0760
v 0.0877 1.4012 -0.0788
v 0.0701 1.4136 -0.0726
v 0.0586 1.4224 -0.0807
v 0.0632 1.4219 -0.0687
v 0.0507 1.4191 -0.0906
v 0.0451 1.4305 -0.0853
v 0.0526 1.4325 -0.0758
v 0.0575 1.4314 -0.0646
v 0.0479 1.4435 -0.0711
v 0.0534 1.4419 -0.0603
v 0.0599 1.4282 -0.0523
v 0.0565 1.4382 -0.0485
v 0.0571 1.4336 -0.0361
v 0.0407 1.4428 -0.0805
v 0.0313 1.4397 -0.0869
v 0.0352 1.4258 -0.0917
v 0.0241 1.4207 -0.0953
v 0.0212 1.4359 -0.0904
v 0.0402 1.4126 -0.0972
v 0.0281 1.4059 -0.1009
v 0.0977 1.3972 -0.0803
v 0.1077 1.3941 -0.0799
v 0.1072 1.3883 -0.0985
v 0.1180 1.3920 -0.0783
v 0.1183 1.3849 -0.0970
v 0.1288 1.3912 -0.0762
v 0.1291 1.3827 -0.0944
v 0.1274 1.3943 -0.0575
v 0.1385 1.3961 -0.0556
v 0.1399 1.3917 -0.0742
v 0.1501 1.3985 -0.0540
v 0.1516 1.3935 -0.0723
v 0.1625 1.4008 -0.0527
v 0.1639 1.3956 -0.0707
v 0.1756 1.4025 -0.0519
v 0.1768 1.3974 -0.0695
v 0.1752 1.4016 -0.0339
v 0.1895 1.4026 -0.0350
v 0.1895 1.4031 -0.0520
v 0.1902 1.3968 -0.0192
v 0.2050 1.3972 -0.0221
v 0.2042 1.4024 -0.0368
v 0.1913 1.3871 -0.0060
v 0.2062 1.3883 -0.0094
v 0.1937 1.3753 0.0042
v 0.2083 1.3774 0.0005
v 0.1984 1.3620 0.0112
v 0.2118 1.3650 0.0076
v 0.2051 1.3469 0.0145
v 0.2165 1.3509 0.0109
v 0.1946 1.3416 0.0185
v 0.2040 1.3253 0.0164
v 0.2126 1.3312 0.0130
v 0.1960 1.3186 0.0196
v 0.2032 1.3040 0.0114
v 0.2106 1.3110 0.0089
v 0.1962 1.2967 0.0137
v 0.2003 1.2857 0.0021
v 0.2073 1.2928 0.0003
v 0.1934 1.2783 0.0038
v 0.1950 1.2711 -0.0098
v 0.2019 1.2783 -0.0114
v 0.1884 1.2637 -0.0082
v 0.1882 1.2594 -0.0230
v 0.1945 1.2667 -0.0245
v 0.1823 1.2516 -0.0214
v 0.1812 1.2492 -0.0370
v 0.1867 1.2571 -0.0384
v 0.1763 1.2410 -0.0355
v 0.1747 1.2400 -0.0519
v 0.1793 1.2484 -0.0533
v 0.1705 1.2314 -0.0504
v 0.1682 1.2316 -0.0674
v 0.1721 1.2405 -0.0689
v 0.1645 1.2224 -0.0654
v 0.1604 1.2238 -0.0821
v 0.1642 1.2333 -0.0842
v 0.1567 1.2141 -0.0795
v 0.1496 1.2169 -0.0947
v 0.1531 1.2272 -0.0975
v 0.1462 1.2066 -0.0915
v 0.1364 1.2107 -0.1042
v 0.1392 1.2220 -0.1072
v 0.1338 1.1994 -0.1008
v 0.1230 1.2036 -0.1112
v 0.1250 1.2159 -0.1145
v 0.1212 1.1914 -0.1077
v 0.1102 1.1947 -0.1163
v 0.1117 1.2077 -0.1199
v 0.1088 1.1820 -0.1125
v 0.0972 1.1850 -0.1187
v 0.0985 1.1980 -0.1227
v 0.0958 1.1724 -0.1148
v 0.0838 1.1754 -0.1192
v 0.0851 1.1882 -0.1228
v 0.0826 1.1630 -0.1157
v 0.0705 1.1657 -0.1191
v 0.0715 1.1785 -0.1220
v 0.0697 1.1530 -0.1164
v 0.0578 1.1551 -0.1186
v 0.0585 1.1682 -0.1211
v 0.0574 1.1422 -0.1161
v 0.0458 1.1438 -0.1167
v 0.0461 1.1570 -0.1192
v 0.0455 1.1309 -0.1144
v 0.0465 1.1705 -0.1215
v 0.0471 1.1841 -0.1238
v 0.0593 1.1815 -0.1236
v 0.0481 1.1978 -0.1265
v 0.0604 1.1948 -0.1265
v 0.0494 1.2119 -0.1294
v 0.0616 1.2086 -0.1299
v 0.0506 1.2266 -0.1325
v 0.0629 1.2230 -0.1334
v 0.0515 1.2418 -0.1349
v 0.0640 1.2382 -0.1365
v 0.0524 1.2574 -0.1368
v 0.0652 1.2538 -0.1389
v 0.0535 1.2733 -0.1379
v 0.0667 1.2699 -0.1404
v 0.0545 1.2894 -0.1381
v 0.0683 1.2861 -0.1409
v 0.0559 1.3056 -0.1374
v 0.0701 1.3021 -0.1404
v 0.0729 1.3175 -0.1386
v 0.0882 1.3116 -0.1402
v 0.0844 1.2974 -0.1415
v 0.0936 1.3240 -0.1377
v 0.1085 1.3166 -0.1364
v 0.1028 1.3041 -0.1388
v 0.0998 1.3358 -0.1343
v 0.1147 1.3285 -0.1329
v 0.1058 1.3473 -0.1295
v 0.1204 1.3401 -0.1282
v 0.1113 1.3594 -0.1226
v 0.1247 1.3536 -0.1212
v 0.1158 1.3727 -0.1124
v 0.1278 1.3690 -0.1101
v 0.1396 1.3672 -0.1067
v 0.1403 1.3818 -0.0915
v 0.1523 1.3829 -0.0888
v 0.1522 1.3682 -0.1029
v 0.1648 1.3851 -0.0866
v 0.1656 1.3707 -0.0995
v 0.1778 1.3871 -0.0848
v 0.1791 1.3734 -0.0967
v 0.1911 1.3884 -0.0833
v 0.1926 1.3753 -0.0946
v 0.1902 1.3981 -0.0686
v 0.2039 1.3979 -0.0681
v 0.2046 1.3889 -0.0820
v 0.2038 1.4027 -0.0526
v 0.2184 1.4015 -0.0536
v 0.2181 1.3969 -0.0680
v 0.2190 1.4014 -0.0389
v 0.2338 1.3997 -0.0410
v 0.2330 1.3999 -0.0547
v 0.2197 1.3967 -0.0251
v 0.2343 1.3956 -0.0280
v 0.2208 1.3888 -0.0130
v 0.2351 1.3883 -0.0164
v 0.2226 1.3786 -0.0033
v 0.2365 1.3789 -0.0068
v 0.2253 1.3669 0.0038
v 0.2383 1.3677 0.0006
v 0.2285 1.3535 0.0075
v 0.2407 1.3548 0.0042
v 0.2325 1.3394 0.0067
v 0.2435 1.3415 0.0038
v 0.2221 1.3360 0.0096
v 0.2268 1.3225 0.0034
v 0.2361 1.3264 0.0008
v 0.2184 1.3172 0.0062
v 0.2221 1.3058 -0.0040
v 0.2299 1.3115 -0.0065
v 0.2146 1.2997 -0.0017
v 0.2160 1.2919 -0.0147
v 0.2233 1.2982 -0.0167
v 0.2088 1.2853 -0.0130
v 0.2081 1.2808 -0.0273
v 0.2153 1.2873 -0.0287
v 0.2012 1.2739 -0.0259
v 0.1997 1.2714 -0.0408
v 0.2067 1.2782 -0.0419
v 0.1930 1.2644 -0.0397
v 0.1911 1.2634 -0.0553
v 0.1979 1.2704 -0.0561
v 0.1848 1.2562 -0.0544
v 0.1821 1.2570 -0.0708
v 0.1885 1.2643 -0.0715
v 0.1766 1.2491 -0.0700
v 0.1725 1.2517 -0.0868
v 0.1778 1.2601 -0.0874
v 0.1681 1.2426 -0.0858
v 0.1610 1.2473 -0.1015
v 0.1654 1.2569 -0.1024
v 0.1569 1.2373 -0.0998
v 0.1459 1.2442 -0.1123
v 0.1498 1.2551 -0.1138
v 0.1424 1.2331 -0.1100
v 0.1302 1.2405 -0.1202
v 0.1333 1.2526 -0.1220
v 0.1274 1.2282 -0.1176
v 0.1153 1.2344 -0.1263
v 0.1176 1.2479 -0.1286
v 0.1134 1.2209 -0.1233
v 0.1013 1.2257 -0.1298
v 0.1030 1.2401 -0.1328
v 0.0999 1.2116 -0.1264
v 0.0877 1.2154 -0.1307
v 0.0890 1.2300 -0.1341
v 0.0864 1.2015 -0.1268
v 0.0740 1.2050 -0.1291
v 0.0753 1.2192 -0.1330
v 0.0727 1.1916 -0.1253
v 0.0765 1.2342 -0.1363
v 0.0779 1.2497 -0.1391
v 0.0906 1.2451 -0.1371
v 0.0797 1.2656 -0.1411
v 0.0925 1.2606 -0.1394
v 0.0819 1.2818 -0.1419
v 0.0951 1.2762 -0.1404
v 0.0985 1.2907 -0.1402
v 0.1116 1.2830 -0.1360
v 0.1078 1.2692 -0.1361
v 0.1159 1.2963 -0.1349
v 0.1282 1.2874 -0.1296
v 0.1241 1.2744 -0.1301
v 0.1214 1.3091 -0.1329
v 0.1332 1.3004 -0.1284
v 0.1459 1.2888 -0.1223
v 0.1411 1.2767 -0.1228
v 0.1592 1.2764 -0.1143
v 0.1541 1.2660 -0.1144
v 0.1655 1.2861 -0.1135
v 0.1766 1.2749 -0.1023
v 0.1706 1.2661 -0.1027
v 0.1738 1.2949 -0.1117
v 0.1839 1.2829 -0.1012
v 0.1839 1.3025 -0.1093
v 0.1921 1.2904 -0.0998
v 0.1752 1.3183 -0.1138
v 0.1885 1.3244 -0.1102
v 0.1949 1.3091 -0.1069
v 0.1683 1.3353 -0.1141
v 0.1838 1.3408 -0.1096
v 0.1666 1.3537 -0.1090
v 0.1809 1.3576 -0.1053
v 0.1947 1.3603 -0.1023
v 0.1974 1.3445 -0.1064
v 0.2082 1.3620 -0.0997
v 0.2107 1.3469 -0.1037
v 0.2062 1.3764 -0.0926
v 0.2198 1.3770 -0.0908
v 0.2214 1.3631 -0.0974
v 0.2186 1.3886 -0.0808
v 0.2327 1.3879 -0.0800
v 0.2335 1.3770 -0.0894
v 0.2325 1.3956 -0.0681
v 0.2471 1.3941 -0.0684
v 0.2470 1.3869 -0.0796
v 0.2478 1.3980 -0.0559
v 0.2623 1.3961 -0.0568
v 0.2617 1.3926 -0.0688
v 0.2484 1.3978 -0.0429
v 0.2626 1.3958 -0.0444
v 0.2486 1.3939 -0.0305
v 0.2624 1.3922 -0.0322
v 0.2489 1.3873 -0.0192
v 0.2622 1.3861 -0.0210
v 0.2498 1.3785 -0.0095
v 0.2625 1.3777 -0.0113
v 0.2510 1.3676 -0.0022
v 0.2634 1.3673 -0.0041
v 0.2528 1.3553 0.0015
v 0.2647 1.3556 -0.0004
v 0.2548 1.3428 0.0013
v 0.2662 1.3434 -0.0005
v 0.2565 1.3311 -0.0035
v 0.2673 1.3320 -0.0050
v 0.2460 1.3291 -0.0015
v 0.2476 1.3195 -0.0108
v 0.2575 1.3217 -0.0124
v 0.2384 1.3159 -0.0087
v 0.2391 1.3089 -0.0207
v 0.2482 1.3125 -0.0223
v 0.2309 1.3040 -0.0187
v 0.2306 1.2993 -0.0319
v 0.2391 1.3041 -0.0335
v 0.2228 1.2936 -0.0303
v 0.2218 1.2907 -0.0441
v 0.2300 1.2961 -0.0453
v 0.2141 1.2847 -0.0429
v 0.2127 1.2834 -0.0574
v 0.2207 1.2892 -0.0581
v 0.2050 1.2771 -0.0568
v 0.2028 1.2778 -0.0721
v 0.2106 1.2842 -0.0721
v 0.1955 1.2711 -0.0719
v 0.1911 1.2751 -0.0875
v 0.1987 1.2820 -0.0869
v 0.1841 1.2679 -0.0876
v 0.2070 1.2885 -0.0863
v 0.2015 1.2969 -0.0985
v 0.2114 1.3022 -0.0976
v 0.2159 1.2941 -0.0859
v 0.2061 1.3144 -0.1052
v 0.2177 1.3186 -0.1034
v 0.2217 1.3069 -0.0967
v 0.2012 1.3290 -0.1075
v 0.2140 1.3323 -0.1051
v 0.2267 1.3348 -0.1031
v 0.2298 1.3217 -0.1018
v 0.2237 1.3487 -0.1015
v 0.2366 1.3502 -0.0998
v 0.2393 1.3366 -0.1014
v 0.2346 1.3639 -0.0956
v 0.2480 1.3643 -0.0947
v 0.2495 1.3511 -0.0987
v 0.2472 1.3767 -0.0886
v 0.2611 1.3761 -0.0882
v 0.2614 1.3644 -0.0942
v 0.2613 1.3858 -0.0795
v 0.2754 1.3846 -0.0794
v 0.2749 1.3754 -0.0880
v 0.2760 1.3911 -0.0690
v 0.2898 1.3897 -0.0690
v 0.2892 1.3834 -0.0793
v 0.2764 1.3943 -0.0573
v 0.2900 1.3927 -0.0572
v 0.2763 1.3940 -0.0450
v 0.2895 1.3926 -0.0450
v 0.2758 1.3908 -0.0329
v 0.2887 1.3897 -0.0329
v 0.2752 1.3851 -0.0217
v 0.2878 1.3843 -0.0216
v 0.2750 1.3771 -0.0121
v 0.2874 1.3767 -0.0120
v 0.2756 1.3671 -0.0050
v 0.2877 1.3669 -0.0050
v 0.2766 1.3556 -0.0014
v 0.2883 1.3554 -0.0016
v 0.2776 1.3436 -0.0015
v 0.2891 1.3435 -0.0018
v 0.2784 1.3323 -0.0058
v 0.2896 1.3323 -0.0060
v 0.2789 1.3230 -0.0138
v 0.2900 1.3231 -0.0138
v 0.2680 1.3227 -0.0134
v 0.2684 1.3155 -0.0238
v 0.2791 1.3158 -0.0240
v 0.2580 1.3145 -0.0233
v 0.2582 1.3092 -0.0353
v 0.2686 1.3100 -0.0355
v 0.2483 1.3074 -0.0346
v 0.2482 1.3037 -0.0474
v 0.2583 1.3054 -0.0477
v 0.2388 1.3006 -0.0465
v 0.2382 1.2987 -0.0598
v 0.2479 1.3017 -0.0603
v 0.2292 1.2944 -0.0589
v 0.2278 1.2948 -0.0726
v 0.2371 1.2991 -0.0730
v 0.2190 1.2898 -0.0723
v 0.2253 1.2990 -0.0857
v 0.2352 1.3029 -0.0855
v 0.2327 1.3105 -0.0959
v 0.2442 1.3129 -0.0951
v 0.2460 1.3054 -0.0853
v 0.2420 1.3239 -0.1003
v 0.2543 1.3254 -0.0991
v 0.2562 1.3144 -0.0940
v 0.2518 1.3379 -0.1002
v 0.2643 1.3388 -0.0993
v 0.2666 1.3264 -0.0980
v 0.2623 1.3517 -0.0979
v 0.2753 1.3519 -0.0975
v 0.2767 1.3393 -0.0987
v 0.2747 1.3642 -0.0940
v 0.2880 1.3639 -0.0938
v 0.2882 1.3520 -0.0974
v 0.2884 1.3747 -0.0878
v 0.3018 1.3739 -0.0876
v 0.3012 1.3635 -0.0938
v 0.3026 1.3823 -0.0790
v 0.3158 1.3813 -0.0786
v 0.3151 1.3731 -0.0873
v 0.3031 1.3884 -0.0687
v 0.3161 1.3872 -0.0682
v 0.3030 1.3914 -0.0570
v 0.3156 1.3902 -0.0564
v 0.3023 1.3914 -0.0446
v 0.3146 1.3903 -0.0440
v 0.3012 1.3887 -0.0324
v 0.3133 1.3879 -0.0318
v 0.3002 1.3836 -0.0212
v 0.3123 1.3830 -0.0205
v 0.2996 1.3763 -0.0115
v 0.3118 1.3758 -0.0109
v 0.2997 1.3665 -0.0046
v 0.3118 1.3662 -0.0039
v 0.3001 1.3552 -0.0013
v 0.3121 1.3549 -0.0008
v 0.3006 1.3434 -0.0015
v 0.3125 1.3433 -0.0010
v 0.3011 1.3323 -0.0057
v 0.3128 1.3324 -0.0052
v 0.3015 1.3232 -0.0134
v 0.3132 1.3234 -0.0128
v 0.3018 1.3161 -0.0232
v 0.3135 1.3163 -0.0225
v 0.2903 1.3159 -0.0237
v 0.2906 1.3106 -0.0348
v 0.3021 1.3108 -0.0342
v 0.2794 1.3104 -0.0353
v 0.2797 1.3066 -0.0473
v 0.2910 1.3068 -0.0466
v 0.2688 1.3062 -0.0477
v 0.2690 1.3041 -0.0602
v 0.2801 1.3044 -0.0595
v 0.2582 1.3032 -0.0605
v 0.2579 1.3034 -0.0730
v 0.2690 1.3043 -0.0725
v 0.2472 1.3018 -0.0732
v 0.2573 1.3070 -0.0847
v 0.2689 1.3081 -0.0838
v 0.2682 1.3156 -0.0929
v 0.2801 1.3164 -0.0919
v 0.2806 1.3088 -0.0829
v 0.2788 1.3271 -0.0972
v 0.2910 1.3277 -0.0966
v 0.2921 1.3170 -0.0911
v 0.2894 1.3398 -0.0984
v 0.3021 1.3400 -0.0982
v 0.3032 1.3281 -0.0961
v 0.3012 1.3521 -0.0973
v 0.3143 1.3519 -0.0971
v 0.3148 1.3401 -0.0979
v 0.3144 1.3631 -0.0936
v 0.3277 1.3624 -0.0933
v 0.3275 1.3514 -0.0969
v 0.3283 1.3722 -0.0868
v 0.3411 1.3713 -0.0860
v 0.3409 1.3616 -0.0927
v 0.3288 1.3803 -0.0779
v 0.3413 1.3792 -0.0768
v 0.3287 1.3861 -0.0674
v 0.3409 1.3851 -0.0662
v 0.3279 1.3891 -0.0556
v 0.3398 1.3882 -0.0544
v 0.3265 1.3894 -0.0432
v 0.3382 1.3886 -0.0421
v 0.3252 1.3872 -0.0310
v 0.3369 1.3866 -0.0300
v 0.3242 1.3825 -0.0197
v 0.3360 1.3822 -0.0188
v 0.3238 1.3754 -0.0101
v 0.3359 1.3752 -0.0093
v 0.3239 1.3658 -0.0033
v 0.3362 1.3656 -0.0028
v 0.3243 1.3546 -0.0003
v 0.3366 1.3545 0.0001
v 0.3246 1.3432 -0.0006
v 0.3371 1.3431 -0.0003
v 0.3249 1.3325 -0.0046
v 0.3373 1.3326 -0.0041
v 0.3251 1.3236 -0.0121
v 0.3372 1.3238 -0.0115
v 0.3252 1.3166 -0.0217
v 0.3369 1.3167 -0.0211
v 0.3252 1.3111 -0.0328
v 0.3367 1.3111 -0.0321
v 0.3137 1.3110 -0.0335
v 0.3140 1.3072 -0.0453
v 0.3255 1.3073 -0.0446
v 0.3025 1.3070 -0.0459
v 0.3031 1.3048 -0.0581
v 0.3147 1.3051 -0.0574
v 0.2915 1.3046 -0.0588
v 0.2921 1.3050 -0.0709
v 0.3038 1.3053 -0.0702
v 0.2805 1.3047 -0.0717
v 0.2924 1.3092 -0.0821
v 0.3042 1.3097 -0.0814
v 0.3040 1.3176 -0.0904
v 0.3161 1.3180 -0.0898
v 0.3161 1.3102 -0.0808
v 0.3156 1.3284 -0.0956
v 0.3282 1.3286 -0.0951
v 0.3284 1.3184 -0.0893
v 0.3277 1.3399 -0.0975
v 0.3411 1.3395 -0.0968
v 0.3412 1.3284 -0.0943
v 0.3409 1.3508 -0.0963
v 0.3542 1.3502 -0.0948
v 0.3545 1.3390 -0.0952
v 0.3538 1.3610 -0.0913
v 0.3663 1.3608 -0.0889
v 0.3669 1.3500 -0.0921
v 0.3535 1.3704 -0.0845
v 0.3655 1.3700 -0.0823
v 0.3532 1.3781 -0.0752
v 0.3648 1.3773 -0.0732
v 0.3527 1.3841 -0.0645
v 0.3641 1.3831 -0.0625
v 0.3515 1.3874 -0.0527
v 0.3630 1.3867 -0.0509
v 0.3499 1.3881 -0.0407
v 0.3616 1.3876 -0.0391
v 0.3486 1.3863 -0.0288
v 0.3606 1.3860 -0.0276
v 0.3480 1.3821 -0.0179
v 0.3602 1.3819 -0.0170
v 0.3480 1.3751 -0.0087
v 0.3603 1.3750 -0.0081
v 0.3485 1.3654 -0.0025
v 0.3609 1.3654 -0.0023
v 0.3491 1.3544 0.0002
v 0.3617 1.3545 0.0001
v 0.3497 1.3432 -0.0002
v 0.3624 1.3434 -0.0005
v 0.3499 1.3327 -0.0040
v 0.3626 1.3330 -0.0043
v 0.3495 1.3239 -0.0112
v 0.3619 1.3240 -0.0113
v 0.3487 1.3167 -0.0207
v 0.3607 1.3165 -0.0204
v 0.3482 1.3109 -0.0315
v 0.3598 1.3105 -0.0309
v 0.3483 1.3070 -0.0433
v 0.3597 1.3064 -0.0426
v 0.3369 1.3073 -0.0440
v 0.3377 1.3054 -0.0563
v 0.3492 1.3051 -0.0556
v 0.3263 1.3054 -0.0569
v 0.3273 1.3061 -0.0691
v 0.3390 1.3062 -0.0685
v 0.3155 1.3057 -0.0696
v 0.3280 1.3106 -0.0803
v 0.3401 1.3107 -0.0796
v 0.3409 1.3185 -0.0885
v 0.3536 1.3183 -0.0870
v 0.3523 1.3106 -0.0784
v 0.3544 1.3281 -0.0926
v 0.3672 1.3278 -0.0899
v 0.3663 1.3181 -0.0845
v 0.3673 1.3388 -0.0923
v 0.3792 1.3390 -0.0890
v 0.3792 1.3282 -0.0863
v 0.3787 1.3501 -0.0888
v 0.3901 1.3502 -0.0860
v 0.3904 1.3394 -0.0860
v 0.3782 1.3608 -0.0859
v 0.3896 1.3606 -0.0829
v 0.3774 1.3699 -0.0797
v 0.3889 1.3698 -0.0771
v 0.3763 1.3769 -0.0709
v 0.3879 1.3768 -0.0686
v 0.3753 1.3823 -0.0605
v 0.3868 1.3820 -0.0587
v 0.3744 1.3859 -0.0492
v 0.3860 1.3854 -0.0477
v 0.3734 1.3870 -0.0376
v 0.3854 1.3865 -0.0365
v 0.3727 1.3856 -0.0265
v 0.3852 1.3853 -0.0257
v 0.3726 1.3817 -0.0162
v 0.3853 1.3815 -0.0157
v 0.3729 1.3749 -0.0077
v 0.3858 1.3748 -0.0076
v 0.3736 1.3655 -0.0022
v 0.3865 1.3656 -0.0024
v 0.3744 1.3548 -0.0002
v 0.3873 1.3551 -0.0007
v 0.3752 1.3438 -0.0010
v 0.3879 1.3443 -0.0017
v 0.3752 1.3334 -0.0049
v 0.3877 1.3339 -0.0057
v 0.3743 1.3242 -0.0116
v 0.3866 1.3244 -0.0121
v 0.3728 1.3163 -0.0203
v 0.3849 1.3161 -0.0204
v 0.3716 1.3099 -0.0305
v 0.3839 1.3097 -0.0299
v 0.3716 1.3059 -0.0414
v 0.3841 1.3058 -0.0402
v 0.3729 1.3045 -0.0526
v 0.3855 1.3047 -0.0509
v 0.3608 1.3047 -0.0544
v 0.3627 1.3058 -0.0659
v 0.3750 1.3059 -0.0636
v 0.3507 1.3060 -0.0676
v 0.3647 1.3104 -0.0763
v 0.3770 1.3107 -0.0734
v 0.3785 1.3185 -0.0810
v 0.3901 1.3195 -0.0778
v 0.3891 1.3116 -0.0705
v 0.3905 1.3289 -0.0830
v 0.4017 1.3297 -0.0808
v 0.4017 1.3204 -0.0757
v 0.4015 1.3397 -0.0839
v 0.4127 1.3402 -0.0831
v 0.4132 1.3303 -0.0800
v 0.4011 1.3502 -0.0840
v 0.4122 1.3504 -0.0833
v 0.4007 1.3603 -0.0808
v 0.4118 1.3603 -0.0799
v 0.4002 1.3693 -0.0749
v 0.4113 1.3691 -0.0739
v 0.3994 1.3766 -0.0668
v 0.4107 1.3766 -0.0659
v 0.3984 1.3820 -0.0572
v 0.4102 1.3822 -0.0566
v 0.3978 1.3853 -0.0467
v 0.4099 1.3855 -0.0463
v 0.3976 1.3864 -0.0359
v 0.4100 1.3866 -0.0358
v 0.3977 1.3852 -0.0254
v 0.4105 1.3854 -0.0255
v 0.3982 1.3814 -0.0157
v 0.4112 1.3815 -0.0162
v 0.3989 1.3747 -0.0079
v 0.4121 1.3748 -0.0087
v 0.3997 1.3657 -0.0030
v 0.4129 1.3658 -0.0040
v 0.4003 1.3554 -0.0015
v 0.4134 1.3556 -0.0027
v 0.4007 1.3447 -0.0028
v 0.4134 1.3450 -0.0040
v 0.4002 1.3343 -0.0067
v 0.4126 1.3345 -0.0077
v 0.3989 1.3246 -0.0127
v 0.4113 1.3247 -0.0134
v 0.3974 1.3162 -0.0205
v 0.4100 1.3163 -0.0207
v 0.3966 1.3097 -0.0294
v 0.4095 1.3098 -0.0290
v 0.3970 1.3059 -0.0392
v 0.4100 1.3061 -0.0386
v 0.3983 1.3052 -0.0495
v 0.4111 1.3060 -0.0488
v 0.3999 1.3075 -0.0596
v 0.4123 1.3087 -0.0587
v 0.3875 1.3065 -0.0613
v 0.4011 1.3128 -0.0686
v 0.4131 1.3140 -0.0676
v 0.4134 1.3214 -0.0748
v 0.4254 1.3221 -0.0749
v 0.4252 1.3148 -0.0675
v 0.4249 1.3309 -0.0803
v 0.4370 1.3316 -0.0808
v 0.4374 1.3228 -0.0751
v 0.4242 1.3406 -0.0836
v 0.4361 1.3414 -0.0845
v 0.4235 1.3508 -0.0840
v 0.4352 1.3517 -0.0850
v 0.4229 1.3607 -0.0805
v 0.4343 1.3616 -0.0817
v 0.4225 1.3696 -0.0743
v 0.4338 1.3706 -0.0756
v 0.4221 1.3770 -0.0662
v 0.4336 1.3780 -0.0675
v 0.4220 1.3826 -0.0569
v 0.4338 1.3835 -0.0581
v 0.4221 1.3860 -0.0467
v 0.4343 1.3868 -0.0479
v 0.4226 1.3871 -0.0363
v 0.4351 1.3878 -0.0375
v 0.4233 1.3857 -0.0262
v 0.4361 1.3863 -0.0274
v 0.4243 1.3818 -0.0171
v 0.4371 1.3821 -0.0183
v 0.4252 1.3750 -0.0098
v 0.4380 1.3752 -0.0112
v 0.4259 1.3660 -0.0053
v 0.4386 1.3660 -0.0069
v 0.4261 1.3557 -0.0041
v 0.4385 1.3557 -0.0058
v 0.4258 1.3451 -0.0054
v 0.4379 1.3449 -0.0069
v 0.4249 1.3345 -0.0089
v 0.4370 1.3343 -0.0101
v 0.4237 1.3247 -0.0142
v 0.4360 1.3246 -0.0152
v 0.4227 1.3163 -0.0210
v 0.4354 1.3163 -0.0216
v 0.4224 1.3099 -0.0291
v 0.4352 1.3098 -0.0295
v 0.4228 1.3064 -0.0385
v 0.4354 1.3063 -0.0388
v 0.4235 1.3065 -0.0486
v 0.4359 1.3066 -0.0489
v 0.4245 1.3095 -0.0585
v 0.4366 1.3097 -0.0587
v 0.4372 1.3152 -0.0676
v 0.4492 1.3156 -0.0675
v 0.4487 1.3097 -0.0587
v 0.4493 1.3234 -0.0748
v 0.4610 1.3238 -0.0746
v 0.4611 1.3158 -0.0673
v 0.4489 1.3325 -0.0808
v 0.4606 1.3330 -0.0806
v 0.4481 1.3423 -0.0848
v 0.4601 1.3429 -0.0848
v 0.4472 1.3526 -0.0856
v 0.4593 1.3534 -0.0857
v 0.4462 1.3627 -0.0825
v 0.4585 1.3635 -0.0829
v 0.4456 1.3717 -0.0767
v 0.4578 1.3725 -0.0775
v 0.4454 1.3790 -0.0688
v 0.4577 1.3797 -0.0698
v 0.4458 1.3843 -0.0595
v 0.4581 1.3848 -0.0606
v 0.4466 1.3876 -0.0493
v 0.4589 1.3881 -0.0506
v 0.4476 1.3884 -0.0389
v 0.4599 1.3888 -0.0401
v 0.4487 1.3866 -0.0287
v 0.4610 1.3868 -0.0299
v 0.4497 1.3822 -0.0197
v 0.4620 1.3822 -0.0207
v 0.4505 1.3751 -0.0126
v 0.4626 1.3749 -0.0135
v 0.4508 1.3658 -0.0082
v 0.4628 1.3654 -0.0091
v 0.4506 1.3553 -0.0071
v 0.4625 1.3549 -0.0077
v 0.4499 1.3446 -0.0080
v 0.4617 1.3441 -0.0085
v 0.4489 1.3340 -0.0109
v 0.4609 1.3336 -0.0111
v 0.4482 1.3244 -0.0158
v 0.4604 1.3240 -0.0158
v 0.4479 1.3160 -0.0221
v 0.4603 1.3157 -0.0221
v 0.4478 1.3096 -0.0299
v 0.4605 1.3094 -0.0300
v 0.4480 1.3061 -0.0391
v 0.4607 1.3059 -0.0393
v 0.4483 1.3063 -0.0491
v 0.4609 1.3063 -0.0492
v 0.4610 1.3098 -0.0587
v 0.4734 1.3102 -0.0588
v 0.4736 1.3066 -0.0493
v 0.4731 1.3161 -0.0674
v 0.4852 1.3167 -0.0677
v 0.4858 1.3109 -0.0590
v 0.4727 1.3241 -0.0748
v 0.4846 1.3244 -0.0751
v 0.4724 1.3333 -0.0807
v 0.4843 1.3335 -0.0809
v 0.4721 1.3432 -0.0848
v 0.4841 1.3434 -0.0847
v 0.4715 1.3537 -0.0858
v 0.4837 1.3539 -0.0857
v 0.4709 1.3639 -0.0833
v 0.4832 1.3640 -0.0835
v 0.4703 1.3729 -0.0781
v 0.4828 1.3730 -0.0785
v 0.4702 1.3800 -0.0705
v 0.4827 1.3800 -0.0710
v 0.4705 1.3851 -0.0614
v 0.4830 1.3850 -0.0620
v 0.4712 1.3883 -0.0515
v 0.4835 1.3881 -0.0521
v 0.4722 1.3889 -0.0410
v 0.4843 1.3886 -0.0418
v 0.4731 1.3867 -0.0308
v 0.4851 1.3864 -0.0316
v 0.4740 1.3820 -0.0216
v 0.4859 1.3816 -0.0224
v 0.4746 1.3745 -0.0143
v 0.4864 1.3741 -0.0152
v 0.4747 1.3650 -0.0098
v 0.4865 1.3646 -0.0107
v 0.4743 1.3544 -0.0082
v 0.4862 1.3541 -0.0090
v 0.4737 1.3437 -0.0088
v 0.4856 1.3435 -0.0095
v 0.4730 1.3333 -0.0113
v 0.4852 1.3333 -0.0118
v 0.4727 1.3238 -0.0158
v 0.4850 1.3239 -0.0161
v 0.4728 1.3157 -0.0221
v 0.4853 1.3160 -0.0223
v 0.4731 1.3095 -0.0301
v 0.4857 1.3101 -0.0303
v 0.4735 1.3062 -0.0394
v 0.4861 1.3069 -0.0396
v 0.4862 1.3074 -0.0496
v 0.4986 1.3086 -0.0498
v 0.4986 1.3081 -0.0399
v 0.4982 1.3120 -0.0593
v 0.5104 1.3133 -0.0593
v 0.5109 1.3101 -0.0499
v 0.4974 1.3176 -0.0679
v 0.5097 1.3188 -0.0679
v 0.4967 1.3250 -0.0753
v 0.5091 1.3259 -0.0751
v 0.4964 1.3338 -0.0809
v 0.5087 1.3345 -0.0806
v 0.4962 1.3436 -0.0845
v 0.5085 1.3441 -0.0840
v 0.4960 1.3539 -0.0854
v 0.5082 1.3541 -0.0849
v 0.4956 1.3640 -0.0834
v 0.5080 1.3639 -0.0831
v 0.4952 1.3729 -0.0786
v 0.5077 1.3727 -0.0785
v 0.4951 1.3798 -0.0713
v 0.5075 1.3795 -0.0713
v 0.4953 1.3848 -0.0624
v 0.5076 1.3844 -0.0626
v 0.4957 1.3877 -0.0526
v 0.5079 1.3873 -0.0529
v 0.4964 1.3882 -0.0424
v 0.5084 1.3877 -0.0429
v 0.4971 1.3859 -0.0323
v 0.5090 1.3854 -0.0331
v 0.4977 1.3811 -0.0233
v 0.5096 1.3805 -0.0242
v 0.4982 1.3736 -0.0162
v 0.5099 1.3732 -0.0173
v 0.4982 1.3642 -0.0119
v 0.5099 1.3640 -0.0131
v 0.4980 1.3540 -0.0101
v 0.5097 1.3539 -0.0112
v 0.4976 1.3436 -0.0105
v 0.5095 1.3438 -0.0115
v 0.4973 1.3335 -0.0126
v 0.5094 1.3340 -0.0135
v 0.4974 1.3244 -0.0166
v 0.5097 1.3250 -0.0173
v 0.4978 1.3167 -0.0228
v 0.5102 1.3176 -0.0234
v 0.4983 1.3110 -0.0307
v 0.5107 1.3123 -0.0311
v 0.5110 1.3096 -0.0402
v 0.5233 1.3114 -0.0404
v 0.5230 1.3139 -0.0316
v 0.5232 1.3117 -0.0499
v 0.5354 1.3135 -0.0497
v 0.5355 1.3132 -0.0405
v 0.5227 1.3148 -0.0591
v 0.5350 1.3164 -0.0588
v 0.5221 1.3200 -0.0676
v 0.5344 1.3214 -0.0671
v 0.5215 1.3270 -0.0747
v 0.5339 1.3283 -0.0741
v 0.5211 1.3354 -0.0801
v 0.5335 1.3364 -0.0794
v 0.5208 1.3447 -0.0833
v 0.5331 1.3454 -0.0825
v 0.5206 1.3543 -0.0842
v 0.5329 1.3547 -0.0833
v 0.5203 1.3638 -0.0825
v 0.5327 1.3638 -0.0817
v 0.5201 1.3724 -0.0781
v 0.5325 1.3721 -0.0775
v 0.5199 1.3791 -0.0711
v 0.5323 1.3787 -0.0708
v 0.5198 1.3840 -0.0626
v 0.5322 1.3835 -0.0625
v 0.5201 1.3868 -0.0532
v 0.5323 1.3863 -0.0533
v 0.5205 1.3871 -0.0433
v 0.5326 1.3866 -0.0437
v 0.5210 1.3848 -0.0337
v 0.5330 1.3842 -0.0343
v 0.5214 1.3800 -0.0251
v 0.5333 1.3794 -0.0259
v 0.5216 1.3727 -0.0184
v 0.5333 1.3722 -0.0193
v 0.5216 1.3637 -0.0142
v 0.5332 1.3635 -0.0152
v 0.5214 1.3539 -0.0124
v 0.5331 1.3540 -0.0133
v 0.5213 1.3441 -0.0125
v 0.5331 1.3445 -0.0134
v 0.5214 1.3346 -0.0144
v 0.5335 1.3354 -0.0152
v 0.5219 1.3260 -0.0181
v 0.5340 1.3271 -0.0188
v 0.5225 1.3189 -0.0239
v 0.5347 1.3203 -0.0244
v 0.5352 1.3156 -0.0319
v 0.5474 1.3173 -0.0320
v 0.5468 1.3219 -0.0247
v 0.5477 1.3150 -0.0405
v 0.5598 1.3169 -0.0403
v 0.5595 1.3192 -0.0320
v 0.5476 1.3152 -0.0495
v 0.5598 1.3170 -0.0491
v 0.5473 1.3180 -0.0584
v 0.5594 1.3197 -0.0579
v 0.5467 1.3229 -0.0666
v 0.5590 1.3244 -0.0661
v 0.5463 1.3296 -0.0736
v 0.5586 1.3309 -0.0729
v 0.5458 1.3375 -0.0787
v 0.5582 1.3387 -0.0779
v 0.5455 1.3462 -0.0817
v 0.5579 1.3470 -0.0808
v 0.5453 1.3551 -0.0824
v 0.5577 1.3555 -0.0815
v 0.5451 1.3639 -0.0809
v 0.5575 1.3639 -0.0800
v 0.5449 1.3719 -0.0768
v 0.5573 1.3717 -0.0761
v 0.5447 1.3783 -0.0704
v 0.5571 1.3779 -0.0699
v 0.5445 1.3830 -0.0624
v 0.5570 1.3825 -0.0622
v 0.5446 1.3858 -0.0534
v 0.5570 1.3853 -0.0533
v 0.5448 1.3860 -0.0439
v 0.5571 1.3854 -0.0439
v 0.5450 1.3836 -0.0347
v 0.5571 1.3829 -0.0349
v 0.5451 1.3788 -0.0264
v 0.5570 1.3782 -0.0267
v 0.5451 1.3718 -0.0200
v 0.5568 1.3714 -0.0204
v 0.5449 1.3633 -0.0159
v 0.5566 1.3632 -0.0164
v 0.5448 1.3542 -0.0141
v 0.5565 1.3545 -0.0146
v 0.5449 1.3451 -0.0141
v 0.5567 1.3457 -0.0146
v 0.5454 1.3363 -0.0158
v 0.5573 1.3374 -0.0162
v 0.5461 1.3284 -0.0192
v 0.5581 1.3298 -0.0196
v 0.5589 1.3236 -0.0249
v 0.5709 1.3254 -0.0250
v 0.5700 1.3313 -0.0198
v 0.5715 1.3212 -0.0319
v 0.5835 1.3232 -0.0317
v 0.5828 1.3273 -0.0251
v 0.5719 1.3189 -0.0400
v 0.5838 1.3209 -0.0396
v 0.5719 1.3188 -0.0487
v 0.5839 1.3206 -0.0483
v 0.5716 1.3213 -0.0574
v 0.5836 1.3230 -0.0569
v 0.5712 1.3260 -0.0655
v 0.5833 1.3276 -0.0648
v 0.5708 1.3323 -0.0722
v 0.5830 1.3336 -0.0713
v 0.5705 1.3398 -0.0770
v 0.5827 1.3408 -0.0759
v 0.5703 1.3478 -0.0798
v 0.5826 1.3485 -0.0786
v 0.5701 1.3559 -0.0805
v 0.5824 1.3563 -0.0792
v 0.5699 1.3640 -0.0789
v 0.5823 1.3640 -0.0777
v 0.5698 1.3714 -0.0753
v 0.5822 1.3711 -0.0742
v 0.5696 1.3775 -0.0693
v 0.5821 1.3769 -0.0686
v 0.5695 1.3820 -0.0619
v 0.5820 1.3813 -0.0613
v 0.5695 1.3846 -0.0531
v 0.5820 1.3838 -0.0528
v 0.5694 1.3847 -0.0438
v 0.5818 1.3838 -0.0435
v 0.5693 1.3822 -0.0349
v 0.5815 1.3813 -0.0347
v 0.5690 1.3775 -0.0269
v 0.5810 1.3768 -0.0269
v 0.5687 1.3709 -0.0206
v 0.5805 1.3705 -0.0207
v 0.5683 1.3631 -0.0167
v 0.5801 1.3630 -0.0169
v 0.5682 1.3547 -0.0149
v 0.5800 1.3551 -0.0152
v 0.5685 1.3465 -0.0149
v 0.5803 1.3472 -0.0152
v 0.5691 1.3386 -0.0165
v 0.5809 1.3397 -0.0167
v 0.5818 1.3329 -0.0200
v 0.5936 1.3345 -0.0200
v 0.5927 1.3410 -0.0168
v 0.5945 1.3292 -0.0250
v 0.6062 1.3310 -0.0250
v 0.6052 1.3360 -0.0200
v 0.5953 1.3252 -0.0316
v 0.6069 1.3272 -0.0314
v 0.5957 1.3229 -0.0393
v 0.6075 1.3248 -0.0391
v 0.5959 1.3225 -0.0479
v 0.6077 1.3243 -0.0475
v 0.5956 1.3247 -0.0564
v 0.6076 1.3264 -0.0559
v 0.5953 1.3291 -0.0640
v 0.6074 1.3306 -0.0633
v 0.5951 1.3349 -0.0703
v 0.6072 1.3360 -0.0693
v 0.5949 1.3418 -0.0747
v 0.6071 1.3425 -0.0736
v 0.5948 1.3491 -0.0773
v 0.6070 1.3496 -0.0760
v 0.5948 1.3566 -0.0778
v 0.6071 1.3566 -0.0765
v 0.5948 1.3638 -0.0764
v 0.6072 1.3636 -0.0752
v 0.5947 1.3706 -0.0730
v 0.6073 1.3701 -0.0719
v 0.5947 1.3763 -0.0677
v 0.6073 1.3755 -0.0666
v 0.5946 1.3804 -0.0606
v 0.6073 1.3795 -0.0598
v 0.5946 1.3827 -0.0523
v 0.6072 1.3816 -0.0516
v 0.5943 1.3827 -0.0431
v 0.6069 1.3815 -0.0425
v 0.5938 1.3803 -0.0344
v 0.6062 1.3792 -0.0339
v 0.5931 1.3760 -0.0267
v 0.6053 1.3751 -0.0264
v 0.5925 1.3700 -0.0207
v 0.6045 1.3695 -0.0206
v 0.5920 1.3629 -0.0170
v 0.6040 1.3629 -0.0169
v 0.5918 1.3555 -0.0153
v 0.6037 1.3559 -0.0152
v 0.5921 1.3481 -0.0153
v 0.6039 1.3489 -0.0152
v 0.6044 1.3421 -0.0166
v 0.6161 1.3431 -0.0163
v 0.6157 1.3496 -0.0148
v 0.6168 1.3373 -0.0198
v 0.6282 1.3382 -0.0192
v 0.6277 1.3437 -0.0156
v 0.6176 1.3326 -0.0248
v 0.6289 1.3335 -0.0243
v 0.6184 1.3289 -0.0312
v 0.6298 1.3300 -0.0307
v 0.6191 1.3265 -0.0388
v 0.6306 1.3277 -0.0383
v 0.6195 1.3259 -0.0471
v 0.6312 1.3271 -0.0466
v 0.6195 1.3279 -0.0553
v 0.6313 1.3290 -0.0547
v 0.6194 1.3318 -0.0625
v 0.6313 1.3326 -0.0618
v 0.6193 1.3369 -0.0684
v 0.6313 1.3374 -0.0674
v 0.6192 1.3430 -0.0725
v 0.6314 1.3432 -0.0716
v 0.6193 1.3497 -0.0748
v 0.6315 1.3497 -0.0739
v 0.6194 1.3566 -0.0754
v 0.6318 1.3564 -0.0745
v 0.6197 1.3634 -0.0741
v 0.6322 1.3630 -0.0732
v 0.6199 1.3696 -0.0708
v 0.6326 1.3690 -0.0699
v 0.6200 1.3747 -0.0656
v 0.6329 1.3739 -0.0647
v 0.6201 1.3785 -0.0589
v 0.6331 1.3776 -0.0580
v 0.6200 1.3805 -0.0509
v 0.6330 1.3794 -0.0500
v 0.6196 1.3804 -0.0419
v 0.6324 1.3793 -0.0410
v 0.6187 1.3782 -0.0333
v 0.6314 1.3772 -0.0324
v 0.6177 1.3743 -0.0260
v 0.6303 1.3735 -0.0252
v 0.6167 1.3692 -0.0203
v 0.6291 1.3687 -0.0196
v 0.6160 1.3630 -0.0166
v 0.6283 1.3629 -0.0159
v 0.6157 1.3563 -0.0149
v 0.6277 1.3565 -0.0141
v 0.6275 1.3499 -0.0140
v 0.6393 1.3499 -0.0127
v 0.6398 1.3564 -0.0128
v 0.6392 1.3438 -0.0144
v 0.6509 1.3433 -0.0122
v 0.6514 1.3495 -0.0105
v 0.6395 1.3383 -0.0180
v 0.6508 1.3380 -0.0160
v 0.6401 1.3339 -0.0232
v 0.6511 1.3338 -0.0214
v 0.6410 1.3305 -0.0297
v 0.6518 1.3306 -0.0282
v 0.6419 1.3284 -0.0375
v 0.6526 1.3286 -0.0364
v 0.6426 1.3278 -0.0460
v 0.6535 1.3281 -0.0453
v 0.6429 1.3296 -0.0541
v 0.6542 1.3298 -0.0536
v 0.6431 1.3330 -0.0611
v 0.6548 1.3329 -0.0606
v 0.6433 1.3375 -0.0667
v 0.6552 1.3372 -0.0662
v 0.6435 1.3429 -0.0709
v 0.6557 1.3424 -0.0705
v 0.6438 1.3493 -0.0733
v 0.6562 1.3485 -0.0730
v 0.6443 1.3559 -0.0739
v 0.6568 1.3551 -0.0737
v 0.6448 1.3625 -0.0726
v 0.6575 1.3617 -0.0724
v 0.6454 1.3683 -0.0691
v 0.6583 1.3675 -0.0687
v 0.6459 1.3731 -0.0639
v 0.6589 1.3721 -0.0633
v 0.6462 1.3765 -0.0572
v 0.6593 1.3754 -0.0565
v 0.6461 1.3783 -0.0491
v 0.6593 1.3772 -0.0481
v 0.6455 1.3782 -0.0399
v 0.6587 1.3772 -0.0384
v 0.6444 1.3761 -0.0312
v 0.6575 1.3752 -0.0294
v 0.6430 1.3727 -0.0240
v 0.6561 1.3718 -0.0221
v 0.6417 1.3681 -0.0184
v 0.6547 1.3675 -0.0164
v 0.6406 1.3626 -0.0146
v 0.6534 1.3621 -0.0125
v 0.6523 1.3559 -0.0107
v 0.6662 1.3548 -0.0071
v 0.6676 1.3612 -0.0091
v 0.6648 1.3482 -0.0072
v 0.6634 1.3420 -0.0094
v 0.6623 1.3370 -0.0138
v 0.6617 1.3331 -0.0196
v 0.6617 1.3303 -0.0270
v 0.6623 1.3285 -0.0353
v 0.6635 1.3282 -0.0441
v 0.6648 1.3297 -0.0528
v 0.6661 1.3326 -0.0601
v 0.6672 1.3366 -0.0659
v 0.6683 1.3415 -0.0702
v 0.6692 1.3466 -0.0728
v 0.6702 1.3540 -0.0740
v 0.6710 1.3607 -0.0725
v 0.6715 1.3664 -0.0688
v 0.6716 1.3710 -0.0632
v 0.6717 1.3743 -0.0561
v 0.6719 1.3762 -0.0473
v 0.6718 1.3764 -0.0370
v 0.6710 1.3744 -0.0273
v 0.6699 1.3711 -0.0195
v 0.6689 1.3668 -0.0134
v 0.1370 1.2647 -0.1229
v 0.1205 1.2613 -0.1299
v 0.1051 1.2547 -0.1350
v 0.0155 1.3126 0.0464
v 0.0151 1.3005 0.0526
v 0.0146 1.2883 0.0584
v 0.0141 1.2756 0.0636
v 0.0136 1.2628 0.0685
v 0.0131 1.2499 0.0730
v 0.0124 1.2367 0.0770
v 0.0119 1.2228 0.0800
v 0.0117 1.2086 0.0816
v 0.0117 1.1944 0.0826
v 0.0115 1.1803 0.0831
v 0.0113 1.1667 0.0833
v 0.0111 1.1529 0.0834
v 0.0110 1.1388 0.0834
v 0.0110 1.1247 0.0833
v 0.0111 1.1106 0.0828
v 0.0112 1.0966 0.0822
v 0.0113 1.0827 0.0814
v 0.0114 1.0688 0.0805
v 0.0115 1.0549 0.0796
v 0.0117 1.0411 0.0791
v 0.0119 1.0274 0.0789
v 0.0122 1.0137 0.0789
v 0.0125 1.0002 0.0792
v 0.0128 0.9869 0.0795
v 0.0132 0.9737 0.0794
v 0.0136 0.9608 0.0787
v 0.0141 0.9482 0.0775
v 0.0145 0.9358 0.0759
v 0.0149 0.9236 0.0744
v 0.0155 0.9117 0.0729
v 0.0162 0.8999 0.0714
v 0.0172 0.8886 0.0699
v 0.0182 0.8775 0.0683
v 0.0114 0.8146 0.0457
v 0.0072 0.7968 0.0280
v 0.0033 0.7849 0.0054
v 0.0121 0.7957 0.0254
v 0.0188 0.8128 0.0430
v 0.0248 0.8097 0.0404
v 0.0422 0.8175 0.0507
v 0.0572 0.8274 0.0564
v 0.0608 0.8161 0.0566
v 0.0761 0.8216 0.0591
v 0.0727 0.8336 0.0587
v 0.0787 0.8095 0.0598
v 0.0939 0.8134 0.0595
v 0.0912 0.8257 0.0589
v 0.0960 0.8009 0.0604
v 0.1109 0.8039 0.0575
v 0.1088 0.8165 0.0567
v 0.1127 0.7911 0.0587
v 0.1272 0.7935 0.0534
v 0.1254 0.8064 0.0523
v 0.1285 0.7804 0.0547
v 0.1418 0.7821 0.0465
v 0.1405 0.7954 0.0454
v 0.1427 0.7685 0.0479
v 0.1540 0.7695 0.0371
v 0.1532 0.7833 0.0358
v 0.1545 0.7557 0.0384
v 0.1637 0.7562 0.0258
v 0.1633 0.7702 0.0244
v 0.1638 0.7420 0.0273
v 0.1708 0.7421 0.0136
v 0.1707 0.7563 0.0119
v 0.1708 0.7280 0.0150
v 0.1756 0.7276 0.0006
v 0.1756 0.7418 -0.0009
v 0.1753 0.7137 0.0020
v 0.1779 0.7130 -0.0127
v 0.1782 0.7270 -0.0141
v 0.1776 0.6994 -0.0116
v 0.1780 0.6986 -0.0264
v 0.1784 0.7121 -0.0275
v 0.1775 0.6853 -0.0255
v 0.1757 0.6844 -0.0401
v 0.1761 0.6975 -0.0410
v 0.1751 0.6714 -0.0394
v 0.1710 0.6705 -0.0535
v 0.1715 0.6833 -0.0541
v 0.1702 0.6579 -0.0529
v 0.1639 0.6569 -0.0660
v 0.1645 0.6694 -0.0666
v 0.1632 0.6446 -0.0655
v 0.1545 0.6435 -0.0772
v 0.1551 0.6557 -0.0778
v 0.1536 0.6314 -0.0765
v 0.1426 0.6303 -0.0858
v 0.1433 0.6423 -0.0867
v 0.1418 0.6184 -0.0849
v 0.1292 0.6173 -0.0919
v 0.1299 0.6291 -0.0931
v 0.1285 0.6055 -0.0907
v 0.1148 0.6045 -0.0945
v 0.1153 0.6162 -0.0959
v 0.1144 0.5928 -0.0931
v 0.1004 0.5918 -0.0934
v 0.1005 0.6034 -0.0950
v 0.1004 0.5802 -0.0920
v 0.0868 0.5791 -0.0895
v 0.0865 0.5908 -0.0910
v 0.0872 0.5675 -0.0882
v 0.0745 0.5664 -0.0834
v 0.0738 0.5781 -0.0846
v 0.0754 0.5545 -0.0825
v 0.0637 0.5533 -0.0763
v 0.0626 0.5652 -0.0769
v 0.0649 0.5412 -0.0757
v 0.0548 0.5401 -0.0677
v 0.0534 0.5522 -0.0680
v 0.0564 0.5278 -0.0673
v 0.0487 0.5267 -0.0574
v 0.0469 0.5390 -0.0573
v 0.0508 0.5141 -0.0576
v 0.0462 0.5127 -0.0464
v 0.0440 0.5253 -0.0457
v 0.0489 0.5000 -0.0474
v 0.0475 0.4986 -0.0358
v 0.0448 0.5113 -0.0343
v 0.0507 0.4859 -0.0373
v 0.0521 0.4849 -0.0257
v 0.0491 0.4974 -0.0238
v 0.0553 0.4726 -0.0277
v 0.0590 0.4720 -0.0167
v 0.0561 0.4843 -0.0144
v 0.0620 0.4598 -0.0193
v 0.0674 0.4594 -0.0092
v 0.0647 0.4716 -0.0064
v 0.0701 0.4474 -0.0123
v 0.0765 0.4470 -0.0032
v 0.0741 0.4590 0.0000
v 0.0785 0.4351 -0.0061
v 0.0861 0.4345 0.0016
v 0.0842 0.4464 0.0047
v 0.0875 0.4228 -0.0009
v 0.0963 0.4223 0.0052
v 0.0949 0.4341 0.0078
v 0.0973 0.4106 0.0033
v 0.1070 0.4104 0.0082
v 0.1059 0.4219 0.0101
v 0.1079 0.3990 0.0068
v 0.1187 0.3993 0.0096
v 0.1177 0.4107 0.0110
v 0.1197 0.3880 0.0085
v 0.1311 0.3890 0.0087
v 0.1300 0.4003 0.0098
v 0.1321 0.3776 0.0078
v 0.1435 0.3791 0.0052
v 0.1423 0.3906 0.0061
v 0.1445 0.3676 0.0045
v 0.1551 0.3689 -0.0002
v 0.1540 0.3807 0.0005
v 0.1559 0.3571 -0.0009
v 0.1652 0.3580 -0.0076
v 0.1644 0.3701 -0.0069
v 0.1656 0.3458 -0.0084
v 0.1733 0.3466 -0.0170
v 0.1728 0.3589 -0.0163
v 0.1733 0.3343 -0.0177
v 0.1790 0.3349 -0.0278
v 0.1790 0.3473 -0.0271
v 0.1787 0.3225 -0.0284
v 0.1826 0.3229 -0.0392
v 0.1829 0.3354 -0.0387
v 0.1820 0.3104 -0.0396
v 0.1838 0.3106 -0.0508
v 0.1846 0.3232 -0.0506
v 0.1829 0.2980 -0.0509
v 0.1829 0.2980 -0.0621
v 0.1839 0.3106 -0.0622
v 0.1817 0.2854 -0.0618
v 0.1796 0.2852 -0.0725
v 0.1808 0.2979 -0.0731
v 0.1783 0.2725 -0.0718
v 0.1743 0.2723 -0.0817
v 0.1755 0.2851 -0.0827
v 0.1730 0.2596 -0.0806
v 0.1676 0.2594 -0.0894
v 0.1687 0.2722 -0.0908
v 0.1664 0.2467 -0.0879
v 0.1599 0.2464 -0.0955
v 0.1608 0.2592 -0.0972
v 0.1589 0.2337 -0.0938
v 0.1511 0.2335 -0.0994
v 0.1519 0.2463 -0.1014
v 0.1501 0.2208 -0.0974
v 0.1416 0.2209 -0.1008
v 0.1422 0.2336 -0.1029
v 0.1408 0.2083 -0.0987
v 0.1324 0.2085 -0.1002
v 0.1327 0.2211 -0.1024
v 0.1320 0.1960 -0.0981
v 0.1242 0.1962 -0.0979
v 0.1240 0.2088 -0.1000
v 0.1244 0.1835 -0.0958
v 0.1174 0.1837 -0.0941
v 0.1168 0.1963 -0.0960
v 0.1179 0.1710 -0.0922
v 0.1120 0.1712 -0.0890
v 0.1110 0.1839 -0.0906
v 0.1127 0.1585 -0.0872
v 0.1079 0.1587 -0.0827
v 0.1068 0.1714 -0.0841
v 0.1089 0.1457 -0.0813
v 0.1052 0.1459 -0.0759
v 0.1039 0.1589 -0.0769
v 0.1063 0.1327 -0.0745
v 0.1034 0.1332 -0.0682
v 0.1022 0.1461 -0.0693
v 0.1041 0.1200 -0.0666
v 0.1021 0.1207 -0.0595
v 0.1014 0.1337 -0.0609
v 0.1019 0.1073 -0.0578
v 0.1007 0.1085 -0.0499
v 0.1009 0.1217 -0.0516
v 0.0996 0.0950 -0.0477
v 0.0995 0.0970 -0.0394
v 0.1005 0.1101 -0.0417
v 0.1004 0.0994 -0.0312
v 0.1015 0.1119 -0.0334
v 0.1024 0.1022 -0.0230
v 0.1036 0.1140 -0.0253
v 0.1055 0.1047 -0.0156
v 0.1066 0.1160 -0.0182
v 0.1093 0.1066 -0.0098
v 0.1102 0.1174 -0.0124
v 0.1079 0.0962 -0.0061
v 0.1124 0.0979 -0.0016
v 0.1136 0.1079 -0.0053
v 0.1113 0.0884 0.0033
v 0.1168 0.0895 0.0062
v 0.1176 0.0988 0.0014
v 0.1160 0.0810 0.0123
v 0.1221 0.0814 0.0138
v 0.1227 0.0898 0.0077
v 0.1216 0.0738 0.0214
v 0.1287 0.0730 0.0216
v 0.1287 0.0807 0.0139
v 0.1290 0.0659 0.0305
v 0.1372 0.0637 0.0292
v 0.1363 0.0711 0.0203
v 0.1381 0.0568 0.0387
v 0.1467 0.0533 0.0355
v 0.1453 0.0604 0.0262
v 0.1482 0.0467 0.0449
v 0.1566 0.0420 0.0406
v 0.1545 0.0485 0.0308
v 0.1588 0.0367 0.0508
v 0.1666 0.0323 0.0471
v 0.1638 0.0368 0.0363
v 0.1691 0.0291 0.0589
v 0.1741 0.0245 0.0576
v 0.1723 0.0272 0.0446
v 0.1747 0.0223 0.0716
v 0.1774 0.0173 0.0715
v 0.1774 0.0192 0.0570
v 0.1757 0.0156 0.0868
v 0.1767 0.0109 0.0870
v 0.1787 0.0122 0.0715
v 0.1714 0.0095 0.1026
v 0.1704 0.0052 0.1023
v 0.1758 0.0063 0.0869
v 0.1617 0.0041 0.1170
v 0.1592 0.0001 0.1157
v 0.1676 0.0015 0.1014
v 0.1480 -0.0000 0.1287
v 0.1446 -0.0023 0.1258
v 0.1552 -0.0023 0.1135
v 0.1408 -0.0037 0.1222
v 0.1505 -0.0034 0.1108
v 0.1367 -0.0044 0.1182
v 0.1452 -0.0041 0.1080
v 0.1511 -0.0037 0.0962
v 0.1576 -0.0028 0.0981
v 0.1427 -0.0043 0.0935
v 0.1461 -0.0051 0.0823
v 0.1551 -0.0042 0.0840
v 0.1316 -0.0052 0.0904
v 0.1345 -0.0059 0.0797
v 0.1196 -0.0059 0.0880
v 0.1220 -0.0064 0.0773
v 0.1087 -0.0056 0.0870
v 0.1099 -0.0061 0.0755
v 0.1085 -0.0050 0.0987
v 0.1093 -0.0049 0.1099
v 0.1001 -0.0036 0.0990
v 0.0996 -0.0040 0.0870
v 0.1009 -0.0039 0.1100
v 0.0937 -0.0012 0.1106
v 0.0929 -0.0006 0.0995
v 0.0883 0.0024 0.1115
v 0.0873 0.0033 0.1004
v 0.0848 0.0069 0.1126
v 0.0836 0.0082 0.1014
v 0.0839 0.0122 0.1137
v 0.0826 0.0137 0.1024
v 0.0857 0.0108 0.1239
v 0.0872 0.0159 0.1247
v 0.0853 0.0174 0.1147
v 0.0911 0.0204 0.1254
v 0.0889 0.0221 0.1159
v 0.0974 0.0234 0.1262
v 0.0949 0.0256 0.1171
v 0.1062 0.0243 0.1270
v 0.1031 0.0268 0.1182
v 0.1007 0.0297 0.1084
v 0.0928 0.0280 0.1067
v 0.0990 0.0330 0.0975
v 0.0914 0.0306 0.0952
v 0.0984 0.0364 0.0861
v 0.0911 0.0333 0.0832
v 0.0920 0.0363 0.0718
v 0.0871 0.0308 0.0687
v 0.0861 0.0283 0.0806
v 0.0890 0.0343 0.0574
v 0.0859 0.0281 0.0545
v 0.0839 0.0249 0.0663
v 0.0884 0.0323 0.0431
v 0.0871 0.0257 0.0406
v 0.0845 0.0219 0.0522
v 0.0879 0.0190 0.0389
v 0.0853 0.0155 0.0506
v 0.0912 0.0124 0.0382
v 0.0889 0.0093 0.0498
v 0.0973 0.0061 0.0384
v 0.0952 0.0036 0.0497
v 0.0992 0.0083 0.0273
v 0.1082 0.0026 0.0289
v 0.1064 0.0010 0.0398
v 0.1093 0.0037 0.0179
v 0.1195 0.0000 0.0193
v 0.1189 -0.0009 0.0307
v 0.1095 0.0043 0.0068
v 0.1192 0.0005 0.0080
v 0.1089 0.0043 -0.0042
v 0.1182 0.0004 -0.0032
v 0.1077 0.0034 -0.0149
v 0.1168 -0.0004 -0.0140
v 0.1066 0.0020 -0.0255
v 0.1151 -0.0016 -0.0245
v 0.1060 0.0005 -0.0363
v 0.1138 -0.0030 -0.0349
v 0.1000 0.0066 -0.0387
v 0.1012 0.0053 -0.0496
v 0.1062 -0.0009 -0.0471
v 0.1040 0.0047 -0.0597
v 0.1082 -0.0018 -0.0570
v 0.1022 0.0146 -0.0624
v 0.1061 0.0143 -0.0709
v 0.1080 0.0044 -0.0684
v 0.1061 0.0263 -0.0733
v 0.1109 0.0261 -0.0801
v 0.1111 0.0141 -0.0781
v 0.1115 0.0394 -0.0811
v 0.1169 0.0395 -0.0861
v 0.1167 0.0261 -0.0855
v 0.1170 0.0534 -0.0853
v 0.1229 0.0537 -0.0880
v 0.1231 0.0398 -0.0891
v 0.1229 0.0673 -0.0868
v 0.1288 0.0675 -0.0870
v 0.1292 0.0540 -0.0885
v 0.1289 0.0805 -0.0858
v 0.1344 0.0805 -0.0840
v 0.1346 0.0675 -0.0853
v 0.1345 0.0933 -0.0835
v 0.1397 0.0932 -0.0804
v 0.1397 0.0803 -0.0809
v 0.1400 0.1062 -0.0809
v 0.1455 0.1061 -0.0772
v 0.1449 0.0930 -0.0766
v 0.1463 0.1192 -0.0785
v 0.1520 0.1194 -0.0736
v 0.1509 0.1061 -0.0724
v 0.1534 0.1324 -0.0748
v 0.1580 0.1329 -0.0680
v 0.1568 0.1198 -0.0671
v 0.1594 0.1458 -0.0690
v 0.1625 0.1465 -0.0612
v 0.1610 0.1336 -0.0602
v 0.1640 0.1592 -0.0622
v 0.1659 0.1599 -0.0539
v 0.1644 0.1471 -0.0529
v 0.1676 0.1725 -0.0548
v 0.1682 0.1732 -0.0461
v 0.1666 0.1606 -0.0453
v 0.1699 0.1857 -0.0468
v 0.1690 0.1865 -0.0379
v 0.1674 0.1739 -0.0375
v 0.1706 0.1990 -0.0384
v 0.1681 0.1997 -0.0297
v 0.1665 0.1872 -0.0295
v 0.1695 0.2121 -0.0299
v 0.1651 0.2127 -0.0216
v 0.1639 0.2002 -0.0217
v 0.1662 0.2250 -0.0216
v 0.1601 0.2254 -0.0143
v 0.1592 0.2131 -0.0146
v 0.1609 0.2375 -0.0139
v 0.1531 0.2377 -0.0079
v 0.1525 0.2255 -0.0085
v 0.1537 0.2497 -0.0073
v 0.1445 0.2497 -0.0029
v 0.1442 0.2377 -0.0036
v 0.1448 0.2617 -0.0020
v 0.1346 0.2617 -0.0002
v 0.1346 0.2498 -0.0010
v 0.1346 0.2735 0.0006
v 0.1239 0.2735 -0.0002
v 0.1241 0.2618 -0.0009
v 0.1237 0.2852 0.0007
v 0.1129 0.2850 -0.0022
v 0.1134 0.2734 -0.0029
v 0.1125 0.2966 -0.0014
v 0.1020 0.2963 -0.0058
v 0.1026 0.2847 -0.0065
v 0.1015 0.3078 -0.0051
v 0.0919 0.3076 -0.0114
v 0.0925 0.2960 -0.0120
v 0.0914 0.3192 -0.0108
v 0.0827 0.3191 -0.0184
v 0.0832 0.3073 -0.0189
v 0.0824 0.3307 -0.0179
v 0.0752 0.3309 -0.0269
v 0.0755 0.3190 -0.0274
v 0.0750 0.3427 -0.0262
v 0.0699 0.3432 -0.0364
v 0.0701 0.3312 -0.0371
v 0.0699 0.3552 -0.0356
v 0.0672 0.3557 -0.0467
v 0.0673 0.3436 -0.0475
v 0.0673 0.3676 -0.0458
v 0.0671 0.3682 -0.0573
v 0.0672 0.3563 -0.0582
v 0.0670 0.3801 -0.0562
v 0.0693 0.3810 -0.0676
v 0.0694 0.3690 -0.0687
v 0.0691 0.3929 -0.0662
v 0.0737 0.3943 -0.0767
v 0.0741 0.3821 -0.0782
v 0.0732 0.4064 -0.0748
v 0.0794 0.4084 -0.0840
v 0.0801 0.3960 -0.0861
v 0.0786 0.4206 -0.0815
v 0.0860 0.4230 -0.0896
v 0.0868 0.4106 -0.0923
v 0.0848 0.4351 -0.0864
v 0.0937 0.4375 -0.0928
v 0.0948 0.4253 -0.0961
v 0.0920 0.4494 -0.0893
v 0.1020 0.4516 -0.0937
v 0.1037 0.4396 -0.0974
v 0.0999 0.4634 -0.0902
v 0.1106 0.4654 -0.0926
v 0.1127 0.4537 -0.0963
v 0.1087 0.4768 -0.0893
v 0.1198 0.4783 -0.0895
v 0.1218 0.4670 -0.0929
v 0.1180 0.4896 -0.0870
v 0.1290 0.4907 -0.0851
v 0.1308 0.4794 -0.0877
v 0.1275 0.5020 -0.0836
v 0.1379 0.5029 -0.0796
v 0.1393 0.4916 -0.0814
v 0.1370 0.5142 -0.0787
v 0.1463 0.5147 -0.0722
v 0.1472 0.5034 -0.0736
v 0.1459 0.5259 -0.0716
v 0.1539 0.5259 -0.0630
v 0.1541 0.5145 -0.0639
v 0.1542 0.5373 -0.0627
v 0.1606 0.5371 -0.0526
v 0.1602 0.5256 -0.0533
v 0.1612 0.5488 -0.0523
v 0.1652 0.5486 -0.0409
v 0.1648 0.5368 -0.0417
v 0.1660 0.5605 -0.0402
v 0.1672 0.5599 -0.0278
v 0.1664 0.5479 -0.0288
v 0.1682 0.5719 -0.0268
v 0.1673 0.5709 -0.0139
v 0.1661 0.5587 -0.0153
v 0.1686 0.5831 -0.0127
v 0.1659 0.5820 0.0002
v 0.1646 0.5695 -0.0013
v 0.1673 0.5947 0.0015
v 0.1631 0.5936 0.0141
v 0.1617 0.5807 0.0125
v 0.1644 0.6066 0.0155
v 0.1583 0.6058 0.0275
v 0.1571 0.5926 0.0258
v 0.1593 0.6191 0.0290
v 0.1508 0.6183 0.0400
v 0.1500 0.6049 0.0383
v 0.1516 0.6316 0.0415
v 0.1408 0.6308 0.0510
v 0.1402 0.6174 0.0492
v 0.1413 0.6442 0.0524
v 0.1282 0.6431 0.0595
v 0.1278 0.6298 0.0578
v 0.1286 0.6567 0.0607
v 0.1139 0.6554 0.0648
v 0.1135 0.6420 0.0634
v 0.1142 0.6691 0.0659
v 0.0986 0.6676 0.0668
v 0.0983 0.6540 0.0655
v 0.0990 0.6812 0.0675
v 0.0831 0.6794 0.0649
v 0.0829 0.6659 0.0640
v 0.0834 0.6928 0.0654
v 0.0679 0.6905 0.0594
v 0.0679 0.6774 0.0588
v 0.0679 0.7036 0.0598
v 0.0531 0.7008 0.0508
v 0.0534 0.6880 0.0502
v 0.0527 0.7135 0.0513
v 0.0390 0.7103 0.0392
v 0.0397 0.6979 0.0387
v 0.0383 0.7227 0.0397
v 0.0259 0.7193 0.0246
v 0.0272 0.7073 0.0244
v 0.0248 0.7312 0.0248
v 0.0151 0.7278 0.0063
v 0.0165 0.7162 0.0069
v 0.0138 0.7391 0.0055
v 0.0077 0.7358 -0.0152
v 0.0091 0.7248 -0.0138
v 0.0064 0.7464 -0.0167
v 0.0053 0.7437 -0.0379
v 0.0065 0.7334 -0.0360
v 0.0042 0.7529 -0.0398
v 0.0086 0.7515 -0.0602
v 0.0095 0.7420 -0.0581
v 0.0076 0.7597 -0.0621
v 0.0171 0.7601 -0.0811
v 0.0184 0.7510 -0.0785
v 0.0153 0.7681 -0.0838
v 0.0288 0.7698 -0.0999
v 0.0310 0.7611 -0.0962
v 0.0436 0.7718 -0.1126
v 0.0459 0.7626 -0.1082
v 0.0599 0.7742 -0.1232
v 0.0620 0.7647 -0.1177
v 0.0575 0.7834 -0.1294
v 0.0756 0.7872 -0.1356
v 0.0773 0.7774 -0.1292
v 0.0740 0.7975 -0.1419
v 0.0916 0.8034 -0.1427
v 0.0931 0.7922 -0.1369
v 0.0726 0.8089 -0.1478
v 0.0897 0.8157 -0.1479
v 0.0714 0.8219 -0.1528
v 0.0876 0.8293 -0.1520
v 0.0700 0.8367 -0.1567
v 0.0853 0.8440 -0.1548
v 0.0684 0.8534 -0.1588
v 0.0829 0.8598 -0.1560
v 0.0665 0.8704 -0.1588
v 0.0805 0.8759 -0.1551
v 0.0648 0.8871 -0.1566
v 0.0784 0.8918 -0.1526
v 0.0632 0.9031 -0.1528
v 0.0767 0.9072 -0.1485
v 0.0618 0.9181 -0.1475
v 0.0751 0.9218 -0.1433
v 0.0605 0.9322 -0.1413
v 0.0735 0.9354 -0.1371
v 0.0720 0.9480 -0.1303
v 0.0845 0.9500 -0.1250
v 0.0862 0.9376 -0.1315
v 0.0829 0.9618 -0.1185
v 0.0952 0.9633 -0.1122
v 0.0968 0.9517 -0.1180
v 0.0937 0.9746 -0.1067
v 0.1055 0.9759 -0.0993
v 0.1070 0.9645 -0.1041
v 0.1041 0.9872 -0.0952
v 0.1150 0.9883 -0.0867
v 0.1165 0.9769 -0.0903
v 0.1135 0.9997 -0.0837
v 0.1229 1.0007 -0.0737
v 0.1246 0.9893 -0.0765
v 0.1210 1.0122 -0.0714
v 0.1281 1.0129 -0.0598
v 0.1303 1.0015 -0.0621
v 0.1257 1.0242 -0.0579
v 0.1303 1.0246 -0.0452
v 0.1330 1.0132 -0.0471
v 0.1277 1.0359 -0.0435
v 0.1301 1.0358 -0.0303
v 0.1328 1.0243 -0.0320
v 0.1282 1.0474 -0.0291
v 0.1291 1.0471 -0.0159
v 0.1309 1.0351 -0.0173
v 0.1282 1.0591 -0.0148
v 0.1279 1.0585 -0.0019
v 0.1287 1.0460 -0.0032
v 0.1279 1.0712 -0.0009
v 0.1259 1.0695 0.0115
v 0.1259 1.0565 0.0103
v 0.1266 1.0825 0.0126
v 0.1220 1.0791 0.0254
v 0.1216 1.0664 0.0239
v 0.1148 1.0755 0.0377
v 0.1147 1.0632 0.0359
v 0.1054 1.0724 0.0485
v 0.1055 1.0602 0.0466
v 0.0943 1.0699 0.0575
v 0.0945 1.0577 0.0553
v 0.0825 1.0681 0.0647
v 0.0828 1.0557 0.0624
v 0.0823 1.0806 0.0673
v 0.0702 1.0797 0.0729
v 0.0705 1.0670 0.0705
v 0.0697 1.0925 0.0752
v 0.0576 1.0928 0.0790
v 0.0581 1.0797 0.0770
v 0.0688 1.1055 0.0772
v 0.0568 1.1062 0.0805
v 0.0678 1.1187 0.0788
v 0.0560 1.1197 0.0817
v 0.0666 1.1320 0.0799
v 0.0553 1.1334 0.0823
v 0.0657 1.1454 0.0807
v 0.0547 1.1472 0.0827
v 0.0653 1.1588 0.0817
v 0.0546 1.1610 0.0835
v 0.0761 1.1565 0.0787
v 0.0765 1.1688 0.0809
v 0.0658 1.1722 0.0837
v 0.0783 1.1807 0.0846
v 0.0673 1.1855 0.0873
v 0.0811 1.1929 0.0885
v 0.0696 1.1991 0.0908
v 0.0922 1.1871 0.0837
v 0.0965 1.1984 0.0869
v 0.0849 1.2059 0.0911
v 0.1016 1.1813 0.0756
v 0.1065 1.1915 0.0783
v 0.1009 1.2108 0.0880
v 0.0883 1.2195 0.0904
v 0.0903 1.2324 0.0864
v 0.0761 1.2389 0.0850
v 0.0747 1.2263 0.0899
v 0.0779 1.2515 0.0792
v 0.0648 1.2569 0.0765
v 0.0630 1.2436 0.0827
v 0.0670 1.2700 0.0701
v 0.0545 1.2735 0.0678
v 0.0526 1.2603 0.0741
v 0.0567 1.2860 0.0611
v 0.0431 1.2872 0.0602
v 0.0415 1.2748 0.0663
v 0.0446 1.2993 0.0533
v 0.0301 1.3000 0.0530
v 0.0290 1.2879 0.0593
v 0.0307 1.3120 0.0464
v 0.0280 1.2753 0.0649
v 0.0271 1.2625 0.0702
v 0.0402 1.2618 0.0722
v 0.0261 1.2496 0.0751
v 0.0386 1.2486 0.0776
v 0.0508 1.2468 0.0801
v 0.0367 1.2354 0.0826
v 0.0487 1.2336 0.0855
v 0.0613 1.2307 0.0880
v 0.0473 1.2202 0.0888
v 0.0599 1.2176 0.0911
v 0.0727 1.2130 0.0921
v 0.0581 1.2038 0.0908
v 0.0463 1.2065 0.0892
v 0.0457 1.1922 0.0878
v 0.0565 1.1895 0.0883
v 0.0347 1.2077 0.0866
v 0.0346 1.1934 0.0862
v 0.0353 1.2217 0.0858
v 0.0236 1.2225 0.0825
v 0.0233 1.2083 0.0839
v 0.0247 1.2363 0.0795
v 0.0232 1.1941 0.0843
v 0.0230 1.1801 0.0843
v 0.0341 1.1792 0.0853
v 0.0224 1.1661 0.0842
v 0.0333 1.1649 0.0847
v 0.0448 1.1776 0.0856
v 0.0440 1.1631 0.0845
v 0.0329 1.1507 0.0844
v 0.0438 1.1490 0.0840
v 0.0552 1.1752 0.0852
v 0.0220 1.1521 0.0841
v 0.0219 1.1379 0.0840
v 0.0329 1.1366 0.0842
v 0.0440 1.1350 0.0836
v 0.0332 1.1225 0.0839
v 0.0445 1.1211 0.0832
v 0.0220 1.1238 0.0837
v 0.0222 1.1098 0.0832
v 0.0335 1.1086 0.0833
v 0.0451 1.1073 0.0825
v 0.0339 1.0947 0.0825
v 0.0456 1.0936 0.0813
v 0.0224 1.0958 0.0826
v 0.0226 1.0819 0.0817
v 0.0342 1.0810 0.0814
v 0.0461 1.0802 0.0798
v 0.0346 1.0674 0.0800
v 0.0465 1.0668 0.0781
v 0.0584 1.0666 0.0749
v 0.0468 1.0536 0.0765
v 0.0588 1.0537 0.0728
v 0.0707 1.0544 0.0681
v 0.0592 1.0408 0.0712
v 0.0711 1.0417 0.0662
v 0.0832 1.0433 0.0605
v 0.0719 1.0292 0.0648
v 0.0840 1.0310 0.0591
v 0.0950 1.0455 0.0535
v 0.0959 1.0334 0.0523
v 0.0852 1.0187 0.0583
v 0.0973 1.0213 0.0516
v 0.1069 1.0361 0.0439
v 0.1059 1.0481 0.0450
v 0.1084 1.0241 0.0434
v 0.0993 1.0093 0.0515
v 0.1105 1.0122 0.0432
v 0.1175 1.0269 0.0330
v 0.1159 1.0389 0.0336
v 0.1197 1.0151 0.0327
v 0.1131 1.0005 0.0431
v 0.1223 1.0035 0.0324
v 0.1264 1.0178 0.0206
v 0.1241 1.0295 0.0211
v 0.1289 1.0062 0.0199
v 0.1248 0.9919 0.0315
v 0.1314 0.9947 0.0188
v 0.1333 1.0085 0.0066
v 0.1307 1.0201 0.0076
v 0.1358 0.9970 0.0053
v 0.1337 0.9832 0.0172
v 0.1383 0.9855 0.0038
v 0.1384 0.9988 -0.0084
v 0.1357 1.0104 -0.0069
v 0.1411 0.9873 -0.0101
v 0.1407 0.9739 0.0019
v 0.1436 0.9758 -0.0120
v 0.1420 0.9887 -0.0241
v 0.1392 1.0003 -0.0222
v 0.1445 0.9772 -0.0263
v 0.1461 0.9642 -0.0141
v 0.1469 0.9656 -0.0286
v 0.1434 0.9781 -0.0406
v 0.1409 0.9897 -0.0381
v 0.1455 0.9665 -0.0433
v 0.1489 0.9541 -0.0313
v 0.1473 0.9548 -0.0462
v 0.1418 0.9668 -0.0575
v 0.1399 0.9785 -0.0546
v 0.1433 0.9551 -0.0607
v 0.1486 0.9431 -0.0492
v 0.1444 0.9432 -0.0639
v 0.1372 0.9549 -0.0745
v 0.1358 0.9667 -0.0710
v 0.1383 0.9430 -0.0780
v 0.1456 0.9314 -0.0672
v 0.1394 0.9311 -0.0816
v 0.1303 0.9426 -0.0912
v 0.1291 0.9545 -0.0872
v 0.1315 0.9306 -0.0952
v 0.1408 0.9191 -0.0852
v 0.1330 0.9185 -0.0991
v 0.1223 0.9299 -0.1078
v 0.1208 0.9420 -0.1034
v 0.1240 0.9176 -0.1121
v 0.1348 0.9062 -0.1027
v 0.1260 0.9049 -0.1159
v 0.1137 0.9160 -0.1238
v 0.1119 0.9288 -0.1193
v 0.1158 0.9029 -0.1276
v 0.1283 0.8919 -0.1190
v 0.1182 0.8892 -0.1308
v 0.1043 0.8998 -0.1379
v 0.1022 0.9136 -0.1340
v 0.1068 0.8856 -0.1408
v 0.1212 0.8754 -0.1329
v 0.1096 0.8711 -0.1427
v 0.0940 0.8810 -0.1491
v 0.0917 0.8959 -0.1463
v 0.0967 0.8657 -0.1504
v 0.1128 0.8565 -0.1429
v 0.0996 0.8506 -0.1501
v 0.1245 0.8614 -0.1337
v 0.1279 0.8473 -0.1327
v 0.1160 0.8421 -0.1415
v 0.1024 0.8361 -0.1480
v 0.1190 0.8282 -0.1386
v 0.1050 0.8223 -0.1445
v 0.1311 0.8334 -0.1301
v 0.1340 0.8201 -0.1264
v 0.1216 0.8150 -0.1346
v 0.1074 0.8094 -0.1401
v 0.1239 0.8025 -0.1298
v 0.1093 0.7974 -0.1348
v 0.1366 0.8075 -0.1218
v 0.1387 0.7955 -0.1168
v 0.1257 0.7906 -0.1245
v 0.1107 0.7861 -0.1291
v 0.1269 0.7794 -0.1191
v 0.1119 0.7751 -0.1235
v 0.0945 0.7816 -0.1308
v 0.0957 0.7711 -0.1251
v 0.1128 0.7643 -0.1187
v 0.0968 0.7606 -0.1201
v 0.0788 0.7675 -0.1234
v 0.0801 0.7574 -0.1183
v 0.0977 0.7500 -0.1158
v 0.0812 0.7471 -0.1138
v 0.0635 0.7548 -0.1130
v 0.0648 0.7447 -0.1089
v 0.0821 0.7366 -0.1102
v 0.0656 0.7344 -0.1055
v 0.0486 0.7428 -0.1010
v 0.0475 0.7529 -0.1044
v 0.0494 0.7325 -0.0980
v 0.0662 0.7238 -0.1029
v 0.0500 0.7220 -0.0956
v 0.0339 0.7312 -0.0877
v 0.0332 0.7416 -0.0902
v 0.0346 0.7207 -0.0854
v 0.0505 0.7113 -0.0936
v 0.0354 0.7100 -0.0832
v 0.0211 0.7202 -0.0715
v 0.0201 0.7308 -0.0738
v 0.0223 0.7095 -0.0694
v 0.0363 0.6992 -0.0813
v 0.0236 0.6986 -0.0675
v 0.0131 0.7099 -0.0522
v 0.0117 0.7209 -0.0541
v 0.0148 0.6989 -0.0504
v 0.0251 0.6877 -0.0657
v 0.0165 0.6879 -0.0489
v 0.0111 0.7002 -0.0313
v 0.0094 0.7114 -0.0327
v 0.0129 0.6889 -0.0301
v 0.0184 0.6767 -0.0475
v 0.0149 0.6776 -0.0292
v 0.0142 0.6906 -0.0110
v 0.0124 0.7021 -0.0117
v 0.0161 0.6790 -0.0106
v 0.0169 0.6662 -0.0284
v 0.0180 0.6673 -0.0103
v 0.0213 0.6808 0.0073
v 0.0196 0.6927 0.0073
v 0.0229 0.6688 0.0071
v 0.0199 0.6556 -0.0102
v 0.0246 0.6568 0.0067
v 0.0308 0.6708 0.0231
v 0.0296 0.6830 0.0237
v 0.0320 0.6584 0.0225
v 0.0263 0.6447 0.0062
v 0.0334 0.6460 0.0216
v 0.0419 0.6603 0.0366
v 0.0412 0.6730 0.0374
v 0.0428 0.6477 0.0355
v 0.0348 0.6336 0.0206
v 0.0439 0.6349 0.0341
v 0.0545 0.6494 0.0473
v 0.0540 0.6623 0.0485
v 0.0551 0.6364 0.0457
v 0.0451 0.6221 0.0326
v 0.0559 0.6234 0.0440
v 0.0682 0.6378 0.0548
v 0.0680 0.6510 0.0564
v 0.0686 0.6247 0.0531
v 0.0570 0.6104 0.0420
v 0.0692 0.6117 0.0511
v 0.0828 0.6261 0.0593
v 0.0827 0.6393 0.0612
v 0.0831 0.6130 0.0572
v 0.0702 0.5987 0.0488
v 0.0837 0.6001 0.0549
v 0.0981 0.6144 0.0599
v 0.0980 0.6274 0.0621
v 0.0983 0.6015 0.0576
v 0.0843 0.5872 0.0525
v 0.0985 0.5886 0.0552
v 0.1130 0.6026 0.0572
v 0.1131 0.6156 0.0595
v 0.1128 0.5897 0.0548
v 0.0988 0.5758 0.0527
v 0.1127 0.5769 0.0524
v 0.1265 0.5905 0.0512
v 0.1270 0.6035 0.0536
v 0.1260 0.5776 0.0489
v 0.1126 0.5641 0.0501
v 0.1255 0.5647 0.0466
v 0.1379 0.5780 0.0425
v 0.1387 0.5910 0.0449
v 0.1370 0.5649 0.0402
v 0.1250 0.5518 0.0444
v 0.1361 0.5520 0.0380
v 0.1465 0.5655 0.0318
v 0.1478 0.5785 0.0341
v 0.1452 0.5525 0.0295
v 0.1353 0.5390 0.0358
v 0.1440 0.5396 0.0272
v 0.1528 0.5537 0.0196
v 0.1543 0.5665 0.0218
v 0.1513 0.5412 0.0173
v 0.1431 0.5270 0.0248
v 0.1501 0.5289 0.0149
v 0.1573 0.5431 0.0065
v 0.1588 0.5554 0.0087
v 0.1561 0.5311 0.0042
v 0.1496 0.5168 0.0124
v 0.1556 0.5192 0.0019
v 0.1610 0.5330 -0.0069
v 0.1620 0.5450 -0.0049
v 0.1605 0.5210 -0.0090
v 0.1557 0.5073 -0.0007
v 0.1606 0.5092 -0.0113
v 0.1641 0.5226 -0.0202
v 0.1644 0.5346 -0.0184
v 0.1641 0.5107 -0.0222
v 0.1613 0.4974 -0.0138
v 0.1647 0.4989 -0.0245
v 0.1657 0.5121 -0.0333
v 0.1657 0.5240 -0.0315
v 0.1662 0.5001 -0.0354
v 0.1658 0.4869 -0.0271
v 0.1671 0.4882 -0.0380
v 0.1647 0.5013 -0.0461
v 0.1644 0.5132 -0.0442
v 0.1656 0.4895 -0.0486
v 0.1684 0.4762 -0.0408
v 0.1671 0.4776 -0.0516
v 0.1617 0.4908 -0.0586
v 0.1607 0.5025 -0.0562
v 0.1634 0.4790 -0.0616
v 0.1691 0.4656 -0.0548
v 0.1656 0.4670 -0.0650
v 0.1579 0.4800 -0.0708
v 0.1560 0.4917 -0.0678
v 0.1600 0.4679 -0.0741
v 0.1680 0.4546 -0.0684
v 0.1622 0.4555 -0.0776
v 0.1525 0.4684 -0.0818
v 0.1505 0.4804 -0.0784
v 0.1546 0.4560 -0.0853
v 0.1645 0.4427 -0.0810
v 0.1566 0.4432 -0.0889
v 0.1453 0.4562 -0.0911
v 0.1433 0.4684 -0.0874
v 0.1472 0.4435 -0.0949
v 0.1584 0.4302 -0.0921
v 0.1488 0.4305 -0.0983
v 0.1367 0.4436 -0.0988
v 0.1349 0.4560 -0.0949
v 0.1382 0.4306 -0.1024
v 0.1501 0.4173 -0.1011
v 0.1394 0.4173 -0.1054
v 0.1271 0.4302 -0.1043
v 0.1257 0.4430 -0.1006
v 0.1281 0.4170 -0.1075
v 0.1404 0.4040 -0.1078
v 0.1291 0.4036 -0.1100
v 0.1168 0.4161 -0.1069
v 0.1159 0.4291 -0.1038
v 0.1176 0.4028 -0.1096
v 0.1300 0.3902 -0.1121
v 0.1184 0.3895 -0.1117
v 0.1066 0.4016 -0.1066
v 0.1059 0.4146 -0.1040
v 0.1072 0.3885 -0.1087
v 0.1190 0.3762 -0.1135
v 0.1078 0.3753 -0.1105
v 0.0969 0.3870 -0.1036
v 0.0963 0.3999 -0.1016
v 0.0974 0.3740 -0.1053
v 0.1082 0.3620 -0.1118
v 0.0978 0.3610 -0.1065
v 0.0885 0.3725 -0.0980
v 0.0880 0.3853 -0.0965
v 0.0888 0.3597 -0.0990
v 0.0980 0.3479 -0.1072
v 0.0891 0.3469 -0.0996
v 0.0813 0.3586 -0.0899
v 0.0810 0.3711 -0.0890
v 0.0815 0.3461 -0.0905
v 0.0894 0.3341 -0.0997
v 0.0817 0.3335 -0.0907
v 0.0746 0.3453 -0.0809
v 0.0745 0.3577 -0.0803
v 0.0749 0.3328 -0.0812
v 0.0822 0.3208 -0.0907
v 0.0753 0.3202 -0.0813
v 0.0701 0.3322 -0.0707
v 0.0697 0.3447 -0.0703
v 0.0707 0.3197 -0.0709
v 0.0761 0.3074 -0.0811
v 0.0716 0.3070 -0.0708
v 0.0683 0.3193 -0.0598
v 0.0677 0.3317 -0.0595
v 0.0692 0.3067 -0.0599
v 0.0729 0.2942 -0.0704
v 0.0705 0.2941 -0.0597
v 0.0690 0.3066 -0.0488
v 0.0681 0.3191 -0.0485
v 0.0703 0.2941 -0.0488
v 0.0723 0.2814 -0.0594
v 0.0720 0.2816 -0.0486
v 0.0724 0.2945 -0.0380
v 0.0713 0.3068 -0.0379
v 0.0740 0.2821 -0.0381
v 0.0740 0.2691 -0.0483
v 0.0758 0.2697 -0.0381
v 0.0783 0.2828 -0.0283
v 0.0770 0.2950 -0.0280
v 0.0799 0.2705 -0.0284
v 0.0780 0.2573 -0.0380
v 0.0818 0.2581 -0.0286
v 0.0862 0.2715 -0.0201
v 0.0850 0.2836 -0.0197
v 0.0878 0.2592 -0.0204
v 0.0840 0.2458 -0.0288
v 0.0896 0.2470 -0.0207
v 0.0955 0.2604 -0.0135
v 0.0942 0.2724 -0.0130
v 0.0969 0.2483 -0.0138
v 0.0916 0.2348 -0.0209
v 0.0984 0.2362 -0.0142
v 0.1052 0.2493 -0.0082
v 0.1042 0.2612 -0.0077
v 0.1064 0.2373 -0.0087
v 0.1000 0.2240 -0.0145
v 0.1076 0.2251 -0.0091
v 0.1153 0.2378 -0.0048
v 0.1146 0.2498 -0.0042
v 0.1161 0.2257 -0.0054
v 0.1088 0.2129 -0.0095
v 0.1169 0.2135 -0.0059
v 0.1252 0.2258 -0.0031
v 0.1248 0.2379 -0.0024
v 0.1256 0.2137 -0.0037
v 0.1176 0.2013 -0.0064
v 0.1258 0.2014 -0.0044
v 0.1346 0.2135 -0.0034
v 0.1346 0.2257 -0.0026
v 0.1344 0.2013 -0.0041
v 0.1259 0.1892 -0.0050
v 0.1341 0.1892 -0.0049
v 0.1430 0.2012 -0.0058
v 0.1435 0.2134 -0.0051
v 0.1424 0.1889 -0.0065
v 0.1337 0.1770 -0.0055
v 0.1415 0.1767 -0.0070
v 0.1502 0.1886 -0.0099
v 0.1511 0.2010 -0.0095
v 0.1491 0.1763 -0.0102
v 0.1407 0.1646 -0.0072
v 0.1480 0.1641 -0.0102
v 0.1559 0.1758 -0.0151
v 0.1571 0.1883 -0.0150
v 0.1546 0.1634 -0.0149
v 0.1468 0.1519 -0.0101
v 0.1532 0.1511 -0.0147
v 0.1599 0.1627 -0.0213
v 0.1613 0.1752 -0.0215
v 0.1585 0.1502 -0.0209
v 0.1518 0.1388 -0.0143
v 0.1571 0.1377 -0.0203
v 0.1623 0.1494 -0.0282
v 0.1636 0.1620 -0.0288
v 0.1610 0.1367 -0.0275
v 0.1558 0.1252 -0.0194
v 0.1598 0.1239 -0.0266
v 0.1632 0.1358 -0.0354
v 0.1645 0.1486 -0.0362
v 0.1620 0.1227 -0.0345
v 0.1587 0.1111 -0.0253
v 0.1609 0.1097 -0.0333
v 0.1624 0.1219 -0.0428
v 0.1637 0.1350 -0.0437
v 0.1615 0.1086 -0.0417
v 0.1601 0.0966 -0.0317
v 0.1609 0.0951 -0.0404
v 0.1609 0.1077 -0.0502
v 0.1617 0.1212 -0.0511
v 0.1606 0.0940 -0.0491
v 0.1611 0.0818 -0.0383
v 0.1608 0.0802 -0.0477
v 0.1588 0.0932 -0.0577
v 0.1591 0.1070 -0.0585
v 0.1588 0.0793 -0.0568
v 0.1616 0.0669 -0.0458
v 0.1592 0.0657 -0.0558
v 0.1549 0.0791 -0.0650
v 0.1551 0.0928 -0.0655
v 0.1549 0.0657 -0.0648
v 0.1597 0.0530 -0.0550
v 0.1553 0.0530 -0.0646
v 0.1500 0.0663 -0.0718
v 0.1499 0.0794 -0.0716
v 0.1506 0.0534 -0.0724
v 0.1563 0.0407 -0.0647
v 0.1519 0.0410 -0.0729
v 0.1459 0.0541 -0.0787
v 0.1451 0.0670 -0.0776
v 0.1472 0.0412 -0.0796
v 0.1536 0.0284 -0.0726
v 0.1490 0.0283 -0.0794
v 0.1421 0.0411 -0.0847
v 0.1409 0.0544 -0.0835
v 0.1438 0.0279 -0.0848
v 0.1499 0.0162 -0.0781
v 0.1377 0.0272 -0.0884
v 0.1363 0.0407 -0.0882
v 0.1308 0.0266 -0.0898
v 0.1298 0.0402 -0.0898
v 0.1235 0.0262 -0.0891
v 0.1243 0.0144 -0.0868
v 0.1265 0.0049 -0.0828
v 0.1171 0.0141 -0.0837
v 0.1197 0.0045 -0.0801
v 0.1312 -0.0010 -0.0774
v 0.1246 -0.0017 -0.0752
v 0.1134 0.0043 -0.0752
v 0.1182 -0.0021 -0.0714
v 0.1299 -0.0047 -0.0696
v 0.1124 -0.0021 -0.0654
v 0.1364 -0.0036 -0.0718
v 0.1415 -0.0049 -0.0654
v 0.1346 -0.0060 -0.0630
v 0.1426 -0.0008 -0.0740
v 0.1481 -0.0016 -0.0680
v 0.1480 0.0057 -0.0761
v 0.1531 0.0056 -0.0700
v 0.1547 0.0164 -0.0713
v 0.1590 0.0162 -0.0633
v 0.1578 0.0057 -0.0620
v 0.1579 0.0283 -0.0643
v 0.1613 0.0281 -0.0546
v 0.1623 0.0163 -0.0538
v 0.1603 0.0406 -0.0548
v 0.1632 0.0407 -0.0439
v 0.1641 0.0279 -0.0441
v 0.1626 0.0538 -0.0442
v 0.1662 0.0278 -0.0333
v 0.1682 0.0267 -0.0223
v 0.1670 0.0173 -0.0330
v 0.1649 0.0169 -0.0436
v 0.1688 0.0168 -0.0223
v 0.1705 0.0240 -0.0109
v 0.1707 0.0152 -0.0109
v 0.1666 0.0083 -0.0209
v 0.1653 0.0082 -0.0317
v 0.1679 0.0074 -0.0097
v 0.1724 0.0126 0.0015
v 0.1691 0.0059 0.0022
v 0.1623 0.0017 -0.0083
v 0.1612 0.0019 -0.0194
v 0.1636 0.0007 0.0035
v 0.1705 0.0038 0.0150
v 0.1649 -0.0006 0.0161
v 0.1565 -0.0023 0.0050
v 0.1552 -0.0020 -0.0067
v 0.1578 -0.0031 0.0175
v 0.1661 -0.0021 0.0295
v 0.1589 -0.0042 0.0306
v 0.1496 -0.0042 0.0189
v 0.1483 -0.0037 0.0065
v 0.1507 -0.0051 0.0317
v 0.1593 -0.0053 0.0442
v 0.1510 -0.0060 0.0448
v 0.1412 -0.0049 0.0322
v 0.1406 -0.0041 0.0199
v 0.1409 -0.0057 0.0446
v 0.1502 -0.0065 0.0578
v 0.1394 -0.0064 0.0569
v 0.1291 -0.0044 0.0436
v 0.1301 -0.0034 0.0318
v 0.1271 -0.0055 0.0551
v 0.1372 -0.0065 0.0686
v 0.1245 -0.0063 0.0663
v 0.1149 -0.0038 0.0530
v 0.1173 -0.0022 0.0419
v 0.1122 -0.0053 0.0641
v 0.1016 -0.0029 0.0623
v 0.1041 -0.0010 0.0508
v 0.0999 -0.0042 0.0745
v 0.0920 -0.0004 0.0745
v 0.0932 0.0012 0.0618
v 0.0921 -0.0006 0.0874
v 0.0864 0.0039 0.0881
v 0.0860 0.0045 0.0751
v 0.0825 0.0091 0.0890
v 0.0821 0.0102 0.0759
v 0.0816 0.0151 0.0900
v 0.0813 0.0165 0.0771
v 0.0830 0.0209 0.0912
v 0.0828 0.0225 0.0786
v 0.0839 0.0192 0.1035
v 0.0873 0.0242 0.1050
v 0.0863 0.0262 0.0929
v 0.0823 0.0187 0.0644
v 0.0831 0.0124 0.0629
v 0.0870 0.0065 0.0621
v 0.1486 -0.0061 0.0704
v 0.1572 -0.0053 0.0712
v 0.1585 -0.0058 0.0579
v 0.1658 -0.0040 0.0577
v 0.1644 -0.0036 0.0715
v 0.1665 -0.0035 0.0435
v 0.1723 -0.0003 0.0429
v 0.1718 -0.0011 0.0574
v 0.1717 0.0016 0.0286
v 0.1754 0.0067 0.0282
v 0.1764 0.0043 0.0426
v 0.1739 0.0097 0.0145
v 0.1753 0.0164 0.0146
v 0.1771 0.0127 0.0283
v 0.1731 0.0202 0.0015
v 0.1714 0.0281 0.0028
v 0.1743 0.0232 0.0155
v 0.1682 0.0359 0.0061
v 0.1713 0.0299 0.0177
v 0.1639 0.0432 0.0106
v 0.1668 0.0364 0.0213
v 0.1588 0.0499 0.0160
v 0.1612 0.0427 0.0259
v 0.1568 0.0585 0.0065
v 0.1509 0.0637 0.0126
v 0.1526 0.0557 0.0215
v 0.1553 0.0684 -0.0018
v 0.1495 0.0728 0.0047
v 0.1542 0.0786 -0.0083
v 0.1485 0.0824 -0.0016
v 0.1536 0.0896 -0.0128
v 0.1481 0.0927 -0.0063
v 0.1576 0.0862 -0.0207
v 0.1578 0.0986 -0.0235
v 0.1539 0.1010 -0.0159
v 0.1600 0.0837 -0.0293
v 0.1548 0.1130 -0.0180
v 0.1494 0.1149 -0.0118
v 0.1485 0.1036 -0.0095
v 0.1505 0.1267 -0.0134
v 0.1443 0.1281 -0.0089
v 0.1432 0.1166 -0.0073
v 0.1455 0.1399 -0.0098
v 0.1388 0.1407 -0.0070
v 0.1378 0.1291 -0.0061
v 0.1398 0.1526 -0.0073
v 0.1327 0.1530 -0.0059
v 0.1322 0.1412 -0.0057
v 0.1332 0.1650 -0.0058
v 0.1260 0.1650 -0.0058
v 0.1260 0.1530 -0.0060
v 0.1259 0.1771 -0.0055
v 0.1187 0.1768 -0.0071
v 0.1193 0.1647 -0.0074
v 0.1181 0.1890 -0.0068
v 0.1110 0.1884 -0.0100
v 0.1121 0.1762 -0.0102
v 0.1099 0.2007 -0.0098
v 0.1031 0.1996 -0.0149
v 0.1046 0.1874 -0.0151
v 0.1016 0.2118 -0.0147
v 0.0956 0.2105 -0.0214
v 0.0975 0.1984 -0.0216
v 0.0936 0.2226 -0.0212
v 0.0887 0.2213 -0.0291
v 0.0911 0.2092 -0.0292
v 0.0863 0.2335 -0.0289
v 0.0830 0.2325 -0.0379
v 0.0856 0.2203 -0.0378
v 0.0804 0.2449 -0.0379
v 0.0789 0.2443 -0.0476
v 0.0816 0.2319 -0.0473
v 0.0764 0.2567 -0.0480
v 0.0767 0.2563 -0.0582
v 0.0793 0.2439 -0.0575
v 0.0743 0.2688 -0.0588
v 0.0766 0.2689 -0.0690
v 0.0789 0.2563 -0.0681
v 0.0746 0.2815 -0.0698
v 0.0789 0.2819 -0.0797
v 0.0808 0.2692 -0.0786
v 0.0773 0.2946 -0.0805
v 0.0838 0.2952 -0.0895
v 0.0852 0.2825 -0.0885
v 0.0828 0.3080 -0.0902
v 0.0904 0.3085 -0.0988
v 0.0914 0.2957 -0.0977
v 0.0898 0.3213 -0.0994
v 0.0987 0.3218 -0.1070
v 0.0992 0.3088 -0.1062
v 0.0983 0.3348 -0.1074
v 0.1086 0.3354 -0.1128
v 0.1089 0.3222 -0.1124
v 0.1084 0.3487 -0.1127
v 0.1197 0.3493 -0.1157
v 0.1199 0.3359 -0.1158
v 0.1195 0.3627 -0.1148
v 0.1312 0.3633 -0.1152
v 0.1315 0.3499 -0.1160
v 0.1307 0.3768 -0.1139
v 0.1423 0.3772 -0.1118
v 0.1429 0.3638 -0.1131
v 0.1415 0.3906 -0.1100
v 0.1525 0.3908 -0.1055
v 0.1534 0.3774 -0.1073
v 0.1513 0.4040 -0.1035
v 0.1612 0.4038 -0.0970
v 0.1624 0.3905 -0.0990
v 0.1599 0.4170 -0.0947
v 0.1681 0.4166 -0.0866
v 0.1696 0.4034 -0.0888
v 0.1664 0.4297 -0.0840
v 0.1725 0.4291 -0.0744
v 0.1743 0.4160 -0.0769
v 0.1704 0.4420 -0.0716
v 0.1741 0.4409 -0.0610
v 0.1764 0.4281 -0.0638
v 0.1716 0.4534 -0.0580
v 0.1729 0.4520 -0.0470
v 0.1755 0.4395 -0.0499
v 0.1704 0.4642 -0.0440
v 0.1695 0.4627 -0.0331
v 0.1721 0.4504 -0.0361
v 0.1674 0.4748 -0.0300
v 0.1645 0.4733 -0.0195
v 0.1669 0.4611 -0.0226
v 0.1626 0.4854 -0.0165
v 0.1581 0.4835 -0.0064
v 0.1603 0.4714 -0.0095
v 0.1565 0.4955 -0.0034
v 0.1509 0.4931 0.0066
v 0.1527 0.4812 0.0034
v 0.1499 0.5049 0.0096
v 0.1433 0.5022 0.0195
v 0.1445 0.4901 0.0162
v 0.1429 0.5145 0.0223
v 0.1349 0.5129 0.0312
v 0.1356 0.4999 0.0283
v 0.1348 0.5260 0.0336
v 0.1248 0.5254 0.0400
v 0.1253 0.5117 0.0376
v 0.1247 0.5387 0.0422
v 0.1129 0.5380 0.0456
v 0.1135 0.5245 0.0435
v 0.1126 0.5512 0.0478
v 0.0997 0.5500 0.0479
v 0.1006 0.5367 0.0455
v 0.0992 0.5630 0.0503
v 0.0860 0.5614 0.0471
v 0.0872 0.5484 0.0445
v 0.0850 0.5743 0.0498
v 0.0726 0.5729 0.0435
v 0.0741 0.5599 0.0407
v 0.0713 0.5858 0.0462
v 0.0601 0.5847 0.0372
v 0.0619 0.5719 0.0346
v 0.0584 0.5976 0.0397
v 0.0485 0.5967 0.0287
v 0.0505 0.5840 0.0264
v 0.0467 0.6094 0.0308
v 0.0384 0.6086 0.0178
v 0.0404 0.5962 0.0160
v 0.0365 0.6211 0.0193
v 0.0300 0.6203 0.0046
v 0.0322 0.6082 0.0034
v 0.0280 0.6325 0.0055
v 0.0239 0.6319 -0.0107
v 0.0260 0.6200 -0.0113
v 0.0218 0.6437 -0.0103
v 0.0209 0.6432 -0.0276
v 0.0231 0.6316 -0.0275
v 0.0189 0.6547 -0.0279
v 0.0223 0.6544 -0.0454
v 0.0243 0.6431 -0.0447
v 0.0203 0.6656 -0.0464
v 0.0284 0.6657 -0.0626
v 0.0301 0.6546 -0.0614
v 0.0267 0.6767 -0.0641
v 0.0385 0.6774 -0.0779
v 0.0397 0.6664 -0.0764
v 0.0373 0.6883 -0.0795
v 0.0516 0.6895 -0.0904
v 0.0523 0.6785 -0.0889
v 0.0510 0.7004 -0.0920
v 0.0669 0.7021 -0.0994
v 0.0672 0.6911 -0.0981
v 0.0666 0.7130 -0.1009
v 0.0830 0.7150 -0.1056
v 0.0833 0.7040 -0.1042
v 0.0827 0.7259 -0.1075
v 0.0990 0.7283 -0.1096
v 0.0994 0.7172 -0.1076
v 0.0985 0.7392 -0.1123
v 0.1144 0.7423 -0.1111
v 0.1150 0.7311 -0.1086
v 0.1137 0.7533 -0.1145
v 0.1286 0.7570 -0.1102
v 0.1293 0.7458 -0.1066
v 0.1278 0.7682 -0.1144
v 0.1413 0.7726 -0.1071
v 0.1421 0.7612 -0.1029
v 0.1403 0.7839 -0.1118
v 0.1514 0.7888 -0.1016
v 0.1527 0.7774 -0.0971
v 0.1495 0.8004 -0.1065
v 0.1582 0.8054 -0.0941
v 0.1600 0.7942 -0.0892
v 0.1472 0.8123 -0.1114
v 0.1556 0.8170 -0.0990
v 0.1443 0.8248 -0.1158
v 0.1526 0.8291 -0.1036
v 0.1412 0.8380 -0.1195
v 0.1492 0.8419 -0.1072
v 0.1379 0.8516 -0.1218
v 0.1458 0.8552 -0.1092
v 0.1344 0.8653 -0.1222
v 0.1426 0.8684 -0.1093
v 0.1312 0.8787 -0.1212
v 0.1397 0.8812 -0.1081
v 0.1371 0.8938 -0.1057
v 0.1445 0.8951 -0.0914
v 0.1468 0.8830 -0.0938
v 0.1424 0.9072 -0.0885
v 0.1485 0.9077 -0.0736
v 0.1504 0.8959 -0.0763
v 0.1469 0.9195 -0.0705
v 0.1513 0.9196 -0.0553
v 0.1529 0.9079 -0.0582
v 0.1499 0.9313 -0.0523
v 0.1523 0.9308 -0.0370
v 0.1540 0.9192 -0.0399
v 0.1506 0.9424 -0.0341
v 0.1505 0.9409 -0.0191
v 0.1526 0.9293 -0.0218
v 0.1483 0.9525 -0.0164
v 0.1455 0.9505 -0.0023
v 0.1480 0.9388 -0.0046
v 0.1431 0.9622 -0.0001
v 0.1383 0.9600 0.0133
v 0.1406 0.9484 0.0111
v 0.1360 0.9717 0.0153
v 0.1294 0.9691 0.0281
v 0.1316 0.9576 0.0259
v 0.1271 0.9805 0.0301
v 0.1181 0.9774 0.0416
v 0.1205 0.9661 0.0398
v 0.1157 0.9889 0.0428
v 0.1041 0.9856 0.0514
v 0.1066 0.9740 0.0507
v 0.1016 0.9974 0.0515
v 0.0891 0.9944 0.0581
v 0.0914 0.9824 0.0581
v 0.0870 1.0065 0.0580
v 0.0745 1.0042 0.0637
v 0.0763 0.9919 0.0637
v 0.0729 1.0166 0.0640
v 0.0608 1.0150 0.0695
v 0.0621 1.0023 0.0692
v 0.0598 1.0279 0.0701
v 0.0480 1.0272 0.0746
v 0.0488 1.0141 0.0744
v 0.0473 1.0404 0.0753
v 0.0354 1.0405 0.0781
v 0.0360 1.0270 0.0779
v 0.0349 1.0539 0.0788
v 0.0231 1.0544 0.0797
v 0.0235 1.0408 0.0792
v 0.0229 1.0682 0.0806
v 0.0239 1.0272 0.0792
v 0.0244 1.0136 0.0794
v 0.0367 1.0136 0.0780
v 0.0250 1.0002 0.0797
v 0.0376 1.0004 0.0781
v 0.0499 1.0011 0.0743
v 0.0386 0.9873 0.0781
v 0.0512 0.9882 0.0742
v 0.0637 0.9898 0.0692
v 0.0526 0.9755 0.0739
v 0.0654 0.9774 0.0690
v 0.0783 0.9796 0.0637
v 0.0670 0.9650 0.0683
v 0.0802 0.9675 0.0632
v 0.0936 0.9706 0.0576
v 0.0822 0.9557 0.0622
v 0.0960 0.9591 0.0565
v 0.1091 0.9626 0.0493
v 0.0986 0.9480 0.0551
v 0.1120 0.9516 0.0476
v 0.1231 0.9549 0.0377
v 0.1149 0.9406 0.0458
v 0.1257 0.9436 0.0356
v 0.1341 0.9461 0.0238
v 0.1286 0.9322 0.0336
v 0.1368 0.9345 0.0218
v 0.1432 0.9367 0.0090
v 0.1397 0.9229 0.0197
v 0.1460 0.9250 0.0069
v 0.1505 0.9272 -0.0069
v 0.1492 0.9133 0.0049
v 0.1531 0.9157 -0.0092
v 0.1548 0.9179 -0.0243
v 0.1561 0.9042 -0.0118
v 0.1569 0.9065 -0.0272
v 0.1558 0.9077 -0.0427
v 0.1592 0.8950 -0.0301
v 0.1577 0.8959 -0.0453
v 0.1548 0.8961 -0.0607
v 0.1598 0.8841 -0.0472
v 0.1569 0.8844 -0.0627
v 0.1526 0.8841 -0.0786
v 0.1591 0.8730 -0.0641
v 0.1548 0.8722 -0.0804
v 0.1493 0.8707 -0.0954
v 0.1573 0.8605 -0.0809
v 0.1523 0.8580 -0.0956
v 0.1613 0.8619 -0.0645
v 0.1638 0.8510 -0.0630
v 0.1602 0.8489 -0.0790
v 0.1555 0.8454 -0.0937
v 0.1588 0.8333 -0.0899
v 0.1618 0.8217 -0.0853
v 0.1643 0.8107 -0.0803
v 0.1663 0.8001 -0.0754
v 0.1680 0.7886 -0.0710
v 0.1615 0.7827 -0.0847
v 0.1692 0.7759 -0.0672
v 0.1626 0.7708 -0.0808
v 0.1536 0.7658 -0.0930
v 0.1635 0.7583 -0.0775
v 0.1543 0.7538 -0.0895
v 0.1428 0.7496 -0.0994
v 0.1549 0.7417 -0.0866
v 0.1434 0.7378 -0.0966
v 0.1299 0.7343 -0.1040
v 0.1439 0.7260 -0.0944
v 0.1304 0.7227 -0.1019
v 0.1154 0.7198 -0.1066
v 0.1307 0.7111 -0.1003
v 0.1157 0.7084 -0.1051
v 0.0996 0.7060 -0.1061
v 0.1159 0.6970 -0.1037
v 0.0998 0.6948 -0.1049
v 0.0835 0.6929 -0.1029
v 0.1000 0.6836 -0.1038
v 0.0837 0.6817 -0.1018
v 0.0676 0.6800 -0.0969
v 0.0840 0.6706 -0.1007
v 0.0681 0.6690 -0.0957
v 0.0532 0.6675 -0.0875
v 0.0687 0.6578 -0.0944
v 0.0541 0.6565 -0.0862
v 0.0410 0.6554 -0.0750
v 0.0551 0.6453 -0.0849
v 0.0423 0.6443 -0.0738
v 0.0318 0.6435 -0.0603
v 0.0437 0.6331 -0.0728
v 0.0334 0.6323 -0.0595
v 0.0263 0.6318 -0.0441
v 0.0351 0.6210 -0.0588
v 0.0283 0.6203 -0.0438
v 0.0252 0.6200 -0.0276
v 0.0304 0.6089 -0.0437
v 0.0275 0.6083 -0.0279
v 0.0283 0.6081 -0.0120
v 0.0298 0.5966 -0.0283
v 0.0306 0.5961 -0.0128
v 0.0344 0.5960 0.0021
v 0.0329 0.5841 -0.0138
v 0.0367 0.5838 0.0007
v 0.0426 0.5837 0.0142
v 0.0388 0.5714 -0.0008
v 0.0448 0.5712 0.0122
v 0.0526 0.5713 0.0241
v 0.0470 0.5586 0.0102
v 0.0548 0.5586 0.0216
v 0.0638 0.5591 0.0319
v 0.0571 0.5459 0.0191
v 0.0659 0.5462 0.0292
v 0.0758 0.5469 0.0380
v 0.0682 0.5334 0.0265
v 0.0777 0.5339 0.0353
v 0.0886 0.5352 0.0419
v 0.0798 0.5209 0.0326
v 0.0903 0.5219 0.0394
v 0.1017 0.5232 0.0431
v 0.0922 0.5084 0.0366
v 0.1032 0.5094 0.0404
v 0.1145 0.5106 0.0410
v 0.1049 0.4955 0.0373
v 0.1159 0.4966 0.0379
v 0.1264 0.4981 0.0347
v 0.1176 0.4828 0.0339
v 0.1279 0.4846 0.0309
v 0.1369 0.4872 0.0247
v 0.1299 0.4718 0.0262
v 0.1389 0.4748 0.0206
v 0.1463 0.4782 0.0127
v 0.1413 0.4627 0.0164
v 0.1487 0.4662 0.0088
v 0.1550 0.4691 -0.0000
v 0.1511 0.4542 0.0050
v 0.1576 0.4570 -0.0034
v 0.1629 0.4592 -0.0126
v 0.1602 0.4447 -0.0065
v 0.1657 0.4469 -0.0155
v 0.1697 0.4488 -0.0255
v 0.1685 0.4345 -0.0180
v 0.1725 0.4364 -0.0281
v 0.1748 0.4380 -0.0389
v 0.1750 0.4239 -0.0304
v 0.1773 0.4255 -0.0413
v 0.1778 0.4269 -0.0525
v 0.1794 0.4128 -0.0434
v 0.1799 0.4141 -0.0547
v 0.1782 0.4151 -0.0661
v 0.1817 0.4011 -0.0566
v 0.1799 0.4021 -0.0681
v 0.1759 0.4028 -0.0789
v 0.1813 0.3889 -0.0697
v 0.1772 0.3895 -0.0807
v 0.1709 0.3901 -0.0906
v 0.1782 0.3762 -0.0822
v 0.1717 0.3767 -0.0921
v 0.1633 0.3772 -0.1006
v 0.1723 0.3634 -0.0933
v 0.1639 0.3639 -0.1019
v 0.1540 0.3641 -0.1086
v 0.1642 0.3505 -0.1027
v 0.1544 0.3507 -0.1094
v 0.1432 0.3504 -0.1139
v 0.1545 0.3374 -0.1098
v 0.1434 0.3370 -0.1141
v 0.1317 0.3365 -0.1161
v 0.1435 0.3238 -0.1138
v 0.1319 0.3233 -0.1158
v 0.1202 0.3227 -0.1153
v 0.1321 0.3102 -0.1149
v 0.1205 0.3096 -0.1144
v 0.1094 0.3091 -0.1114
v 0.1210 0.2967 -0.1131
v 0.1100 0.2963 -0.1101
v 0.1000 0.2960 -0.1049
v 0.1108 0.2836 -0.1085
v 0.1010 0.2833 -0.1035
v 0.0926 0.2830 -0.0965
v 0.1022 0.2707 -0.1019
v 0.0940 0.2703 -0.0951
v 0.0868 0.2698 -0.0873
v 0.0956 0.2578 -0.0936
v 0.0888 0.2573 -0.0860
v 0.0830 0.2567 -0.0775
v 0.0908 0.2449 -0.0846
v 0.0854 0.2443 -0.0763
v 0.0815 0.2439 -0.0672
v 0.0879 0.2321 -0.0752
v 0.0841 0.2317 -0.0662
v 0.0820 0.2316 -0.0568
v 0.0868 0.2196 -0.0653
v 0.0847 0.2194 -0.0562
v 0.0843 0.2197 -0.0469
v 0.0874 0.2073 -0.0557
v 0.0869 0.2075 -0.0466
v 0.0882 0.2081 -0.0377
v 0.0895 0.1953 -0.0464
v 0.0907 0.1960 -0.0376
v 0.0934 0.1971 -0.0293
v 0.0930 0.1839 -0.0375
v 0.0955 0.1850 -0.0293
v 0.0994 0.1862 -0.0217
v 0.0976 0.1729 -0.0292
v 0.1012 0.1741 -0.0216
v 0.1060 0.1753 -0.0151
v 0.1029 0.1621 -0.0214
v 0.1075 0.1632 -0.0151
v 0.1131 0.1641 -0.0103
v 0.1089 0.1514 -0.0149
v 0.1141 0.1522 -0.0104
v 0.1199 0.1527 -0.0075
v 0.1148 0.1406 -0.0103
v 0.1202 0.1411 -0.0074
v 0.1260 0.1413 -0.0059
v 0.1201 0.1299 -0.0066
v 0.1256 0.1300 -0.0050
v 0.1315 0.1298 -0.0049
v 0.1250 0.1191 -0.0033
v 0.1307 0.1187 -0.0032
v 0.1368 0.1179 -0.0044
v 0.1299 0.1082 -0.0007
v 0.1359 0.1072 -0.0020
v 0.1422 0.1056 -0.0049
v 0.1354 0.0971 0.0014
v 0.1418 0.0952 -0.0015
v 0.1293 0.0983 0.0029
v 0.1289 0.0891 0.0076
v 0.1353 0.0876 0.0062
v 0.1420 0.0854 0.0032
v 0.1356 0.0789 0.0125
v 0.1428 0.0763 0.0095
v 0.1440 0.0679 0.0173
v 0.1233 0.0989 0.0029
v 0.1242 0.1087 -0.0008
v 0.1186 0.1086 -0.0023
v 0.1196 0.1190 -0.0049
v 0.1146 0.1184 -0.0080
v 0.1150 0.1293 -0.0095
v 0.1105 0.1284 -0.0140
v 0.1100 0.1398 -0.0148
v 0.1060 0.1387 -0.0207
v 0.1067 0.1273 -0.0198
v 0.1045 0.1503 -0.0211
v 0.1013 0.1491 -0.0286
v 0.1029 0.1374 -0.0280
v 0.0995 0.1610 -0.0289
v 0.0974 0.1599 -0.0371
v 0.0993 0.1481 -0.0368
v 0.0953 0.1719 -0.0373
v 0.0943 0.1712 -0.0458
v 0.0965 0.1592 -0.0456
v 0.0919 0.1832 -0.0461
v 0.0923 0.1830 -0.0548
v 0.0946 0.1709 -0.0544
v 0.0899 0.1952 -0.0552
v 0.0918 0.1954 -0.0639
v 0.0940 0.1833 -0.0633
v 0.0894 0.2075 -0.0645
v 0.0928 0.2079 -0.0731
v 0.0949 0.1958 -0.0721
v 0.0904 0.2200 -0.0741
v 0.0952 0.2204 -0.0821
v 0.0973 0.2083 -0.0809
v 0.0930 0.2326 -0.0833
v 0.0991 0.2332 -0.0907
v 0.1009 0.2209 -0.0893
v 0.0973 0.2455 -0.0921
v 0.1048 0.2459 -0.0986
v 0.1062 0.2336 -0.0970
v 0.1035 0.2583 -0.1002
v 0.1126 0.2586 -0.1051
v 0.1135 0.2462 -0.1033
v 0.1117 0.2711 -0.1068
v 0.1220 0.2714 -0.1097
v 0.1226 0.2589 -0.1079
v 0.1215 0.2840 -0.1115
v 0.1326 0.2844 -0.1121
v 0.1327 0.2717 -0.1103
v 0.1323 0.2973 -0.1136
v 0.1435 0.2977 -0.1119
v 0.1434 0.2847 -0.1105
v 0.1435 0.3107 -0.1131
v 0.1543 0.3109 -0.1090
v 0.1540 0.2979 -0.1079
v 0.1545 0.3241 -0.1096
v 0.1641 0.3240 -0.1029
v 0.1636 0.3109 -0.1024
v 0.1643 0.3372 -0.1031
v 0.1724 0.3369 -0.0944
v 0.1720 0.3238 -0.0943
v 0.1725 0.3501 -0.0941
v 0.1789 0.3497 -0.0841
v 0.1787 0.3366 -0.0844
v 0.1788 0.3629 -0.0833
v 0.1831 0.3625 -0.0723
v 0.1833 0.3494 -0.0730
v 0.1824 0.3757 -0.0712
v 0.1843 0.3751 -0.0596
v 0.1850 0.3620 -0.0606
v 0.1831 0.3881 -0.0582
v 0.1827 0.3871 -0.0466
v 0.1839 0.3743 -0.0479
v 0.1812 0.4000 -0.0451
v 0.1789 0.3987 -0.0339
v 0.1805 0.3860 -0.0353
v 0.1771 0.4113 -0.0323
v 0.1732 0.4097 -0.0219
v 0.1750 0.3972 -0.0233
v 0.1711 0.4221 -0.0201
v 0.1654 0.4203 -0.0108
v 0.1675 0.4080 -0.0123
v 0.1629 0.4325 -0.0089
v 0.1559 0.4302 -0.0010
v 0.1581 0.4182 -0.0028
v 0.1535 0.4422 0.0016
v 0.1456 0.4391 0.0086
v 0.1476 0.4275 0.0057
v 0.1435 0.4508 0.0123
v 0.1343 0.4477 0.0174
v 0.1363 0.4362 0.0137
v 0.1321 0.4596 0.0216
v 0.1218 0.4574 0.0244
v 0.1239 0.4457 0.0199
v 0.1197 0.4697 0.0293
v 0.1089 0.4688 0.0289
v 0.1110 0.4564 0.0242
v 0.1068 0.4818 0.0334
v 0.0962 0.4818 0.0294
v 0.0985 0.4692 0.0250
v 0.0942 0.4951 0.0333
v 0.0841 0.4951 0.0268
v 0.0863 0.4824 0.0233
v 0.0820 0.5080 0.0298
v 0.0729 0.5080 0.0210
v 0.0752 0.4955 0.0182
v 0.0705 0.5207 0.0238
v 0.0621 0.5208 0.0139
v 0.0646 0.5083 0.0113
v 0.0595 0.5333 0.0165
v 0.0518 0.5335 0.0057
v 0.0544 0.5210 0.0033
v 0.0493 0.5460 0.0080
v 0.0432 0.5465 -0.0042
v 0.0455 0.5340 -0.0060
v 0.0410 0.5590 -0.0024
v 0.0373 0.5597 -0.0160
v 0.0393 0.5474 -0.0172
v 0.0351 0.5720 -0.0148
v 0.0342 0.5728 -0.0293
v 0.0363 0.5607 -0.0300
v 0.0321 0.5848 -0.0287
v 0.0346 0.5857 -0.0436
v 0.0364 0.5739 -0.0437
v 0.0325 0.5973 -0.0436
v 0.0388 0.5983 -0.0578
v 0.0405 0.5867 -0.0574
v 0.0370 0.6097 -0.0583
v 0.0466 0.6107 -0.0710
v 0.0481 0.5993 -0.0701
v 0.0451 0.6220 -0.0718
v 0.0572 0.6230 -0.0825
v 0.0584 0.6117 -0.0812
v 0.0561 0.6342 -0.0837
v 0.0701 0.6354 -0.0919
v 0.0708 0.6241 -0.0905
v 0.0694 0.6466 -0.0932
v 0.0847 0.6480 -0.0985
v 0.0851 0.6367 -0.0973
v 0.0843 0.6593 -0.0996
v 0.1003 0.6609 -0.1017
v 0.1004 0.6495 -0.1006
v 0.1001 0.6723 -0.1027
v 0.1160 0.6741 -0.1015
v 0.1160 0.6626 -0.1005
v 0.1159 0.6856 -0.1026
v 0.1310 0.6878 -0.0978
v 0.1309 0.6762 -0.0968
v 0.1309 0.6995 -0.0990
v 0.1444 0.7021 -0.0913
v 0.1444 0.6902 -0.0901
v 0.1442 0.7140 -0.0927
v 0.1558 0.7171 -0.0826
v 0.1560 0.7048 -0.0812
v 0.1554 0.7294 -0.0843
v 0.1646 0.7328 -0.0724
v 0.1650 0.7199 -0.0707
v 0.1641 0.7456 -0.0746
v 0.1709 0.7490 -0.0614
v 0.1716 0.7356 -0.0593
v 0.1701 0.7625 -0.0641
v 0.1748 0.7660 -0.0502
v 0.1756 0.7519 -0.0475
v 0.1736 0.7804 -0.0531
v 0.1760 0.7835 -0.0386
v 0.1771 0.7684 -0.0356
v 0.1762 0.7848 -0.0230
v 0.1772 0.7699 -0.0204
v 0.1741 0.7850 -0.0069
v 0.1749 0.7706 -0.0050
v 0.1731 0.7995 -0.0083
v 0.1687 0.7987 0.0075
v 0.1696 0.7847 0.0086
v 0.1718 0.8137 -0.0088
v 0.1675 0.8124 0.0069
v 0.1699 0.8276 -0.0081
v 0.1658 0.8258 0.0070
v 0.1675 0.8413 -0.0070
v 0.1635 0.8391 0.0076
v 0.1687 0.8439 -0.0210
v 0.1664 0.8568 -0.0202
v 0.1649 0.8543 -0.0061
v 0.1683 0.8466 -0.0340
v 0.1660 0.8590 -0.0338
v 0.1666 0.8495 -0.0474
v 0.1642 0.8611 -0.0483
v 0.1620 0.8725 -0.0482
v 0.1637 0.8711 -0.0335
v 0.1615 0.8832 -0.0323
v 0.1616 0.8812 -0.0176
v 0.1640 0.8693 -0.0194
v 0.1589 0.8927 -0.0148
v 0.1561 0.8898 -0.0001
v 0.1595 0.8782 -0.0029
v 0.1525 0.9015 0.0026
v 0.1468 0.8992 0.0158
v 0.1507 0.8873 0.0136
v 0.1430 0.9111 0.0177
v 0.1351 0.9091 0.0298
v 0.1390 0.8973 0.0280
v 0.1317 0.9207 0.0317
v 0.1215 0.9184 0.0423
v 0.1251 0.9070 0.0406
v 0.1181 0.9296 0.0440
v 0.1050 0.9265 0.0521
v 0.1087 0.9158 0.0506
v 0.1017 0.9372 0.0536
v 0.0870 0.9333 0.0594
v 0.0901 0.9228 0.0578
v 0.0844 0.9442 0.0609
v 0.0702 0.9409 0.0658
v 0.0719 0.9293 0.0641
v 0.0685 0.9528 0.0672
v 0.0552 0.9505 0.0717
v 0.0565 0.9383 0.0701
v 0.0539 0.9629 0.0730
v 0.0407 0.9615 0.0767
v 0.0417 0.9490 0.0752
v 0.0397 0.9743 0.0777
v 0.0265 0.9738 0.0795
v 0.0273 0.9609 0.0785
v 0.0257 0.9869 0.0798
v 0.0280 0.9483 0.0771
v 0.0288 0.9359 0.0754
v 0.0428 0.9366 0.0735
v 0.0296 0.9237 0.0736
v 0.0438 0.9246 0.0715
v 0.0578 0.9264 0.0682
v 0.0450 0.9127 0.0696
v 0.0591 0.9147 0.0663
v 0.0742 0.9184 0.0623
v 0.0609 0.9035 0.0645
v 0.0774 0.9083 0.0606
v 0.0937 0.9125 0.0563
v 0.0814 0.8984 0.0591
v 0.0977 0.9020 0.0550
v 0.1124 0.9048 0.0491
v 0.1018 0.8911 0.0538
v 0.1164 0.8934 0.0478
v 0.1289 0.8954 0.0389
v 0.1203 0.8818 0.0464
v 0.1328 0.8836 0.0374
v 0.1430 0.8854 0.0261
v 0.1367 0.8718 0.0360
v 0.1469 0.8735 0.0245
v 0.1545 0.8755 0.0113
v 0.1505 0.8617 0.0231
v 0.1579 0.8638 0.0096
v 0.1622 0.8664 -0.0049
v 0.1609 0.8518 0.0084
v 0.1536 0.8497 0.0221
v 0.1563 0.8373 0.0214
v 0.1434 0.8479 0.0341
v 0.1463 0.8356 0.0336
v 0.1402 0.8599 0.0349
v 0.1279 0.8581 0.0444
v 0.1311 0.8460 0.0438
v 0.1242 0.8700 0.0453
v 0.1101 0.8680 0.0520
v 0.1140 0.8560 0.0514
v 0.1060 0.8797 0.0528
v 0.0905 0.8771 0.0569
v 0.0951 0.8655 0.0563
v 0.0859 0.8881 0.0579
v 0.0686 0.8840 0.0612
v 0.0740 0.8737 0.0598
v 0.0640 0.8934 0.0628
v 0.0481 0.8896 0.0659
v 0.0507 0.8793 0.0642
v 0.0464 0.9010 0.0676
v 0.0319 0.9001 0.0701
v 0.0337 0.8887 0.0684
v 0.0306 0.9118 0.0719
v 0.0360 0.8778 0.0665
v 0.0793 0.8623 0.0588
v 0.0840 0.8503 0.0585
v 0.0993 0.8534 0.0559
v 0.0880 0.8380 0.0585
v 0.1030 0.8413 0.0559
v 0.1175 0.8439 0.0511
v 0.1061 0.8290 0.0561
v 0.1206 0.8316 0.0511
v 0.1341 0.8337 0.0436
v 0.1232 0.8191 0.0515
v 0.1366 0.8212 0.0438
v 0.1487 0.8230 0.0337
v 0.1388 0.8085 0.0444
v 0.1506 0.8101 0.0340
v 0.1586 0.8244 0.0212
v 0.1603 0.8112 0.0214
v 0.1521 0.7968 0.0348
v 0.1616 0.7978 0.0221
v 0.1626 0.7841 0.0231
v 0.1703 0.7706 0.0102
v 0.1754 0.7561 -0.0028
v 0.1778 0.7554 -0.0179
v 0.1782 0.7411 -0.0158
v 0.1784 0.7398 -0.0307
v 0.1778 0.7540 -0.0329
v 0.1785 0.7259 -0.0289
v 0.1765 0.7243 -0.0435
v 0.1762 0.7380 -0.0453
v 0.1765 0.7108 -0.0421
v 0.1720 0.7092 -0.0561
v 0.1719 0.7224 -0.0575
v 0.1718 0.6962 -0.0550
v 0.1651 0.6945 -0.0682
v 0.1651 0.7072 -0.0693
v 0.1649 0.6819 -0.0673
v 0.1558 0.6802 -0.0792
v 0.1560 0.6925 -0.0801
v 0.1555 0.6679 -0.0784
v 0.1441 0.6663 -0.0883
v 0.1443 0.6782 -0.0891
v 0.1438 0.6543 -0.0875
v 0.1306 0.6527 -0.0950
v 0.1308 0.6645 -0.0958
v 0.1303 0.6409 -0.0941
v 0.1159 0.6395 -0.0986
v 0.1160 0.6511 -0.0996
v 0.1156 0.6278 -0.0973
v 0.1006 0.6266 -0.0981
v 0.1005 0.6381 -0.0995
v 0.1005 0.6150 -0.0966
v 0.0858 0.6139 -0.0943
v 0.0854 0.6253 -0.0959
v 0.0861 0.6024 -0.0926
v 0.0724 0.6013 -0.0875
v 0.0716 0.6128 -0.0890
v 0.0731 0.5898 -0.0860
v 0.0606 0.5887 -0.0788
v 0.0595 0.6003 -0.0799
v 0.0616 0.5770 -0.0777
v 0.0508 0.5760 -0.0686
v 0.0495 0.5877 -0.0693
v 0.0521 0.5642 -0.0682
v 0.0437 0.5632 -0.0570
v 0.0421 0.5750 -0.0571
v 0.0453 0.5512 -0.0571
v 0.0401 0.5499 -0.0445
v 0.0383 0.5619 -0.0440
v 0.0420 0.5377 -0.0451
v 0.0403 0.5362 -0.0319
v 0.0383 0.5485 -0.0309
v 0.0424 0.5238 -0.0330
v 0.0439 0.5224 -0.0202
v 0.0415 0.5349 -0.0187
v 0.0464 0.5099 -0.0220
v 0.0506 0.5090 -0.0101
v 0.0480 0.5215 -0.0080
v 0.0533 0.4966 -0.0123
v 0.0597 0.4962 -0.0015
v 0.0571 0.5086 0.0009
v 0.0621 0.4839 -0.0038
v 0.0694 0.4835 0.0060
v 0.0671 0.4959 0.0087
v 0.0717 0.4712 0.0031
v 0.0797 0.4706 0.0118
v 0.0774 0.4830 0.0152
v 0.0820 0.4584 0.0082
v 0.0909 0.4578 0.0151
v 0.0886 0.4699 0.0192
v 0.0931 0.4459 0.0111
v 0.1027 0.4451 0.0163
v 0.1006 0.4569 0.0205
v 0.1044 0.4334 0.0128
v 0.1148 0.4333 0.0160
v 0.1130 0.4447 0.0199
v 0.1164 0.4220 0.0130
v 0.1273 0.4229 0.0132
v 0.1257 0.4342 0.0160
v 0.1288 0.4116 0.0112
v 0.1396 0.4134 0.0087
v 0.1380 0.4248 0.0108
v 0.1410 0.4020 0.0072
v 0.1512 0.4042 0.0023
v 0.1494 0.4159 0.0037
v 0.1527 0.3924 0.0013
v 0.1619 0.3942 -0.0052
v 0.1601 0.4062 -0.0041
v 0.1633 0.3822 -0.0061
v 0.1709 0.3835 -0.0146
v 0.1694 0.3958 -0.0136
v 0.1720 0.3712 -0.0155
v 0.1778 0.3723 -0.0255
v 0.1766 0.3848 -0.0245
v 0.1786 0.3598 -0.0264
v 0.1825 0.3606 -0.0374
v 0.1817 0.3733 -0.0364
v 0.1829 0.3480 -0.0381
v 0.1850 0.3486 -0.0496
v 0.1847 0.3614 -0.0489
v 0.1850 0.3358 -0.0502
v 0.1851 0.3362 -0.0619
v 0.1852 0.3491 -0.0614
v 0.1847 0.3234 -0.0622
v 0.1826 0.3234 -0.0736
v 0.1832 0.3363 -0.0735
v 0.1818 0.3106 -0.0734
v 0.1775 0.3107 -0.0841
v 0.1783 0.3236 -0.0844
v 0.1766 0.2978 -0.0835
v 0.1706 0.2979 -0.0930
v 0.1714 0.3108 -0.0938
v 0.1697 0.2850 -0.0920
v 0.1624 0.2850 -0.1002
v 0.1631 0.2979 -0.1014
v 0.1617 0.2721 -0.0988
v 0.1531 0.2719 -0.1050
v 0.1536 0.2849 -0.1066
v 0.1526 0.2591 -0.1033
v 0.1430 0.2590 -0.1069
v 0.1433 0.2719 -0.1088
v 0.1427 0.2463 -0.1050
v 0.1329 0.2464 -0.1065
v 0.1329 0.2590 -0.1085
v 0.1329 0.2338 -0.1045
v 0.1234 0.2339 -0.1040
v 0.1230 0.2464 -0.1060
v 0.1237 0.2213 -0.1020
v 0.1153 0.2214 -0.0996
v 0.1144 0.2338 -0.1015
v 0.1161 0.2089 -0.0978
v 0.1089 0.2089 -0.0938
v 0.1076 0.2213 -0.0954
v 0.1100 0.1964 -0.0922
v 0.1042 0.1964 -0.0867
v 0.1026 0.2087 -0.0880
v 0.1055 0.1840 -0.0854
v 0.1008 0.1839 -0.0788
v 0.0992 0.1962 -0.0798
v 0.1024 0.1715 -0.0779
v 0.0988 0.1714 -0.0707
v 0.0969 0.1836 -0.0713
v 0.1006 0.1589 -0.0701
v 0.0982 0.1588 -0.0624
v 0.0962 0.1711 -0.0628
v 0.1000 0.1463 -0.0619
v 0.0987 0.1467 -0.0537
v 0.0967 0.1588 -0.0542
v 0.1002 0.1343 -0.0529
v 0.1000 0.1352 -0.0445
v 0.0984 0.1473 -0.0452
v 0.1007 0.1229 -0.0434
v 0.1017 0.1242 -0.0350
v 0.1009 0.1362 -0.0361
v 0.1037 0.1258 -0.0270
v 0.1698 0.0311 0.0325
v 0.1741 0.0252 0.0301
v 0.1762 0.0216 0.0433
v 0.1784 0.0157 0.0427
v 0.1767 0.0190 0.0289
v 0.1791 0.0136 0.0569
v 0.1787 0.0080 0.0570
v 0.1784 0.0098 0.0425
v 0.1780 0.0071 0.0716
v 0.1751 0.0025 0.0717
v 0.1762 0.0030 0.0571
v 0.1729 0.0023 0.0865
v 0.1681 -0.0008 0.0859
v 0.1705 -0.0010 0.0716
v 0.1631 -0.0012 0.0999
v 0.1620 -0.0028 0.0849
v 0.1302 -0.0026 0.0200
v 0.1294 -0.0022 0.0083
v 0.1393 -0.0037 0.0078
v 0.1280 -0.0021 -0.0031
v 0.1376 -0.0036 -0.0038
v 0.1263 -0.0026 -0.0140
v 0.1358 -0.0040 -0.0148
v 0.1244 -0.0037 -0.0245
v 0.1340 -0.0048 -0.0252
v 0.1228 -0.0049 -0.0345
v 0.1324 -0.0058 -0.0350
v 0.1218 -0.0058 -0.0441
v 0.1312 -0.0065 -0.0443
v 0.1135 -0.0041 -0.0451
v 0.1405 -0.0062 -0.0459
v 0.1423 -0.0055 -0.0364
v 0.1381 -0.0065 -0.0549
v 0.1459 -0.0052 -0.0573
v 0.1490 -0.0045 -0.0481
v 0.1529 -0.0017 -0.0599
v 0.1564 -0.0007 -0.0504
v 0.1612 0.0065 -0.0525
v 0.1637 0.0075 -0.0422
v 0.1586 0.0006 -0.0402
v 0.1600 0.0015 -0.0299
v 0.1512 -0.0036 -0.0383
v 0.1526 -0.0027 -0.0282
v 0.1539 -0.0021 -0.0178
v 0.1437 -0.0047 -0.0266
v 0.1452 -0.0040 -0.0162
v 0.1468 -0.0036 -0.0052
v 0.1353 0.0543 -0.0869
v 0.1400 0.0674 -0.0821
v 0.1448 0.0799 -0.0768
v 0.1502 0.0928 -0.0717
v 0.1558 0.1064 -0.0662
v 0.1599 0.1205 -0.0593
v 0.1629 0.1343 -0.0520
v 0.1651 0.1479 -0.0445
v 0.1659 0.1613 -0.0369
v 0.1650 0.1746 -0.0292
v 0.1627 0.1878 -0.0216
v 0.1582 0.2007 -0.0148
v 0.1518 0.2133 -0.0090
v 0.1439 0.2256 -0.0044
v 0.1346 0.2378 -0.0018
v 0.1245 0.2499 -0.0017
v 0.1139 0.2616 -0.0036
v 0.1033 0.2730 -0.0071
v 0.0932 0.2842 -0.0125
v 0.0839 0.2955 -0.0194
v 0.0761 0.3071 -0.0277
v 0.0706 0.3190 -0.0376
v 0.0676 0.3314 -0.0481
v 0.0673 0.3441 -0.0590
v 0.0695 0.3569 -0.0696
v 0.0743 0.3699 -0.0794
v 0.0806 0.3836 -0.0877
v 0.0874 0.3980 -0.0947
v 0.0957 0.4128 -0.0991
v 0.1050 0.4273 -0.1009
v 0.1145 0.4417 -0.1001
v 0.1239 0.4553 -0.0966
v 0.1329 0.4679 -0.0911
v 0.1412 0.4801 -0.0841
v 0.1486 0.4920 -0.0756
v 0.1548 0.5032 -0.0655
v 0.1602 0.5140 -0.0544
v 0.1644 0.5250 -0.0427
v 0.1660 0.5360 -0.0300
v 0.1652 0.5466 -0.0167
v 0.1632 0.5571 -0.0031
v 0.1603 0.5679 0.0107
v 0.1558 0.5795 0.0239
v 0.1489 0.5917 0.0362
v 0.1395 0.6042 0.0471
v 0.1274 0.6166 0.0558
v 0.1133 0.6287 0.0616
v 0.0981 0.6406 0.0640
v 0.0828 0.6525 0.0627
v 0.0679 0.6642 0.0577
v 0.0537 0.6752 0.0495
v 0.0404 0.6855 0.0381
v 0.0284 0.6952 0.0241
v 0.0180 0.7045 0.0072
v 0.0107 0.7136 -0.0126
v 0.0078 0.7225 -0.0343
v 0.0106 0.7316 -0.0560
v 0.0193 0.7411 -0.0761
v 0.0323 0.7515 -0.0930
v 0.0897 0.9105 -0.1425
v 0.0879 0.9244 -0.1374
v 0.1003 0.9269 -0.1294
v 0.0985 0.9395 -0.1239
v 0.1102 0.9411 -0.1144
v 0.1086 0.9530 -0.1092
v 0.1194 0.9538 -0.0989
v 0.1180 0.9654 -0.0944
v 0.1278 0.9662 -0.0834
v 0.1263 0.9778 -0.0797
v 0.1342 0.9783 -0.0677
v 0.1323 0.9900 -0.0648
v 0.1378 0.9901 -0.0518
v 0.1355 1.0017 -0.0493
v 0.1384 1.0013 -0.0359
v 0.1356 1.0128 -0.0338
v 0.1364 1.0118 -0.0204
v 0.1335 1.0234 -0.0188
v 0.1329 1.0220 -0.0056
v 0.1304 1.0338 -0.0045
v 0.1283 1.0319 0.0084
v 0.1266 1.0440 0.0093
v 0.1225 1.0416 0.0217
v 0.1217 1.0539 0.0227
v 0.1151 1.0510 0.0346
vt 0.3709 0.7508
vt 0.3738 0.7416
vt 0.3820 0.7472
vt 0.3821 0.7543
vt 0.3709 0.7508
vt 0.3766 0.7634
vt 0.3701 0.7651
vt 0.3666 0.7558
vt 0.3825 0.7633
vt 0.3094 0.4437
vt 0.3051 0.4504
vt 0.2974 0.4485
vt 0.2977 0.4436
vt 0.3153 0.4519
vt 0.3109 0.4552
vt 0.3169 0.4416
vt 0.3213 0.4483
vt 0.3054 0.4366
vt 0.3141 0.4341
vt 0.2973 0.4370
vt 0.1635 0.6805
vt 0.1684 0.6720
vt 0.1765 0.6759
vt 0.1742 0.6834
vt 0.1730 0.6915
vt 0.1640 0.6910
vt 0.1635 0.6805
vt 0.1543 0.6838
vt 0.1501 0.6762
vt 0.1564 0.6714
vt 0.1619 0.6659
vt 0.1559 0.6924
vt 0.2280 0.7041
vt 0.2297 0.6938
vt 0.2406 0.6957
vt 0.2396 0.7024
vt 0.2280 0.7041
vt 0.2176 0.7088
vt 0.2131 0.7035
vt 0.2185 0.6971
vt 0.2218 0.6916
vt 0.0479 0.0278
vt 0.0504 0.0261
vt 0.0527 0.0275
vt 0.0498 0.0290
vt 0.0455 0.0286
vt 0.0456 0.0260
vt 0.0463 0.0307
vt 0.0348 0.1427
vt 0.0349 0.1395
vt 0.0399 0.1422
vt 0.0376 0.1447
vt 0.0311 0.1428
vt 0.0304 0.1389
vt 0.0350 0.1472
vt 0.0754 0.1147
vt 0.0712 0.1078
vt 0.0771 0.1052
vt 0.0829 0.1110
vt 0.0664 0.1150
vt 0.0644 0.1088
vt 0.0735 0.1224
vt 0.0654 0.1207
vt 0.0842 0.1201
vt 0.0806 0.1251
vt 0.0885 0.1154
vt 0.1215 0.0582
vt 0.1143 0.0553
vt 0.1138 0.0497
vt 0.1204 0.0501
vt 0.1215 0.0582
vt 0.1290 0.0542
vt 0.1320 0.0600
vt 0.1282 0.0643
vt 0.1258 0.0481
vt 0.1243 0.0696
vt 0.1191 0.0649
vt 0.1126 0.0606
vt 0.0559 0.0338
vt 0.0542 0.0353
vt 0.0523 0.0336
vt 0.0546 0.0324
vt 0.0579 0.0338
vt 0.0575 0.0362
vt 0.0576 0.0316
vt 0.0263 0.0446
vt 0.0248 0.0489
vt 0.0200 0.0464
vt 0.0241 0.0409
vt 0.0294 0.0380
vt 0.0300 0.0441
vt 0.0295 0.0504
vt 0.0598 0.0570
vt 0.0564 0.0577
vt 0.0563 0.0522
vt 0.0608 0.0538
vt 0.0648 0.0556
vt 0.0623 0.0602
vt 0.0583 0.0625
vt 0.0200 0.1286
vt 0.0230 0.1301
vt 0.0208 0.1331
vt 0.0172 0.1303
vt 0.0198 0.1258
vt 0.0243 0.1262
vt 0.0157 0.1259
vt 0.3688 0.6196
vt 0.3694 0.6091
vt 0.3788 0.6057
vt 0.3795 0.6135
vt 0.3813 0.6203
vt 0.3730 0.6256
vt 0.3688 0.6196
vt 0.3622 0.6300
vt 0.3547 0.6281
vt 0.3585 0.6203
vt 0.3609 0.6124
vt 0.3683 0.6335
vt 0.3886 0.6371
vt 0.3858 0.6325
vt 0.3923 0.6308
vt 0.3928 0.6372
vt 0.3924 0.6435
vt 0.3862 0.6412
vt 0.3817 0.6371
vt 0.4196 0.4343
vt 0.4205 0.4496
vt 0.4111 0.4517
vt 0.4069 0.4447
vt 0.4318 0.4384
vt 0.4319 0.4474
vt 0.4256 0.4228
vt 0.4336 0.4246
vt 0.4118 0.4300
vt 0.4200 0.4180
vt 0.4025 0.4366
vt 0.3015 0.4544
vt 0.2970 0.4538
vt 0.3048 0.4583
vt 0.2967 0.4600
vt 0.1982 0.4717
vt 0.1898 0.4722
vt 0.1832 0.4649
vt 0.1841 0.4629
vt 0.2043 0.4806
vt 0.1972 0.4818
vt 0.1850 0.4606
vt 0.1958 0.4652
vt 0.4237 0.7527
vt 0.4153 0.7495
vt 0.4177 0.7425
vt 0.4260 0.7435
vt 0.4343 0.7431
vt 0.4343 0.7508
vt 0.4347 0.7571
vt 0.4272 0.7598
vt 0.4209 0.7653
vt 0.4171 0.7603
vt 0.4114 0.7560
vt 0.4119 0.7665
vt 0.4072 0.7625
vt 0.4015 0.7596
vt 0.4043 0.7527
vt 0.4068 0.7464
vt 0.4088 0.7403
vt 0.3967 0.7506
vt 0.3980 0.7444
vt 0.3996 0.7382
vt 0.4011 0.7320
vt 0.4098 0.7337
vt 0.3900 0.7427
vt 0.3917 0.7358
vt 0.3929 0.7291
vt 0.3938 0.7220
vt 0.4018 0.7252
vt 0.3839 0.7318
vt 0.3847 0.7244
vt 0.3858 0.7169
vt 0.3872 0.7096
vt 0.3952 0.7145
vt 0.3760 0.7189
vt 0.3774 0.7118
vt 0.3789 0.7048
vt 0.3806 0.6979
vt 0.3887 0.7024
vt 0.3689 0.7072
vt 0.3708 0.7003
vt 0.3726 0.6934
vt 0.3744 0.6866
vt 0.3823 0.6910
vt 0.3630 0.6961
vt 0.3650 0.6892
vt 0.3667 0.6823
vt 0.3684 0.6755
vt 0.3760 0.6799
vt 0.3573 0.6848
vt 0.3592 0.6781
vt 0.3610 0.6714
vt 0.3632 0.6648
vt 0.3705 0.6689
vt 0.3516 0.6742
vt 0.3537 0.6677
vt 0.3559 0.6611
vt 0.3585 0.6546
vt 0.3653 0.6583
vt 0.3464 0.6643
vt 0.3489 0.6578
vt 0.3519 0.6512
vt 0.3551 0.6446
vt 0.3615 0.6478
vt 0.3417 0.6549
vt 0.3447 0.6485
vt 0.3479 0.6419
vt 0.3512 0.6352
vt 0.3585 0.6377
vt 0.3369 0.6461
vt 0.3399 0.6396
vt 0.3431 0.6331
vt 0.3461 0.6264
vt 0.3547 0.6281
vt 0.3316 0.6376
vt 0.3345 0.6312
vt 0.3373 0.6247
vt 0.3400 0.6181
vt 0.3492 0.6195
vt 0.3260 0.6295
vt 0.3287 0.6231
vt 0.3312 0.6167
vt 0.3333 0.6103
vt 0.3422 0.6117
vt 0.3204 0.6217
vt 0.3228 0.6154
vt 0.3250 0.6091
vt 0.3268 0.6027
vt 0.3350 0.6039
vt 0.3148 0.6141
vt 0.3169 0.6079
vt 0.3188 0.6017
vt 0.3203 0.5954
vt 0.3282 0.5962
vt 0.3092 0.6069
vt 0.3110 0.6008
vt 0.3126 0.5946
vt 0.3138 0.5884
vt 0.3215 0.5890
vt 0.3035 0.5999
vt 0.3051 0.5939
vt 0.3064 0.5878
vt 0.3073 0.5817
vt 0.3148 0.5822
vt 0.2979 0.5932
vt 0.2992 0.5873
vt 0.3002 0.5813
vt 0.3009 0.5753
vt 0.3080 0.5756
vt 0.2923 0.5867
vt 0.2933 0.5808
vt 0.2940 0.5750
vt 0.2943 0.5691
vt 0.3012 0.5693
vt 0.2867 0.5804
vt 0.2873 0.5746
vt 0.2876 0.5690
vt 0.2873 0.5633
vt 0.2942 0.5632
vt 0.2808 0.5744
vt 0.2810 0.5688
vt 0.2807 0.5633
vt 0.2799 0.5579
vt 0.2868 0.5576
vt 0.2746 0.5688
vt 0.2741 0.5635
vt 0.2733 0.5582
vt 0.2720 0.5530
vt 0.2788 0.5525
vt 0.2678 0.5637
vt 0.2668 0.5586
vt 0.2654 0.5535
vt 0.2635 0.5485
vt 0.2703 0.5478
vt 0.2606 0.5591
vt 0.2590 0.5542
vt 0.2570 0.5492
vt 0.2546 0.5442
vt 0.2614 0.5434
vt 0.2530 0.5549
vt 0.2508 0.5501
vt 0.2483 0.5452
vt 0.2453 0.5401
vt 0.2520 0.5391
vt 0.2450 0.5513
vt 0.2422 0.5465
vt 0.2391 0.5414
vt 0.2356 0.5361
vt 0.2421 0.5348
vt 0.2366 0.5482
vt 0.2334 0.5432
vt 0.2297 0.5378
vt 0.2255 0.5320
vt 0.2318 0.5304
vt 0.2282 0.5455
vt 0.2244 0.5402
vt 0.2202 0.5343
vt 0.2156 0.5278
vt 0.2210 0.5256
vt 0.2210 0.5256
vt 0.2166 0.5186
vt 0.2242 0.5179
vt 0.2280 0.5243
vt 0.2106 0.5206
vt 0.2061 0.5134
vt 0.2127 0.5113
vt 0.2127 0.5113
vt 0.2094 0.5040
vt 0.2175 0.5036
vt 0.2209 0.5109
vt 0.2021 0.5067
vt 0.1989 0.4998
vt 0.2060 0.4972
vt 0.2060 0.4972
vt 0.2024 0.4900
vt 0.2104 0.4887
vt 0.2143 0.4959
vt 0.1954 0.4925
vt 0.1919 0.4834
vt 0.1972 0.4818
vt 0.1863 0.4724
vt 0.1817 0.4661
vt 0.4427 0.3062
vt 0.4427 0.3199
vt 0.4421 0.3198
vt 0.4416 0.3060
vt 0.4411 0.3206
vt 0.4405 0.3069
vt 0.4427 0.3316
vt 0.4420 0.3327
vt 0.4411 0.3332
vt 0.4400 0.3335
vt 0.4403 0.3211
vt 0.4415 0.3503
vt 0.4404 0.3501
vt 0.4390 0.3495
vt 0.4375 0.3489
vt 0.4387 0.3338
vt 0.4383 0.3677
vt 0.4365 0.3666
vt 0.4348 0.3654
vt 0.4327 0.3640
vt 0.4358 0.3481
vt 0.4317 0.3845
vt 0.4292 0.3826
vt 0.4267 0.3803
vt 0.4239 0.3776
vt 0.4303 0.3622
vt 0.4227 0.3993
vt 0.4194 0.3956
vt 0.4164 0.3915
vt 0.4126 0.3866
vt 0.4206 0.3742
vt 0.4117 0.4077
vt 0.4082 0.4019
vt 0.4046 0.3956
vt 0.4005 0.3890
vt 0.4085 0.3807
vt 0.4000 0.4094
vt 0.3964 0.4027
vt 0.3929 0.3958
vt 0.3889 0.3889
vt 0.3965 0.3823
vt 0.3885 0.4085
vt 0.3851 0.4016
vt 0.3816 0.3947
vt 0.3778 0.3878
vt 0.3850 0.3821
vt 0.3774 0.4066
vt 0.3740 0.3997
vt 0.3706 0.3928
vt 0.3668 0.3859
vt 0.3739 0.3809
vt 0.3665 0.4041
vt 0.3631 0.3972
vt 0.3597 0.3903
vt 0.3561 0.3834
vt 0.3631 0.3790
vt 0.3557 0.4012
vt 0.3524 0.3942
vt 0.3491 0.3873
vt 0.3455 0.3804
vt 0.3525 0.3765
vt 0.3450 0.3978
vt 0.3418 0.3909
vt 0.3385 0.3840
vt 0.3350 0.3771
vt 0.3419 0.3736
vt 0.3345 0.3942
vt 0.3313 0.3873
vt 0.3280 0.3805
vt 0.3246 0.3737
vt 0.3315 0.3704
vt 0.3240 0.3903
vt 0.3208 0.3835
vt 0.3176 0.3768
vt 0.3142 0.3702
vt 0.3211 0.3671
vt 0.3137 0.3864
vt 0.3105 0.3797
vt 0.3073 0.3732
vt 0.3039 0.3667
vt 0.3108 0.3637
vt 0.3034 0.3825
vt 0.3003 0.3760
vt 0.2971 0.3696
vt 0.2938 0.3633
vt 0.3005 0.3604
vt 0.2932 0.3787
vt 0.2901 0.3724
vt 0.2870 0.3661
vt 0.2837 0.3600
vt 0.2904 0.3571
vt 0.2831 0.3750
vt 0.2801 0.3689
vt 0.2769 0.3628
vt 0.2737 0.3568
vt 0.2803 0.3539
vt 0.2731 0.3715
vt 0.2701 0.3656
vt 0.2669 0.3596
vt 0.2637 0.3538
vt 0.2704 0.3509
vt 0.2631 0.3682
vt 0.2601 0.3624
vt 0.2570 0.3566
vt 0.2539 0.3509
vt 0.2605 0.3480
vt 0.2532 0.3651
vt 0.2503 0.3593
vt 0.2473 0.3536
vt 0.2442 0.3480
vt 0.2507 0.3452
vt 0.2434 0.3620
vt 0.2405 0.3564
vt 0.2376 0.3508
vt 0.2346 0.3453
vt 0.2411 0.3425
vt 0.2337 0.3590
vt 0.2309 0.3535
vt 0.2281 0.3480
vt 0.2252 0.3427
vt 0.2316 0.3398
vt 0.2242 0.3562
vt 0.2215 0.3508
vt 0.2187 0.3455
vt 0.2159 0.3402
vt 0.2223 0.3373
vt 0.2148 0.3536
vt 0.2122 0.3483
vt 0.2096 0.3431
vt 0.2068 0.3379
vt 0.2131 0.3350
vt 0.2056 0.3511
vt 0.2031 0.3459
vt 0.2006 0.3408
vt 0.1980 0.3357
vt 0.2041 0.3328
vt 0.1966 0.3487
vt 0.1942 0.3436
vt 0.1918 0.3385
vt 0.1893 0.3336
vt 0.1953 0.3307
vt 0.1878 0.3463
vt 0.1855 0.3413
vt 0.1832 0.3364
vt 0.1807 0.3316
vt 0.1867 0.3287
vt 0.1792 0.3441
vt 0.1770 0.3393
vt 0.1748 0.3345
vt 0.1725 0.3297
vt 0.1783 0.3268
vt 0.1709 0.3421
vt 0.1689 0.3373
vt 0.1668 0.3325
vt 0.1645 0.3278
vt 0.1701 0.3250
vt 0.1631 0.3400
vt 0.1611 0.3352
vt 0.1592 0.3306
vt 0.1570 0.3261
vt 0.1622 0.3231
vt 0.3180 0.2100
vt 0.3238 0.2150
vt 0.3201 0.2199
vt 0.3143 0.2148
vt 0.3088 0.2097
vt 0.3125 0.2050
vt 0.3036 0.2045
vt 0.3075 0.1999
vt 0.3104 0.2195
vt 0.3050 0.2144
vt 0.2998 0.2092
vt 0.2948 0.2039
vt 0.2988 0.1993
vt 0.3010 0.2190
vt 0.2958 0.2138
vt 0.2908 0.2085
vt 0.2861 0.2032
vt 0.2901 0.1986
vt 0.2917 0.2184
vt 0.2867 0.2131
vt 0.2820 0.2078
vt 0.2773 0.2026
vt 0.2815 0.1981
vt 0.2825 0.2176
vt 0.2777 0.2123
vt 0.2731 0.2071
vt 0.2684 0.2019
vt 0.2727 0.1976
vt 0.2734 0.2166
vt 0.2687 0.2114
vt 0.2641 0.2062
vt 0.2595 0.2010
vt 0.2638 0.1968
vt 0.2643 0.2155
vt 0.2597 0.2103
vt 0.2552 0.2052
vt 0.2506 0.2001
vt 0.2549 0.1959
vt 0.2552 0.2144
vt 0.2507 0.2093
vt 0.2462 0.2043
vt 0.2416 0.1993
vt 0.2460 0.1951
vt 0.2462 0.2134
vt 0.2417 0.2084
vt 0.2372 0.2034
vt 0.2327 0.1985
vt 0.2371 0.1944
vt 0.2372 0.2125
vt 0.2327 0.2076
vt 0.2283 0.2027
vt 0.2238 0.1979
vt 0.2281 0.1937
vt 0.2283 0.2119
vt 0.2239 0.2070
vt 0.2195 0.2021
vt 0.2150 0.1972
vt 0.2192 0.1930
vt 0.2195 0.2112
vt 0.2151 0.2062
vt 0.2107 0.2012
vt 0.2062 0.1962
vt 0.2104 0.1923
vt 0.2107 0.2101
vt 0.2063 0.2051
vt 0.2018 0.2000
vt 0.1974 0.1950
vt 0.2017 0.1913
vt 0.2018 0.2088
vt 0.1974 0.2037
vt 0.1930 0.1987
vt 0.1886 0.1937
vt 0.1929 0.1901
vt 0.1930 0.2074
vt 0.1886 0.2024
vt 0.1843 0.1974
vt 0.1799 0.1924
vt 0.1841 0.1888
vt 0.1842 0.2060
vt 0.1799 0.2010
vt 0.1756 0.1960
vt 0.1712 0.1910
vt 0.1754 0.1875
vt 0.1755 0.2046
vt 0.1712 0.1996
vt 0.1670 0.1946
vt 0.1626 0.1896
vt 0.1668 0.1861
vt 0.1669 0.2031
vt 0.1627 0.1981
vt 0.1584 0.1930
vt 0.1542 0.1879
vt 0.1583 0.1845
vt 0.1583 0.2015
vt 0.1542 0.1964
vt 0.1500 0.1913
vt 0.1459 0.1862
vt 0.1499 0.1828
vt 0.1499 0.1998
vt 0.1459 0.1947
vt 0.1418 0.1895
vt 0.1377 0.1844
vt 0.1416 0.1810
vt 0.1417 0.1981
vt 0.1378 0.1929
vt 0.1337 0.1877
vt 0.1296 0.1826
vt 0.1335 0.1793
vt 0.1337 0.1963
vt 0.1298 0.1911
vt 0.1258 0.1859
vt 0.1217 0.1809
vt 0.1254 0.1776
vt 0.1258 0.1943
vt 0.1219 0.1892
vt 0.1179 0.1841
vt 0.1138 0.1792
vt 0.1175 0.1759
vt 0.1181 0.1923
vt 0.1142 0.1872
vt 0.1103 0.1823
vt 0.1062 0.1774
vt 0.1096 0.1743
vt 0.1107 0.1902
vt 0.1069 0.1852
vt 0.1030 0.1802
vt 0.0990 0.1754
vt 0.1020 0.1727
vt 0.1036 0.1878
vt 0.1000 0.1827
vt 0.0962 0.1778
vt 0.0922 0.1731
vt 0.0949 0.1708
vt 0.0970 0.1850
vt 0.0934 0.1800
vt 0.0896 0.1752
vt 0.0858 0.1705
vt 0.0882 0.1686
vt 0.0906 0.1821
vt 0.0869 0.1771
vt 0.0832 0.1722
vt 0.0793 0.1672
vt 0.0821 0.1664
vt 0.0842 0.1789
vt 0.0805 0.1738
vt 0.0767 0.1684
vt 0.1755 0.0636
vt 0.1689 0.0627
vt 0.1701 0.0600
vt 0.1760 0.0599
vt 0.0777 0.1754
vt 0.0739 0.1697
vt 0.1737 0.0675
vt 0.1673 0.0656
vt 0.1619 0.0610
vt 0.1640 0.0587
vt 0.1712 0.0717
vt 0.1650 0.0684
vt 0.1595 0.0636
vt 0.1552 0.0577
vt 0.1580 0.0552
vt 0.1621 0.0714
vt 0.1567 0.0663
vt 0.1522 0.0604
vt 0.1484 0.0544
vt 0.1517 0.0514
vt 0.1534 0.0694
vt 0.1487 0.0637
vt 0.1447 0.0580
vt 0.1411 0.0522
vt 0.1450 0.0484
vt 0.1449 0.0674
vt 0.1404 0.0617
vt 0.1368 0.0562
vt 0.1335 0.0506
vt 0.1377 0.0467
vt 0.1364 0.0657
vt 0.1320 0.0600
vt 0.1412 0.0713
vt 0.1376 0.0756
vt 0.1328 0.0701
vt 0.1339 0.0801
vt 0.1291 0.0748
vt 0.1301 0.0844
vt 0.1254 0.0794
vt 0.1207 0.0746
vt 0.1156 0.0699
vt 0.1219 0.0834
vt 0.1171 0.0787
vt 0.1122 0.0742
vt 0.1071 0.0695
vt 0.1101 0.0654
vt 0.1139 0.0822
vt 0.1090 0.0776
vt 0.1041 0.0731
vt 0.0993 0.0683
vt 0.1021 0.0648
vt 0.1060 0.0807
vt 0.1011 0.0761
vt 0.0965 0.0716
vt 0.0919 0.0670
vt 0.0947 0.0637
vt 0.0981 0.0792
vt 0.0933 0.0747
vt 0.0888 0.0703
vt 0.0844 0.0659
vt 0.0876 0.0625
vt 0.0898 0.0780
vt 0.0851 0.0737
vt 0.0809 0.0695
vt 0.0768 0.0655
vt 0.0803 0.0617
vt 0.0812 0.0774
vt 0.0770 0.0734
vt 0.0730 0.0697
vt 0.0692 0.0661
vt 0.0728 0.0619
vt 0.0728 0.0774
vt 0.0687 0.0736
vt 0.0649 0.0700
vt 0.0613 0.0664
vt 0.0656 0.0630
vt 0.0643 0.0766
vt 0.0607 0.0723
vt 0.0576 0.0678
vt 0.0549 0.0628
vt 0.0583 0.0625
vt 0.0572 0.0735
vt 0.0543 0.0683
vt 0.0521 0.0627
vt 0.0507 0.0569
vt 0.0533 0.0573
vt 0.0516 0.0684
vt 0.0497 0.0625
vt 0.0485 0.0564
vt 0.0479 0.0502
vt 0.0502 0.0508
vt 0.0475 0.0622
vt 0.0464 0.0559
vt 0.0459 0.0496
vt 0.0464 0.0431
vt 0.0485 0.0443
vt 0.0443 0.0553
vt 0.0439 0.0488
vt 0.0444 0.0421
vt 0.0460 0.0368
vt 0.0480 0.0383
vt 0.0417 0.0478
vt 0.0426 0.0410
vt 0.0440 0.0352
vt 0.0474 0.0324
vt 0.0487 0.0340
vt 0.0407 0.0398
vt 0.0423 0.0336
vt 0.0463 0.0307
vt 0.0386 0.0385
vt 0.0405 0.0316
vt 0.0362 0.0374
vt 0.0387 0.0292
vt 0.0334 0.0370
vt 0.0328 0.0312
vt 0.0423 0.0234
vt 0.0481 0.0226
vt 0.0480 0.0175
vt 0.0528 0.0202
vt 0.0560 0.0224
vt 0.0523 0.0242
vt 0.0581 0.0248
vt 0.0547 0.0261
vt 0.0594 0.0270
vt 0.0560 0.0279
vt 0.0533 0.0291
vt 0.0504 0.0306
vt 0.0569 0.0297
vt 0.0540 0.0307
vt 0.0512 0.0321
vt 0.0504 0.0356
vt 0.0487 0.0340
vt 0.0528 0.0371
vt 0.0503 0.0398
vt 0.0480 0.0383
vt 0.0558 0.0386
vt 0.0531 0.0413
vt 0.0511 0.0454
vt 0.0485 0.0443
vt 0.0567 0.0427
vt 0.0541 0.0463
vt 0.0530 0.0515
vt 0.0502 0.0508
vt 0.0581 0.0478
vt 0.0563 0.0522
vt 0.0533 0.0573
vt 0.0581 0.0478
vt 0.0611 0.0441
vt 0.0656 0.0458
vt 0.0629 0.0495
vt 0.0702 0.0480
vt 0.0675 0.0517
vt 0.0747 0.0509
vt 0.0719 0.0545
vt 0.0689 0.0585
vt 0.0762 0.0579
vt 0.0728 0.0619
vt 0.0791 0.0543
vt 0.0834 0.0583
vt 0.0803 0.0617
vt 0.0815 0.0510
vt 0.0859 0.0550
vt 0.0903 0.0592
vt 0.0876 0.0625
vt 0.0880 0.0515
vt 0.0926 0.0557
vt 0.0973 0.0602
vt 0.0947 0.0637
vt 0.0944 0.0521
vt 0.0994 0.0565
vt 0.1046 0.0610
vt 0.1021 0.0648
vt 0.1009 0.0526
vt 0.1065 0.0567
vt 0.1126 0.0606
vt 0.1101 0.0654
vt 0.1018 0.0485
vt 0.1075 0.0521
vt 0.1022 0.0444
vt 0.1077 0.0475
vt 0.1023 0.0400
vt 0.1074 0.0425
vt 0.1125 0.0442
vt 0.1067 0.0368
vt 0.1112 0.0382
vt 0.1155 0.0388
vt 0.1178 0.0441
vt 0.1197 0.0381
vt 0.1225 0.0428
vt 0.1233 0.0362
vt 0.1265 0.0402
vt 0.1301 0.0451
vt 0.1300 0.0369
vt 0.1339 0.0414
vt 0.1331 0.0334
vt 0.1374 0.0376
vt 0.1415 0.0428
vt 0.1405 0.0341
vt 0.1448 0.0392
vt 0.1484 0.0451
vt 0.1450 0.0484
vt 0.1478 0.0360
vt 0.1515 0.0423
vt 0.1547 0.0489
vt 0.1517 0.0514
vt 0.1544 0.0396
vt 0.1575 0.0465
vt 0.1604 0.0529
vt 0.1580 0.0552
vt 0.1602 0.0444
vt 0.1629 0.0508
vt 0.1658 0.0564
vt 0.1640 0.0587
vt 0.1654 0.0490
vt 0.1678 0.0541
vt 0.1704 0.0575
vt 0.1701 0.0600
vt 0.0783 0.1648
vt 0.0732 0.1634
vt 0.0746 0.1607
vt 0.0798 0.1624
vt 0.0842 0.1646
vt 0.0821 0.1664
vt 0.1751 0.0569
vt 0.0815 0.1599
vt 0.0863 0.1625
vt 0.0907 0.1664
vt 0.0882 0.1686
vt 0.0885 0.1601
vt 0.0932 0.1639
vt 0.0977 0.1682
vt 0.0949 0.1708
vt 0.0960 0.1610
vt 0.1007 0.1652
vt 0.1053 0.1696
vt 0.1020 0.1727
vt 0.1039 0.1619
vt 0.1086 0.1664
vt 0.1131 0.1711
vt 0.1096 0.1743
vt 0.1120 0.1630
vt 0.1167 0.1678
vt 0.1211 0.1726
vt 0.1175 0.1759
vt 0.1202 0.1644
vt 0.1247 0.1692
vt 0.1292 0.1742
vt 0.1254 0.1776
vt 0.1284 0.1658
vt 0.1329 0.1708
vt 0.1373 0.1759
vt 0.1335 0.1793
vt 0.1366 0.1675
vt 0.1411 0.1725
vt 0.1455 0.1776
vt 0.1416 0.1810
vt 0.1449 0.1692
vt 0.1495 0.1743
vt 0.1539 0.1794
vt 0.1499 0.1828
vt 0.1534 0.1710
vt 0.1579 0.1760
vt 0.1624 0.1810
vt 0.1583 0.1845
vt 0.1618 0.1726
vt 0.1664 0.1776
vt 0.1709 0.1825
vt 0.1668 0.1861
vt 0.1704 0.1740
vt 0.1750 0.1789
vt 0.1796 0.1838
vt 0.1754 0.1875
vt 0.1790 0.1753
vt 0.1837 0.1802
vt 0.1883 0.1851
vt 0.1841 0.1888
vt 0.1877 0.1766
vt 0.1924 0.1814
vt 0.1971 0.1863
vt 0.1929 0.1901
vt 0.1965 0.1777
vt 0.2012 0.1825
vt 0.2059 0.1874
vt 0.2017 0.1913
vt 0.2054 0.1786
vt 0.2100 0.1834
vt 0.2147 0.1882
vt 0.2104 0.1923
vt 0.2143 0.1793
vt 0.2189 0.1841
vt 0.2236 0.1889
vt 0.2192 0.1930
vt 0.2232 0.1799
vt 0.2278 0.1846
vt 0.2325 0.1895
vt 0.2281 0.1937
vt 0.2321 0.1804
vt 0.2368 0.1852
vt 0.2414 0.1901
vt 0.2371 0.1944
vt 0.2410 0.1809
vt 0.2457 0.1859
vt 0.2503 0.1909
vt 0.2460 0.1951
vt 0.2500 0.1816
vt 0.2546 0.1866
vt 0.2592 0.1917
vt 0.2549 0.1959
vt 0.2589 0.1824
vt 0.2636 0.1874
vt 0.2682 0.1925
vt 0.2638 0.1968
vt 0.2678 0.1829
vt 0.2724 0.1880
vt 0.2769 0.1930
vt 0.2727 0.1976
vt 0.2766 0.1833
vt 0.2811 0.1884
vt 0.2856 0.1935
vt 0.2815 0.1981
vt 0.2854 0.1838
vt 0.2898 0.1889
vt 0.2942 0.1941
vt 0.2901 0.1986
vt 0.2941 0.1846
vt 0.2984 0.1897
vt 0.3028 0.1948
vt 0.2988 0.1993
vt 0.1516 0.3173
vt 0.1482 0.3129
vt 0.1530 0.3093
vt 0.1565 0.3139
vt 0.1596 0.3184
vt 0.1544 0.3217
vt 0.1615 0.3106
vt 0.1647 0.3154
vt 0.1676 0.3202
vt 0.1622 0.3231
vt 0.1700 0.3123
vt 0.1730 0.3172
vt 0.1757 0.3220
vt 0.1701 0.3250
vt 0.1784 0.3142
vt 0.1813 0.3190
vt 0.1841 0.3238
vt 0.1783 0.3268
vt 0.1870 0.3160
vt 0.1899 0.3208
vt 0.1927 0.3257
vt 0.1867 0.3287
vt 0.1957 0.3178
vt 0.1986 0.3227
vt 0.2014 0.3277
vt 0.1953 0.3307
vt 0.2045 0.3197
vt 0.2074 0.3248
vt 0.2103 0.3298
vt 0.2041 0.3328
vt 0.2134 0.3218
vt 0.2164 0.3269
vt 0.2194 0.3321
vt 0.2131 0.3350
vt 0.2225 0.3238
vt 0.2256 0.3291
vt 0.2286 0.3344
vt 0.2223 0.3373
vt 0.2316 0.3260
vt 0.2348 0.3314
vt 0.2380 0.3369
vt 0.2316 0.3398
vt 0.2409 0.3285
vt 0.2442 0.3340
vt 0.2475 0.3396
vt 0.2411 0.3425
vt 0.2505 0.3310
vt 0.2538 0.3366
vt 0.2572 0.3423
vt 0.2507 0.3452
vt 0.2601 0.3335
vt 0.2636 0.3392
vt 0.2670 0.3450
vt 0.2605 0.3480
vt 0.2699 0.3360
vt 0.2734 0.3419
vt 0.2769 0.3479
vt 0.2704 0.3509
vt 0.2797 0.3388
vt 0.2833 0.3448
vt 0.2869 0.3509
vt 0.2803 0.3539
vt 0.2896 0.3417
vt 0.2933 0.3479
vt 0.2970 0.3541
vt 0.2904 0.3571
vt 0.2997 0.3448
vt 0.3035 0.3510
vt 0.3072 0.3573
vt 0.3005 0.3604
vt 0.3099 0.3478
vt 0.3138 0.3541
vt 0.3175 0.3606
vt 0.3108 0.3637
vt 0.3202 0.3507
vt 0.3241 0.3571
vt 0.3279 0.3637
vt 0.3211 0.3671
vt 0.3306 0.3535
vt 0.3345 0.3601
vt 0.3383 0.3668
vt 0.3315 0.3704
vt 0.3410 0.3561
vt 0.3449 0.3628
vt 0.3488 0.3696
vt 0.3419 0.3736
vt 0.3514 0.3585
vt 0.3554 0.3653
vt 0.3593 0.3722
vt 0.3525 0.3765
vt 0.3619 0.3605
vt 0.3660 0.3673
vt 0.3701 0.3741
vt 0.3631 0.3790
vt 0.3726 0.3618
vt 0.3768 0.3685
vt 0.3810 0.3753
vt 0.3739 0.3809
vt 0.3835 0.3622
vt 0.3879 0.3688
vt 0.3924 0.3755
vt 0.3850 0.3821
vt 0.3948 0.3615
vt 0.3995 0.3679
vt 0.4042 0.3743
vt 0.3965 0.3823
vt 0.4064 0.3589
vt 0.4115 0.3645
vt 0.4165 0.3697
vt 0.4085 0.3807
vt 0.4178 0.3530
vt 0.4229 0.3569
vt 0.4272 0.3599
vt 0.4206 0.3742
vt 0.4271 0.3442
vt 0.4308 0.3460
vt 0.4336 0.3472
vt 0.4303 0.3622
vt 0.4326 0.3334
vt 0.4350 0.3338
vt 0.4371 0.3340
vt 0.4358 0.3481
vt 0.4358 0.3224
vt 0.4376 0.3222
vt 0.4391 0.3218
vt 0.4387 0.3338
vt 0.4369 0.3099
vt 0.4381 0.3087
vt 0.4393 0.3076
vt 0.4403 0.3211
vt 0.1856 0.4579
vt 0.1861 0.4550
vt 0.1975 0.4571
vt 0.1969 0.4613
vt 0.2081 0.4579
vt 0.2079 0.4629
vt 0.2083 0.4681
vt 0.2200 0.4634
vt 0.2213 0.4689
vt 0.2234 0.4748
vt 0.2106 0.4739
vt 0.2260 0.4814
vt 0.2155 0.4811
vt 0.2287 0.4886
vt 0.2197 0.4884
vt 0.2104 0.4887
vt 0.2312 0.4960
vt 0.2229 0.4960
vt 0.2338 0.5032
vt 0.2257 0.5034
vt 0.2366 0.5100
vt 0.2287 0.5105
vt 0.2397 0.5164
vt 0.2319 0.5171
vt 0.2428 0.5225
vt 0.2353 0.5233
vt 0.2460 0.5283
vt 0.2388 0.5292
vt 0.2491 0.5338
vt 0.2421 0.5348
vt 0.2534 0.5274
vt 0.2563 0.5329
vt 0.2590 0.5382
vt 0.2520 0.5391
vt 0.2636 0.5320
vt 0.2661 0.5374
vt 0.2684 0.5426
vt 0.2614 0.5434
vt 0.2733 0.5364
vt 0.2755 0.5418
vt 0.2773 0.5471
vt 0.2703 0.5478
vt 0.2827 0.5410
vt 0.2844 0.5465
vt 0.2858 0.5520
vt 0.2788 0.5525
vt 0.2917 0.5459
vt 0.2929 0.5516
vt 0.2938 0.5574
vt 0.2868 0.5576
vt 0.3002 0.5513
vt 0.3009 0.5572
vt 0.3013 0.5633
vt 0.2942 0.5632
vt 0.3082 0.5571
vt 0.3085 0.5633
vt 0.3084 0.5695
vt 0.3012 0.5693
vt 0.3159 0.5633
vt 0.3158 0.5696
vt 0.3155 0.5759
vt 0.3080 0.5756
vt 0.3234 0.5696
vt 0.3231 0.5761
vt 0.3225 0.5825
vt 0.3148 0.5822
vt 0.3309 0.5762
vt 0.3303 0.5829
vt 0.3294 0.5896
vt 0.3215 0.5890
vt 0.3382 0.5832
vt 0.3374 0.5903
vt 0.3363 0.5973
vt 0.3282 0.5962
vt 0.3452 0.5907
vt 0.3446 0.5982
vt 0.3440 0.6053
vt 0.3350 0.6039
vt 0.3526 0.5977
vt 0.3528 0.6056
vt 0.3519 0.6129
vt 0.3422 0.6117
vt 0.3609 0.6034
vt 0.3609 0.6124
vt 0.3492 0.6195
vt 0.3609 0.6034
vt 0.3608 0.5952
vt 0.3693 0.5926
vt 0.3695 0.6005
vt 0.3778 0.5903
vt 0.3782 0.5979
vt 0.3862 0.5883
vt 0.3867 0.5959
vt 0.3875 0.6034
vt 0.3948 0.5944
vt 0.3955 0.6020
vt 0.3964 0.6094
vt 0.3884 0.6107
vt 0.3974 0.6167
vt 0.3897 0.6177
vt 0.3983 0.6240
vt 0.3910 0.6244
vt 0.3834 0.6267
vt 0.3774 0.6313
vt 0.3787 0.6432
vt 0.3736 0.6382
vt 0.3765 0.6497
vt 0.3705 0.6450
vt 0.3648 0.6409
vt 0.3677 0.6517
vt 0.3615 0.6478
vt 0.3744 0.6561
vt 0.3725 0.6625
vt 0.3653 0.6583
vt 0.3818 0.6602
vt 0.3800 0.6667
vt 0.3777 0.6734
vt 0.3705 0.6689
vt 0.3870 0.6708
vt 0.3854 0.6776
vt 0.3839 0.6843
vt 0.3760 0.6799
vt 0.3933 0.6815
vt 0.3919 0.6883
vt 0.3903 0.6953
vt 0.3823 0.6910
vt 0.3996 0.6921
vt 0.3980 0.6995
vt 0.3966 0.7070
vt 0.3887 0.7024
vt 0.4053 0.7030
vt 0.4041 0.7105
vt 0.4027 0.7180
vt 0.3952 0.7145
vt 0.4114 0.7122
vt 0.4104 0.7195
vt 0.4102 0.7266
vt 0.4018 0.7252
vt 0.4185 0.7198
vt 0.4184 0.7272
vt 0.4184 0.7349
vt 0.4098 0.7337
vt 0.4264 0.7274
vt 0.4263 0.7352
vt 0.4345 0.7274
vt 0.4344 0.7351
vt 0.4427 0.7274
vt 0.4427 0.7351
vt 0.4427 0.7429
vt 0.4427 0.7511
vt 0.4427 0.7565
vt 0.4427 0.7623
vt 0.4356 0.7630
vt 0.4356 0.7630
vt 0.4367 0.7689
vt 0.4315 0.7716
vt 0.4294 0.7658
vt 0.4427 0.7678
vt 0.4427 0.7735
vt 0.4379 0.7744
vt 0.4379 0.7744
vt 0.4394 0.7801
vt 0.4361 0.7824
vt 0.4338 0.7772
vt 0.4427 0.7791
vt 0.4427 0.7855
vt 0.4407 0.7857
vt 0.4386 0.7874
vt 0.4364 0.7904
vt 0.4329 0.7857
vt 0.4338 0.7943
vt 0.4300 0.7901
vt 0.4264 0.7854
vt 0.4299 0.7809
vt 0.4231 0.7806
vt 0.4271 0.7757
vt 0.4196 0.7757
vt 0.4241 0.7705
vt 0.4160 0.7710
vt 0.4209 0.7653
vt 0.4159 0.7814
vt 0.4122 0.7771
vt 0.4081 0.7732
vt 0.4119 0.7665
vt 0.4088 0.7838
vt 0.4051 0.7806
vt 0.4011 0.7781
vt 0.4038 0.7699
vt 0.3969 0.7761
vt 0.3990 0.7674
vt 0.3924 0.7746
vt 0.3937 0.7656
vt 0.3952 0.7574
vt 0.3882 0.7642
vt 0.3886 0.7558
vt 0.3890 0.7491
vt 0.3967 0.7506
vt 0.3830 0.7394
vt 0.3741 0.7336
vt 0.3749 0.7262
vt 0.3641 0.7274
vt 0.3656 0.7207
vt 0.3671 0.7140
vt 0.3564 0.7158
vt 0.3586 0.7094
vt 0.3608 0.7028
vt 0.3504 0.7043
vt 0.3529 0.6979
vt 0.3552 0.6914
vt 0.3451 0.6932
vt 0.3474 0.6870
vt 0.3495 0.6807
vt 0.3395 0.6831
vt 0.3418 0.6770
vt 0.3440 0.6707
vt 0.3339 0.6737
vt 0.3364 0.6676
vt 0.3389 0.6614
vt 0.3284 0.6648
vt 0.3311 0.6587
vt 0.3339 0.6524
vt 0.3228 0.6563
vt 0.3257 0.6502
vt 0.3287 0.6439
vt 0.3173 0.6482
vt 0.3203 0.6420
vt 0.3232 0.6358
vt 0.3119 0.6403
vt 0.3148 0.6341
vt 0.3177 0.6279
vt 0.3067 0.6326
vt 0.3096 0.6265
vt 0.3123 0.6203
vt 0.3018 0.6251
vt 0.3045 0.6190
vt 0.3070 0.6130
vt 0.2970 0.6178
vt 0.2995 0.6118
vt 0.3017 0.6059
vt 0.2922 0.6107
vt 0.2944 0.6049
vt 0.2963 0.5991
vt 0.2874 0.6040
vt 0.2893 0.5983
vt 0.2910 0.5925
vt 0.2826 0.5974
vt 0.2843 0.5918
vt 0.2858 0.5861
vt 0.2780 0.5910
vt 0.2794 0.5854
vt 0.2804 0.5799
vt 0.2732 0.5848
vt 0.2741 0.5795
vt 0.2746 0.5741
vt 0.2680 0.5791
vt 0.2684 0.5739
vt 0.2684 0.5688
vt 0.2624 0.5738
vt 0.2623 0.5689
vt 0.2618 0.5640
vt 0.2565 0.5690
vt 0.2558 0.5644
vt 0.2547 0.5597
vt 0.2501 0.5648
vt 0.2489 0.5604
vt 0.2472 0.5559
vt 0.2433 0.5613
vt 0.2416 0.5572
vt 0.2395 0.5528
vt 0.2362 0.5587
vt 0.2341 0.5547
vt 0.2314 0.5503
vt 0.2377 0.5624
vt 0.2445 0.5654
vt 0.2388 0.5660
vt 0.2450 0.5693
vt 0.2393 0.5695
vt 0.2451 0.5732
vt 0.2393 0.5729
vt 0.2446 0.5770
vt 0.2388 0.5763
vt 0.2437 0.5808
vt 0.2380 0.5796
vt 0.2424 0.5847
vt 0.2367 0.5830
vt 0.2407 0.5885
vt 0.2350 0.5864
vt 0.2386 0.5923
vt 0.2330 0.5899
vt 0.2361 0.5961
vt 0.2305 0.5933
vt 0.2332 0.5999
vt 0.2278 0.5968
vt 0.2300 0.6038
vt 0.2246 0.6005
vt 0.2265 0.6078
vt 0.2212 0.6042
vt 0.2226 0.6119
vt 0.2173 0.6081
vt 0.2184 0.6161
vt 0.2132 0.6120
vt 0.2140 0.6202
vt 0.2087 0.6158
vt 0.2093 0.6244
vt 0.2040 0.6198
vt 0.2041 0.6287
vt 0.1989 0.6238
vt 0.1987 0.6331
vt 0.1934 0.6281
vt 0.1928 0.6378
vt 0.1875 0.6326
vt 0.1867 0.6427
vt 0.1813 0.6374
vt 0.1804 0.6479
vt 0.1748 0.6425
vt 0.1739 0.6536
vt 0.1680 0.6481
vt 0.1677 0.6597
vt 0.1615 0.6536
vt 0.1619 0.6659
vt 0.1554 0.6589
vt 0.1502 0.6635
vt 0.1441 0.6691
vt 0.1430 0.6808
vt 0.1382 0.6746
vt 0.1358 0.6857
vt 0.1317 0.6804
vt 0.1284 0.6908
vt 0.1248 0.6863
vt 0.1208 0.6962
vt 0.1174 0.6926
vt 0.1130 0.7033
vt 0.1096 0.7004
vt 0.1237 0.7004
vt 0.1160 0.7061
vt 0.1261 0.7054
vt 0.1189 0.7092
vt 0.1281 0.7108
vt 0.1214 0.7133
vt 0.1298 0.7167
vt 0.1237 0.7185
vt 0.1315 0.7233
vt 0.1254 0.7245
vt 0.1327 0.7301
vt 0.1261 0.7311
vt 0.4198 0.8148
vt 0.4152 0.8106
vt 0.4196 0.8054
vt 0.4243 0.8098
vt 0.4234 0.8001
vt 0.4279 0.8045
vt 0.4268 0.7949
vt 0.4309 0.7990
vt 0.4196 0.7957
vt 0.4231 0.7904
vt 0.4160 0.7914
vt 0.4195 0.7858
vt 0.4125 0.7874
vt 0.4159 0.7814
vt 0.4123 0.7973
vt 0.4089 0.7938
vt 0.4057 0.7906
vt 0.4088 0.7838
vt 0.4049 0.8000
vt 0.4020 0.7978
vt 0.3993 0.7961
vt 0.4022 0.7883
vt 0.3965 0.7949
vt 0.3988 0.7864
vt 0.3937 0.7941
vt 0.3952 0.7849
vt 0.3908 0.7935
vt 0.3914 0.7839
vt 0.3878 0.7932
vt 0.3874 0.7834
vt 0.3877 0.7736
vt 0.3833 0.7835
vt 0.3827 0.7735
vt 0.3825 0.7633
vt 0.3882 0.7642
vt 0.3789 0.7841
vt 0.3775 0.7741
vt 0.3744 0.7854
vt 0.3721 0.7756
vt 0.3697 0.7873
vt 0.3667 0.7782
vt 0.3637 0.7688
vt 0.3614 0.7814
vt 0.3579 0.7731
vt 0.3540 0.7656
vt 0.3601 0.7606
vt 0.3483 0.7590
vt 0.3535 0.7536
vt 0.3580 0.7479
vt 0.3613 0.7415
vt 0.3445 0.7468
vt 0.3476 0.7408
vt 0.3501 0.7346
vt 0.3522 0.7283
vt 0.3626 0.7343
vt 0.3382 0.7353
vt 0.3406 0.7292
vt 0.3428 0.7229
vt 0.3452 0.7167
vt 0.3542 0.7221
vt 0.3321 0.7241
vt 0.3346 0.7178
vt 0.3371 0.7115
vt 0.3397 0.7054
vt 0.3477 0.7105
vt 0.3268 0.7134
vt 0.3293 0.7072
vt 0.3318 0.7011
vt 0.3345 0.6951
vt 0.3424 0.6993
vt 0.3214 0.7036
vt 0.3239 0.6975
vt 0.3265 0.6915
vt 0.3290 0.6856
vt 0.3371 0.6891
vt 0.3158 0.6944
vt 0.3183 0.6884
vt 0.3207 0.6825
vt 0.3232 0.6767
vt 0.3314 0.6797
vt 0.3098 0.6858
vt 0.3122 0.6800
vt 0.3146 0.6741
vt 0.3173 0.6683
vt 0.3257 0.6708
vt 0.3034 0.6778
vt 0.3059 0.6719
vt 0.3087 0.6661
vt 0.3115 0.6602
vt 0.3200 0.6623
vt 0.2971 0.6699
vt 0.2999 0.6641
vt 0.3029 0.6583
vt 0.3059 0.6523
vt 0.3144 0.6542
vt 0.2911 0.6623
vt 0.2942 0.6565
vt 0.2974 0.6506
vt 0.3005 0.6447
vt 0.3089 0.6464
vt 0.2857 0.6547
vt 0.2890 0.6489
vt 0.2924 0.6431
vt 0.2956 0.6371
vt 0.3037 0.6387
vt 0.2808 0.6471
vt 0.2844 0.6414
vt 0.2879 0.6356
vt 0.2911 0.6296
vt 0.2988 0.6312
vt 0.2767 0.6396
vt 0.2803 0.6339
vt 0.2838 0.6282
vt 0.2869 0.6223
vt 0.2942 0.6238
vt 0.2731 0.6321
vt 0.2766 0.6265
vt 0.2798 0.6210
vt 0.2826 0.6153
vt 0.2897 0.6166
vt 0.2696 0.6248
vt 0.2728 0.6194
vt 0.2757 0.6140
vt 0.2783 0.6085
vt 0.2852 0.6097
vt 0.2660 0.6178
vt 0.2690 0.6126
vt 0.2718 0.6073
vt 0.2742 0.6019
vt 0.2807 0.6030
vt 0.2626 0.6110
vt 0.2654 0.6058
vt 0.2680 0.6007
vt 0.2701 0.5954
vt 0.2763 0.5965
vt 0.2593 0.6043
vt 0.2619 0.5993
vt 0.2641 0.5943
vt 0.2658 0.5892
vt 0.2719 0.5901
vt 0.2559 0.5978
vt 0.2581 0.5931
vt 0.2599 0.5883
vt 0.2611 0.5835
vt 0.2671 0.5842
vt 0.2522 0.5917
vt 0.2539 0.5873
vt 0.2553 0.5828
vt 0.2562 0.5782
vt 0.2621 0.5787
vt 0.2481 0.5861
vt 0.2495 0.5819
vt 0.2505 0.5777
vt 0.2508 0.5734
vt 0.2566 0.5736
vt 0.2566 0.5736
vt 0.2508 0.5692
vt 0.2464 0.5902
vt 0.2501 0.5962
vt 0.2443 0.5944
vt 0.2475 0.6006
vt 0.2417 0.5985
vt 0.2446 0.6051
vt 0.2388 0.6027
vt 0.2413 0.6095
vt 0.2356 0.6068
vt 0.2377 0.6140
vt 0.2320 0.6110
vt 0.2337 0.6184
vt 0.2280 0.6153
vt 0.2296 0.6231
vt 0.2239 0.6198
vt 0.2253 0.6279
vt 0.2195 0.6243
vt 0.2207 0.6326
vt 0.2148 0.6287
vt 0.2156 0.6373
vt 0.2097 0.6331
vt 0.2102 0.6421
vt 0.2043 0.6378
vt 0.2045 0.6470
vt 0.1985 0.6425
vt 0.1987 0.6521
vt 0.1925 0.6476
vt 0.1928 0.6575
vt 0.1863 0.6529
vt 0.1868 0.6631
vt 0.1801 0.6586
vt 0.1811 0.6692
vt 0.1740 0.6649
vt 0.1940 0.6673
vt 0.1892 0.6732
vt 0.1859 0.6792
vt 0.1982 0.6767
vt 0.1957 0.6825
vt 0.1934 0.6885
vt 0.1839 0.6859
vt 0.1908 0.6947
vt 0.1819 0.6929
vt 0.1876 0.7014
vt 0.1797 0.7001
vt 0.1715 0.6993
vt 0.1637 0.6994
vt 0.1768 0.7074
vt 0.1698 0.7069
vt 0.1627 0.7072
vt 0.1560 0.7083
vt 0.1560 0.7007
vt 0.1675 0.7148
vt 0.1617 0.7151
vt 0.1558 0.7158
vt 0.1498 0.7172
vt 0.1492 0.7100
vt 0.1609 0.7233
vt 0.1559 0.7237
vt 0.1506 0.7245
vt 0.1492 0.7100
vt 0.1427 0.7122
vt 0.1416 0.7054
vt 0.1487 0.7028
vt 0.1437 0.7190
vt 0.1375 0.7211
vt 0.1362 0.7146
vt 0.1450 0.7260
vt 0.1391 0.7280
vt 0.4114 0.8065
vt 0.4080 0.8030
vt 0.4123 0.7973
vt 0.4157 0.8012
vt 0.1362 0.7146
vt 0.1348 0.7081
vt 0.1332 0.7019
vt 0.1405 0.6984
vt 0.1312 0.6961
vt 0.1387 0.6917
vt 0.1465 0.6876
vt 0.1481 0.6951
vt 0.1656 0.7236
vt 0.1731 0.7155
vt 0.1698 0.7245
vt 0.1832 0.7088
vt 0.1779 0.7170
vt 0.1737 0.7259
vt 0.1885 0.7114
vt 0.1823 0.7192
vt 0.1773 0.7276
vt 0.1931 0.7144
vt 0.1863 0.7219
vt 0.1805 0.7295
vt 0.1899 0.7249
vt 0.1831 0.7322
vt 0.3846 0.7932
vt 0.3811 0.7940
vt 0.1931 0.7284
vt 0.1856 0.7350
vt 0.3773 0.7952
vt 0.1959 0.7321
vt 0.1880 0.7382
vt 0.3732 0.7968
vt 0.1986 0.7360
vt 0.1906 0.7416
vt 0.3688 0.7987
vt 0.3649 0.7899
vt 0.3643 0.8011
vt 0.3603 0.7930
vt 0.3562 0.7851
vt 0.3614 0.7814
vt 0.3556 0.7965
vt 0.3515 0.7893
vt 0.3472 0.7824
vt 0.3524 0.7776
vt 0.3429 0.7759
vt 0.3483 0.7707
vt 0.3381 0.7700
vt 0.3432 0.7644
vt 0.3325 0.7645
vt 0.3368 0.7586
vt 0.3408 0.7527
vt 0.3293 0.7535
vt 0.3325 0.7475
vt 0.3355 0.7414
vt 0.3246 0.7427
vt 0.3272 0.7365
vt 0.3297 0.7303
vt 0.3195 0.7322
vt 0.3219 0.7259
vt 0.3243 0.7196
vt 0.3143 0.7221
vt 0.3166 0.7159
vt 0.3190 0.7097
vt 0.3088 0.7125
vt 0.3111 0.7064
vt 0.3134 0.7004
vt 0.3029 0.7035
vt 0.3051 0.6975
vt 0.3074 0.6917
vt 0.2963 0.6950
vt 0.2986 0.6893
vt 0.3010 0.6836
vt 0.2894 0.6871
vt 0.2918 0.6814
vt 0.2944 0.6757
vt 0.2824 0.6793
vt 0.2852 0.6737
vt 0.2881 0.6681
vt 0.2759 0.6716
vt 0.2791 0.6660
vt 0.2824 0.6605
vt 0.2700 0.6641
vt 0.2735 0.6585
vt 0.2772 0.6529
vt 0.2649 0.6565
vt 0.2689 0.6509
vt 0.2729 0.6454
vt 0.2610 0.6489
vt 0.2652 0.6433
vt 0.2694 0.6378
vt 0.2581 0.6411
vt 0.2623 0.6357
vt 0.2661 0.6303
vt 0.2554 0.6335
vt 0.2592 0.6283
vt 0.2628 0.6231
vt 0.2525 0.6262
vt 0.2561 0.6211
vt 0.2595 0.6161
vt 0.2497 0.6190
vt 0.2531 0.6141
vt 0.2564 0.6093
vt 0.2472 0.6120
vt 0.2504 0.6073
vt 0.2534 0.6026
vt 0.2435 0.6166
vt 0.2459 0.6239
vt 0.2396 0.6213
vt 0.2420 0.6287
vt 0.2357 0.6260
vt 0.2378 0.6337
vt 0.2314 0.6309
vt 0.2333 0.6389
vt 0.2268 0.6359
vt 0.2283 0.6441
vt 0.2217 0.6409
vt 0.2230 0.6493
vt 0.2164 0.6460
vt 0.2177 0.6547
vt 0.2109 0.6511
vt 0.2122 0.6601
vt 0.2053 0.6563
vt 0.2068 0.6655
vt 0.1996 0.6617
vt 0.2019 0.6711
vt 0.1940 0.6673
vt 0.2144 0.6689
vt 0.2104 0.6744
vt 0.2076 0.6800
vt 0.1982 0.6767
vt 0.2191 0.6773
vt 0.2164 0.6830
vt 0.2139 0.6887
vt 0.2051 0.6856
vt 0.2111 0.6943
vt 0.2025 0.6913
vt 0.2066 0.7002
vt 0.1992 0.6972
vt 0.2003 0.7070
vt 0.1945 0.7039
vt 0.2131 0.7035
vt 0.2050 0.7109
vt 0.1972 0.7178
vt 0.2089 0.7156
vt 0.2007 0.7219
vt 0.2120 0.7210
vt 0.2038 0.7263
vt 0.2148 0.7264
vt 0.2066 0.7309
vt 0.2173 0.7317
vt 0.2092 0.7354
vt 0.2014 0.7398
vt 0.2116 0.7400
vt 0.2039 0.7437
vt 0.1965 0.7479
vt 0.1934 0.7449
vt 0.2063 0.7476
vt 0.1991 0.7511
vt 0.3597 0.8038
vt 0.3553 0.8068
vt 0.3510 0.8001
vt 0.3556 0.7965
vt 0.3510 0.8102
vt 0.3467 0.8042
vt 0.3423 0.7982
vt 0.3468 0.7936
vt 0.3379 0.7923
vt 0.3424 0.7873
vt 0.3334 0.7867
vt 0.3380 0.7813
vt 0.3287 0.7811
vt 0.3333 0.7757
vt 0.3236 0.7759
vt 0.3281 0.7702
vt 0.3180 0.7711
vt 0.3221 0.7653
vt 0.3258 0.7594
vt 0.3155 0.7609
vt 0.3188 0.7549
vt 0.3217 0.7488
vt 0.3116 0.7507
vt 0.3144 0.7445
vt 0.3170 0.7384
vt 0.3070 0.7407
vt 0.3095 0.7345
vt 0.3119 0.7284
vt 0.3021 0.7310
vt 0.3043 0.7248
vt 0.3066 0.7187
vt 0.2965 0.7217
vt 0.2986 0.7155
vt 0.3007 0.7095
vt 0.2903 0.7127
vt 0.2922 0.7067
vt 0.2943 0.7008
vt 0.2833 0.7043
vt 0.2851 0.6985
vt 0.2871 0.6928
vt 0.2754 0.6962
vt 0.2775 0.6905
vt 0.2799 0.6850
vt 0.2675 0.6882
vt 0.2700 0.6827
vt 0.2729 0.6773
vt 0.2600 0.6805
vt 0.2631 0.6750
vt 0.2666 0.6696
vt 0.2533 0.6729
vt 0.2570 0.6675
vt 0.2609 0.6622
vt 0.2479 0.6654
vt 0.2522 0.6599
vt 0.2567 0.6545
vt 0.2442 0.6576
vt 0.2490 0.6521
vt 0.2537 0.6467
vt 0.2418 0.6496
vt 0.2466 0.6442
vt 0.2512 0.6389
vt 0.2399 0.6416
vt 0.2444 0.6364
vt 0.2486 0.6313
vt 0.2350 0.6469
vt 0.2368 0.6551
vt 0.2298 0.6523
vt 0.2318 0.6606
vt 0.2246 0.6578
vt 0.2269 0.6663
vt 0.2194 0.6634
vt 0.2227 0.6719
vt 0.2144 0.6689
vt 0.2350 0.6687
vt 0.2311 0.6743
vt 0.2276 0.6799
vt 0.2191 0.6773
vt 0.2401 0.6764
vt 0.2365 0.6821
vt 0.2330 0.6879
vt 0.2246 0.6857
vt 0.2466 0.6840
vt 0.2433 0.6897
vt 0.2572 0.6861
vt 0.2545 0.6916
vt 0.2527 0.6975
vt 0.2654 0.6939
vt 0.2636 0.6996
vt 0.2624 0.7057
vt 0.2516 0.7038
vt 0.2615 0.7121
vt 0.2513 0.7107
vt 0.2407 0.7105
vt 0.2514 0.7177
vt 0.2417 0.7180
vt 0.2324 0.7196
vt 0.2303 0.7118
vt 0.2234 0.7225
vt 0.2209 0.7160
vt 0.2340 0.7263
vt 0.2256 0.7286
vt 0.2356 0.7327
vt 0.2275 0.7346
vt 0.2196 0.7370
vt 0.2289 0.7404
vt 0.2212 0.7423
vt 0.2138 0.7446
vt 0.2116 0.7400
vt 0.2225 0.7477
vt 0.2153 0.7495
vt 0.2085 0.7516
vt 0.2063 0.7476
vt 0.2164 0.7545
vt 0.2097 0.7559
vt 0.2032 0.7573
vt 0.2013 0.7543
vt 0.2103 0.7603
vt 0.2037 0.7608
vt 0.3469 0.8138
vt 0.3433 0.8180
vt 0.3386 0.8130
vt 0.3425 0.8085
vt 0.3341 0.8078
vt 0.3381 0.8030
vt 0.3297 0.8024
vt 0.3337 0.7974
vt 0.3251 0.7970
vt 0.3291 0.7919
vt 0.3203 0.7920
vt 0.3243 0.7865
vt 0.3154 0.7873
vt 0.3194 0.7816
vt 0.3103 0.7830
vt 0.3141 0.7770
vt 0.3050 0.7789
vt 0.3085 0.7729
vt 0.3120 0.7668
vt 0.3026 0.7689
vt 0.3057 0.7628
vt 0.3087 0.7567
vt 0.2991 0.7590
vt 0.3019 0.7529
vt 0.3045 0.7468
vt 0.2949 0.7495
vt 0.2974 0.7434
vt 0.2997 0.7372
vt 0.2901 0.7403
vt 0.2923 0.7341
vt 0.2945 0.7279
vt 0.2847 0.7313
vt 0.2866 0.7250
vt 0.2884 0.7189
vt 0.2784 0.7226
vt 0.2799 0.7163
vt 0.2816 0.7103
vt 0.2710 0.7141
vt 0.2722 0.7079
vt 0.2737 0.7020
vt 0.2698 0.7204
vt 0.2608 0.7187
vt 0.2686 0.7268
vt 0.2601 0.7252
vt 0.2515 0.7245
vt 0.2514 0.7177
vt 0.2594 0.7319
vt 0.2515 0.7313
vt 0.2437 0.7317
vt 0.2427 0.7249
vt 0.2516 0.7382
vt 0.2442 0.7384
vt 0.2368 0.7390
vt 0.2444 0.7449
vt 0.2372 0.7452
vt 0.2299 0.7462
vt 0.2289 0.7404
vt 0.2373 0.7514
vt 0.2302 0.7521
vt 0.2233 0.7531
vt 0.2225 0.7477
vt 0.2301 0.7579
vt 0.2234 0.7586
vt 0.2169 0.7595
vt 0.2164 0.7545
vt 0.2229 0.7642
vt 0.2165 0.7646
vt 0.2102 0.7648
vt 0.2103 0.7603
vt 0.2155 0.7697
vt 0.2091 0.7694
vt 0.2028 0.7684
vt 0.2035 0.7645
vt 0.3397 0.8222
vt 0.3366 0.8269
vt 0.3316 0.8224
vt 0.3350 0.8176
vt 0.3268 0.8175
vt 0.3304 0.8126
vt 0.3223 0.8125
vt 0.3259 0.8074
vt 0.3176 0.8076
vt 0.3213 0.8023
vt 0.3129 0.8031
vt 0.3165 0.7975
vt 0.3081 0.7989
vt 0.3117 0.7931
vt 0.3032 0.7949
vt 0.3066 0.7889
vt 0.2981 0.7911
vt 0.3015 0.7850
vt 0.2929 0.7875
vt 0.2961 0.7812
vt 0.2993 0.7750
vt 0.2905 0.7777
vt 0.2934 0.7714
vt 0.2963 0.7652
vt 0.2872 0.7682
vt 0.2899 0.7619
vt 0.2924 0.7557
vt 0.2832 0.7590
vt 0.2855 0.7527
vt 0.2878 0.7465
vt 0.2786 0.7502
vt 0.2806 0.7438
vt 0.2827 0.7376
vt 0.2733 0.7416
vt 0.2751 0.7352
vt 0.2768 0.7289
vt 0.2674 0.7333
vt 0.2686 0.7268
vt 0.2660 0.7398
vt 0.2588 0.7386
vt 0.2594 0.7319
vt 0.2648 0.7465
vt 0.2580 0.7455
vt 0.2514 0.7450
vt 0.2516 0.7382
vt 0.2572 0.7524
vt 0.2508 0.7518
vt 0.2443 0.7513
vt 0.2444 0.7449
vt 0.2498 0.7585
vt 0.2435 0.7578
vt 0.2369 0.7575
vt 0.2373 0.7514
vt 0.2423 0.7641
vt 0.2359 0.7636
vt 0.2295 0.7638
vt 0.2301 0.7579
vt 0.2346 0.7697
vt 0.2282 0.7695
vt 0.2219 0.7696
vt 0.2229 0.7642
vt 0.2266 0.7753
vt 0.2204 0.7751
vt 0.2141 0.7748
vt 0.2155 0.7697
vt 0.2186 0.7806
vt 0.2123 0.7799
vt 0.2061 0.7788
vt 0.2077 0.7740
vt 0.1998 0.7770
vt 0.2014 0.7726
vt 0.3334 0.8316
vt 0.3304 0.8366
vt 0.3252 0.8322
vt 0.3283 0.8272
vt 0.3202 0.8276
vt 0.3235 0.8225
vt 0.3154 0.8230
vt 0.3188 0.8177
vt 0.3107 0.8186
vt 0.3141 0.8131
vt 0.3060 0.8146
vt 0.3094 0.8088
vt 0.3012 0.8108
vt 0.3047 0.8048
vt 0.2965 0.8072
vt 0.2998 0.8010
vt 0.2916 0.8038
vt 0.2948 0.7974
vt 0.2867 0.8006
vt 0.2897 0.7940
vt 0.2815 0.7975
vt 0.2845 0.7909
vt 0.2875 0.7842
vt 0.2791 0.7880
vt 0.2818 0.7813
vt 0.2846 0.7747
vt 0.2761 0.7788
vt 0.2785 0.7721
vt 0.2809 0.7655
vt 0.2724 0.7700
vt 0.2745 0.7633
vt 0.2766 0.7566
vt 0.2682 0.7615
vt 0.2700 0.7547
vt 0.2717 0.7481
vt 0.2636 0.7533
vt 0.2648 0.7465
vt 0.2621 0.7603
vt 0.2561 0.7593
vt 0.2572 0.7524
vt 0.2604 0.7671
vt 0.2544 0.7660
vt 0.2485 0.7650
vt 0.2498 0.7585
vt 0.2525 0.7726
vt 0.2467 0.7714
vt 0.2407 0.7703
vt 0.2423 0.7641
vt 0.2445 0.7777
vt 0.2387 0.7765
vt 0.2328 0.7756
vt 0.2346 0.7697
vt 0.2365 0.7826
vt 0.2307 0.7816
vt 0.2248 0.7810
vt 0.2266 0.7753
vt 0.2285 0.7876
vt 0.2227 0.7868
vt 0.2167 0.7860
vt 0.2186 0.7806
vt 0.2205 0.7926
vt 0.2146 0.7915
vt 0.2084 0.7902
vt 0.2104 0.7851
vt 0.2022 0.7885
vt 0.2042 0.7837
vt 0.1960 0.7863
vt 0.1980 0.7816
vt 0.3272 0.8415
vt 0.3240 0.8465
vt 0.3188 0.8423
vt 0.3220 0.8372
vt 0.3138 0.8379
vt 0.3170 0.8327
vt 0.3089 0.8338
vt 0.3121 0.8283
vt 0.3041 0.8300
vt 0.3073 0.8242
vt 0.2993 0.8265
vt 0.3026 0.8205
vt 0.2945 0.8231
vt 0.2979 0.8169
vt 0.2898 0.8199
vt 0.2931 0.8135
vt 0.2852 0.8168
vt 0.2884 0.8103
vt 0.2804 0.8136
vt 0.2836 0.8071
vt 0.2755 0.8104
vt 0.2786 0.8040
vt 0.2704 0.8073
vt 0.2733 0.8010
vt 0.2762 0.7946
vt 0.2678 0.7984
vt 0.2707 0.7920
vt 0.2734 0.7854
vt 0.2650 0.7899
vt 0.2677 0.7834
vt 0.2702 0.7767
vt 0.2618 0.7817
vt 0.2642 0.7751
vt 0.2664 0.7683
vt 0.2584 0.7737
vt 0.2604 0.7671
vt 0.2561 0.7803
vt 0.2504 0.7789
vt 0.2525 0.7726
vt 0.2535 0.7866
vt 0.2479 0.7852
vt 0.2422 0.7838
vt 0.2445 0.7777
vt 0.2452 0.7915
vt 0.2396 0.7900
vt 0.2342 0.7887
vt 0.2365 0.7826
vt 0.2369 0.7963
vt 0.2316 0.7950
vt 0.2262 0.7937
vt 0.2285 0.7876
vt 0.2290 0.8013
vt 0.2236 0.7998
vt 0.2182 0.7984
vt 0.2205 0.7926
vt 0.2209 0.8057
vt 0.2154 0.8039
vt 0.2098 0.8022
vt 0.2124 0.7969
vt 0.2039 0.8003
vt 0.2063 0.7953
vt 0.1978 0.7982
vt 0.2000 0.7934
vt 0.1917 0.7958
vt 0.1938 0.7910
vt 0.3205 0.8515
vt 0.3170 0.8565
vt 0.3119 0.8526
vt 0.3154 0.8473
vt 0.3071 0.8487
vt 0.3105 0.8432
vt 0.3023 0.8451
vt 0.3056 0.8394
vt 0.2975 0.8418
vt 0.3008 0.8358
vt 0.2927 0.8386
vt 0.2960 0.8325
vt 0.2879 0.8357
vt 0.2912 0.8294
vt 0.2831 0.8328
vt 0.2865 0.8264
vt 0.2785 0.8298
vt 0.2818 0.8233
vt 0.2739 0.8264
vt 0.2772 0.8201
vt 0.2692 0.8228
vt 0.2724 0.8167
vt 0.2642 0.8195
vt 0.2674 0.8134
vt 0.2590 0.8166
vt 0.2620 0.8106
vt 0.2650 0.8046
vt 0.2564 0.8084
vt 0.2593 0.8024
vt 0.2622 0.7962
vt 0.2536 0.8006
vt 0.2564 0.7945
vt 0.2593 0.7882
vt 0.2508 0.7929
vt 0.2535 0.7866
vt 0.2479 0.7991
vt 0.2424 0.7977
vt 0.2452 0.7915
vt 0.2451 0.8053
vt 0.2396 0.8040
vt 0.2343 0.8027
vt 0.2369 0.7963
vt 0.2370 0.8104
vt 0.2316 0.8090
vt 0.2262 0.8075
vt 0.2290 0.8013
vt 0.2290 0.8150
vt 0.2235 0.8132
vt 0.2180 0.8114
vt 0.2209 0.8057
vt 0.2208 0.8187
vt 0.2153 0.8167
vt 0.2098 0.8146
vt 0.2126 0.8094
vt 0.2043 0.8125
vt 0.2071 0.8074
vt 0.1988 0.8102
vt 0.2014 0.8052
vt 0.1932 0.8078
vt 0.1955 0.8029
vt 0.1874 0.8054
vt 0.1895 0.8006
vt 0.3133 0.8617
vt 0.3096 0.8670
vt 0.3046 0.8635
vt 0.3083 0.8579
vt 0.2999 0.8602
vt 0.3035 0.8543
vt 0.2952 0.8570
vt 0.2988 0.8510
vt 0.2906 0.8540
vt 0.2941 0.8478
vt 0.2859 0.8512
vt 0.2894 0.8449
vt 0.2812 0.8484
vt 0.2846 0.8420
vt 0.2765 0.8455
vt 0.2798 0.8392
vt 0.2718 0.8424
vt 0.2751 0.8361
vt 0.2671 0.8388
vt 0.2705 0.8327
vt 0.2624 0.8350
vt 0.2658 0.8290
vt 0.2577 0.8317
vt 0.2610 0.8255
vt 0.2528 0.8292
vt 0.2560 0.8228
vt 0.2477 0.8273
vt 0.2507 0.8208
vt 0.2535 0.8146
vt 0.2452 0.8194
vt 0.2479 0.8130
vt 0.2507 0.8068
vt 0.2425 0.8117
vt 0.2451 0.8053
vt 0.2398 0.8181
vt 0.2344 0.8167
vt 0.2370 0.8104
vt 0.2370 0.8242
vt 0.2317 0.8226
vt 0.2262 0.8207
vt 0.2290 0.8150
vt 0.2287 0.8283
vt 0.2234 0.8262
vt 0.2181 0.8240
vt 0.2208 0.8187
vt 0.2204 0.8316
vt 0.2152 0.8293
vt 0.2099 0.8271
vt 0.2127 0.8219
vt 0.2046 0.8248
vt 0.2072 0.8198
vt 0.1990 0.8225
vt 0.2016 0.8175
vt 0.1935 0.8201
vt 0.1961 0.8152
vt 0.1881 0.8177
vt 0.1906 0.8127
vt 0.1828 0.8152
vt 0.1851 0.8102
vt 0.3058 0.8727
vt 0.3019 0.8787
vt 0.2972 0.8755
vt 0.3009 0.8694
vt 0.2926 0.8724
vt 0.2962 0.8662
vt 0.2880 0.8695
vt 0.2916 0.8632
vt 0.2834 0.8667
vt 0.2870 0.8603
vt 0.2789 0.8639
vt 0.2824 0.8575
vt 0.2743 0.8610
vt 0.2778 0.8547
vt 0.2696 0.8580
vt 0.2731 0.8518
vt 0.2649 0.8545
vt 0.2684 0.8485
vt 0.2603 0.8508
vt 0.2637 0.8448
vt 0.2556 0.8472
vt 0.2591 0.8411
vt 0.2510 0.8443
vt 0.2544 0.8380
vt 0.2462 0.8419
vt 0.2496 0.8356
vt 0.2412 0.8399
vt 0.2445 0.8337
vt 0.2361 0.8380
vt 0.2393 0.8320
vt 0.2424 0.8258
vt 0.2340 0.8302
vt 0.2370 0.8242
vt 0.2308 0.8360
vt 0.2256 0.8338
vt 0.2287 0.8283
vt 0.2275 0.8416
vt 0.2223 0.8394
vt 0.2173 0.8370
vt 0.2204 0.8316
vt 0.2191 0.8450
vt 0.2140 0.8426
vt 0.2091 0.8401
vt 0.2122 0.8346
vt 0.2041 0.8377
vt 0.2072 0.8323
vt 0.1990 0.8352
vt 0.2019 0.8300
vt 0.1938 0.8328
vt 0.1965 0.8276
vt 0.1884 0.8304
vt 0.1910 0.8252
vt 0.1830 0.8280
vt 0.1856 0.8227
vt 0.1778 0.8255
vt 0.1803 0.8203
vt 0.2982 0.8849
vt 0.2946 0.8913
vt 0.2899 0.8881
vt 0.2935 0.8818
vt 0.2853 0.8851
vt 0.2889 0.8788
vt 0.2807 0.8822
vt 0.2843 0.8759
vt 0.2762 0.8793
vt 0.2798 0.8731
vt 0.2717 0.8763
vt 0.2753 0.8702
vt 0.2671 0.8731
vt 0.2707 0.8672
vt 0.2625 0.8696
vt 0.2661 0.8639
vt 0.2578 0.8659
vt 0.2614 0.8603
vt 0.2532 0.8624
vt 0.2567 0.8566
vt 0.2486 0.8592
vt 0.2521 0.8533
vt 0.2439 0.8564
vt 0.2475 0.8505
vt 0.2393 0.8539
vt 0.2428 0.8480
vt 0.2345 0.8516
vt 0.2378 0.8458
vt 0.2294 0.8494
vt 0.2327 0.8437
vt 0.2243 0.8472
vt 0.2275 0.8416
vt 0.2263 0.8551
vt 0.2212 0.8529
vt 0.2160 0.8505
vt 0.2191 0.8450
vt 0.2182 0.8585
vt 0.2130 0.8560
vt 0.2078 0.8535
vt 0.2108 0.8481
vt 0.2027 0.8511
vt 0.2058 0.8456
vt 0.1977 0.8486
vt 0.2009 0.8431
vt 0.1928 0.8461
vt 0.1959 0.8406
vt 0.1878 0.8437
vt 0.1908 0.8381
vt 0.1826 0.8413
vt 0.1856 0.8357
vt 0.1775 0.8391
vt 0.1803 0.8334
vt 0.1722 0.8368
vt 0.1750 0.8310
vt 0.2909 0.8976
vt 0.2870 0.9038
vt 0.2824 0.9005
vt 0.2862 0.8944
vt 0.2777 0.8973
vt 0.2816 0.8913
vt 0.2732 0.8941
vt 0.2770 0.8883
vt 0.2687 0.8909
vt 0.2725 0.8852
vt 0.2642 0.8876
vt 0.2680 0.8821
vt 0.2597 0.8841
vt 0.2635 0.8787
vt 0.2552 0.8805
vt 0.2589 0.8751
vt 0.2507 0.8770
vt 0.2543 0.8715
vt 0.2461 0.8737
vt 0.2496 0.8681
vt 0.2415 0.8707
vt 0.2450 0.8650
vt 0.2370 0.8681
vt 0.2404 0.8623
vt 0.2324 0.8656
vt 0.2358 0.8597
vt 0.2278 0.8632
vt 0.2311 0.8574
vt 0.2231 0.8609
vt 0.2263 0.8551
vt 0.2245 0.8690
vt 0.2199 0.8666
vt 0.2151 0.8640
vt 0.2182 0.8585
vt 0.2165 0.8722
vt 0.2118 0.8696
vt 0.2069 0.8669
vt 0.2100 0.8615
vt 0.2019 0.8645
vt 0.2048 0.8590
vt 0.1968 0.8622
vt 0.1997 0.8566
vt 0.1918 0.8599
vt 0.1947 0.8542
vt 0.1868 0.8575
vt 0.1897 0.8518
vt 0.1819 0.8552
vt 0.1847 0.8494
vt 0.1769 0.8530
vt 0.1797 0.8471
vt 0.1718 0.8508
vt 0.1746 0.8449
vt 0.1666 0.8487
vt 0.1694 0.8427
vt 0.2828 0.9097
vt 0.2784 0.9154
vt 0.2741 0.9119
vt 0.2783 0.9063
vt 0.2697 0.9084
vt 0.2738 0.9029
vt 0.2652 0.9051
vt 0.2693 0.8997
vt 0.2608 0.9017
vt 0.2648 0.8964
vt 0.2564 0.8983
vt 0.2603 0.8930
vt 0.2521 0.8949
vt 0.2559 0.8895
vt 0.2477 0.8914
vt 0.2515 0.8859
vt 0.2434 0.8880
vt 0.2471 0.8825
vt 0.2390 0.8849
vt 0.2426 0.8793
vt 0.2346 0.8822
vt 0.2381 0.8765
vt 0.2301 0.8797
vt 0.2335 0.8739
vt 0.2256 0.8772
vt 0.2290 0.8714
vt 0.2211 0.8748
vt 0.2245 0.8690
vt 0.2222 0.8829
vt 0.2177 0.8804
vt 0.2132 0.8778
vt 0.2165 0.8722
vt 0.2144 0.8860
vt 0.2099 0.8834
vt 0.2053 0.8807
vt 0.2085 0.8751
vt 0.2006 0.8782
vt 0.2038 0.8725
vt 0.1958 0.8758
vt 0.1989 0.8701
vt 0.1909 0.8735
vt 0.1939 0.8678
vt 0.1861 0.8713
vt 0.1889 0.8656
vt 0.1813 0.8692
vt 0.1840 0.8633
vt 0.1764 0.8670
vt 0.1791 0.8611
vt 0.1715 0.8649
vt 0.1742 0.8589
vt 0.1665 0.8629
vt 0.1691 0.8568
vt 0.1615 0.8610
vt 0.1640 0.8548
vt 0.2740 0.9209
vt 0.2694 0.9262
vt 0.2653 0.9226
vt 0.2698 0.9173
vt 0.2612 0.9191
vt 0.2655 0.9138
vt 0.2570 0.9157
vt 0.2611 0.9104
vt 0.2528 0.9123
vt 0.2568 0.9070
vt 0.2486 0.9089
vt 0.2525 0.9036
vt 0.2444 0.9054
vt 0.2482 0.9002
vt 0.2401 0.9021
vt 0.2439 0.8967
vt 0.2359 0.8989
vt 0.2397 0.8935
vt 0.2317 0.8961
vt 0.2354 0.8905
vt 0.2274 0.8934
vt 0.2310 0.8878
vt 0.2231 0.8910
vt 0.2266 0.8853
vt 0.2188 0.8885
vt 0.2222 0.8829
vt 0.2197 0.8966
vt 0.2154 0.8941
vt 0.2111 0.8916
vt 0.2144 0.8860
vt 0.2121 0.8997
vt 0.2078 0.8972
vt 0.2034 0.8946
vt 0.2066 0.8890
vt 0.1989 0.8920
vt 0.2021 0.8864
vt 0.1943 0.8895
vt 0.1974 0.8838
vt 0.1896 0.8872
vt 0.1927 0.8815
vt 0.1850 0.8850
vt 0.1880 0.8792
vt 0.1804 0.8830
vt 0.1833 0.8771
vt 0.1758 0.8810
vt 0.1785 0.8751
vt 0.1712 0.8791
vt 0.1738 0.8730
vt 0.1665 0.8772
vt 0.1690 0.8710
vt 0.1617 0.8753
vt 0.1641 0.8691
vt 0.1568 0.8736
vt 0.1591 0.8673
vt 0.2648 0.9314
vt 0.2600 0.9365
vt 0.2562 0.9330
vt 0.2608 0.9278
vt 0.2523 0.9295
vt 0.2568 0.9243
vt 0.2484 0.9260
vt 0.2527 0.9209
vt 0.2444 0.9226
vt 0.2486 0.9175
vt 0.2405 0.9192
vt 0.2445 0.9140
vt 0.2365 0.9158
vt 0.2404 0.9107
vt 0.2325 0.9126
vt 0.2363 0.9074
vt 0.2284 0.9097
vt 0.2322 0.9043
vt 0.2244 0.9071
vt 0.2280 0.9016
vt 0.2203 0.9046
vt 0.2238 0.8990
vt 0.2162 0.9021
vt 0.2197 0.8966
vt 0.2168 0.9101
vt 0.2128 0.9077
vt 0.2087 0.9053
vt 0.2121 0.8997
vt 0.2094 0.9132
vt 0.2054 0.9108
vt 0.2013 0.9083
vt 0.2045 0.9028
vt 0.1970 0.9058
vt 0.2002 0.9002
vt 0.1925 0.9032
vt 0.1957 0.8976
vt 0.1880 0.9008
vt 0.1911 0.8952
vt 0.1835 0.8986
vt 0.1865 0.8929
vt 0.1791 0.8966
vt 0.1820 0.8908
vt 0.1749 0.8948
vt 0.1776 0.8888
vt 0.1706 0.8930
vt 0.1732 0.8870
vt 0.1662 0.8913
vt 0.1687 0.8852
vt 0.1617 0.8896
vt 0.1641 0.8834
vt 0.1571 0.8880
vt 0.1594 0.8816
vt 0.1523 0.8865
vt 0.1545 0.8800
vt 0.2552 0.9416
vt 0.2504 0.9467
vt 0.2468 0.9431
vt 0.2516 0.9381
vt 0.2432 0.9396
vt 0.2478 0.9346
vt 0.2395 0.9360
vt 0.2440 0.9311
vt 0.2358 0.9326
vt 0.2402 0.9276
vt 0.2321 0.9292
vt 0.2364 0.9242
vt 0.2285 0.9260
vt 0.2325 0.9209
vt 0.2247 0.9231
vt 0.2286 0.9179
vt 0.2210 0.9204
vt 0.2247 0.9151
vt 0.2172 0.9180
vt 0.2208 0.9125
vt 0.2133 0.9156
vt 0.2168 0.9101
vt 0.2136 0.9234
vt 0.2099 0.9211
vt 0.2061 0.9187
vt 0.2094 0.9132
vt 0.2065 0.9265
vt 0.2027 0.9242
vt 0.1989 0.9218
vt 0.2021 0.9163
vt 0.1947 0.9193
vt 0.1980 0.9138
vt 0.1905 0.9168
vt 0.1937 0.9113
vt 0.1861 0.9143
vt 0.1893 0.9088
vt 0.1817 0.9121
vt 0.1848 0.9065
vt 0.1775 0.9101
vt 0.1805 0.9043
vt 0.1734 0.9083
vt 0.1762 0.9024
vt 0.1694 0.9067
vt 0.1721 0.9007
vt 0.1654 0.9052
vt 0.1680 0.8991
vt 0.1614 0.9037
vt 0.1638 0.8975
vt 0.1572 0.9023
vt 0.1594 0.8960
vt 0.1528 0.9010
vt 0.1549 0.8945
vt 0.1481 0.8997
vt 0.1502 0.8931
vt 0.2455 0.9517
vt 0.2405 0.9567
vt 0.2371 0.9530
vt 0.2420 0.9481
vt 0.2337 0.9494
vt 0.2385 0.9445
vt 0.2303 0.9458
vt 0.2349 0.9410
vt 0.2269 0.9424
vt 0.2314 0.9375
vt 0.2236 0.9392
vt 0.2279 0.9342
vt 0.2204 0.9362
vt 0.2244 0.9311
vt 0.2170 0.9335
vt 0.2209 0.9283
vt 0.2136 0.9310
vt 0.2173 0.9257
vt 0.2101 0.9287
vt 0.2136 0.9234
vt 0.2099 0.9362
vt 0.2065 0.9340
vt 0.2030 0.9318
vt 0.2065 0.9265
vt 0.2030 0.9392
vt 0.1996 0.9370
vt 0.1961 0.9348
vt 0.1994 0.9296
vt 0.1922 0.9325
vt 0.1955 0.9272
vt 0.1882 0.9300
vt 0.1915 0.9247
vt 0.1840 0.9276
vt 0.1872 0.9222
vt 0.1798 0.9253
vt 0.1830 0.9198
vt 0.1757 0.9233
vt 0.1787 0.9177
vt 0.1718 0.9216
vt 0.1746 0.9158
vt 0.1680 0.9201
vt 0.1706 0.9142
vt 0.1642 0.9188
vt 0.1668 0.9127
vt 0.1605 0.9176
vt 0.1630 0.9114
vt 0.1567 0.9164
vt 0.1590 0.9101
vt 0.1527 0.9153
vt 0.1549 0.9088
vt 0.1485 0.9143
vt 0.1507 0.9076
vt 0.1440 0.9132
vt 0.1461 0.9064
vt 0.2354 0.9616
vt 0.2303 0.9666
vt 0.2270 0.9629
vt 0.2321 0.9580
vt 0.2239 0.9592
vt 0.2288 0.9543
vt 0.2208 0.9556
vt 0.2256 0.9507
vt 0.2179 0.9522
vt 0.2224 0.9473
vt 0.2150 0.9491
vt 0.2193 0.9441
vt 0.2122 0.9464
vt 0.2163 0.9413
vt 0.2092 0.9438
vt 0.2131 0.9387
vt 0.2062 0.9414
vt 0.2099 0.9362
vt 0.2053 0.9489
vt 0.2025 0.9465
vt 0.1995 0.9443
vt 0.2030 0.9392
vt 0.1986 0.9514
vt 0.1958 0.9492
vt 0.1928 0.9470
vt 0.1962 0.9421
vt 0.1894 0.9448
vt 0.1927 0.9399
vt 0.1857 0.9426
vt 0.1889 0.9376
vt 0.1817 0.9403
vt 0.1849 0.9352
vt 0.1777 0.9382
vt 0.1808 0.9329
vt 0.1739 0.9363
vt 0.1768 0.9308
vt 0.1702 0.9347
vt 0.1729 0.9290
vt 0.1666 0.9333
vt 0.1691 0.9274
vt 0.1630 0.9321
vt 0.1654 0.9261
vt 0.1595 0.9311
vt 0.1618 0.9249
vt 0.1559 0.9302
vt 0.1581 0.9238
vt 0.1522 0.9295
vt 0.1544 0.9229
vt 0.1484 0.9287
vt 0.1505 0.9220
vt 0.1443 0.9280
vt 0.1464 0.9211
vt 0.1399 0.9272
vt 0.1420 0.9201
vt 0.2250 0.9716
vt 0.2195 0.9766
vt 0.2165 0.9728
vt 0.2219 0.9679
vt 0.2136 0.9689
vt 0.2188 0.9641
vt 0.2110 0.9653
vt 0.2160 0.9605
vt 0.2086 0.9620
vt 0.2133 0.9571
vt 0.2062 0.9591
vt 0.2107 0.9541
vt 0.2038 0.9564
vt 0.2080 0.9514
vt 0.2013 0.9538
vt 0.2053 0.9489
vt 0.1992 0.9611
vt 0.1970 0.9586
vt 0.1947 0.9561
vt 0.1986 0.9514
vt 0.1923 0.9631
vt 0.1903 0.9608
vt 0.1883 0.9585
vt 0.1922 0.9539
vt 0.1859 0.9563
vt 0.1894 0.9517
vt 0.1831 0.9542
vt 0.1862 0.9496
vt 0.1797 0.9522
vt 0.1826 0.9474
vt 0.1759 0.9503
vt 0.1787 0.9454
vt 0.1722 0.9487
vt 0.1748 0.9435
vt 0.1688 0.9474
vt 0.1712 0.9418
vt 0.1655 0.9463
vt 0.1677 0.9404
vt 0.1623 0.9454
vt 0.1643 0.9392
vt 0.1591 0.9446
vt 0.1608 0.9382
vt 0.1557 0.9439
vt 0.1574 0.9374
vt 0.1523 0.9434
vt 0.1539 0.9367
vt 0.1488 0.9429
vt 0.1502 0.9361
vt 0.1451 0.9426
vt 0.1465 0.9356
vt 0.1411 0.9423
vt 0.1424 0.9351
vt 0.1364 0.9420
vt 0.1380 0.9346
vt 0.2137 0.9817
vt 0.2075 0.9862
vt 0.2048 0.9819
vt 0.2108 0.9776
vt 0.2022 0.9778
vt 0.2081 0.9735
vt 0.2000 0.9742
vt 0.2058 0.9699
vt 0.1980 0.9711
vt 0.2035 0.9667
vt 0.1961 0.9683
vt 0.2014 0.9638
vt 0.1943 0.9656
vt 0.1992 0.9611
vt 0.1896 0.9727
vt 0.1879 0.9701
vt 0.1865 0.9676
vt 0.1923 0.9631
vt 0.1851 0.9651
vt 0.1837 0.9627
vt 0.1821 0.9604
vt 0.1799 0.9583
vt 0.1770 0.9566
vt 0.1737 0.9551
vt 0.1702 0.9540
vt 0.1668 0.9531
vt 0.1637 0.9525
vt 0.1607 0.9520
vt 0.1581 0.9516
vt 0.1545 0.9510
vt 0.1513 0.9506
vt 0.1480 0.9500
vt 0.1444 0.9495
vt 0.1405 0.9491
vt 0.1357 0.9491
vt 0.2015 0.9900
vt 0.1986 0.9855
vt 0.1958 0.9815
vt 0.1935 0.9782
vt 0.1914 0.9754
vt 0.2499 0.6785
vt 0.2439 0.6710
vt 0.2395 0.6632
vt 0.4345 0.7199
vt 0.4427 0.7200
vt 0.4347 0.7127
vt 0.4427 0.7128
vt 0.4349 0.7054
vt 0.4427 0.7054
vt 0.4352 0.6980
vt 0.4427 0.6981
vt 0.4354 0.6904
vt 0.4427 0.6906
vt 0.4357 0.6829
vt 0.4427 0.6830
vt 0.4360 0.6752
vt 0.4427 0.6753
vt 0.4363 0.6672
vt 0.4427 0.6673
vt 0.4363 0.6591
vt 0.4427 0.6592
vt 0.4363 0.6510
vt 0.4427 0.6510
vt 0.4363 0.6429
vt 0.4427 0.6423
vt 0.4364 0.6352
vt 0.4427 0.6352
vt 0.4364 0.6273
vt 0.4427 0.6274
vt 0.4365 0.6192
vt 0.4427 0.6193
vt 0.4364 0.6111
vt 0.4427 0.6112
vt 0.4364 0.6029
vt 0.4427 0.6030
vt 0.4363 0.5946
vt 0.4427 0.5947
vt 0.4363 0.5863
vt 0.4427 0.5864
vt 0.4362 0.5780
vt 0.4427 0.5781
vt 0.4361 0.5696
vt 0.4427 0.5697
vt 0.4360 0.5612
vt 0.4427 0.5613
vt 0.4359 0.5528
vt 0.4427 0.5528
vt 0.4359 0.5444
vt 0.4427 0.5444
vt 0.4358 0.5359
vt 0.4427 0.5359
vt 0.4357 0.5275
vt 0.4427 0.5275
vt 0.4355 0.5191
vt 0.4427 0.5190
vt 0.4353 0.5108
vt 0.4427 0.5107
vt 0.4351 0.5026
vt 0.4427 0.5025
vt 0.4348 0.4944
vt 0.4427 0.4944
vt 0.4346 0.4864
vt 0.4427 0.4863
vt 0.4342 0.4784
vt 0.4427 0.4783
vt 0.4337 0.4704
vt 0.4427 0.4704
vt 0.4331 0.4627
vt 0.4427 0.4626
vt 0.4325 0.4551
vt 0.4427 0.4549
vt 0.4319 0.4474
vt 0.4427 0.4470
vt 0.4427 0.4392
vt 0.4427 0.4251
vt 0.4354 0.4071
vt 0.4427 0.4083
vt 0.4378 0.3882
vt 0.4427 0.3897
vt 0.4405 0.3689
vt 0.4427 0.3698
vt 0.4415 0.3503
vt 0.4427 0.3511
vt 0.4344 0.3862
vt 0.4305 0.4051
vt 0.4265 0.4024
vt 0.4156 0.4129
vt 0.4073 0.4228
vt 0.4037 0.4161
vt 0.3988 0.4294
vt 0.3954 0.4223
vt 0.3920 0.4155
vt 0.3872 0.4274
vt 0.3840 0.4205
vt 0.3808 0.4135
vt 0.3761 0.4248
vt 0.3729 0.4179
vt 0.3698 0.4110
vt 0.3651 0.4218
vt 0.3620 0.4150
vt 0.3589 0.4081
vt 0.3542 0.4186
vt 0.3512 0.4117
vt 0.3482 0.4048
vt 0.3435 0.4150
vt 0.3406 0.4081
vt 0.3376 0.4011
vt 0.3329 0.4112
vt 0.3300 0.4042
vt 0.3271 0.3972
vt 0.3225 0.4070
vt 0.3196 0.4000
vt 0.3167 0.3932
vt 0.3122 0.4027
vt 0.3094 0.3958
vt 0.3065 0.3891
vt 0.3020 0.3983
vt 0.2992 0.3916
vt 0.2963 0.3851
vt 0.2919 0.3940
vt 0.2891 0.3875
vt 0.2862 0.3812
vt 0.2818 0.3899
vt 0.2790 0.3837
vt 0.2761 0.3776
vt 0.2718 0.3861
vt 0.2690 0.3801
vt 0.2661 0.3741
vt 0.2617 0.3824
vt 0.2590 0.3766
vt 0.2561 0.3708
vt 0.2517 0.3790
vt 0.2490 0.3733
vt 0.2463 0.3676
vt 0.2418 0.3757
vt 0.2392 0.3701
vt 0.2365 0.3645
vt 0.2320 0.3726
vt 0.2294 0.3671
vt 0.2268 0.3616
vt 0.2222 0.3696
vt 0.2198 0.3642
vt 0.2174 0.3589
vt 0.2126 0.3668
vt 0.2103 0.3615
vt 0.2080 0.3563
vt 0.2032 0.3641
vt 0.2011 0.3589
vt 0.1989 0.3538
vt 0.1940 0.3615
vt 0.1920 0.3564
vt 0.1900 0.3513
vt 0.1852 0.3590
vt 0.1833 0.3540
vt 0.1813 0.3490
vt 0.1766 0.3566
vt 0.1749 0.3518
vt 0.1730 0.3469
vt 0.1683 0.3544
vt 0.1667 0.3496
vt 0.1649 0.3447
vt 0.3362 0.2248
vt 0.3423 0.2297
vt 0.3381 0.2350
vt 0.3322 0.2300
vt 0.3261 0.2250
vt 0.3299 0.2200
vt 0.3278 0.2350
vt 0.3220 0.2298
vt 0.3162 0.2246
vt 0.3176 0.2346
vt 0.3120 0.2294
vt 0.3064 0.2243
vt 0.3077 0.2342
vt 0.3022 0.2290
vt 0.2969 0.2237
vt 0.2978 0.2336
vt 0.2926 0.2283
vt 0.2875 0.2229
vt 0.2881 0.2327
vt 0.2831 0.2273
vt 0.2782 0.2219
vt 0.2786 0.2315
vt 0.2737 0.2261
vt 0.2690 0.2208
vt 0.2691 0.2301
vt 0.2644 0.2248
vt 0.2598 0.2195
vt 0.2598 0.2287
vt 0.2552 0.2236
vt 0.2507 0.2185
vt 0.2506 0.2276
vt 0.2461 0.2226
vt 0.2417 0.2175
vt 0.2415 0.2268
vt 0.2372 0.2218
vt 0.2328 0.2168
vt 0.2326 0.2261
vt 0.2283 0.2211
vt 0.2239 0.2161
vt 0.2238 0.2253
vt 0.2194 0.2202
vt 0.2151 0.2151
vt 0.2149 0.2241
vt 0.2106 0.2189
vt 0.2062 0.2138
vt 0.2060 0.2227
vt 0.2017 0.2176
vt 0.1974 0.2125
vt 0.1971 0.2213
vt 0.1928 0.2162
vt 0.1885 0.2111
vt 0.1883 0.2198
vt 0.1840 0.2147
vt 0.1798 0.2096
vt 0.1794 0.2183
vt 0.1753 0.2132
vt 0.1711 0.2082
vt 0.1707 0.2168
vt 0.1666 0.2117
vt 0.1625 0.2066
vt 0.1621 0.2152
vt 0.1580 0.2101
vt 0.1540 0.2050
vt 0.1536 0.2136
vt 0.1496 0.2085
vt 0.1457 0.2033
vt 0.1452 0.2120
vt 0.1414 0.2067
vt 0.1376 0.2015
vt 0.1371 0.2101
vt 0.1334 0.2048
vt 0.1296 0.1996
vt 0.1292 0.2081
vt 0.1256 0.2028
vt 0.1219 0.1975
vt 0.1215 0.2060
vt 0.1179 0.2006
vt 0.1143 0.1954
vt 0.1140 0.2036
vt 0.1106 0.1983
vt 0.1072 0.1930
vt 0.1069 0.2010
vt 0.1038 0.1956
vt 0.1005 0.1902
vt 0.1003 0.1979
vt 0.0972 0.1925
vt 0.0940 0.1872
vt 0.0939 0.1947
vt 0.0909 0.1893
vt 0.0877 0.1840
vt 0.0876 0.1913
vt 0.0846 0.1860
vt 0.0813 0.1807
vt 0.0813 0.1879
vt 0.0782 0.1825
vt 0.0747 0.1771
vt 0.0709 0.1712
vt 0.0748 0.1845
vt 0.0714 0.1790
vt 0.0677 0.1730
vt 0.1677 0.0762
vt 0.1677 0.0762
vt 0.1707 0.0831
vt 0.1672 0.0856
vt 0.1637 0.0797
vt 0.1588 0.0748
vt 0.1598 0.0834
vt 0.1550 0.0783
vt 0.1499 0.0731
vt 0.1511 0.0822
vt 0.1462 0.0769
vt 0.1471 0.0862
vt 0.1424 0.0810
vt 0.1432 0.0904
vt 0.1386 0.0853
vt 0.1395 0.0943
vt 0.1348 0.0894
vt 0.1363 0.0977
vt 0.1315 0.0930
vt 0.1267 0.0882
vt 0.1285 0.0960
vt 0.1236 0.0914
vt 0.1188 0.0868
vt 0.1207 0.0943
vt 0.1158 0.0898
vt 0.1109 0.0853
vt 0.1128 0.0927
vt 0.1079 0.0883
vt 0.1030 0.0838
vt 0.1048 0.0913
vt 0.0997 0.0869
vt 0.0947 0.0825
vt 0.0960 0.0903
vt 0.0909 0.0859
vt 0.0860 0.0816
vt 0.0868 0.0896
vt 0.0818 0.0854
vt 0.0772 0.0814
vt 0.0773 0.0891
vt 0.0727 0.0848
vt 0.0684 0.0807
vt 0.0681 0.0877
vt 0.0641 0.0832
vt 0.0605 0.0786
vt 0.0601 0.0847
vt 0.0570 0.0795
vt 0.0542 0.0741
vt 0.0537 0.0798
vt 0.0514 0.0742
vt 0.0492 0.0683
vt 0.0487 0.0740
vt 0.0468 0.0681
vt 0.0453 0.0618
vt 0.0446 0.0677
vt 0.0433 0.0614
vt 0.0422 0.0547
vt 0.0410 0.0608
vt 0.0400 0.0540
vt 0.0397 0.0468
vt 0.0378 0.0532
vt 0.0377 0.0458
vt 0.0354 0.0524
vt 0.0355 0.0450
vt 0.0328 0.0515
vt 0.0332 0.0444
vt 0.0359 0.0591
vt 0.0329 0.0580
vt 0.0288 0.0567
vt 0.0330 0.0642
vt 0.0288 0.0627
vt 0.0231 0.0612
vt 0.0236 0.0549
vt 0.0167 0.0595
vt 0.0179 0.0528
vt 0.0105 0.0579
vt 0.0127 0.0504
vt 0.0161 0.0433
vt 0.0212 0.0373
vt 0.0648 0.0128
vt 0.0730 0.0130
vt 0.0733 0.0179
vt 0.0659 0.0173
vt 0.0588 0.0178
vt 0.0559 0.0145
vt 0.0672 0.0212
vt 0.0611 0.0213
vt 0.0682 0.0246
vt 0.0627 0.0243
vt 0.0690 0.0276
vt 0.0639 0.0269
vt 0.0695 0.0304
vt 0.0646 0.0294
vt 0.0604 0.0291
vt 0.0651 0.0320
vt 0.0611 0.0315
vt 0.0576 0.0316
vt 0.0652 0.0347
vt 0.0613 0.0340
vt 0.0647 0.0376
vt 0.0609 0.0368
vt 0.0635 0.0408
vt 0.0595 0.0398
vt 0.0558 0.0386
vt 0.0690 0.0390
vt 0.0677 0.0422
vt 0.0737 0.0412
vt 0.0723 0.0444
vt 0.0786 0.0441
vt 0.0770 0.0474
vt 0.0834 0.0476
vt 0.0815 0.0510
vt 0.0797 0.0409
vt 0.0847 0.0441
vt 0.0896 0.0479
vt 0.0880 0.0515
vt 0.0855 0.0408
vt 0.0907 0.0444
vt 0.0957 0.0485
vt 0.0944 0.0521
vt 0.0913 0.0410
vt 0.0965 0.0448
vt 0.0918 0.0376
vt 0.0970 0.0410
vt 0.0921 0.0338
vt 0.0972 0.0370
vt 0.0923 0.0292
vt 0.0974 0.0321
vt 0.1021 0.0347
vt 0.0975 0.0262
vt 0.1021 0.0285
vt 0.1062 0.0308
vt 0.1067 0.0368
vt 0.1028 0.0223
vt 0.1068 0.0246
vt 0.1103 0.0267
vt 0.1102 0.0325
vt 0.1132 0.0282
vt 0.1140 0.0336
vt 0.1157 0.0288
vt 0.1176 0.0335
vt 0.1180 0.0283
vt 0.1207 0.0322
vt 0.1203 0.0269
vt 0.1235 0.0300
vt 0.1266 0.0333
vt 0.1262 0.0272
vt 0.1294 0.0299
vt 0.1286 0.0240
vt 0.1320 0.0265
vt 0.1361 0.0299
vt 0.1343 0.0230
vt 0.1386 0.0264
vt 0.1434 0.0306
vt 0.1405 0.0341
vt 0.1410 0.0230
vt 0.1459 0.0273
vt 0.1506 0.0330
vt 0.1478 0.0360
vt 0.1484 0.0241
vt 0.1533 0.0302
vt 0.1572 0.0373
vt 0.1544 0.0396
vt 0.1560 0.0276
vt 0.1599 0.0352
vt 0.1629 0.0426
vt 0.1602 0.0444
vt 0.0607 0.1611
vt 0.0533 0.1596
vt 0.0549 0.1565
vt 0.0620 0.1581
vt 0.0686 0.1593
vt 0.0674 0.1622
vt 0.0635 0.1551
vt 0.0701 0.1564
vt 0.0760 0.1580
vt 0.0746 0.1607
vt 0.0716 0.1534
vt 0.0777 0.1551
vt 0.0834 0.1572
vt 0.0815 0.1599
vt 0.0796 0.1519
vt 0.0855 0.1542
vt 0.0910 0.1573
vt 0.0885 0.1601
vt 0.0879 0.1510
vt 0.0936 0.1541
vt 0.0989 0.1578
vt 0.0960 0.1610
vt 0.0966 0.1506
vt 0.1021 0.1544
vt 0.1072 0.1585
vt 0.1039 0.1619
vt 0.1053 0.1508
vt 0.1105 0.1550
vt 0.1155 0.1596
vt 0.1120 0.1630
vt 0.1139 0.1515
vt 0.1189 0.1561
vt 0.1237 0.1609
vt 0.1202 0.1644
vt 0.1224 0.1526
vt 0.1272 0.1575
vt 0.1320 0.1624
vt 0.1284 0.1658
vt 0.1308 0.1540
vt 0.1356 0.1590
vt 0.1403 0.1641
vt 0.1366 0.1675
vt 0.1392 0.1557
vt 0.1440 0.1608
vt 0.1487 0.1658
vt 0.1449 0.1692
vt 0.1476 0.1574
vt 0.1525 0.1625
vt 0.1572 0.1676
vt 0.1534 0.1710
vt 0.1561 0.1591
vt 0.1610 0.1641
vt 0.1657 0.1691
vt 0.1618 0.1726
vt 0.1646 0.1606
vt 0.1695 0.1656
vt 0.1743 0.1704
vt 0.1704 0.1740
vt 0.1732 0.1620
vt 0.1782 0.1669
vt 0.1830 0.1717
vt 0.1790 0.1753
vt 0.1820 0.1633
vt 0.1869 0.1681
vt 0.1918 0.1729
vt 0.1877 0.1766
vt 0.1909 0.1644
vt 0.1958 0.1691
vt 0.2006 0.1738
vt 0.1965 0.1777
vt 0.1998 0.1652
vt 0.2047 0.1699
vt 0.2095 0.1746
vt 0.2054 0.1786
vt 0.2087 0.1658
vt 0.2136 0.1705
vt 0.2184 0.1751
vt 0.2143 0.1793
vt 0.2176 0.1662
vt 0.2226 0.1709
vt 0.2274 0.1756
vt 0.2232 0.1799
vt 0.2266 0.1665
vt 0.2315 0.1713
vt 0.2363 0.1761
vt 0.2321 0.1804
vt 0.2355 0.1669
vt 0.2405 0.1717
vt 0.2453 0.1766
vt 0.2410 0.1809
vt 0.2445 0.1673
vt 0.2495 0.1723
vt 0.2543 0.1773
vt 0.2500 0.1816
vt 0.2535 0.1678
vt 0.2584 0.1729
vt 0.2631 0.1779
vt 0.2589 0.1824
vt 0.2625 0.1683
vt 0.2673 0.1733
vt 0.2720 0.1783
vt 0.2678 0.1829
vt 0.2715 0.1687
vt 0.2762 0.1737
vt 0.2808 0.1787
vt 0.2766 0.1833
vt 0.2806 0.1691
vt 0.2852 0.1743
vt 0.2897 0.1794
vt 0.2854 0.1838
vt 0.1402 0.3039
vt 0.1358 0.2992
vt 0.1406 0.2952
vt 0.1450 0.3000
vt 0.1491 0.3047
vt 0.1444 0.3085
vt 0.1499 0.2964
vt 0.1541 0.3012
vt 0.1580 0.3059
vt 0.1530 0.3093
vt 0.1591 0.2978
vt 0.1630 0.3026
vt 0.1667 0.3074
vt 0.1615 0.3106
vt 0.1682 0.2994
vt 0.1719 0.3043
vt 0.1753 0.3093
vt 0.1700 0.3123
vt 0.1772 0.3012
vt 0.1806 0.3062
vt 0.1839 0.3111
vt 0.1784 0.3142
vt 0.1861 0.3031
vt 0.1895 0.3080
vt 0.1927 0.3129
vt 0.1870 0.3160
vt 0.1950 0.3048
vt 0.1983 0.3098
vt 0.2015 0.3147
vt 0.1957 0.3178
vt 0.2038 0.3066
vt 0.2072 0.3116
vt 0.2103 0.3167
vt 0.2045 0.3197
vt 0.2128 0.3085
vt 0.2161 0.3135
vt 0.2193 0.3186
vt 0.2134 0.3218
vt 0.2219 0.3103
vt 0.2252 0.3154
vt 0.2284 0.3206
vt 0.2225 0.3238
vt 0.2310 0.3122
vt 0.2344 0.3175
vt 0.2377 0.3229
vt 0.2316 0.3260
vt 0.2402 0.3144
vt 0.2437 0.3199
vt 0.2470 0.3254
vt 0.2409 0.3285
vt 0.2495 0.3167
vt 0.2530 0.3222
vt 0.2566 0.3278
vt 0.2505 0.3310
vt 0.2589 0.3188
vt 0.2626 0.3245
vt 0.2663 0.3302
vt 0.2601 0.3335
vt 0.2685 0.3210
vt 0.2723 0.3268
vt 0.2760 0.3328
vt 0.2699 0.3360
vt 0.2782 0.3234
vt 0.2820 0.3295
vt 0.2858 0.3356
vt 0.2797 0.3388
vt 0.2880 0.3262
vt 0.2919 0.3323
vt 0.2958 0.3385
vt 0.2896 0.3417
vt 0.2980 0.3291
vt 0.3020 0.3353
vt 0.3060 0.3415
vt 0.2997 0.3448
vt 0.3081 0.3318
vt 0.3122 0.3380
vt 0.3163 0.3443
vt 0.3099 0.3478
vt 0.3184 0.3343
vt 0.3225 0.3406
vt 0.3266 0.3470
vt 0.3202 0.3507
vt 0.3288 0.3366
vt 0.3329 0.3430
vt 0.3370 0.3495
vt 0.3306 0.3535
vt 0.3391 0.3387
vt 0.3432 0.3452
vt 0.3474 0.3518
vt 0.3410 0.3561
vt 0.3494 0.3406
vt 0.3536 0.3472
vt 0.3578 0.3538
vt 0.3514 0.3585
vt 0.3598 0.3420
vt 0.3641 0.3486
vt 0.3684 0.3552
vt 0.3619 0.3605
vt 0.3702 0.3428
vt 0.3747 0.3492
vt 0.3792 0.3557
vt 0.3726 0.3618
vt 0.3808 0.3426
vt 0.3854 0.3489
vt 0.3901 0.3552
vt 0.3835 0.3622
vt 0.3914 0.3414
vt 0.3963 0.3473
vt 0.4014 0.3531
vt 0.3948 0.3615
vt 0.4019 0.3386
vt 0.4071 0.3438
vt 0.4124 0.3486
vt 0.4064 0.3589
vt 0.4118 0.3340
vt 0.4170 0.3380
vt 0.4222 0.3416
vt 0.4178 0.3530
vt 0.4203 0.3277
vt 0.4249 0.3305
vt 0.4292 0.3326
vt 0.4271 0.3442
vt 0.4270 0.3201
vt 0.4305 0.3216
vt 0.4336 0.3225
vt 0.4326 0.3334
vt 0.4322 0.3112
vt 0.4340 0.3112
vt 0.4356 0.3111
vt 0.4358 0.3224
vt 0.1866 0.4517
vt 0.1867 0.4480
vt 0.1976 0.4483
vt 0.1977 0.4528
vt 0.2079 0.4481
vt 0.2081 0.4530
vt 0.2181 0.4476
vt 0.2186 0.4527
vt 0.2192 0.4580
vt 0.2286 0.4521
vt 0.2294 0.4575
vt 0.2304 0.4630
vt 0.2200 0.4634
vt 0.2390 0.4570
vt 0.2399 0.4628
vt 0.2409 0.4688
vt 0.2316 0.4688
vt 0.2421 0.4752
vt 0.2331 0.4749
vt 0.2435 0.4818
vt 0.2349 0.4815
vt 0.2451 0.4887
vt 0.2370 0.4887
vt 0.2472 0.4956
vt 0.2393 0.4959
vt 0.2495 0.5023
vt 0.2418 0.5028
vt 0.2522 0.5088
vt 0.2445 0.5095
vt 0.2551 0.5149
vt 0.2475 0.5157
vt 0.2580 0.5208
vt 0.2505 0.5217
vt 0.2609 0.5265
vt 0.2534 0.5274
vt 0.2654 0.5198
vt 0.2682 0.5255
vt 0.2709 0.5310
vt 0.2636 0.5320
vt 0.2758 0.5245
vt 0.2784 0.5300
vt 0.2807 0.5355
vt 0.2733 0.5364
vt 0.2861 0.5290
vt 0.2883 0.5346
vt 0.2902 0.5402
vt 0.2827 0.5410
vt 0.2959 0.5337
vt 0.2977 0.5395
vt 0.2991 0.5454
vt 0.2917 0.5459
vt 0.3052 0.5388
vt 0.3066 0.5448
vt 0.3076 0.5509
vt 0.3002 0.5513
vt 0.3140 0.5442
vt 0.3150 0.5505
vt 0.3156 0.5569
vt 0.3082 0.5571
vt 0.3224 0.5500
vt 0.3230 0.5565
vt 0.3234 0.5631
vt 0.3159 0.5633
vt 0.3305 0.5559
vt 0.3310 0.5626
vt 0.3311 0.5695
vt 0.3234 0.5696
vt 0.3384 0.5619
vt 0.3386 0.5690
vt 0.3386 0.5762
vt 0.3309 0.5762
vt 0.3459 0.5680
vt 0.3460 0.5755
vt 0.3458 0.5832
vt 0.3382 0.5832
vt 0.3533 0.5740
vt 0.3531 0.5819
vt 0.3528 0.5898
vt 0.3452 0.5907
vt 0.3608 0.5797
vt 0.3607 0.5875
vt 0.3690 0.5774
vt 0.3691 0.5849
vt 0.3773 0.5752
vt 0.3775 0.5827
vt 0.3855 0.5733
vt 0.3858 0.5808
vt 0.3934 0.5717
vt 0.3938 0.5793
vt 0.3942 0.5869
vt 0.4015 0.5782
vt 0.4019 0.5859
vt 0.4024 0.5937
vt 0.3948 0.5944
vt 0.4092 0.5855
vt 0.4097 0.5934
vt 0.4101 0.6013
vt 0.4031 0.6014
vt 0.4107 0.6092
vt 0.4037 0.6091
vt 0.4111 0.6171
vt 0.4044 0.6167
vt 0.4115 0.6250
vt 0.4050 0.6244
vt 0.4117 0.6329
vt 0.4054 0.6320
vt 0.3990 0.6312
vt 0.4056 0.6396
vt 0.3992 0.6383
vt 0.4053 0.6473
vt 0.3989 0.6453
vt 0.4046 0.6551
vt 0.3982 0.6525
vt 0.3916 0.6500
vt 0.3969 0.6599
vt 0.3903 0.6568
vt 0.3834 0.6537
vt 0.3849 0.6473
vt 0.3887 0.6638
vt 0.3818 0.6602
vt 0.3955 0.6673
vt 0.3944 0.6745
vt 0.3870 0.6708
vt 0.4026 0.6701
vt 0.4019 0.6774
vt 0.4009 0.6847
vt 0.3933 0.6815
vt 0.4088 0.6796
vt 0.4079 0.6874
vt 0.4067 0.6952
vt 0.3996 0.6921
vt 0.4144 0.6891
vt 0.4134 0.6970
vt 0.4123 0.7046
vt 0.4053 0.7030
vt 0.4205 0.6975
vt 0.4196 0.7050
vt 0.4189 0.7124
vt 0.4114 0.7122
vt 0.4272 0.7052
vt 0.4267 0.7125
vt 0.4264 0.7199
vt 0.4185 0.7198
vt 0.4278 0.6978
vt 0.4282 0.6902
vt 0.4211 0.6898
vt 0.4219 0.6820
vt 0.4287 0.6826
vt 0.4154 0.6811
vt 0.4163 0.6733
vt 0.4228 0.6742
vt 0.4096 0.6720
vt 0.4102 0.6647
vt 0.4169 0.6657
vt 0.4035 0.6628
vt 0.4046 0.6551
vt 0.4109 0.6571
vt 0.4109 0.6571
vt 0.4114 0.6491
vt 0.4174 0.6502
vt 0.4173 0.6582
vt 0.4236 0.6506
vt 0.4236 0.6586
vt 0.4234 0.6664
vt 0.4300 0.6589
vt 0.4298 0.6669
vt 0.4294 0.6748
vt 0.4228 0.6742
vt 0.4287 0.6826
vt 0.4299 0.6508
vt 0.4299 0.6429
vt 0.4237 0.6425
vt 0.4239 0.6344
vt 0.4301 0.6350
vt 0.4176 0.6419
vt 0.4178 0.6337
vt 0.4178 0.6257
vt 0.4240 0.6264
vt 0.4117 0.6409
vt 0.4117 0.6329
vt 0.4240 0.6264
vt 0.4239 0.6183
vt 0.4302 0.6189
vt 0.4302 0.6270
vt 0.4176 0.6177
vt 0.4173 0.6096
vt 0.4238 0.6102
vt 0.4238 0.6102
vt 0.4236 0.6020
vt 0.4300 0.6025
vt 0.4301 0.6107
vt 0.4170 0.6016
vt 0.4166 0.5935
vt 0.4233 0.5939
vt 0.4233 0.5939
vt 0.4231 0.5857
vt 0.4297 0.5860
vt 0.4299 0.5943
vt 0.4163 0.5855
vt 0.4160 0.5775
vt 0.4229 0.5776
vt 0.4089 0.5777
vt 0.4085 0.5698
vt 0.4157 0.5694
vt 0.4011 0.5705
vt 0.4008 0.5628
vt 0.4083 0.5618
vt 0.3931 0.5641
vt 0.3928 0.5565
vt 0.4005 0.5550
vt 0.3852 0.5658
vt 0.3849 0.5583
vt 0.3846 0.5509
vt 0.3925 0.5489
vt 0.3771 0.5678
vt 0.3769 0.5604
vt 0.3766 0.5530
vt 0.3763 0.5456
vt 0.3842 0.5434
vt 0.3688 0.5625
vt 0.3687 0.5551
vt 0.3684 0.5479
vt 0.3678 0.5407
vt 0.3757 0.5384
vt 0.3608 0.5572
vt 0.3605 0.5500
vt 0.3600 0.5429
vt 0.3592 0.5360
vt 0.3671 0.5337
vt 0.3528 0.5519
vt 0.3523 0.5449
vt 0.3516 0.5380
vt 0.3506 0.5312
vt 0.3582 0.5291
vt 0.3447 0.5466
vt 0.3440 0.5398
vt 0.3430 0.5330
vt 0.3418 0.5264
vt 0.3494 0.5244
vt 0.3364 0.5413
vt 0.3354 0.5346
vt 0.3342 0.5281
vt 0.3328 0.5216
vt 0.3405 0.5198
vt 0.3279 0.5360
vt 0.3266 0.5295
vt 0.3250 0.5232
vt 0.3232 0.5170
vt 0.3310 0.5153
vt 0.3189 0.5308
vt 0.3172 0.5246
vt 0.3153 0.5185
vt 0.3132 0.5125
vt 0.3211 0.5109
vt 0.3095 0.5258
vt 0.3074 0.5198
vt 0.3052 0.5139
vt 0.3027 0.5081
vt 0.3109 0.5066
vt 0.2995 0.5211
vt 0.2971 0.5153
vt 0.2947 0.5095
vt 0.2921 0.5038
vt 0.3003 0.5023
vt 0.2891 0.5166
vt 0.2866 0.5109
vt 0.2840 0.5051
vt 0.2815 0.4993
vt 0.2896 0.4980
vt 0.2785 0.5121
vt 0.2759 0.5063
vt 0.2735 0.5003
vt 0.2712 0.4942
vt 0.2792 0.4933
vt 0.2679 0.5071
vt 0.2654 0.5011
vt 0.2633 0.4948
vt 0.2613 0.4884
vt 0.2693 0.4879
vt 0.2574 0.5017
vt 0.2551 0.4952
vt 0.2533 0.4886
vt 0.2517 0.4819
vt 0.2598 0.4818
vt 0.2598 0.4818
vt 0.2586 0.4753
vt 0.2665 0.4750
vt 0.2677 0.4815
vt 0.2505 0.4753
vt 0.2495 0.4689
vt 0.2577 0.4687
vt 0.2577 0.4687
vt 0.2570 0.4624
vt 0.2650 0.4619
vt 0.2656 0.4684
vt 0.2487 0.4626
vt 0.2479 0.4566
vt 0.2564 0.4561
vt 0.2564 0.4561
vt 0.2557 0.4502
vt 0.2641 0.4496
vt 0.2645 0.4556
vt 0.2471 0.4508
vt 0.2463 0.4451
vt 0.2550 0.4444
vt 0.2382 0.4515
vt 0.2373 0.4459
vt 0.2363 0.4406
vt 0.2453 0.4396
vt 0.2286 0.4521
vt 0.2278 0.4468
vt 0.2270 0.4415
vt 0.2261 0.4363
vt 0.2353 0.4352
vt 0.2181 0.4476
vt 0.2174 0.4424
vt 0.2166 0.4373
vt 0.2156 0.4323
vt 0.2250 0.4311
vt 0.2074 0.4432
vt 0.2068 0.4383
vt 0.2059 0.4334
vt 0.2049 0.4285
vt 0.2145 0.4273
vt 0.1966 0.4391
vt 0.1958 0.4344
vt 0.1950 0.4297
vt 0.1939 0.4250
vt 0.2037 0.4236
vt 0.1854 0.4355
vt 0.1846 0.4310
vt 0.1838 0.4265
vt 0.1829 0.4219
vt 0.1929 0.4203
vt 0.4212 0.3025
vt 0.4246 0.3056
vt 0.4196 0.3146
vt 0.4157 0.3110
vt 0.4117 0.3072
vt 0.4177 0.2990
vt 0.4077 0.3029
vt 0.4138 0.2951
vt 0.4112 0.3202
vt 0.4067 0.3158
vt 0.4022 0.3113
vt 0.3979 0.3065
vt 0.4035 0.2985
vt 0.4019 0.3247
vt 0.3972 0.3196
vt 0.3926 0.3145
vt 0.3880 0.3092
vt 0.3935 0.3016
vt 0.3921 0.3277
vt 0.3873 0.3221
vt 0.3827 0.3165
vt 0.3780 0.3108
vt 0.3835 0.3038
vt 0.3819 0.3295
vt 0.3772 0.3235
vt 0.3726 0.3176
vt 0.3680 0.3117
vt 0.3734 0.3052
vt 0.3716 0.3302
vt 0.3671 0.3240
vt 0.3625 0.3179
vt 0.3580 0.3118
vt 0.3634 0.3058
vt 0.3614 0.3300
vt 0.3569 0.3237
vt 0.3525 0.3174
vt 0.3479 0.3112
vt 0.3533 0.3057
vt 0.3511 0.3291
vt 0.3468 0.3227
vt 0.3424 0.3164
vt 0.3379 0.3103
vt 0.3433 0.3051
vt 0.3409 0.3277
vt 0.3366 0.3214
vt 0.3322 0.3152
vt 0.3278 0.3092
vt 0.3333 0.3042
vt 0.3307 0.3260
vt 0.3264 0.3199
vt 0.3221 0.3138
vt 0.3178 0.3079
vt 0.3234 0.3032
vt 0.3204 0.3242
vt 0.3162 0.3182
vt 0.3119 0.3121
vt 0.3077 0.3062
vt 0.3134 0.3019
vt 0.3101 0.3221
vt 0.3059 0.3160
vt 0.3017 0.3100
vt 0.2976 0.3040
vt 0.3035 0.3003
vt 0.2999 0.3196
vt 0.2957 0.3135
vt 0.2916 0.3074
vt 0.2876 0.3013
vt 0.2935 0.2980
vt 0.2898 0.3168
vt 0.2858 0.3106
vt 0.2818 0.3045
vt 0.2778 0.2984
vt 0.2836 0.2952
vt 0.2800 0.3140
vt 0.2761 0.3080
vt 0.2722 0.3020
vt 0.2683 0.2963
vt 0.2738 0.2925
vt 0.2704 0.3116
vt 0.2666 0.3058
vt 0.2627 0.3002
vt 0.2588 0.2947
vt 0.2642 0.2907
vt 0.2609 0.3096
vt 0.2571 0.3040
vt 0.2532 0.2985
vt 0.2493 0.2932
vt 0.2547 0.2894
vt 0.2515 0.3076
vt 0.2477 0.3022
vt 0.2438 0.2968
vt 0.2398 0.2914
vt 0.2452 0.2879
vt 0.2422 0.3056
vt 0.2384 0.3002
vt 0.2344 0.2948
vt 0.2303 0.2896
vt 0.2356 0.2861
vt 0.2330 0.3036
vt 0.2291 0.2983
vt 0.2251 0.2931
vt 0.2210 0.2879
vt 0.2261 0.2844
vt 0.2238 0.3017
vt 0.2200 0.2966
vt 0.2159 0.2915
vt 0.2117 0.2863
vt 0.2167 0.2828
vt 0.2147 0.3001
vt 0.2108 0.2950
vt 0.2067 0.2897
vt 0.2025 0.2845
vt 0.2074 0.2810
vt 0.2056 0.2983
vt 0.2017 0.2931
vt 0.1976 0.2879
vt 0.1933 0.2826
vt 0.1982 0.2792
vt 0.1966 0.2964
vt 0.1926 0.2913
vt 0.1884 0.2861
vt 0.1841 0.2809
vt 0.1890 0.2774
vt 0.1877 0.2947
vt 0.1836 0.2896
vt 0.1793 0.2844
vt 0.1749 0.2793
vt 0.1798 0.2758
vt 0.1786 0.2930
vt 0.1744 0.2879
vt 0.1700 0.2828
vt 0.1657 0.2777
vt 0.1706 0.2742
vt 0.1694 0.2912
vt 0.1651 0.2862
vt 0.1607 0.2812
vt 0.1565 0.2762
vt 0.1614 0.2726
vt 0.1601 0.2896
vt 0.1557 0.2847
vt 0.1515 0.2797
vt 0.1473 0.2746
vt 0.1523 0.2711
vt 0.1507 0.2881
vt 0.1464 0.2832
vt 0.1422 0.2781
vt 0.1380 0.2729
vt 0.1431 0.2695
vt 0.1413 0.2867
vt 0.1370 0.2816
vt 0.1328 0.2765
vt 0.1287 0.2712
vt 0.1339 0.2677
vt 0.1319 0.2853
vt 0.1276 0.2801
vt 0.1234 0.2748
vt 0.1194 0.2693
vt 0.1247 0.2658
vt 0.1225 0.2839
vt 0.1182 0.2784
vt 0.1141 0.2727
vt 0.1102 0.2668
vt 0.1156 0.2636
vt 0.2607 0.1490
vt 0.2660 0.1540
vt 0.2617 0.1587
vt 0.2565 0.1537
vt 0.2511 0.1488
vt 0.2551 0.1441
vt 0.2455 0.1440
vt 0.2493 0.1394
vt 0.2525 0.1583
vt 0.2472 0.1534
vt 0.2417 0.1486
vt 0.2360 0.1440
vt 0.2397 0.1394
vt 0.2433 0.1580
vt 0.2379 0.1532
vt 0.2324 0.1485
vt 0.2267 0.1440
vt 0.2302 0.1395
vt 0.2342 0.1577
vt 0.2288 0.1530
vt 0.2233 0.1485
vt 0.2176 0.1441
vt 0.2209 0.1397
vt 0.2252 0.1575
vt 0.2198 0.1529
vt 0.2143 0.1484
vt 0.2086 0.1440
vt 0.2118 0.1397
vt 0.2163 0.1573
vt 0.2109 0.1528
vt 0.2054 0.1482
vt 0.1997 0.1438
vt 0.2028 0.1397
vt 0.2074 0.1570
vt 0.2021 0.1525
vt 0.1966 0.1480
vt 0.1910 0.1436
vt 0.1940 0.1395
vt 0.1985 0.1566
vt 0.1932 0.1521
vt 0.1878 0.1476
vt 0.1823 0.1430
vt 0.1853 0.1392
vt 0.1896 0.1560
vt 0.1843 0.1513
vt 0.1790 0.1467
vt 0.1735 0.1420
vt 0.1767 0.1385
vt 0.1807 0.1550
vt 0.1755 0.1502
vt 0.1701 0.1454
vt 0.1648 0.1406
vt 0.1680 0.1373
vt 0.1719 0.1537
vt 0.1667 0.1488
vt 0.1614 0.1439
vt 0.1562 0.1389
vt 0.1595 0.1357
vt 0.1632 0.1522
vt 0.1580 0.1472
vt 0.1529 0.1422
vt 0.1478 0.1371
vt 0.1510 0.1339
vt 0.1546 0.1506
vt 0.1496 0.1455
vt 0.1445 0.1404
vt 0.1394 0.1353
vt 0.1427 0.1320
vt 0.1462 0.1489
vt 0.1411 0.1438
vt 0.1360 0.1386
vt 0.1308 0.1335
vt 0.1342 0.1301
vt 0.1377 0.1472
vt 0.1326 0.1421
vt 0.1274 0.1370
vt 0.1220 0.1321
vt 0.1255 0.1285
vt 0.1292 0.1456
vt 0.1240 0.1406
vt 0.1185 0.1358
vt 0.1128 0.1313
vt 0.1164 0.1274
vt 0.1206 0.1442
vt 0.1152 0.1396
vt 0.1094 0.1351
vt 0.1033 0.1311
vt 0.1069 0.1270
vt 0.1119 0.1433
vt 0.1061 0.1391
vt 0.1000 0.1352
vt 0.0936 0.1317
vt 0.0971 0.1273
vt 0.1029 0.1430
vt 0.0968 0.1393
vt 0.0903 0.1360
vt 0.0836 0.1331
vt 0.0871 0.1284
vt 0.0937 0.1434
vt 0.0872 0.1404
vt 0.0804 0.1377
vt 0.0737 0.1354
vt 0.0771 0.1302
vt 0.0842 0.1446
vt 0.0776 0.1423
vt 0.0709 0.1404
vt 0.0645 0.1386
vt 0.0673 0.1333
vt 0.0753 0.1465
vt 0.0687 0.1448
vt 0.0623 0.1431
vt 0.0560 0.1411
vt 0.0583 0.1367
vt 0.0669 0.1486
vt 0.0603 0.1470
vt 0.0539 0.1450
vt 0.0478 0.1422
vt 0.0501 0.1387
vt 0.0585 0.1503
vt 0.0517 0.1482
vt 0.0454 0.1454
vt 0.0399 0.1422
vt 0.0423 0.1393
vt 0.0496 0.1512
vt 0.0430 0.1482
vt 0.0475 0.1542
vt 0.0406 0.1510
vt 0.0455 0.1573
vt 0.0380 0.1539
vt 0.0320 0.1497
vt 0.0283 0.1448
vt 0.1452 0.0159
vt 0.1510 0.0209
vt 0.1484 0.0241
vt 0.1432 0.0195
vt 0.1382 0.0161
vt 0.1395 0.0126
vt 0.1339 0.0135
vt 0.1349 0.0100
vt 0.1410 0.0230
vt 0.1364 0.0196
vt 0.1322 0.0168
vt 0.0180 0.1356
vt 0.0208 0.1331
vt 0.0245 0.1348
vt 0.0216 0.1381
vt 0.1343 0.0230
vt 0.1306 0.0205
vt 0.1274 0.0188
vt 0.1283 0.0151
vt 0.1252 0.0220
vt 0.0245 0.1348
vt 0.0267 0.1311
vt 0.0306 0.1319
vt 0.0284 0.1355
vt 0.0265 0.1395
vt 0.0346 0.1328
vt 0.0324 0.1361
vt 0.0304 0.1389
vt 0.0392 0.1341
vt 0.0370 0.1371
vt 0.0445 0.1361
vt 0.0423 0.1393
vt 0.0414 0.1304
vt 0.0465 0.1322
vt 0.0524 0.1345
vt 0.0501 0.1387
vt 0.0486 0.1279
vt 0.0545 0.1298
vt 0.0609 0.1316
vt 0.0583 0.1367
vt 0.0564 0.1248
vt 0.0633 0.1263
vt 0.0704 0.1278
vt 0.0673 0.1333
vt 0.0771 0.1302
vt 0.0581 0.1196
vt 0.0587 0.1144
vt 0.0506 0.1233
vt 0.0521 0.1185
vt 0.0529 0.1135
vt 0.0527 0.1082
vt 0.0580 0.1089
vt 0.0470 0.1171
vt 0.0477 0.1123
vt 0.0478 0.1073
vt 0.0471 0.1019
vt 0.0517 0.1026
vt 0.0429 0.1113
vt 0.0430 0.1063
vt 0.0426 0.1010
vt 0.0417 0.0954
vt 0.0459 0.0962
vt 0.0382 0.1054
vt 0.0380 0.1001
vt 0.0372 0.0945
vt 0.0363 0.0886
vt 0.0406 0.0895
vt 0.0331 0.0991
vt 0.0325 0.0934
vt 0.0315 0.0875
vt 0.0306 0.0814
vt 0.0351 0.0825
vt 0.0273 0.0925
vt 0.0263 0.0865
vt 0.0251 0.0804
vt 0.0240 0.0739
vt 0.0296 0.0751
vt 0.0202 0.0861
vt 0.0187 0.0798
vt 0.0174 0.0732
vt 0.0167 0.0663
vt 0.0231 0.0675
vt 0.0122 0.0802
vt 0.0108 0.0731
vt 0.0100 0.0655
vt 0.0871 0.0156
vt 0.0930 0.0176
vt 0.0925 0.0238
vt 0.0867 0.0216
vt 0.0803 0.0194
vt 0.0805 0.0141
vt 0.0866 0.0265
vt 0.0804 0.0239
vt 0.0738 0.0220
vt 0.0805 0.0279
vt 0.0742 0.0258
vt 0.0805 0.0313
vt 0.0746 0.0291
vt 0.0805 0.0345
vt 0.0749 0.0322
vt 0.0803 0.0377
vt 0.0749 0.0352
vt 0.0698 0.0332
vt 0.0746 0.0382
vt 0.0697 0.0361
vt 0.0797 0.0409
vt 0.0861 0.0375
vt 0.0855 0.0408
vt 0.0863 0.0342
vt 0.0865 0.0306
vt 0.0983 0.0199
vt 0.0975 0.0262
vt 0.0140 0.0868
vt 0.0231 0.0675
vt 0.0290 0.0689
vt 0.0333 0.0702
vt 0.0339 0.0763
vt 0.0370 0.0714
vt 0.0378 0.0774
vt 0.0391 0.0835
vt 0.0351 0.0825
vt 0.0414 0.0783
vt 0.0428 0.0843
vt 0.0444 0.0903
vt 0.0406 0.0895
vt 0.0462 0.0848
vt 0.0481 0.0908
vt 0.0500 0.0968
vt 0.0459 0.0962
vt 0.0517 0.0911
vt 0.0541 0.0970
vt 0.0563 0.1030
vt 0.0517 0.1026
vt 0.0583 0.0970
vt 0.0612 0.1029
vt 0.0644 0.1088
vt 0.0580 0.1089
vt 0.0628 0.0963
vt 0.0667 0.1018
vt 0.0676 0.0947
vt 0.0721 0.0997
vt 0.0726 0.0922
vt 0.0773 0.0968
vt 0.0826 0.1017
vt 0.0823 0.0934
vt 0.0874 0.0978
vt 0.0928 0.1023
vt 0.0881 0.1065
vt 0.0982 0.1065
vt 0.0935 0.1108
vt 0.1037 0.1105
vt 0.0991 0.1148
vt 0.0947 0.1192
vt 0.1049 0.1188
vt 0.1008 0.1230
vt 0.0971 0.1273
vt 0.0907 0.1237
vt 0.1107 0.1230
vt 0.1069 0.1270
vt 0.1091 0.1147
vt 0.1146 0.1191
vt 0.1201 0.1237
vt 0.1164 0.1274
vt 0.1184 0.1154
vt 0.1237 0.1201
vt 0.1290 0.1251
vt 0.1255 0.1285
vt 0.1271 0.1169
vt 0.1323 0.1218
vt 0.1375 0.1269
vt 0.1342 0.1301
vt 0.1353 0.1188
vt 0.1405 0.1238
vt 0.1458 0.1288
vt 0.1427 0.1320
vt 0.1434 0.1209
vt 0.1487 0.1258
vt 0.1541 0.1307
vt 0.1510 0.1339
vt 0.1514 0.1229
vt 0.1569 0.1277
vt 0.1625 0.1325
vt 0.1595 0.1357
vt 0.1597 0.1246
vt 0.1654 0.1293
vt 0.1710 0.1339
vt 0.1680 0.1373
vt 0.1682 0.1258
vt 0.1739 0.1303
vt 0.1796 0.1347
vt 0.1767 0.1385
vt 0.1768 0.1265
vt 0.1825 0.1308
vt 0.1883 0.1352
vt 0.1853 0.1392
vt 0.1854 0.1269
vt 0.1912 0.1311
vt 0.1970 0.1354
vt 0.1940 0.1395
vt 0.1941 0.1271
vt 0.2000 0.1312
vt 0.2059 0.1355
vt 0.2028 0.1397
vt 0.2030 0.1272
vt 0.2090 0.1312
vt 0.2150 0.1354
vt 0.2118 0.1397
vt 0.2121 0.1270
vt 0.2182 0.1310
vt 0.2242 0.1352
vt 0.2209 0.1397
vt 0.2214 0.1266
vt 0.2275 0.1307
vt 0.2337 0.1350
vt 0.2302 0.1395
vt 0.2309 0.1261
vt 0.2372 0.1304
vt 0.2434 0.1348
vt 0.2397 0.1394
vt 0.1032 0.2544
vt 0.1001 0.2481
vt 0.1054 0.2457
vt 0.1085 0.2518
vt 0.1119 0.2578
vt 0.1066 0.2606
vt 0.1138 0.2489
vt 0.1172 0.2547
vt 0.1208 0.2603
vt 0.1156 0.2636
vt 0.1224 0.2514
vt 0.1261 0.2570
vt 0.1299 0.2624
vt 0.1247 0.2658
vt 0.1311 0.2536
vt 0.1350 0.2590
vt 0.1390 0.2643
vt 0.1339 0.2677
vt 0.1400 0.2555
vt 0.1440 0.2607
vt 0.1481 0.2659
vt 0.1431 0.2695
vt 0.1490 0.2572
vt 0.1531 0.2624
vt 0.1572 0.2675
vt 0.1523 0.2711
vt 0.1581 0.2589
vt 0.1622 0.2640
vt 0.1664 0.2691
vt 0.1614 0.2726
vt 0.1672 0.2604
vt 0.1714 0.2655
vt 0.1756 0.2707
vt 0.1706 0.2742
vt 0.1763 0.2619
vt 0.1805 0.2670
vt 0.1847 0.2722
vt 0.1798 0.2758
vt 0.1854 0.2634
vt 0.1896 0.2687
vt 0.1939 0.2739
vt 0.1890 0.2774
vt 0.1946 0.2652
vt 0.1988 0.2705
vt 0.2032 0.2758
vt 0.1982 0.2792
vt 0.2038 0.2670
vt 0.2081 0.2723
vt 0.2124 0.2776
vt 0.2074 0.2810
vt 0.2130 0.2687
vt 0.2174 0.2740
vt 0.2218 0.2792
vt 0.2167 0.2828
vt 0.2224 0.2704
vt 0.2269 0.2756
vt 0.2313 0.2809
vt 0.2261 0.2844
vt 0.2319 0.2720
vt 0.2365 0.2773
vt 0.2409 0.2826
vt 0.2356 0.2861
vt 0.2415 0.2736
vt 0.2461 0.2788
vt 0.2505 0.2841
vt 0.2452 0.2879
vt 0.2512 0.2749
vt 0.2557 0.2801
vt 0.2601 0.2853
vt 0.2547 0.2894
vt 0.2608 0.2758
vt 0.2653 0.2811
vt 0.2696 0.2867
vt 0.2642 0.2907
vt 0.2705 0.2772
vt 0.2751 0.2831
vt 0.2794 0.2891
vt 0.2738 0.2925
vt 0.2803 0.2797
vt 0.2849 0.2859
vt 0.2893 0.2920
vt 0.2836 0.2952
vt 0.2901 0.2823
vt 0.2948 0.2883
vt 0.2992 0.2943
vt 0.2935 0.2980
vt 0.2999 0.2842
vt 0.3046 0.2901
vt 0.3090 0.2960
vt 0.3035 0.3003
vt 0.3096 0.2855
vt 0.3143 0.2914
vt 0.3189 0.2972
vt 0.3134 0.3019
vt 0.3193 0.2864
vt 0.3241 0.2923
vt 0.3287 0.2982
vt 0.3234 0.3032
vt 0.3292 0.2873
vt 0.3340 0.2932
vt 0.3387 0.2991
vt 0.3333 0.3042
vt 0.3391 0.2880
vt 0.3439 0.2938
vt 0.3487 0.2997
vt 0.3433 0.3051
vt 0.3492 0.2883
vt 0.3540 0.2941
vt 0.3587 0.2999
vt 0.3533 0.3057
vt 0.3594 0.2883
vt 0.3641 0.2939
vt 0.3688 0.2995
vt 0.3634 0.3058
vt 0.3696 0.2876
vt 0.3743 0.2930
vt 0.3789 0.2985
vt 0.3734 0.3052
vt 0.3799 0.2864
vt 0.3845 0.2915
vt 0.3890 0.2966
vt 0.3835 0.3038
vt 0.3903 0.2844
vt 0.3948 0.2892
vt 0.3992 0.2939
vt 0.3935 0.3016
vt 0.4010 0.2821
vt 0.4055 0.2866
vt 0.4097 0.2909
vt 0.4035 0.2985
vt 0.1811 0.4126
vt 0.1801 0.4079
vt 0.1895 0.4059
vt 0.1906 0.4107
vt 0.1918 0.4155
vt 0.1820 0.4173
vt 0.2000 0.4089
vt 0.2013 0.4139
vt 0.2025 0.4187
vt 0.1929 0.4203
vt 0.2105 0.4122
vt 0.2119 0.4172
vt 0.2132 0.4223
vt 0.2037 0.4236
vt 0.2210 0.4157
vt 0.2225 0.4208
vt 0.2238 0.4260
vt 0.2145 0.4273
vt 0.2314 0.4194
vt 0.2329 0.4246
vt 0.2342 0.4299
vt 0.2250 0.4311
vt 0.2417 0.4233
vt 0.2431 0.4287
vt 0.2443 0.4341
vt 0.2353 0.4352
vt 0.2518 0.4276
vt 0.2530 0.4331
vt 0.2541 0.4387
vt 0.2453 0.4396
vt 0.2617 0.4322
vt 0.2627 0.4379
vt 0.2635 0.4436
vt 0.2550 0.4444
vt 0.2713 0.4372
vt 0.2719 0.4431
vt 0.2723 0.4490
vt 0.2641 0.4496
vt 0.2804 0.4427
vt 0.2806 0.4486
vt 0.2806 0.4546
vt 0.2726 0.4551
vt 0.2807 0.4609
vt 0.2729 0.4614
vt 0.2810 0.4673
vt 0.2733 0.4679
vt 0.2819 0.4738
vt 0.2742 0.4745
vt 0.2833 0.4802
vt 0.2755 0.4809
vt 0.2851 0.4863
vt 0.2772 0.4872
vt 0.2873 0.4922
vt 0.2792 0.4933
vt 0.2932 0.4850
vt 0.2954 0.4908
vt 0.2978 0.4966
vt 0.2896 0.4980
vt 0.3037 0.4892
vt 0.3060 0.4950
vt 0.3085 0.5008
vt 0.3003 0.5023
vt 0.3142 0.4932
vt 0.3166 0.4991
vt 0.3189 0.5049
vt 0.3109 0.5066
vt 0.3246 0.4971
vt 0.3269 0.5030
vt 0.3291 0.5091
vt 0.3211 0.5109
vt 0.3348 0.5007
vt 0.3369 0.5069
vt 0.3389 0.5133
vt 0.3310 0.5153
vt 0.3446 0.5045
vt 0.3464 0.5110
vt 0.3480 0.5177
vt 0.3405 0.5198
vt 0.3540 0.5088
vt 0.3556 0.5155
vt 0.3570 0.5223
vt 0.3494 0.5244
vt 0.3633 0.5132
vt 0.3647 0.5200
vt 0.3661 0.5268
vt 0.3582 0.5291
vt 0.3726 0.5174
vt 0.3740 0.5242
vt 0.3750 0.5312
vt 0.3671 0.5337
vt 0.3819 0.5216
vt 0.3829 0.5287
vt 0.3837 0.5361
vt 0.3757 0.5384
vt 0.3908 0.5263
vt 0.3915 0.5338
vt 0.3920 0.5414
vt 0.3842 0.5434
vt 0.3992 0.5318
vt 0.3998 0.5395
vt 0.4002 0.5473
vt 0.3925 0.5489
vt 0.4073 0.5380
vt 0.4077 0.5460
vt 0.4080 0.5539
vt 0.4005 0.5550
vt 0.4150 0.5451
vt 0.4152 0.5532
vt 0.4155 0.5613
vt 0.4083 0.5618
vt 0.4223 0.5529
vt 0.4225 0.5611
vt 0.4227 0.5694
vt 0.4157 0.5694
vt 0.4293 0.5612
vt 0.4295 0.5695
vt 0.4296 0.5778
vt 0.4229 0.5776
vt 0.4297 0.5860
vt 0.4292 0.5528
vt 0.4290 0.5444
vt 0.4221 0.5446
vt 0.4218 0.5363
vt 0.4288 0.5360
vt 0.4146 0.5370
vt 0.4142 0.5289
vt 0.4215 0.5280
vt 0.4068 0.5302
vt 0.4062 0.5223
vt 0.4137 0.5209
vt 0.3986 0.5241
vt 0.3979 0.5165
vt 0.4056 0.5145
vt 0.3899 0.5190
vt 0.3888 0.5118
vt 0.3969 0.5091
vt 0.3807 0.5146
vt 0.3791 0.5079
vt 0.3874 0.5049
vt 0.3711 0.5107
vt 0.3694 0.5040
vt 0.3774 0.5013
vt 0.3617 0.5064
vt 0.3598 0.4997
vt 0.3675 0.4973
vt 0.3522 0.5021
vt 0.3502 0.4955
vt 0.3578 0.4931
vt 0.3426 0.4981
vt 0.3405 0.4918
vt 0.3481 0.4890
vt 0.3326 0.4947
vt 0.3302 0.4888
vt 0.3380 0.4857
vt 0.3222 0.4912
vt 0.3198 0.4854
vt 0.3275 0.4829
vt 0.3119 0.4874
vt 0.3096 0.4816
vt 0.3175 0.4794
vt 0.3014 0.4835
vt 0.2992 0.4778
vt 0.3076 0.4759
vt 0.2912 0.4791
vt 0.2895 0.4730
vt 0.2975 0.4720
vt 0.2975 0.4720
vt 0.2967 0.4661
vt 0.3050 0.4647
vt 0.3059 0.4704
vt 0.2887 0.4667
vt 0.2886 0.4603
vt 0.2967 0.4600
vt 0.2887 0.4542
vt 0.2890 0.4484
vt 0.2891 0.4427
vt 0.2887 0.4368
vt 0.2800 0.4368
vt 0.2790 0.4308
vt 0.2876 0.4303
vt 0.2703 0.4314
vt 0.2690 0.4255
vt 0.2776 0.4247
vt 0.2605 0.4265
vt 0.2590 0.4208
vt 0.2675 0.4196
vt 0.2504 0.4220
vt 0.2488 0.4165
vt 0.2573 0.4151
vt 0.2402 0.4180
vt 0.2385 0.4126
vt 0.2470 0.4110
vt 0.2299 0.4142
vt 0.2282 0.4089
vt 0.2368 0.4072
vt 0.2195 0.4106
vt 0.2179 0.4054
vt 0.2265 0.4037
vt 0.2091 0.4072
vt 0.2076 0.4022
vt 0.2163 0.4003
vt 0.1987 0.4040
vt 0.1973 0.3991
vt 0.2061 0.3971
vt 0.1884 0.4010
vt 0.1872 0.3962
vt 0.1960 0.3941
vt 0.1791 0.4031
vt 0.1782 0.3982
vt 0.1772 0.3934
vt 0.1860 0.3913
vt 0.3964 0.2774
vt 0.3856 0.2796
vt 0.3916 0.2727
vt 0.3809 0.2746
vt 0.3867 0.2680
vt 0.3752 0.2812
vt 0.3704 0.2761
vt 0.3760 0.2697
vt 0.3648 0.2822
vt 0.3600 0.2769
vt 0.3655 0.2709
vt 0.3546 0.2827
vt 0.3497 0.2772
vt 0.3550 0.2716
vt 0.3444 0.2827
vt 0.3395 0.2770
vt 0.3447 0.2717
vt 0.3343 0.2822
vt 0.3293 0.2765
vt 0.3344 0.2714
vt 0.3243 0.2815
vt 0.3193 0.2757
vt 0.3243 0.2708
vt 0.3144 0.2806
vt 0.3094 0.2749
vt 0.3142 0.2701
vt 0.3047 0.2797
vt 0.2996 0.2739
vt 0.3043 0.2692
vt 0.2950 0.2783
vt 0.2899 0.2723
vt 0.2945 0.2681
vt 0.2852 0.2761
vt 0.2801 0.2700
vt 0.2847 0.2662
vt 0.2754 0.2736
vt 0.2704 0.2677
vt 0.2749 0.2639
vt 0.2657 0.2716
vt 0.2607 0.2662
vt 0.2651 0.2620
vt 0.2561 0.2706
vt 0.2511 0.2655
vt 0.2556 0.2610
vt 0.2464 0.2696
vt 0.2416 0.2644
vt 0.2462 0.2603
vt 0.2368 0.2683
vt 0.2321 0.2630
vt 0.2368 0.2592
vt 0.2274 0.2668
vt 0.2228 0.2615
vt 0.2276 0.2578
vt 0.2180 0.2651
vt 0.2136 0.2599
vt 0.2184 0.2562
vt 0.2087 0.2635
vt 0.2044 0.2582
vt 0.2092 0.2546
vt 0.1995 0.2617
vt 0.1952 0.2564
vt 0.2001 0.2529
vt 0.1903 0.2599
vt 0.1861 0.2547
vt 0.1910 0.2512
vt 0.1812 0.2583
vt 0.1770 0.2531
vt 0.1819 0.2495
vt 0.1722 0.2568
vt 0.1680 0.2517
vt 0.1729 0.2480
vt 0.1631 0.2553
vt 0.1591 0.2502
vt 0.1640 0.2465
vt 0.1541 0.2537
vt 0.1501 0.2486
vt 0.1551 0.2451
vt 0.1451 0.2520
vt 0.1413 0.2468
vt 0.1463 0.2434
vt 0.1362 0.2502
vt 0.1325 0.2448
vt 0.1376 0.2415
vt 0.1275 0.2481
vt 0.1240 0.2426
vt 0.1291 0.2394
vt 0.1189 0.2458
vt 0.1157 0.2402
vt 0.1207 0.2371
vt 0.1106 0.2430
vt 0.1076 0.2371
vt 0.1127 0.2344
vt 0.1025 0.2396
vt 0.0999 0.2335
vt 0.1049 0.2312
vt 0.0973 0.2418
vt 0.0947 0.2355
vt 0.0924 0.2293
vt 0.0975 0.2274
vt 0.2246 0.1221
vt 0.2152 0.1227
vt 0.2183 0.1183
vt 0.2091 0.1188
vt 0.2121 0.1145
vt 0.2061 0.1230
vt 0.2000 0.1191
vt 0.2031 0.1151
vt 0.1970 0.1231
vt 0.1912 0.1191
vt 0.1941 0.1153
vt 0.1882 0.1230
vt 0.1824 0.1188
vt 0.1854 0.1150
vt 0.1796 0.1226
vt 0.1739 0.1183
vt 0.1768 0.1146
vt 0.1710 0.1221
vt 0.1653 0.1176
vt 0.1683 0.1139
vt 0.1625 0.1212
vt 0.1568 0.1166
vt 0.1598 0.1131
vt 0.1541 0.1199
vt 0.1486 0.1151
vt 0.1513 0.1120
vt 0.1459 0.1180
vt 0.1407 0.1132
vt 0.1433 0.1103
vt 0.1380 0.1160
vt 0.1329 0.1112
vt 0.1355 0.1085
vt 0.1301 0.1139
vt 0.1249 0.1091
vt 0.1277 0.1064
vt 0.1218 0.1121
vt 0.1167 0.1075
vt 0.1198 0.1045
vt 0.1131 0.1108
vt 0.1078 0.1066
vt 0.1115 0.1031
vt 0.1037 0.1105
vt 0.1115 0.1031
vt 0.1063 0.0989
vt 0.1098 0.0957
vt 0.1147 0.1001
vt 0.1025 0.1025
vt 0.0971 0.0983
vt 0.1012 0.0947
vt 0.1012 0.0947
vt 0.0919 0.0940
vt 0.1128 0.0927
vt 0.1178 0.0972
vt 0.1227 0.1017
vt 0.1207 0.0943
vt 0.1256 0.0989
vt 0.1305 0.1037
vt 0.1277 0.1064
vt 0.1285 0.0960
vt 0.1333 0.1008
vt 0.1382 0.1056
vt 0.1355 0.1085
vt 0.1363 0.0977
vt 0.1412 0.1024
vt 0.1461 0.1072
vt 0.1433 0.1103
vt 0.1443 0.0991
vt 0.1492 0.1038
vt 0.1543 0.1085
vt 0.1513 0.1120
vt 0.1526 0.1000
vt 0.1576 0.1048
vt 0.1627 0.1094
vt 0.1598 0.1131
vt 0.1610 0.1010
vt 0.1659 0.1057
vt 0.1712 0.1102
vt 0.1683 0.1139
vt 0.1692 0.1021
vt 0.1743 0.1066
vt 0.1797 0.1109
vt 0.1768 0.1146
vt 0.1775 0.1031
vt 0.1828 0.1073
vt 0.1884 0.1113
vt 0.1854 0.1150
vt 0.1859 0.1038
vt 0.1915 0.1076
vt 0.1972 0.1114
vt 0.1941 0.1153
vt 0.1944 0.1038
vt 0.2001 0.1074
vt 0.2060 0.1109
vt 0.2031 0.1151
vt 0.0883 0.2174
vt 0.0863 0.2116
vt 0.0909 0.2098
vt 0.0930 0.2156
vt 0.0952 0.2214
vt 0.0903 0.2233
vt 0.0976 0.2136
vt 0.0999 0.2194
vt 0.1023 0.2253
vt 0.0975 0.2274
vt 0.1045 0.2172
vt 0.1071 0.2229
vt 0.1098 0.2287
vt 0.1049 0.2312
vt 0.1117 0.2203
vt 0.1146 0.2259
vt 0.1176 0.2315
vt 0.1127 0.2344
vt 0.1194 0.2230
vt 0.1225 0.2285
vt 0.1257 0.2340
vt 0.1207 0.2371
vt 0.1273 0.2253
vt 0.1306 0.2308
vt 0.1341 0.2361
vt 0.1291 0.2394
vt 0.1354 0.2275
vt 0.1390 0.2328
vt 0.1426 0.2381
vt 0.1376 0.2415
vt 0.1437 0.2294
vt 0.1474 0.2347
vt 0.1512 0.2399
vt 0.1463 0.2434
vt 0.1521 0.2311
vt 0.1560 0.2363
vt 0.1599 0.2414
vt 0.1551 0.2451
vt 0.1607 0.2326
vt 0.1647 0.2377
vt 0.1688 0.2428
vt 0.1640 0.2465
vt 0.1695 0.2341
vt 0.1735 0.2392
vt 0.1777 0.2443
vt 0.1729 0.2480
vt 0.1783 0.2356
vt 0.1825 0.2408
vt 0.1868 0.2459
vt 0.1819 0.2495
vt 0.1873 0.2372
vt 0.1916 0.2424
vt 0.1958 0.2476
vt 0.1910 0.2512
vt 0.1963 0.2389
vt 0.2006 0.2441
vt 0.2049 0.2493
vt 0.2001 0.2529
vt 0.2053 0.2404
vt 0.2097 0.2457
vt 0.2140 0.2509
vt 0.2092 0.2546
vt 0.2144 0.2419
vt 0.2187 0.2472
vt 0.2231 0.2525
vt 0.2184 0.2562
vt 0.2234 0.2434
vt 0.2277 0.2487
vt 0.2322 0.2539
vt 0.2276 0.2578
vt 0.2323 0.2447
vt 0.2368 0.2500
vt 0.2414 0.2552
vt 0.2368 0.2592
vt 0.2412 0.2457
vt 0.2458 0.2507
vt 0.2506 0.2558
vt 0.2462 0.2603
vt 0.2503 0.2463
vt 0.2550 0.2514
vt 0.2600 0.2566
vt 0.2556 0.2610
vt 0.2596 0.2472
vt 0.2645 0.2525
vt 0.2696 0.2581
vt 0.2651 0.2620
vt 0.2691 0.2487
vt 0.2742 0.2543
vt 0.2794 0.2602
vt 0.2749 0.2639
vt 0.2790 0.2506
vt 0.2841 0.2563
vt 0.2893 0.2622
vt 0.2847 0.2662
vt 0.2889 0.2524
vt 0.2940 0.2580
vt 0.2992 0.2636
vt 0.2945 0.2681
vt 0.2988 0.2535
vt 0.3040 0.2590
vt 0.3091 0.2645
vt 0.3043 0.2692
vt 0.3089 0.2543
vt 0.3140 0.2597
vt 0.3192 0.2652
vt 0.3142 0.2701
vt 0.3190 0.2549
vt 0.3242 0.2603
vt 0.3294 0.2658
vt 0.3243 0.2708
vt 0.3292 0.2554
vt 0.3344 0.2608
vt 0.3396 0.2663
vt 0.3344 0.2714
vt 0.3395 0.2557
vt 0.3448 0.2610
vt 0.3500 0.2663
vt 0.3447 0.2717
vt 0.3499 0.2555
vt 0.3552 0.2607
vt 0.3604 0.2658
vt 0.3550 0.2716
vt 0.3604 0.2549
vt 0.3658 0.2598
vt 0.3709 0.2647
vt 0.3655 0.2709
vt 0.3710 0.2536
vt 0.3764 0.2584
vt 0.3816 0.2631
vt 0.3760 0.2697
vt 0.1754 0.3836
vt 0.1744 0.3786
vt 0.1825 0.3765
vt 0.1837 0.3814
vt 0.1849 0.3864
vt 0.1763 0.3885
vt 0.1918 0.3792
vt 0.1932 0.3842
vt 0.1947 0.3891
vt 0.1860 0.3913
vt 0.2014 0.3819
vt 0.2030 0.3870
vt 0.2046 0.3920
vt 0.1960 0.3941
vt 0.2111 0.3848
vt 0.2129 0.3900
vt 0.2146 0.3951
vt 0.2061 0.3971
vt 0.2210 0.3879
vt 0.2229 0.3931
vt 0.2248 0.3984
vt 0.2163 0.4003
vt 0.2310 0.3911
vt 0.2330 0.3965
vt 0.2349 0.4018
vt 0.2265 0.4037
vt 0.2411 0.3945
vt 0.2432 0.4000
vt 0.2452 0.4055
vt 0.2368 0.4072
vt 0.2513 0.3982
vt 0.2535 0.4038
vt 0.2554 0.4094
vt 0.2470 0.4110
vt 0.2616 0.4021
vt 0.2637 0.4079
vt 0.2657 0.4138
vt 0.2573 0.4151
vt 0.2718 0.4063
vt 0.2739 0.4124
vt 0.2759 0.4185
vt 0.2675 0.4196
vt 0.2819 0.4108
vt 0.2840 0.4172
vt 0.2859 0.4238
vt 0.2776 0.4247
vt 0.2919 0.4158
vt 0.2939 0.4227
vt 0.2958 0.4297
vt 0.2876 0.4303
vt 0.3017 0.4212
vt 0.3037 0.4286
vt 0.3095 0.4192
vt 0.3117 0.4266
vt 0.3173 0.4168
vt 0.3197 0.4240
vt 0.3223 0.4311
vt 0.3277 0.4211
vt 0.3304 0.4281
vt 0.3330 0.4349
vt 0.3251 0.4381
vt 0.3359 0.4416
vt 0.3282 0.4449
vt 0.3388 0.4483
vt 0.3314 0.4516
vt 0.3248 0.4550
vt 0.3342 0.4582
vt 0.3273 0.4615
vt 0.3209 0.4646
vt 0.3188 0.4583
vt 0.3139 0.4677
vt 0.3126 0.4617
vt 0.3228 0.4708
vt 0.3156 0.4735
vt 0.3250 0.4770
vt 0.3175 0.4794
vt 0.3297 0.4679
vt 0.3322 0.4739
vt 0.3351 0.4798
vt 0.3275 0.4829
vt 0.3395 0.4704
vt 0.3427 0.4764
vt 0.3456 0.4826
vt 0.3380 0.4857
vt 0.3502 0.4733
vt 0.3530 0.4798
vt 0.3556 0.4864
vt 0.3481 0.4890
vt 0.3607 0.4772
vt 0.3632 0.4839
vt 0.3655 0.4906
vt 0.3578 0.4931
vt 0.3711 0.4814
vt 0.3734 0.4880
vt 0.3755 0.4947
vt 0.3675 0.4973
vt 0.3817 0.4854
vt 0.3838 0.4918
vt 0.3857 0.4983
vt 0.3774 0.5013
vt 0.3925 0.4886
vt 0.3943 0.4951
vt 0.3958 0.5019
vt 0.3874 0.5049
vt 0.4029 0.4918
vt 0.4039 0.4992
vt 0.4048 0.5068
vt 0.3969 0.5091
vt 0.4117 0.4970
vt 0.4125 0.5049
vt 0.4131 0.5129
vt 0.4056 0.5145
vt 0.4200 0.5036
vt 0.4206 0.5117
vt 0.4211 0.5199
vt 0.4137 0.5209
vt 0.4279 0.5111
vt 0.4283 0.5193
vt 0.4286 0.5276
vt 0.4215 0.5280
vt 0.4288 0.5360
vt 0.4275 0.5029
vt 0.4270 0.4948
vt 0.4194 0.4956
vt 0.4187 0.4876
vt 0.4266 0.4867
vt 0.4109 0.4893
vt 0.4100 0.4816
vt 0.4179 0.4798
vt 0.4015 0.4848
vt 0.3996 0.4784
vt 0.4088 0.4743
vt 0.3904 0.4822
vt 0.3880 0.4759
vt 0.3971 0.4723
vt 0.3794 0.4788
vt 0.3769 0.4721
vt 0.3854 0.4693
vt 0.3686 0.4747
vt 0.3659 0.4680
vt 0.3742 0.4654
vt 0.3579 0.4706
vt 0.3550 0.4642
vt 0.3631 0.4615
vt 0.3471 0.4671
vt 0.3443 0.4610
vt 0.3522 0.4579
vt 0.3368 0.4644
vt 0.3342 0.4582
vt 0.3416 0.4548
vt 0.3416 0.4548
vt 0.3388 0.4483
vt 0.3466 0.4451
vt 0.3494 0.4516
vt 0.3547 0.4420
vt 0.3575 0.4485
vt 0.3603 0.4550
vt 0.3657 0.4454
vt 0.3686 0.4521
vt 0.3714 0.4587
vt 0.3631 0.4615
vt 0.3769 0.4490
vt 0.3798 0.4558
vt 0.3827 0.4626
vt 0.3742 0.4654
vt 0.3884 0.4526
vt 0.3914 0.4594
vt 0.3944 0.4660
vt 0.3854 0.4693
vt 0.4007 0.4556
vt 0.4040 0.4620
vt 0.4069 0.4678
vt 0.3971 0.4723
vt 0.4141 0.4576
vt 0.4158 0.4644
vt 0.4170 0.4720
vt 0.4088 0.4743
vt 0.4239 0.4632
vt 0.4251 0.4709
vt 0.4259 0.4788
vt 0.4179 0.4798
vt 0.4266 0.4867
vt 0.4224 0.4558
vt 0.3972 0.4488
vt 0.3938 0.4416
vt 0.3853 0.4455
vt 0.3822 0.4386
vt 0.3905 0.4344
vt 0.3740 0.4422
vt 0.3710 0.4354
vt 0.3792 0.4317
vt 0.3629 0.4388
vt 0.3600 0.4321
vt 0.3681 0.4286
vt 0.3519 0.4354
vt 0.3491 0.4287
vt 0.3572 0.4254
vt 0.3438 0.4385
vt 0.3411 0.4318
vt 0.3384 0.4250
vt 0.3464 0.4219
vt 0.3464 0.4219
vt 0.3357 0.4181
vt 0.3251 0.4141
vt 0.3149 0.4097
vt 0.3072 0.4121
vt 0.3047 0.4051
vt 0.2996 0.4141
vt 0.2972 0.4072
vt 0.2947 0.4005
vt 0.2896 0.4091
vt 0.2872 0.4026
vt 0.2846 0.3962
vt 0.2796 0.4045
vt 0.2771 0.3983
vt 0.2745 0.3921
vt 0.2694 0.4002
vt 0.2670 0.3943
vt 0.2644 0.3883
vt 0.2593 0.3963
vt 0.2568 0.3905
vt 0.2543 0.3847
vt 0.2491 0.3925
vt 0.2467 0.3869
vt 0.2443 0.3813
vt 0.2390 0.3890
vt 0.2367 0.3835
vt 0.2344 0.3780
vt 0.2290 0.3857
vt 0.2268 0.3803
vt 0.2246 0.3749
vt 0.2191 0.3826
vt 0.2170 0.3773
vt 0.2149 0.3720
vt 0.2093 0.3796
vt 0.2073 0.3744
vt 0.2054 0.3692
vt 0.1997 0.3768
vt 0.1979 0.3717
vt 0.1960 0.3666
vt 0.1903 0.3741
vt 0.1887 0.3691
vt 0.1870 0.3641
vt 0.1812 0.3715
vt 0.1797 0.3665
vt 0.1782 0.3616
vt 0.1723 0.3689
vt 0.1710 0.3640
vt 0.1698 0.3592
vt 0.3542 0.2393
vt 0.3599 0.2441
vt 0.3550 0.2499
vt 0.3495 0.2449
vt 0.3439 0.2400
vt 0.3484 0.2345
vt 0.3445 0.2504
vt 0.3390 0.2453
vt 0.3335 0.2401
vt 0.3341 0.2504
vt 0.3287 0.2451
vt 0.3232 0.2398
vt 0.3239 0.2500
vt 0.3185 0.2447
vt 0.3131 0.2394
vt 0.3137 0.2495
vt 0.3084 0.2442
vt 0.3031 0.2389
vt 0.3037 0.2489
vt 0.2985 0.2435
vt 0.2933 0.2381
vt 0.2937 0.2481
vt 0.2886 0.2426
vt 0.2835 0.2370
vt 0.2839 0.2467
vt 0.2789 0.2411
vt 0.2739 0.2356
vt 0.2740 0.2449
vt 0.2691 0.2394
vt 0.2644 0.2340
vt 0.2642 0.2432
vt 0.2596 0.2379
vt 0.2550 0.2328
vt 0.2548 0.2420
vt 0.2503 0.2369
vt 0.2459 0.2318
vt 0.2457 0.2412
vt 0.2413 0.2362
vt 0.2370 0.2311
vt 0.2369 0.2406
vt 0.2325 0.2354
vt 0.2282 0.2303
vt 0.2280 0.2395
vt 0.2236 0.2344
vt 0.2193 0.2292
vt 0.2190 0.2382
vt 0.2147 0.2330
vt 0.2104 0.2278
vt 0.2100 0.2367
vt 0.2057 0.2315
vt 0.2014 0.2264
vt 0.2011 0.2352
vt 0.1968 0.2300
vt 0.1925 0.2249
vt 0.1921 0.2337
vt 0.1878 0.2285
vt 0.1837 0.2234
vt 0.1831 0.2321
vt 0.1790 0.2270
vt 0.1748 0.2219
vt 0.1742 0.2305
vt 0.1701 0.2254
vt 0.1661 0.2203
vt 0.1654 0.2290
vt 0.1615 0.2239
vt 0.1575 0.2187
vt 0.1568 0.2275
vt 0.1529 0.2223
vt 0.1491 0.2171
vt 0.1483 0.2259
vt 0.1446 0.2207
vt 0.1408 0.2154
vt 0.1400 0.2241
vt 0.1364 0.2188
vt 0.1328 0.2134
vt 0.1319 0.2221
vt 0.1284 0.2167
vt 0.1250 0.2113
vt 0.1240 0.2199
vt 0.1207 0.2145
vt 0.1174 0.2090
vt 0.1163 0.2175
vt 0.1132 0.2120
vt 0.1101 0.2065
vt 0.1089 0.2147
vt 0.1061 0.2091
vt 0.1032 0.2035
vt 0.1019 0.2115
vt 0.0994 0.2058
vt 0.0967 0.2002
vt 0.0953 0.2079
vt 0.0929 0.2023
vt 0.0903 0.1967
vt 0.0887 0.2042
vt 0.0864 0.1987
vt 0.0840 0.1933
vt 0.0822 0.2005
vt 0.0800 0.1952
vt 0.0777 0.1899
vt 0.1788 0.0925
vt 0.1837 0.0965
vt 0.1807 0.0998
vt 0.1758 0.0955
vt 0.1712 0.0908
vt 0.1745 0.0881
vt 0.1725 0.0987
vt 0.1679 0.0940
vt 0.1636 0.0887
vt 0.1644 0.0974
vt 0.1600 0.0924
vt 0.1557 0.0872
vt 0.1562 0.0962
vt 0.1517 0.0912
vt 0.1526 0.1000
vt 0.1479 0.0952
vt 0.1610 0.1010
vt 0.1692 0.1021
vt 0.1775 0.1031
vt 0.1889 0.1002
vt 0.1859 0.1038
vt 0.0843 0.2060
vt 0.0909 0.2098
vt 0.0976 0.2136
vt 0.1045 0.2172
vt 0.1117 0.2203
vt 0.1194 0.2230
vt 0.1273 0.2253
vt 0.1354 0.2275
vt 0.1437 0.2294
vt 0.1521 0.2311
vt 0.1607 0.2326
vt 0.1695 0.2341
vt 0.1783 0.2356
vt 0.1873 0.2372
vt 0.1963 0.2389
vt 0.2053 0.2404
vt 0.2144 0.2419
vt 0.2234 0.2434
vt 0.2323 0.2447
vt 0.2412 0.2457
vt 0.2503 0.2463
vt 0.2596 0.2472
vt 0.2691 0.2487
vt 0.2790 0.2506
vt 0.2889 0.2524
vt 0.2988 0.2535
vt 0.3089 0.2543
vt 0.3190 0.2549
vt 0.3292 0.2554
vt 0.3395 0.2557
vt 0.3499 0.2555
vt 0.3655 0.2489
vt 0.3604 0.2549
vt 0.1734 0.3737
vt 0.1825 0.3765
vt 0.1918 0.3792
vt 0.2014 0.3819
vt 0.2111 0.3848
vt 0.2210 0.3879
vt 0.2310 0.3911
vt 0.2411 0.3945
vt 0.2513 0.3982
vt 0.2616 0.4021
vt 0.2718 0.4063
vt 0.2819 0.4108
vt 0.2919 0.4158
vt 0.0636 0.0898
vt 0.0594 0.0908
vt 0.0564 0.0853
vt 0.0554 0.0912
vt 0.0528 0.0854
vt 0.0506 0.0797
vt 0.0495 0.0852
vt 0.0476 0.0794
vt 0.0460 0.0737
vt 0.0445 0.0790
vt 0.0433 0.0731
vt 0.0422 0.0672
vt 0.0403 0.0724
vt 0.0395 0.0664
vt 0.0385 0.0601
vt 0.0363 0.0654
vt 0.0359 0.0591
vt 0.0370 0.0714
vt 0.0414 0.0783
vt 0.0462 0.0848
vt 0.0517 0.0911
vt 0.0215 0.0921
vt 0.0156 0.0927
vt 0.0280 0.0981
vt 0.0225 0.0977
vt 0.0168 0.0981
vt 0.0281 0.1035
vt 0.0228 0.1029
vt 0.0174 0.1029
vt 0.0278 0.1085
vt 0.0226 0.1078
vt 0.0174 0.1074
vt 0.0270 0.1132
vt 0.0218 0.1125
vt 0.0168 0.1117
vt 0.0260 0.1177
vt 0.0208 0.1170
vt 0.0160 0.1163
vt 0.0251 0.1220
vt 0.0200 0.1214
vt 0.0155 0.1211
vt 0.1227 0.0247
vt 0.0313 0.1186
vt 0.0301 0.1229
vt 0.0285 0.1271
vt 0.0347 0.1239
vt 0.0327 0.1281
vt 0.0391 0.1250
vt 0.0369 0.1291
vt 0.0436 0.1262
vt 0.0414 0.1304
vt 0.0436 0.1262
vt 0.0456 0.1218
vt 0.0506 0.1233
vt 0.0486 0.1279
vt 0.0409 0.1205
vt 0.0422 0.1160
vt 0.0470 0.1171
vt 0.0362 0.1196
vt 0.0373 0.1150
vt 0.0380 0.1103
vt 0.0429 0.1113
vt 0.0313 0.1186
vt 0.0323 0.1141
vt 0.0330 0.1094
vt 0.0333 0.1044
vt 0.0382 0.1054
vt 0.0567 0.1535
vt 0.0549 0.1565
vt 0.0652 0.1520
vt 0.0635 0.1551
vt 0.0733 0.1502
vt 0.0716 0.1534
vt 0.0817 0.1485
vt 0.0796 0.1519
vt 0.0906 0.1473
vt 0.0879 0.1510
vt 0.0997 0.1468
vt 0.0966 0.1506
vt 0.1086 0.1470
vt 0.1053 0.1508
vt 0.1173 0.1478
vt 0.1139 0.1515
vt 0.1258 0.1490
vt 0.1224 0.1526
vt 0.1343 0.1506
vt 0.1308 0.1540
vt 0.1427 0.1523
vt 0.1392 0.1557
vt 0.1512 0.1540
vt 0.1476 0.1574
vt 0.1597 0.1556
vt 0.1561 0.1591
vt 0.1682 0.1571
vt 0.1646 0.1606
vt 0.1770 0.1585
vt 0.1732 0.1620
vt 0.1858 0.1597
vt 0.1820 0.1633
vt 0.1947 0.1606
vt 0.1909 0.1644
vt 0.2037 0.1612
vt 0.1998 0.1652
vt 0.2126 0.1616
vt 0.2087 0.1658
vt 0.2215 0.1619
vt 0.2176 0.1662
vt 0.2305 0.1622
vt 0.2266 0.1665
vt 0.2395 0.1625
vt 0.2355 0.1669
vt 0.2485 0.1629
vt 0.2445 0.1673
vt 0.2576 0.1633
vt 0.2535 0.1678
vt 0.2667 0.1637
vt 0.2625 0.1683
vt 0.2710 0.1590
vt 0.2759 0.1640
vt 0.2715 0.1687
vt 0.1268 0.2891
vt 0.1362 0.2903
vt 0.1313 0.2942
vt 0.1456 0.2916
vt 0.1406 0.2952
vt 0.1550 0.2930
vt 0.1499 0.2964
vt 0.1643 0.2945
vt 0.1591 0.2978
vt 0.1735 0.2962
vt 0.1682 0.2994
vt 0.1825 0.2981
vt 0.1772 0.3012
vt 0.1915 0.2998
vt 0.1861 0.3031
vt 0.2004 0.3015
vt 0.1950 0.3048
vt 0.2093 0.3034
vt 0.2038 0.3066
vt 0.2184 0.3052
vt 0.2128 0.3085
vt 0.2275 0.3069
vt 0.2219 0.3103
vt 0.2367 0.3089
vt 0.2310 0.3122
vt 0.2459 0.3111
vt 0.2402 0.3144
vt 0.2552 0.3132
vt 0.2495 0.3167
vt 0.2647 0.3152
vt 0.2589 0.3188
vt 0.2743 0.3175
vt 0.2685 0.3210
vt 0.2840 0.3201
vt 0.2782 0.3234
vt 0.2939 0.3229
vt 0.2880 0.3262
vt 0.3040 0.3257
vt 0.2980 0.3291
vt 0.3143 0.3282
vt 0.3081 0.3318
vt 0.3246 0.3303
vt 0.3184 0.3343
vt 0.3349 0.3323
vt 0.3288 0.3366
vt 0.3452 0.3340
vt 0.3391 0.3387
vt 0.3555 0.3355
vt 0.3494 0.3406
vt 0.3658 0.3364
vt 0.3598 0.3420
vt 0.3762 0.3364
vt 0.3702 0.3428
vt 0.3866 0.3354
vt 0.3808 0.3426
vt 0.3969 0.3333
vt 0.3914 0.3414
vt 0.4067 0.3295
vt 0.4019 0.3386
vt 0.4156 0.3243
vt 0.4118 0.3340
vt 0.4233 0.3178
vt 0.4203 0.3277
vt 0.4276 0.3081
vt 0.4300 0.3102
vt 0.4270 0.3201
vt 0.1861 0.4398
vt 0.1973 0.4437
vt 0.1864 0.4440
vt 0.2599 0.5079
vt 0.2705 0.5131
vt 0.2626 0.5139
vt 0.2732 0.5188
vt 0.2654 0.5198
vt 0.2785 0.5121
vt 0.2811 0.5178
vt 0.2837 0.5234
vt 0.2758 0.5245
vt 0.2891 0.5166
vt 0.2916 0.5223
vt 0.2939 0.5280
vt 0.2861 0.5290
vt 0.2995 0.5211
vt 0.3017 0.5269
vt 0.3036 0.5328
vt 0.2959 0.5337
vt 0.3095 0.5258
vt 0.3113 0.5318
vt 0.3128 0.5380
vt 0.3052 0.5388
vt 0.3189 0.5308
vt 0.3204 0.5371
vt 0.3215 0.5435
vt 0.3140 0.5442
vt 0.3279 0.5360
vt 0.3290 0.5425
vt 0.3299 0.5492
vt 0.3224 0.5500
vt 0.3364 0.5413
vt 0.3373 0.5480
vt 0.3379 0.5549
vt 0.3305 0.5559
vt 0.3447 0.5466
vt 0.3453 0.5535
vt 0.3457 0.5607
vt 0.3384 0.5619
vt 0.3528 0.5519
vt 0.3531 0.5591
vt 0.3533 0.5664
vt 0.3459 0.5680
vt 0.3608 0.5572
vt 0.3609 0.5646
vt 0.3609 0.5721
vt 0.3533 0.5740
vt 0.3688 0.5625
vt 0.3689 0.5699
vt 0.0270 0.0334
vt 0.5145 0.7508
vt 0.5033 0.7543
vt 0.5034 0.7472
vt 0.5116 0.7416
vt 0.5145 0.7508
vt 0.5188 0.7558
vt 0.5153 0.7651
vt 0.5088 0.7634
vt 0.5029 0.7633
vt 0.5760 0.4437
vt 0.5877 0.4436
vt 0.5880 0.4485
vt 0.5803 0.4504
vt 0.5745 0.4552
vt 0.5701 0.4519
vt 0.5641 0.4483
vt 0.5685 0.4416
vt 0.5713 0.4341
vt 0.5800 0.4366
vt 0.5881 0.4370
vt 0.7219 0.6805
vt 0.7112 0.6835
vt 0.7089 0.6759
vt 0.7170 0.6720
vt 0.7214 0.6910
vt 0.7124 0.6915
vt 0.7219 0.6805
vt 0.7290 0.6714
vt 0.7353 0.6762
vt 0.7311 0.6838
vt 0.7235 0.6659
vt 0.7295 0.6925
vt 0.6574 0.7041
vt 0.6458 0.7024
vt 0.6448 0.6957
vt 0.6557 0.6938
vt 0.6574 0.7041
vt 0.6669 0.6971
vt 0.6723 0.7036
vt 0.6678 0.7088
vt 0.6636 0.6916
vt 0.8374 0.0278
vt 0.8356 0.0290
vt 0.8326 0.0274
vt 0.8349 0.0261
vt 0.8397 0.0260
vt 0.8399 0.0286
vt 0.8391 0.0307
vt 0.8506 0.1427
vt 0.8478 0.1447
vt 0.8455 0.1422
vt 0.8505 0.1395
vt 0.8549 0.1389
vt 0.8542 0.1428
vt 0.8504 0.1472
vt 0.8100 0.1147
vt 0.8025 0.1110
vt 0.8083 0.1052
vt 0.8142 0.1078
vt 0.8210 0.1088
vt 0.8190 0.1150
vt 0.8200 0.1207
vt 0.8119 0.1224
vt 0.8048 0.1251
vt 0.8012 0.1201
vt 0.7968 0.1154
vt 0.7639 0.0581
vt 0.7649 0.0501
vt 0.7716 0.0497
vt 0.7711 0.0553
vt 0.7639 0.0581
vt 0.7572 0.0643
vt 0.7534 0.0600
vt 0.7564 0.0542
vt 0.7596 0.0481
vt 0.7663 0.0648
vt 0.7611 0.0695
vt 0.7728 0.0606
vt 0.8295 0.0338
vt 0.8308 0.0324
vt 0.8331 0.0336
vt 0.8311 0.0353
vt 0.8279 0.0362
vt 0.8275 0.0338
vt 0.8278 0.0316
vt 0.8591 0.0446
vt 0.8612 0.0409
vt 0.8654 0.0464
vt 0.8606 0.0489
vt 0.8554 0.0441
vt 0.8560 0.0380
vt 0.8559 0.0504
vt 0.8256 0.0570
vt 0.8246 0.0537
vt 0.8291 0.0522
vt 0.8289 0.0576
vt 0.8231 0.0602
vt 0.8205 0.0556
vt 0.8271 0.0624
vt 0.8654 0.1286
vt 0.8682 0.1303
vt 0.8646 0.1331
vt 0.8624 0.1301
vt 0.8611 0.1262
vt 0.8655 0.1258
vt 0.8697 0.1258
vt 0.5166 0.6196
vt 0.5059 0.6135
vt 0.5066 0.6057
vt 0.5160 0.6091
vt 0.5124 0.6256
vt 0.5041 0.6203
vt 0.5166 0.6196
vt 0.5269 0.6203
vt 0.5307 0.6281
vt 0.5232 0.6300
vt 0.5245 0.6124
vt 0.5171 0.6335
vt 0.4968 0.6371
vt 0.4926 0.6372
vt 0.4931 0.6308
vt 0.4996 0.6325
vt 0.4992 0.6412
vt 0.4930 0.6435
vt 0.5037 0.6371
vt 0.4658 0.4343
vt 0.4785 0.4447
vt 0.4743 0.4517
vt 0.4649 0.4496
vt 0.4535 0.4474
vt 0.4536 0.4384
vt 0.4518 0.4246
vt 0.4598 0.4228
vt 0.4654 0.4180
vt 0.4736 0.4300
vt 0.4829 0.4366
vt 0.5839 0.4544
vt 0.5884 0.4538
vt 0.5887 0.4600
vt 0.5806 0.4583
vt 0.6872 0.4717
vt 0.7013 0.4629
vt 0.7022 0.4649
vt 0.6956 0.4722
vt 0.6882 0.4818
vt 0.6811 0.4806
vt 0.6896 0.4652
vt 0.7004 0.4606
vt 0.4617 0.7527
vt 0.4593 0.7435
vt 0.4677 0.7425
vt 0.4701 0.7495
vt 0.4511 0.7508
vt 0.4511 0.7431
vt 0.4581 0.7598
vt 0.4507 0.7571
vt 0.4683 0.7603
vt 0.4645 0.7653
vt 0.4740 0.7560
vt 0.4782 0.7625
vt 0.4735 0.7665
vt 0.4811 0.7527
vt 0.4839 0.7596
vt 0.4786 0.7464
vt 0.4766 0.7403
vt 0.4874 0.7444
vt 0.4887 0.7506
vt 0.4858 0.7382
vt 0.4756 0.7337
vt 0.4843 0.7320
vt 0.4937 0.7358
vt 0.4954 0.7427
vt 0.4925 0.7291
vt 0.4836 0.7252
vt 0.4916 0.7220
vt 0.5007 0.7244
vt 0.5014 0.7318
vt 0.4996 0.7169
vt 0.4902 0.7145
vt 0.4982 0.7096
vt 0.5080 0.7118
vt 0.5094 0.7189
vt 0.5065 0.7048
vt 0.4967 0.7024
vt 0.5048 0.6979
vt 0.5146 0.7003
vt 0.5165 0.7072
vt 0.5128 0.6934
vt 0.5030 0.6910
vt 0.5110 0.6866
vt 0.5204 0.6892
vt 0.5224 0.6961
vt 0.5187 0.6824
vt 0.5094 0.6799
vt 0.5170 0.6755
vt 0.5262 0.6781
vt 0.5281 0.6848
vt 0.5244 0.6714
vt 0.5149 0.6689
vt 0.5222 0.6648
vt 0.5317 0.6677
vt 0.5338 0.6742
vt 0.5295 0.6611
vt 0.5201 0.6584
vt 0.5269 0.6546
vt 0.5365 0.6578
vt 0.5390 0.6643
vt 0.5335 0.6512
vt 0.5239 0.6478
vt 0.5303 0.6446
vt 0.5407 0.6485
vt 0.5437 0.6550
vt 0.5375 0.6419
vt 0.5269 0.6377
vt 0.5342 0.6352
vt 0.5454 0.6396
vt 0.5485 0.6461
vt 0.5423 0.6331
vt 0.5307 0.6281
vt 0.5393 0.6264
vt 0.5509 0.6312
vt 0.5538 0.6376
vt 0.5481 0.6247
vt 0.5362 0.6195
vt 0.5454 0.6181
vt 0.5567 0.6231
vt 0.5594 0.6295
vt 0.5542 0.6167
vt 0.5432 0.6117
vt 0.5521 0.6103
vt 0.5626 0.6154
vt 0.5650 0.6217
vt 0.5604 0.6091
vt 0.5504 0.6039
vt 0.5586 0.6027
vt 0.5685 0.6079
vt 0.5706 0.6141
vt 0.5666 0.6017
vt 0.5572 0.5962
vt 0.5651 0.5954
vt 0.5744 0.6008
vt 0.5762 0.6069
vt 0.5728 0.5946
vt 0.5639 0.5890
vt 0.5716 0.5884
vt 0.5803 0.5939
vt 0.5819 0.5999
vt 0.5790 0.5879
vt 0.5706 0.5822
vt 0.5781 0.5817
vt 0.5862 0.5873
vt 0.5875 0.5932
vt 0.5852 0.5813
vt 0.5774 0.5756
vt 0.5845 0.5753
vt 0.5921 0.5808
vt 0.5931 0.5867
vt 0.5914 0.5750
vt 0.5842 0.5693
vt 0.5911 0.5691
vt 0.5981 0.5746
vt 0.5987 0.5804
vt 0.5978 0.5690
vt 0.5912 0.5632
vt 0.5980 0.5633
vt 0.6044 0.5688
vt 0.6046 0.5744
vt 0.6047 0.5633
vt 0.5986 0.5576
vt 0.6055 0.5579
vt 0.6113 0.5635
vt 0.6108 0.5688
vt 0.6121 0.5582
vt 0.6066 0.5525
vt 0.6134 0.5530
vt 0.6186 0.5586
vt 0.6176 0.5637
vt 0.6200 0.5535
vt 0.6151 0.5478
vt 0.6219 0.5485
vt 0.6264 0.5542
vt 0.6248 0.5591
vt 0.6284 0.5492
vt 0.6240 0.5434
vt 0.6308 0.5442
vt 0.6346 0.5501
vt 0.6324 0.5549
vt 0.6371 0.5452
vt 0.6334 0.5391
vt 0.6401 0.5401
vt 0.6432 0.5465
vt 0.6404 0.5513
vt 0.6463 0.5414
vt 0.6433 0.5348
vt 0.6498 0.5361
vt 0.6520 0.5432
vt 0.6488 0.5482
vt 0.6557 0.5378
vt 0.6536 0.5304
vt 0.6599 0.5320
vt 0.6610 0.5402
vt 0.6572 0.5455
vt 0.6652 0.5343
vt 0.6644 0.5256
vt 0.6698 0.5278
vt 0.6644 0.5256
vt 0.6574 0.5243
vt 0.6612 0.5179
vt 0.6688 0.5185
vt 0.6748 0.5206
vt 0.6727 0.5113
vt 0.6793 0.5134
vt 0.6727 0.5113
vt 0.6645 0.5109
vt 0.6679 0.5036
vt 0.6760 0.5040
vt 0.6833 0.5067
vt 0.6794 0.4972
vt 0.6865 0.4998
vt 0.6794 0.4972
vt 0.6711 0.4959
vt 0.6750 0.4887
vt 0.6830 0.4900
vt 0.6900 0.4925
vt 0.6882 0.4818
vt 0.6935 0.4834
vt 0.6991 0.4724
vt 0.7037 0.4661
vt 0.4438 0.3060
vt 0.4433 0.3198
vt 0.4449 0.3069
vt 0.4442 0.3206
vt 0.4434 0.3327
vt 0.4443 0.3332
vt 0.4451 0.3211
vt 0.4454 0.3335
vt 0.4450 0.3501
vt 0.4439 0.3503
vt 0.4464 0.3495
vt 0.4467 0.3338
vt 0.4479 0.3489
vt 0.4489 0.3666
vt 0.4471 0.3677
vt 0.4506 0.3654
vt 0.4496 0.3481
vt 0.4527 0.3640
vt 0.4562 0.3826
vt 0.4537 0.3845
vt 0.4587 0.3803
vt 0.4551 0.3622
vt 0.4615 0.3776
vt 0.4660 0.3956
vt 0.4627 0.3993
vt 0.4690 0.3915
vt 0.4648 0.3742
vt 0.4728 0.3866
vt 0.4772 0.4019
vt 0.4737 0.4077
vt 0.4808 0.3956
vt 0.4768 0.3807
vt 0.4849 0.3890
vt 0.4890 0.4027
vt 0.4854 0.4094
vt 0.4925 0.3958
vt 0.4889 0.3823
vt 0.4965 0.3889
vt 0.5003 0.4016
vt 0.4969 0.4085
vt 0.5038 0.3947
vt 0.5004 0.3821
vt 0.5076 0.3878
vt 0.5114 0.3997
vt 0.5080 0.4066
vt 0.5149 0.3928
vt 0.5115 0.3809
vt 0.5186 0.3859
vt 0.5223 0.3972
vt 0.5189 0.4041
vt 0.5257 0.3903
vt 0.5223 0.3790
vt 0.5293 0.3834
vt 0.5330 0.3942
vt 0.5297 0.4012
vt 0.5363 0.3873
vt 0.5329 0.3765
vt 0.5399 0.3804
vt 0.5436 0.3909
vt 0.5404 0.3978
vt 0.5469 0.3840
vt 0.5435 0.3736
vt 0.5504 0.3771
vt 0.5541 0.3873
vt 0.5509 0.3942
vt 0.5574 0.3805
vt 0.5539 0.3704
vt 0.5608 0.3737
vt 0.5646 0.3835
vt 0.5614 0.3903
vt 0.5678 0.3768
vt 0.5643 0.3671
vt 0.5712 0.3702
vt 0.5749 0.3797
vt 0.5717 0.3864
vt 0.5781 0.3732
vt 0.5746 0.3637
vt 0.5814 0.3667
vt 0.5851 0.3760
vt 0.5820 0.3825
vt 0.5883 0.3696
vt 0.5849 0.3604
vt 0.5916 0.3633
vt 0.5953 0.3723
vt 0.5922 0.3787
vt 0.5984 0.3661
vt 0.5950 0.3571
vt 0.6017 0.3600
vt 0.6053 0.3689
vt 0.6022 0.3750
vt 0.6085 0.3628
vt 0.6051 0.3539
vt 0.6117 0.3568
vt 0.6153 0.3656
vt 0.6123 0.3715
vt 0.6185 0.3596
vt 0.6150 0.3509
vt 0.6216 0.3538
vt 0.6253 0.3624
vt 0.6223 0.3682
vt 0.6283 0.3566
vt 0.6249 0.3480
vt 0.6315 0.3509
vt 0.6351 0.3593
vt 0.6322 0.3650
vt 0.6381 0.3536
vt 0.6347 0.3452
vt 0.6412 0.3480
vt 0.6449 0.3564
vt 0.6420 0.3620
vt 0.6478 0.3508
vt 0.6443 0.3425
vt 0.6508 0.3453
vt 0.6545 0.3535
vt 0.6517 0.3590
vt 0.6573 0.3480
vt 0.6538 0.3398
vt 0.6602 0.3427
vt 0.6639 0.3508
vt 0.6612 0.3562
vt 0.6666 0.3455
vt 0.6631 0.3373
vt 0.6695 0.3402
vt 0.6732 0.3483
vt 0.6706 0.3536
vt 0.6758 0.3431
vt 0.6723 0.3350
vt 0.6785 0.3379
vt 0.6823 0.3459
vt 0.6798 0.3511
vt 0.6848 0.3407
vt 0.6813 0.3328
vt 0.6874 0.3357
vt 0.6912 0.3436
vt 0.6888 0.3487
vt 0.6936 0.3385
vt 0.6900 0.3307
vt 0.6961 0.3336
vt 0.6999 0.3413
vt 0.6976 0.3463
vt 0.7022 0.3364
vt 0.6987 0.3287
vt 0.7046 0.3316
vt 0.7084 0.3393
vt 0.7062 0.3441
vt 0.7106 0.3345
vt 0.7071 0.3268
vt 0.7129 0.3297
vt 0.7165 0.3373
vt 0.7145 0.3421
vt 0.7186 0.3325
vt 0.7153 0.3250
vt 0.7208 0.3278
vt 0.7243 0.3352
vt 0.7223 0.3400
vt 0.7262 0.3306
vt 0.7232 0.3231
vt 0.7284 0.3261
vt 0.5674 0.2100
vt 0.5711 0.2148
vt 0.5653 0.2199
vt 0.5616 0.2150
vt 0.5729 0.2050
vt 0.5766 0.2097
vt 0.5779 0.1999
vt 0.5818 0.2045
vt 0.5804 0.2144
vt 0.5749 0.2195
vt 0.5856 0.2091
vt 0.5866 0.1993
vt 0.5905 0.2039
vt 0.5896 0.2138
vt 0.5844 0.2190
vt 0.5946 0.2085
vt 0.5952 0.1986
vt 0.5993 0.2032
vt 0.5986 0.2131
vt 0.5937 0.2184
vt 0.6034 0.2078
vt 0.6039 0.1981
vt 0.6081 0.2026
vt 0.6076 0.2123
vt 0.6029 0.2176
vt 0.6123 0.2071
vt 0.6127 0.1976
vt 0.6169 0.2019
vt 0.6167 0.2114
vt 0.6120 0.2166
vt 0.6213 0.2062
vt 0.6215 0.1968
vt 0.6259 0.2010
vt 0.6257 0.2103
vt 0.6211 0.2155
vt 0.6302 0.2052
vt 0.6305 0.1959
vt 0.6348 0.2001
vt 0.6347 0.2093
vt 0.6301 0.2144
vt 0.6392 0.2043
vt 0.6394 0.1951
vt 0.6438 0.1993
vt 0.6437 0.2084
vt 0.6392 0.2134
vt 0.6482 0.2034
vt 0.6483 0.1943
vt 0.6527 0.1985
vt 0.6526 0.2076
vt 0.6482 0.2125
vt 0.6571 0.2027
vt 0.6573 0.1937
vt 0.6616 0.1979
vt 0.6615 0.2070
vt 0.6570 0.2119
vt 0.6659 0.2021
vt 0.6662 0.1930
vt 0.6704 0.1972
vt 0.6703 0.2062
vt 0.6659 0.2112
vt 0.6747 0.2012
vt 0.6749 0.1923
vt 0.6792 0.1962
vt 0.6791 0.2050
vt 0.6747 0.2101
vt 0.6835 0.2000
vt 0.6837 0.1913
vt 0.6880 0.1950
vt 0.6880 0.2037
vt 0.6836 0.2088
vt 0.6924 0.1987
vt 0.6925 0.1901
vt 0.6968 0.1937
vt 0.6967 0.2024
vt 0.6924 0.2074
vt 0.7011 0.1974
vt 0.7013 0.1888
vt 0.7055 0.1924
vt 0.7055 0.2010
vt 0.7012 0.2060
vt 0.7098 0.1960
vt 0.7100 0.1875
vt 0.7142 0.1910
vt 0.7141 0.1996
vt 0.7099 0.2046
vt 0.7184 0.1945
vt 0.7186 0.1860
vt 0.7227 0.1895
vt 0.7227 0.1981
vt 0.7185 0.2031
vt 0.7269 0.1930
vt 0.7271 0.1845
vt 0.7312 0.1879
vt 0.7312 0.1964
vt 0.7270 0.2015
vt 0.7354 0.1913
vt 0.7355 0.1828
vt 0.7395 0.1861
vt 0.7395 0.1947
vt 0.7354 0.1998
vt 0.7436 0.1895
vt 0.7438 0.1810
vt 0.7477 0.1844
vt 0.7476 0.1929
vt 0.7437 0.1981
vt 0.7517 0.1877
vt 0.7519 0.1793
vt 0.7558 0.1826
vt 0.7556 0.1911
vt 0.7517 0.1963
vt 0.7596 0.1859
vt 0.7599 0.1776
vt 0.7637 0.1809
vt 0.7635 0.1892
vt 0.7596 0.1943
vt 0.7674 0.1841
vt 0.7679 0.1759
vt 0.7716 0.1792
vt 0.7712 0.1872
vt 0.7673 0.1923
vt 0.7751 0.1822
vt 0.7758 0.1743
vt 0.7792 0.1774
vt 0.7785 0.1851
vt 0.7747 0.1902
vt 0.7824 0.1802
vt 0.7834 0.1727
vt 0.7864 0.1754
vt 0.7854 0.1827
vt 0.7817 0.1878
vt 0.7892 0.1778
vt 0.7905 0.1708
vt 0.7932 0.1731
vt 0.7920 0.1800
vt 0.7884 0.1850
vt 0.7958 0.1752
vt 0.7971 0.1685
vt 0.7996 0.1704
vt 0.7985 0.1771
vt 0.7948 0.1821
vt 0.8022 0.1722
vt 0.8033 0.1664
vt 0.8060 0.1672
vt 0.8049 0.1737
vt 0.8012 0.1789
vt 0.8087 0.1684
vt 0.7099 0.0636
vt 0.7094 0.0599
vt 0.7153 0.0600
vt 0.7165 0.0627
vt 0.8115 0.1696
vt 0.8077 0.1753
vt 0.7180 0.0655
vt 0.7117 0.0675
vt 0.7214 0.0587
vt 0.7235 0.0610
vt 0.7204 0.0684
vt 0.7142 0.0717
vt 0.7258 0.0636
vt 0.7274 0.0552
vt 0.7302 0.0577
vt 0.7287 0.0663
vt 0.7233 0.0714
vt 0.7332 0.0604
vt 0.7337 0.0514
vt 0.7369 0.0544
vt 0.7367 0.0637
vt 0.7320 0.0694
vt 0.7407 0.0579
vt 0.7404 0.0484
vt 0.7442 0.0522
vt 0.7450 0.0616
vt 0.7405 0.0674
vt 0.7486 0.0562
vt 0.7477 0.0467
vt 0.7518 0.0505
vt 0.7534 0.0600
vt 0.7490 0.0657
vt 0.7441 0.0713
vt 0.7526 0.0701
vt 0.7478 0.0756
vt 0.7563 0.0748
vt 0.7515 0.0801
vt 0.7600 0.0794
vt 0.7552 0.0844
vt 0.7647 0.0746
vt 0.7698 0.0699
vt 0.7683 0.0787
vt 0.7635 0.0834
vt 0.7732 0.0742
vt 0.7753 0.0654
vt 0.7783 0.0695
vt 0.7764 0.0776
vt 0.7715 0.0822
vt 0.7813 0.0730
vt 0.7833 0.0648
vt 0.7860 0.0683
vt 0.7842 0.0761
vt 0.7794 0.0807
vt 0.7889 0.0715
vt 0.7906 0.0637
vt 0.7935 0.0669
vt 0.7921 0.0747
vt 0.7873 0.0792
vt 0.7966 0.0702
vt 0.7978 0.0625
vt 0.8010 0.0659
vt 0.8002 0.0737
vt 0.7956 0.0780
vt 0.8045 0.0695
vt 0.8051 0.0617
vt 0.8086 0.0655
vt 0.8084 0.0734
vt 0.8041 0.0774
vt 0.8124 0.0697
vt 0.8126 0.0618
vt 0.8162 0.0661
vt 0.8167 0.0736
vt 0.8126 0.0774
vt 0.8205 0.0700
vt 0.8197 0.0629
vt 0.8241 0.0663
vt 0.8247 0.0722
vt 0.8210 0.0766
vt 0.8278 0.0678
vt 0.8271 0.0624
vt 0.8305 0.0627
vt 0.8311 0.0682
vt 0.8282 0.0735
vt 0.8333 0.0627
vt 0.8321 0.0573
vt 0.8346 0.0568
vt 0.8357 0.0625
vt 0.8337 0.0684
vt 0.8369 0.0564
vt 0.8352 0.0508
vt 0.8375 0.0502
vt 0.8390 0.0559
vt 0.8379 0.0622
vt 0.8395 0.0496
vt 0.8369 0.0443
vt 0.8390 0.0431
vt 0.8415 0.0488
vt 0.8411 0.0553
vt 0.8410 0.0421
vt 0.8374 0.0383
vt 0.8394 0.0368
vt 0.8428 0.0410
vt 0.8436 0.0478
vt 0.8413 0.0352
vt 0.8366 0.0340
vt 0.8379 0.0324
vt 0.8431 0.0336
vt 0.8447 0.0398
vt 0.8391 0.0307
vt 0.8449 0.0316
vt 0.8468 0.0385
vt 0.8467 0.0292
vt 0.8492 0.0374
vt 0.8526 0.0312
vt 0.8520 0.0370
vt 0.8373 0.0226
vt 0.8431 0.0234
vt 0.8326 0.0202
vt 0.8373 0.0175
vt 0.8331 0.0242
vt 0.8294 0.0224
vt 0.8307 0.0261
vt 0.8273 0.0248
vt 0.8294 0.0279
vt 0.8260 0.0269
vt 0.8321 0.0291
vt 0.8349 0.0306
vt 0.8314 0.0307
vt 0.8285 0.0297
vt 0.8342 0.0321
vt 0.8366 0.0340
vt 0.8350 0.0356
vt 0.8326 0.0371
vt 0.8374 0.0383
vt 0.8351 0.0398
vt 0.8322 0.0413
vt 0.8295 0.0386
vt 0.8369 0.0443
vt 0.8343 0.0454
vt 0.8313 0.0463
vt 0.8287 0.0427
vt 0.8352 0.0508
vt 0.8324 0.0515
vt 0.8291 0.0522
vt 0.8273 0.0477
vt 0.8321 0.0573
vt 0.8273 0.0477
vt 0.8225 0.0495
vt 0.8198 0.0458
vt 0.8243 0.0441
vt 0.8179 0.0517
vt 0.8152 0.0480
vt 0.8135 0.0545
vt 0.8107 0.0509
vt 0.8164 0.0585
vt 0.8126 0.0618
vt 0.8092 0.0579
vt 0.8063 0.0543
vt 0.8051 0.0617
vt 0.8020 0.0583
vt 0.7995 0.0549
vt 0.8039 0.0510
vt 0.7978 0.0625
vt 0.7951 0.0592
vt 0.7928 0.0557
vt 0.7974 0.0515
vt 0.7906 0.0637
vt 0.7881 0.0602
vt 0.7860 0.0565
vt 0.7910 0.0521
vt 0.7833 0.0648
vt 0.7808 0.0610
vt 0.7789 0.0567
vt 0.7845 0.0526
vt 0.7753 0.0654
vt 0.7728 0.0606
vt 0.7779 0.0521
vt 0.7835 0.0485
vt 0.7777 0.0475
vt 0.7832 0.0444
vt 0.7780 0.0425
vt 0.7831 0.0400
vt 0.7729 0.0442
vt 0.7742 0.0382
vt 0.7787 0.0368
vt 0.7676 0.0441
vt 0.7698 0.0388
vt 0.7629 0.0427
vt 0.7657 0.0381
vt 0.7589 0.0402
vt 0.7621 0.0362
vt 0.7552 0.0450
vt 0.7515 0.0413
vt 0.7554 0.0369
vt 0.7480 0.0376
vt 0.7523 0.0334
vt 0.7439 0.0428
vt 0.7406 0.0392
vt 0.7449 0.0340
vt 0.7404 0.0484
vt 0.7369 0.0451
vt 0.7339 0.0423
vt 0.7376 0.0360
vt 0.7337 0.0514
vt 0.7307 0.0489
vt 0.7279 0.0465
vt 0.7310 0.0396
vt 0.7274 0.0552
vt 0.7249 0.0529
vt 0.7225 0.0508
vt 0.7252 0.0444
vt 0.7214 0.0587
vt 0.7196 0.0564
vt 0.7176 0.0541
vt 0.7200 0.0490
vt 0.7153 0.0600
vt 0.7150 0.0575
vt 0.8071 0.1648
vt 0.8056 0.1624
vt 0.8108 0.1607
vt 0.8122 0.1634
vt 0.8033 0.1664
vt 0.8011 0.1645
vt 0.7103 0.0568
vt 0.7991 0.1625
vt 0.8039 0.1599
vt 0.7971 0.1685
vt 0.7947 0.1664
vt 0.7921 0.1639
vt 0.7968 0.1601
vt 0.7905 0.1708
vt 0.7877 0.1682
vt 0.7847 0.1652
vt 0.7894 0.1610
vt 0.7834 0.1727
vt 0.7801 0.1696
vt 0.7768 0.1664
vt 0.7815 0.1619
vt 0.7758 0.1743
vt 0.7723 0.1711
vt 0.7687 0.1678
vt 0.7733 0.1630
vt 0.7679 0.1759
vt 0.7643 0.1726
vt 0.7606 0.1692
vt 0.7652 0.1643
vt 0.7599 0.1776
vt 0.7562 0.1742
vt 0.7525 0.1708
vt 0.7570 0.1658
vt 0.7519 0.1793
vt 0.7481 0.1759
vt 0.7443 0.1725
vt 0.7488 0.1674
vt 0.7438 0.1810
vt 0.7399 0.1776
vt 0.7359 0.1743
vt 0.7404 0.1692
vt 0.7355 0.1828
vt 0.7315 0.1794
vt 0.7275 0.1760
vt 0.7320 0.1709
vt 0.7271 0.1845
vt 0.7230 0.1810
vt 0.7190 0.1776
vt 0.7236 0.1726
vt 0.7186 0.1860
vt 0.7144 0.1825
vt 0.7104 0.1789
vt 0.7150 0.1740
vt 0.7100 0.1875
vt 0.7058 0.1838
vt 0.7017 0.1802
vt 0.7064 0.1753
vt 0.7013 0.1888
vt 0.6971 0.1851
vt 0.6929 0.1814
vt 0.6976 0.1766
vt 0.6925 0.1901
vt 0.6883 0.1863
vt 0.6842 0.1825
vt 0.6889 0.1777
vt 0.6837 0.1913
vt 0.6795 0.1874
vt 0.6753 0.1834
vt 0.6800 0.1786
vt 0.6749 0.1923
vt 0.6707 0.1882
vt 0.6665 0.1841
vt 0.6711 0.1793
vt 0.6662 0.1930
vt 0.6618 0.1888
vt 0.6575 0.1846
vt 0.6622 0.1799
vt 0.6573 0.1937
vt 0.6529 0.1895
vt 0.6486 0.1852
vt 0.6533 0.1804
vt 0.6483 0.1943
vt 0.6440 0.1901
vt 0.6397 0.1859
vt 0.6444 0.1809
vt 0.6394 0.1951
vt 0.6351 0.1909
vt 0.6308 0.1866
vt 0.6354 0.1816
vt 0.6305 0.1959
vt 0.6261 0.1917
vt 0.6218 0.1874
vt 0.6264 0.1824
vt 0.6215 0.1968
vt 0.6172 0.1925
vt 0.6130 0.1880
vt 0.6176 0.1829
vt 0.6127 0.1976
vt 0.6084 0.1930
vt 0.6043 0.1884
vt 0.6088 0.1833
vt 0.6039 0.1981
vt 0.5998 0.1935
vt 0.5956 0.1889
vt 0.6000 0.1838
vt 0.5952 0.1986
vt 0.5912 0.1941
vt 0.5870 0.1897
vt 0.5913 0.1846
vt 0.5866 0.1993
vt 0.5826 0.1948
vt 0.7338 0.3173
vt 0.7289 0.3139
vt 0.7324 0.3093
vt 0.7372 0.3129
vt 0.7309 0.3217
vt 0.7258 0.3184
vt 0.7207 0.3154
vt 0.7239 0.3106
vt 0.7232 0.3231
vt 0.7178 0.3202
vt 0.7124 0.3172
vt 0.7154 0.3123
vt 0.7153 0.3250
vt 0.7097 0.3220
vt 0.7041 0.3190
vt 0.7070 0.3142
vt 0.7071 0.3268
vt 0.7013 0.3238
vt 0.6955 0.3208
vt 0.6984 0.3160
vt 0.6987 0.3287
vt 0.6927 0.3257
vt 0.6868 0.3227
vt 0.6897 0.3178
vt 0.6900 0.3307
vt 0.6840 0.3277
vt 0.6779 0.3248
vt 0.6809 0.3197
vt 0.6813 0.3328
vt 0.6751 0.3298
vt 0.6690 0.3269
vt 0.6720 0.3218
vt 0.6723 0.3350
vt 0.6660 0.3321
vt 0.6598 0.3291
vt 0.6629 0.3238
vt 0.6631 0.3373
vt 0.6568 0.3344
vt 0.6506 0.3314
vt 0.6538 0.3260
vt 0.6538 0.3398
vt 0.6474 0.3369
vt 0.6412 0.3340
vt 0.6445 0.3284
vt 0.6443 0.3425
vt 0.6379 0.3396
vt 0.6315 0.3366
vt 0.6349 0.3310
vt 0.6347 0.3452
vt 0.6282 0.3423
vt 0.6218 0.3392
vt 0.6253 0.3335
vt 0.6249 0.3480
vt 0.6184 0.3450
vt 0.6120 0.3419
vt 0.6155 0.3360
vt 0.6150 0.3509
vt 0.6085 0.3479
vt 0.6021 0.3448
vt 0.6057 0.3388
vt 0.6051 0.3539
vt 0.5985 0.3509
vt 0.5921 0.3479
vt 0.5958 0.3417
vt 0.5950 0.3571
vt 0.5884 0.3541
vt 0.5819 0.3510
vt 0.5857 0.3448
vt 0.5849 0.3604
vt 0.5782 0.3573
vt 0.5716 0.3541
vt 0.5755 0.3478
vt 0.5746 0.3637
vt 0.5679 0.3606
vt 0.5613 0.3571
vt 0.5652 0.3507
vt 0.5643 0.3671
vt 0.5575 0.3637
vt 0.5509 0.3601
vt 0.5548 0.3535
vt 0.5539 0.3704
vt 0.5471 0.3668
vt 0.5405 0.3628
vt 0.5444 0.3561
vt 0.5435 0.3736
vt 0.5366 0.3696
vt 0.5300 0.3653
vt 0.5340 0.3585
vt 0.5329 0.3765
vt 0.5260 0.3722
vt 0.5194 0.3673
vt 0.5235 0.3605
vt 0.5223 0.3790
vt 0.5153 0.3741
vt 0.5086 0.3685
vt 0.5128 0.3618
vt 0.5115 0.3809
vt 0.5043 0.3753
vt 0.4975 0.3688
vt 0.5019 0.3622
vt 0.5004 0.3821
vt 0.4930 0.3755
vt 0.4859 0.3679
vt 0.4906 0.3615
vt 0.4889 0.3823
vt 0.4812 0.3743
vt 0.4739 0.3645
vt 0.4790 0.3589
vt 0.4768 0.3807
vt 0.4689 0.3697
vt 0.4625 0.3569
vt 0.4676 0.3530
vt 0.4648 0.3742
vt 0.4583 0.3599
vt 0.4546 0.3460
vt 0.4583 0.3442
vt 0.4551 0.3622
vt 0.4518 0.3472
vt 0.4504 0.3338
vt 0.4528 0.3334
vt 0.4496 0.3481
vt 0.4483 0.3340
vt 0.4478 0.3222
vt 0.4496 0.3224
vt 0.4467 0.3338
vt 0.4463 0.3218
vt 0.4473 0.3087
vt 0.4485 0.3099
vt 0.4451 0.3211
vt 0.4461 0.3076
vt 0.6998 0.4579
vt 0.6885 0.4613
vt 0.6879 0.4571
vt 0.6993 0.4550
vt 0.6775 0.4629
vt 0.6773 0.4579
vt 0.6771 0.4681
vt 0.6641 0.4689
vt 0.6654 0.4634
vt 0.6747 0.4739
vt 0.6620 0.4748
vt 0.6699 0.4811
vt 0.6594 0.4814
vt 0.6657 0.4884
vt 0.6567 0.4886
vt 0.6750 0.4887
vt 0.6625 0.4960
vt 0.6542 0.4960
vt 0.6597 0.5034
vt 0.6516 0.5032
vt 0.6567 0.5105
vt 0.6488 0.5100
vt 0.6535 0.5171
vt 0.6457 0.5164
vt 0.6501 0.5233
vt 0.6426 0.5225
vt 0.6466 0.5292
vt 0.6394 0.5283
vt 0.6433 0.5348
vt 0.6363 0.5338
vt 0.6291 0.5329
vt 0.6320 0.5274
vt 0.6334 0.5391
vt 0.6264 0.5382
vt 0.6193 0.5374
vt 0.6218 0.5320
vt 0.6240 0.5434
vt 0.6170 0.5426
vt 0.6099 0.5418
vt 0.6121 0.5364
vt 0.6151 0.5478
vt 0.6081 0.5471
vt 0.6010 0.5465
vt 0.6027 0.5410
vt 0.6066 0.5525
vt 0.5996 0.5520
vt 0.5925 0.5516
vt 0.5937 0.5459
vt 0.5986 0.5576
vt 0.5916 0.5574
vt 0.5845 0.5572
vt 0.5852 0.5513
vt 0.5912 0.5632
vt 0.5841 0.5633
vt 0.5770 0.5633
vt 0.5772 0.5571
vt 0.5842 0.5693
vt 0.5770 0.5695
vt 0.5696 0.5696
vt 0.5695 0.5633
vt 0.5774 0.5756
vt 0.5699 0.5759
vt 0.5623 0.5761
vt 0.5620 0.5696
vt 0.5706 0.5822
vt 0.5629 0.5825
vt 0.5551 0.5829
vt 0.5545 0.5762
vt 0.5639 0.5890
vt 0.5560 0.5896
vt 0.5480 0.5903
vt 0.5472 0.5832
vt 0.5572 0.5962
vt 0.5490 0.5973
vt 0.5408 0.5982
vt 0.5402 0.5907
vt 0.5504 0.6039
vt 0.5414 0.6053
vt 0.5326 0.6056
vt 0.5328 0.5977
vt 0.5432 0.6117
vt 0.5335 0.6129
vt 0.5245 0.6124
vt 0.5245 0.6034
vt 0.5362 0.6195
vt 0.5245 0.6034
vt 0.5159 0.6005
vt 0.5161 0.5926
vt 0.5246 0.5952
vt 0.5072 0.5979
vt 0.5076 0.5903
vt 0.4987 0.5959
vt 0.4992 0.5883
vt 0.4979 0.6034
vt 0.4899 0.6020
vt 0.4906 0.5944
vt 0.4970 0.6107
vt 0.4890 0.6094
vt 0.4957 0.6177
vt 0.4880 0.6167
vt 0.4944 0.6244
vt 0.4871 0.6240
vt 0.5020 0.6267
vt 0.5080 0.6313
vt 0.5118 0.6382
vt 0.5067 0.6432
vt 0.5149 0.6450
vt 0.5089 0.6497
vt 0.5206 0.6409
vt 0.5239 0.6478
vt 0.5177 0.6517
vt 0.5110 0.6561
vt 0.5201 0.6584
vt 0.5129 0.6625
vt 0.5054 0.6667
vt 0.5036 0.6602
vt 0.5149 0.6689
vt 0.5076 0.6734
vt 0.5000 0.6776
vt 0.4984 0.6708
vt 0.5094 0.6799
vt 0.5015 0.6843
vt 0.4935 0.6883
vt 0.4921 0.6815
vt 0.5030 0.6910
vt 0.4951 0.6953
vt 0.4874 0.6995
vt 0.4858 0.6921
vt 0.4967 0.7024
vt 0.4888 0.7070
vt 0.4813 0.7105
vt 0.4801 0.7030
vt 0.4902 0.7145
vt 0.4827 0.7180
vt 0.4750 0.7195
vt 0.4740 0.7122
vt 0.4836 0.7252
vt 0.4752 0.7266
vt 0.4670 0.7272
vt 0.4669 0.7198
vt 0.4756 0.7337
vt 0.4670 0.7349
vt 0.4590 0.7352
vt 0.4590 0.7274
vt 0.4509 0.7351
vt 0.4509 0.7274
vt 0.4498 0.7630
vt 0.4498 0.7630
vt 0.4560 0.7658
vt 0.4539 0.7716
vt 0.4487 0.7689
vt 0.4475 0.7744
vt 0.4475 0.7744
vt 0.4516 0.7772
vt 0.4493 0.7824
vt 0.4460 0.7801
vt 0.4447 0.7857
vt 0.4468 0.7874
vt 0.4525 0.7857
vt 0.4490 0.7904
vt 0.4554 0.7901
vt 0.4516 0.7943
vt 0.4554 0.7809
vt 0.4589 0.7854
vt 0.4583 0.7757
vt 0.4623 0.7806
vt 0.4613 0.7705
vt 0.4657 0.7757
vt 0.4645 0.7653
vt 0.4694 0.7710
vt 0.4732 0.7771
vt 0.4695 0.7814
vt 0.4735 0.7665
vt 0.4773 0.7732
vt 0.4803 0.7806
vt 0.4766 0.7838
vt 0.4816 0.7699
vt 0.4843 0.7781
vt 0.4864 0.7674
vt 0.4884 0.7761
vt 0.4917 0.7656
vt 0.4930 0.7746
vt 0.4902 0.7574
vt 0.4968 0.7558
vt 0.4972 0.7642
vt 0.4887 0.7506
vt 0.4964 0.7491
vt 0.5024 0.7394
vt 0.5113 0.7336
vt 0.5105 0.7262
vt 0.5198 0.7207
vt 0.5213 0.7274
vt 0.5183 0.7140
vt 0.5268 0.7094
vt 0.5290 0.7158
vt 0.5246 0.7028
vt 0.5325 0.6979
vt 0.5350 0.7043
vt 0.5302 0.6914
vt 0.5380 0.6870
vt 0.5403 0.6932
vt 0.5359 0.6807
vt 0.5436 0.6770
vt 0.5459 0.6831
vt 0.5414 0.6707
vt 0.5490 0.6676
vt 0.5515 0.6737
vt 0.5465 0.6614
vt 0.5543 0.6587
vt 0.5570 0.6648
vt 0.5515 0.6524
vt 0.5597 0.6502
vt 0.5626 0.6563
vt 0.5567 0.6439
vt 0.5651 0.6420
vt 0.5681 0.6482
vt 0.5622 0.6358
vt 0.5706 0.6341
vt 0.5735 0.6403
vt 0.5677 0.6279
vt 0.5758 0.6265
vt 0.5787 0.6326
vt 0.5731 0.6203
vt 0.5809 0.6190
vt 0.5836 0.6251
vt 0.5784 0.6130
vt 0.5859 0.6118
vt 0.5884 0.6178
vt 0.5837 0.6059
vt 0.5910 0.6049
vt 0.5932 0.6107
vt 0.5891 0.5991
vt 0.5961 0.5983
vt 0.5980 0.6040
vt 0.5944 0.5925
vt 0.6011 0.5918
vt 0.6028 0.5974
vt 0.5996 0.5861
vt 0.6060 0.5854
vt 0.6074 0.5910
vt 0.6050 0.5799
vt 0.6113 0.5795
vt 0.6122 0.5848
vt 0.6108 0.5741
vt 0.6170 0.5740
vt 0.6174 0.5791
vt 0.6170 0.5688
vt 0.6231 0.5689
vt 0.6230 0.5738
vt 0.6236 0.5640
vt 0.6296 0.5644
vt 0.6289 0.5690
vt 0.6307 0.5597
vt 0.6365 0.5604
vt 0.6353 0.5648
vt 0.6382 0.5559
vt 0.6438 0.5572
vt 0.6421 0.5613
vt 0.6459 0.5528
vt 0.6513 0.5547
vt 0.6492 0.5587
vt 0.6540 0.5503
vt 0.6477 0.5624
vt 0.6466 0.5660
vt 0.6409 0.5654
vt 0.6461 0.5695
vt 0.6404 0.5693
vt 0.6461 0.5729
vt 0.6403 0.5732
vt 0.6466 0.5763
vt 0.6408 0.5770
vt 0.6474 0.5796
vt 0.6417 0.5808
vt 0.6487 0.5830
vt 0.6430 0.5847
vt 0.6504 0.5864
vt 0.6447 0.5885
vt 0.6524 0.5899
vt 0.6468 0.5923
vt 0.6549 0.5933
vt 0.6493 0.5961
vt 0.6576 0.5969
vt 0.6522 0.5999
vt 0.6608 0.6005
vt 0.6554 0.6038
vt 0.6642 0.6043
vt 0.6589 0.6078
vt 0.6681 0.6081
vt 0.6628 0.6119
vt 0.6722 0.6120
vt 0.6670 0.6161
vt 0.6767 0.6158
vt 0.6714 0.6202
vt 0.6814 0.6198
vt 0.6761 0.6244
vt 0.6865 0.6238
vt 0.6813 0.6287
vt 0.6920 0.6281
vt 0.6867 0.6331
vt 0.6979 0.6326
vt 0.6926 0.6378
vt 0.7041 0.6374
vt 0.6987 0.6427
vt 0.7106 0.6426
vt 0.7050 0.6480
vt 0.7174 0.6481
vt 0.7115 0.6536
vt 0.7239 0.6536
vt 0.7177 0.6598
vt 0.7300 0.6589
vt 0.7235 0.6659
vt 0.7352 0.6635
vt 0.7413 0.6691
vt 0.7472 0.6746
vt 0.7424 0.6809
vt 0.7537 0.6804
vt 0.7496 0.6857
vt 0.7606 0.6863
vt 0.7570 0.6908
vt 0.7680 0.6926
vt 0.7646 0.6962
vt 0.7758 0.7005
vt 0.7724 0.7033
vt 0.7694 0.7061
vt 0.7617 0.7004
vt 0.7665 0.7093
vt 0.7593 0.7054
vt 0.7640 0.7133
vt 0.7573 0.7108
vt 0.7617 0.7185
vt 0.7556 0.7167
vt 0.7600 0.7245
vt 0.7539 0.7233
vt 0.7593 0.7311
vt 0.7527 0.7301
vt 0.4656 0.8148
vt 0.4611 0.8098
vt 0.4658 0.8054
vt 0.4702 0.8106
vt 0.4574 0.8045
vt 0.4620 0.8001
vt 0.4545 0.7990
vt 0.4586 0.7949
vt 0.4623 0.7904
vt 0.4658 0.7957
vt 0.4659 0.7858
vt 0.4694 0.7914
vt 0.4695 0.7814
vt 0.4729 0.7874
vt 0.4765 0.7938
vt 0.4731 0.7973
vt 0.4766 0.7838
vt 0.4797 0.7906
vt 0.4834 0.7978
vt 0.4805 0.8000
vt 0.4832 0.7883
vt 0.4861 0.7961
vt 0.4866 0.7864
vt 0.4889 0.7949
vt 0.4902 0.7849
vt 0.4917 0.7941
vt 0.4940 0.7839
vt 0.4946 0.7935
vt 0.4979 0.7834
vt 0.4976 0.7932
vt 0.4977 0.7736
vt 0.5027 0.7735
vt 0.5021 0.7835
vt 0.4972 0.7642
vt 0.5029 0.7633
vt 0.5079 0.7741
vt 0.5065 0.7841
vt 0.5133 0.7756
vt 0.5110 0.7854
vt 0.5187 0.7782
vt 0.5157 0.7873
vt 0.5217 0.7688
vt 0.5275 0.7731
vt 0.5240 0.7814
vt 0.5253 0.7606
vt 0.5314 0.7656
vt 0.5319 0.7536
vt 0.5371 0.7590
vt 0.5274 0.7479
vt 0.5241 0.7415
vt 0.5378 0.7408
vt 0.5409 0.7469
vt 0.5353 0.7346
vt 0.5228 0.7343
vt 0.5332 0.7283
vt 0.5448 0.7292
vt 0.5472 0.7354
vt 0.5426 0.7229
vt 0.5312 0.7221
vt 0.5402 0.7167
vt 0.5508 0.7178
vt 0.5533 0.7241
vt 0.5483 0.7115
vt 0.5377 0.7105
vt 0.5457 0.7054
vt 0.5561 0.7072
vt 0.5586 0.7134
vt 0.5536 0.7011
vt 0.5430 0.6993
vt 0.5509 0.6951
vt 0.5615 0.6975
vt 0.5640 0.7036
vt 0.5589 0.6915
vt 0.5483 0.6891
vt 0.5564 0.6856
vt 0.5671 0.6884
vt 0.5696 0.6944
vt 0.5647 0.6825
vt 0.5540 0.6797
vt 0.5622 0.6767
vt 0.5732 0.6800
vt 0.5756 0.6858
vt 0.5708 0.6741
vt 0.5597 0.6708
vt 0.5681 0.6683
vt 0.5795 0.6719
vt 0.5820 0.6778
vt 0.5767 0.6661
vt 0.5654 0.6624
vt 0.5739 0.6602
vt 0.5855 0.6641
vt 0.5883 0.6699
vt 0.5825 0.6583
vt 0.5710 0.6542
vt 0.5795 0.6523
vt 0.5912 0.6565
vt 0.5943 0.6623
vt 0.5880 0.6506
vt 0.5765 0.6464
vt 0.5849 0.6447
vt 0.5964 0.6489
vt 0.5997 0.6547
vt 0.5930 0.6431
vt 0.5817 0.6387
vt 0.5898 0.6371
vt 0.6010 0.6414
vt 0.6046 0.6471
vt 0.5975 0.6356
vt 0.5866 0.6312
vt 0.5943 0.6297
vt 0.6051 0.6339
vt 0.6087 0.6396
vt 0.6016 0.6282
vt 0.5912 0.6238
vt 0.5985 0.6224
vt 0.6088 0.6265
vt 0.6123 0.6321
vt 0.6056 0.6210
vt 0.5957 0.6166
vt 0.6028 0.6153
vt 0.6126 0.6194
vt 0.6158 0.6248
vt 0.6097 0.6141
vt 0.6002 0.6097
vt 0.6071 0.6085
vt 0.6164 0.6126
vt 0.6194 0.6178
vt 0.6136 0.6073
vt 0.6047 0.6030
vt 0.6112 0.6019
vt 0.6200 0.6058
vt 0.6228 0.6110
vt 0.6174 0.6007
vt 0.6091 0.5965
vt 0.6153 0.5954
vt 0.6235 0.5993
vt 0.6261 0.6043
vt 0.6213 0.5943
vt 0.6135 0.5901
vt 0.6196 0.5892
vt 0.6273 0.5931
vt 0.6295 0.5978
vt 0.6255 0.5883
vt 0.6183 0.5842
vt 0.6243 0.5835
vt 0.6315 0.5873
vt 0.6332 0.5917
vt 0.6301 0.5828
vt 0.6233 0.5787
vt 0.6292 0.5782
vt 0.6359 0.5819
vt 0.6373 0.5861
vt 0.6349 0.5777
vt 0.6288 0.5736
vt 0.6346 0.5734
vt 0.6288 0.5736
vt 0.6346 0.5692
vt 0.6390 0.5903
vt 0.6411 0.5944
vt 0.6353 0.5962
vt 0.6437 0.5985
vt 0.6379 0.6007
vt 0.6466 0.6027
vt 0.6408 0.6051
vt 0.6498 0.6068
vt 0.6441 0.6095
vt 0.6534 0.6110
vt 0.6477 0.6140
vt 0.6574 0.6153
vt 0.6517 0.6185
vt 0.6615 0.6198
vt 0.6558 0.6231
vt 0.6659 0.6243
vt 0.6601 0.6279
vt 0.6706 0.6287
vt 0.6647 0.6326
vt 0.6757 0.6332
vt 0.6698 0.6373
vt 0.6811 0.6378
vt 0.6752 0.6421
vt 0.6869 0.6426
vt 0.6809 0.6470
vt 0.6929 0.6476
vt 0.6867 0.6521
vt 0.6991 0.6529
vt 0.6926 0.6575
vt 0.7053 0.6586
vt 0.6986 0.6631
vt 0.7114 0.6649
vt 0.7043 0.6692
vt 0.6962 0.6732
vt 0.6914 0.6673
vt 0.6995 0.6792
vt 0.6897 0.6825
vt 0.6872 0.6768
vt 0.7015 0.6859
vt 0.6920 0.6885
vt 0.7035 0.6929
vt 0.6946 0.6947
vt 0.7057 0.7001
vt 0.6978 0.7014
vt 0.7139 0.6993
vt 0.7217 0.6994
vt 0.7156 0.7069
vt 0.7086 0.7074
vt 0.7227 0.7072
vt 0.7294 0.7007
vt 0.7294 0.7083
vt 0.7237 0.7151
vt 0.7179 0.7148
vt 0.7296 0.7158
vt 0.7362 0.7100
vt 0.7355 0.7172
vt 0.7294 0.7237
vt 0.7245 0.7233
vt 0.7348 0.7245
vt 0.7362 0.7100
vt 0.7367 0.7028
vt 0.7438 0.7054
vt 0.7427 0.7122
vt 0.7417 0.7190
vt 0.7492 0.7146
vt 0.7479 0.7211
vt 0.7404 0.7260
vt 0.7463 0.7280
vt 0.4740 0.8065
vt 0.4697 0.8012
vt 0.4731 0.7973
vt 0.4774 0.8030
vt 0.7492 0.7146
vt 0.7506 0.7081
vt 0.7522 0.7019
vt 0.7449 0.6984
vt 0.7467 0.6917
vt 0.7542 0.6961
vt 0.7373 0.6952
vt 0.7389 0.6876
vt 0.7198 0.7236
vt 0.7123 0.7155
vt 0.7156 0.7245
vt 0.7075 0.7170
vt 0.7022 0.7089
vt 0.7117 0.7259
vt 0.7031 0.7192
vt 0.6969 0.7114
vt 0.7081 0.7276
vt 0.6991 0.7219
vt 0.6923 0.7144
vt 0.7049 0.7295
vt 0.7023 0.7322
vt 0.6955 0.7249
vt 0.5008 0.7932
vt 0.5043 0.7940
vt 0.6998 0.7350
vt 0.6923 0.7284
vt 0.5081 0.7952
vt 0.6974 0.7382
vt 0.6895 0.7322
vt 0.5122 0.7968
vt 0.6948 0.7416
vt 0.6868 0.7360
vt 0.5205 0.7899
vt 0.5166 0.7987
vt 0.5251 0.7930
vt 0.5210 0.8011
vt 0.5240 0.7814
vt 0.5292 0.7851
vt 0.5339 0.7893
vt 0.5298 0.7965
vt 0.5330 0.7776
vt 0.5382 0.7824
vt 0.5371 0.7707
vt 0.5425 0.7759
vt 0.5422 0.7644
vt 0.5473 0.7700
vt 0.5486 0.7586
vt 0.5529 0.7645
vt 0.5446 0.7527
vt 0.5529 0.7475
vt 0.5561 0.7535
vt 0.5499 0.7414
vt 0.5582 0.7365
vt 0.5608 0.7427
vt 0.5557 0.7303
vt 0.5635 0.7259
vt 0.5659 0.7322
vt 0.5611 0.7196
vt 0.5688 0.7159
vt 0.5711 0.7221
vt 0.5664 0.7097
vt 0.5743 0.7064
vt 0.5766 0.7125
vt 0.5720 0.7004
vt 0.5803 0.6975
vt 0.5825 0.7035
vt 0.5780 0.6917
vt 0.5868 0.6893
vt 0.5891 0.6950
vt 0.5844 0.6836
vt 0.5936 0.6814
vt 0.5960 0.6871
vt 0.5910 0.6758
vt 0.6002 0.6737
vt 0.6030 0.6793
vt 0.5973 0.6681
vt 0.6063 0.6660
vt 0.6095 0.6716
vt 0.6030 0.6605
vt 0.6119 0.6585
vt 0.6154 0.6641
vt 0.6082 0.6529
vt 0.6165 0.6509
vt 0.6205 0.6565
vt 0.6125 0.6454
vt 0.6202 0.6433
vt 0.6244 0.6489
vt 0.6160 0.6378
vt 0.6231 0.6357
vt 0.6273 0.6411
vt 0.6193 0.6303
vt 0.6262 0.6283
vt 0.6300 0.6335
vt 0.6226 0.6231
vt 0.6293 0.6211
vt 0.6329 0.6262
vt 0.6259 0.6161
vt 0.6323 0.6141
vt 0.6357 0.6190
vt 0.6290 0.6093
vt 0.6350 0.6073
vt 0.6382 0.6120
vt 0.6320 0.6026
vt 0.6419 0.6166
vt 0.6458 0.6213
vt 0.6395 0.6239
vt 0.6497 0.6260
vt 0.6434 0.6288
vt 0.6540 0.6309
vt 0.6476 0.6337
vt 0.6586 0.6359
vt 0.6521 0.6389
vt 0.6637 0.6409
vt 0.6571 0.6441
vt 0.6690 0.6460
vt 0.6624 0.6493
vt 0.6745 0.6511
vt 0.6677 0.6547
vt 0.6801 0.6563
vt 0.6732 0.6601
vt 0.6858 0.6617
vt 0.6786 0.6655
vt 0.6914 0.6673
vt 0.6835 0.6711
vt 0.6750 0.6744
vt 0.6710 0.6689
vt 0.6872 0.6768
vt 0.6778 0.6800
vt 0.6690 0.6830
vt 0.6663 0.6773
vt 0.6803 0.6856
vt 0.6715 0.6888
vt 0.6829 0.6913
vt 0.6743 0.6943
vt 0.6862 0.6972
vt 0.6787 0.7002
vt 0.6909 0.7039
vt 0.6851 0.7070
vt 0.6804 0.7109
vt 0.6723 0.7036
vt 0.6882 0.7178
vt 0.6847 0.7219
vt 0.6765 0.7156
vt 0.6816 0.7263
vt 0.6734 0.7210
vt 0.6788 0.7309
vt 0.6706 0.7264
vt 0.6762 0.7354
vt 0.6681 0.7317
vt 0.6840 0.7398
vt 0.6815 0.7438
vt 0.6738 0.7400
vt 0.6920 0.7449
vt 0.6889 0.7479
vt 0.6863 0.7511
vt 0.6791 0.7476
vt 0.5257 0.8038
vt 0.5298 0.7965
vt 0.5344 0.8001
vt 0.5301 0.8068
vt 0.5387 0.8042
vt 0.5344 0.8102
vt 0.5386 0.7937
vt 0.5431 0.7982
vt 0.5430 0.7873
vt 0.5475 0.7923
vt 0.5474 0.7813
vt 0.5520 0.7867
vt 0.5521 0.7757
vt 0.5567 0.7811
vt 0.5573 0.7702
vt 0.5618 0.7759
vt 0.5633 0.7653
vt 0.5674 0.7711
vt 0.5596 0.7594
vt 0.5666 0.7549
vt 0.5699 0.7609
vt 0.5637 0.7488
vt 0.5710 0.7446
vt 0.5738 0.7507
vt 0.5684 0.7384
vt 0.5759 0.7345
vt 0.5783 0.7407
vt 0.5735 0.7284
vt 0.5811 0.7248
vt 0.5833 0.7310
vt 0.5788 0.7187
vt 0.5868 0.7155
vt 0.5889 0.7217
vt 0.5847 0.7095
vt 0.5932 0.7067
vt 0.5951 0.7128
vt 0.5911 0.7009
vt 0.6003 0.6985
vt 0.6021 0.7043
vt 0.5983 0.6928
vt 0.6079 0.6905
vt 0.6100 0.6962
vt 0.6055 0.6850
vt 0.6154 0.6827
vt 0.6179 0.6882
vt 0.6125 0.6773
vt 0.6223 0.6750
vt 0.6254 0.6805
vt 0.6188 0.6697
vt 0.6284 0.6675
vt 0.6321 0.6729
vt 0.6245 0.6622
vt 0.6332 0.6599
vt 0.6375 0.6654
vt 0.6287 0.6545
vt 0.6364 0.6521
vt 0.6412 0.6576
vt 0.6317 0.6467
vt 0.6388 0.6442
vt 0.6436 0.6496
vt 0.6342 0.6389
vt 0.6410 0.6364
vt 0.6455 0.6416
vt 0.6367 0.6313
vt 0.6504 0.6469
vt 0.6556 0.6523
vt 0.6486 0.6551
vt 0.6608 0.6578
vt 0.6536 0.6606
vt 0.6660 0.6634
vt 0.6585 0.6663
vt 0.6710 0.6689
vt 0.6627 0.6719
vt 0.6542 0.6743
vt 0.6504 0.6687
vt 0.6663 0.6773
vt 0.6577 0.6799
vt 0.6489 0.6821
vt 0.6453 0.6764
vt 0.6608 0.6857
vt 0.6524 0.6879
vt 0.6421 0.6897
vt 0.6388 0.6840
vt 0.6308 0.6917
vt 0.6282 0.6861
vt 0.6327 0.6975
vt 0.6218 0.6996
vt 0.6200 0.6939
vt 0.6338 0.7038
vt 0.6230 0.7057
vt 0.6341 0.7107
vt 0.6240 0.7121
vt 0.6447 0.7105
vt 0.6437 0.7180
vt 0.6340 0.7177
vt 0.6551 0.7118
vt 0.6531 0.7196
vt 0.6645 0.7160
vt 0.6620 0.7225
vt 0.6598 0.7286
vt 0.6514 0.7264
vt 0.6579 0.7346
vt 0.6498 0.7327
vt 0.6658 0.7370
vt 0.6642 0.7423
vt 0.6565 0.7404
vt 0.6738 0.7400
vt 0.6716 0.7446
vt 0.6701 0.7495
vt 0.6629 0.7477
vt 0.6791 0.7476
vt 0.6769 0.7516
vt 0.6757 0.7559
vt 0.6690 0.7545
vt 0.6841 0.7543
vt 0.6822 0.7573
vt 0.6817 0.7608
vt 0.6751 0.7603
vt 0.5385 0.8138
vt 0.5429 0.8085
vt 0.5467 0.8130
vt 0.5421 0.8180
vt 0.5473 0.8030
vt 0.5512 0.8078
vt 0.5517 0.7975
vt 0.5557 0.8024
vt 0.5563 0.7919
vt 0.5603 0.7970
vt 0.5611 0.7865
vt 0.5651 0.7920
vt 0.5660 0.7816
vt 0.5700 0.7873
vt 0.5713 0.7770
vt 0.5751 0.7830
vt 0.5769 0.7729
vt 0.5804 0.7789
vt 0.5734 0.7668
vt 0.5797 0.7628
vt 0.5828 0.7689
vt 0.5767 0.7567
vt 0.5835 0.7530
vt 0.5863 0.7591
vt 0.5809 0.7469
vt 0.5880 0.7434
vt 0.5905 0.7496
vt 0.5857 0.7372
vt 0.5931 0.7341
vt 0.5953 0.7403
vt 0.5909 0.7279
vt 0.5988 0.7251
vt 0.6007 0.7313
vt 0.5970 0.7189
vt 0.6055 0.7163
vt 0.6070 0.7226
vt 0.6038 0.7103
vt 0.6132 0.7079
vt 0.6144 0.7141
vt 0.6117 0.7020
vt 0.6156 0.7204
vt 0.6246 0.7187
vt 0.6253 0.7252
vt 0.6168 0.7268
vt 0.6340 0.7177
vt 0.6339 0.7245
vt 0.6339 0.7313
vt 0.6260 0.7319
vt 0.6427 0.7249
vt 0.6417 0.7317
vt 0.6412 0.7384
vt 0.6338 0.7382
vt 0.6486 0.7390
vt 0.6482 0.7453
vt 0.6410 0.7449
vt 0.6565 0.7404
vt 0.6555 0.7462
vt 0.6552 0.7521
vt 0.6481 0.7514
vt 0.6629 0.7477
vt 0.6621 0.7531
vt 0.6620 0.7586
vt 0.6553 0.7579
vt 0.6690 0.7545
vt 0.6685 0.7595
vt 0.6690 0.7646
vt 0.6625 0.7642
vt 0.6751 0.7603
vt 0.6752 0.7648
vt 0.6763 0.7694
vt 0.6699 0.7697
vt 0.6819 0.7645
vt 0.6826 0.7684
vt 0.5457 0.8222
vt 0.5504 0.8176
vt 0.5538 0.8224
vt 0.5488 0.8269
vt 0.5550 0.8126
vt 0.5585 0.8175
vt 0.5595 0.8074
vt 0.5631 0.8125
vt 0.5641 0.8023
vt 0.5678 0.8076
vt 0.5688 0.7975
vt 0.5725 0.8031
vt 0.5737 0.7931
vt 0.5773 0.7989
vt 0.5788 0.7890
vt 0.5822 0.7949
vt 0.5839 0.7850
vt 0.5873 0.7911
vt 0.5893 0.7812
vt 0.5925 0.7876
vt 0.5861 0.7750
vt 0.5920 0.7714
vt 0.5949 0.7778
vt 0.5891 0.7652
vt 0.5955 0.7619
vt 0.5982 0.7682
vt 0.5930 0.7557
vt 0.5999 0.7527
vt 0.6022 0.7591
vt 0.5976 0.7465
vt 0.6048 0.7438
vt 0.6068 0.7502
vt 0.6027 0.7376
vt 0.6103 0.7352
vt 0.6121 0.7416
vt 0.6086 0.7289
vt 0.6168 0.7268
vt 0.6180 0.7333
vt 0.6194 0.7398
vt 0.6260 0.7319
vt 0.6266 0.7386
vt 0.6274 0.7455
vt 0.6206 0.7465
vt 0.6338 0.7382
vt 0.6339 0.7450
vt 0.6346 0.7519
vt 0.6282 0.7525
vt 0.6410 0.7449
vt 0.6411 0.7513
vt 0.6419 0.7578
vt 0.6356 0.7585
vt 0.6481 0.7514
vt 0.6485 0.7575
vt 0.6495 0.7636
vt 0.6431 0.7641
vt 0.6553 0.7579
vt 0.6559 0.7638
vt 0.6572 0.7695
vt 0.6508 0.7697
vt 0.6625 0.7642
vt 0.6635 0.7697
vt 0.6650 0.7751
vt 0.6588 0.7753
vt 0.6699 0.7697
vt 0.6713 0.7748
vt 0.6731 0.7799
vt 0.6668 0.7806
vt 0.6777 0.7740
vt 0.6793 0.7788
vt 0.6840 0.7726
vt 0.6856 0.7770
vt 0.5520 0.8316
vt 0.5571 0.8272
vt 0.5602 0.8322
vt 0.5550 0.8366
vt 0.5619 0.8225
vt 0.5652 0.8276
vt 0.5666 0.8177
vt 0.5700 0.8230
vt 0.5713 0.8131
vt 0.5747 0.8186
vt 0.5760 0.8088
vt 0.5794 0.8146
vt 0.5807 0.8048
vt 0.5842 0.8108
vt 0.5856 0.8010
vt 0.5889 0.8072
vt 0.5905 0.7974
vt 0.5938 0.8038
vt 0.5957 0.7940
vt 0.5987 0.8006
vt 0.6009 0.7909
vt 0.6039 0.7975
vt 0.5979 0.7842
vt 0.6036 0.7813
vt 0.6063 0.7880
vt 0.6008 0.7747
vt 0.6069 0.7721
vt 0.6094 0.7788
vt 0.6045 0.7655
vt 0.6109 0.7633
vt 0.6130 0.7700
vt 0.6088 0.7566
vt 0.6154 0.7548
vt 0.6171 0.7615
vt 0.6137 0.7481
vt 0.6206 0.7465
vt 0.6218 0.7533
vt 0.6233 0.7603
vt 0.6282 0.7525
vt 0.6293 0.7593
vt 0.6310 0.7660
vt 0.6250 0.7671
vt 0.6356 0.7585
vt 0.6369 0.7650
vt 0.6387 0.7714
vt 0.6329 0.7726
vt 0.6431 0.7641
vt 0.6447 0.7703
vt 0.6467 0.7765
vt 0.6409 0.7777
vt 0.6508 0.7697
vt 0.6526 0.7756
vt 0.6547 0.7816
vt 0.6489 0.7826
vt 0.6588 0.7753
vt 0.6606 0.7810
vt 0.6627 0.7868
vt 0.6569 0.7876
vt 0.6668 0.7806
vt 0.6687 0.7861
vt 0.6708 0.7915
vt 0.6649 0.7926
vt 0.6750 0.7851
vt 0.6770 0.7903
vt 0.6812 0.7837
vt 0.6832 0.7886
vt 0.6874 0.7816
vt 0.6894 0.7863
vt 0.5582 0.8415
vt 0.5634 0.8372
vt 0.5666 0.8423
vt 0.5614 0.8465
vt 0.5684 0.8327
vt 0.5716 0.8379
vt 0.5733 0.8283
vt 0.5765 0.8338
vt 0.5781 0.8242
vt 0.5813 0.8300
vt 0.5828 0.8205
vt 0.5861 0.8265
vt 0.5875 0.8169
vt 0.5909 0.8231
vt 0.5922 0.8135
vt 0.5956 0.8200
vt 0.5970 0.8103
vt 0.6002 0.8168
vt 0.6018 0.8071
vt 0.6050 0.8136
vt 0.6068 0.8040
vt 0.6099 0.8104
vt 0.6121 0.8010
vt 0.6150 0.8073
vt 0.6092 0.7946
vt 0.6147 0.7920
vt 0.6176 0.7984
vt 0.6120 0.7854
vt 0.6177 0.7834
vt 0.6204 0.7899
vt 0.6152 0.7767
vt 0.6212 0.7751
vt 0.6235 0.7817
vt 0.6190 0.7683
vt 0.6250 0.7671
vt 0.6270 0.7737
vt 0.6293 0.7803
vt 0.6329 0.7726
vt 0.6350 0.7789
vt 0.6375 0.7852
vt 0.6319 0.7867
vt 0.6409 0.7777
vt 0.6432 0.7839
vt 0.6458 0.7900
vt 0.6402 0.7915
vt 0.6489 0.7826
vt 0.6512 0.7887
vt 0.6538 0.7950
vt 0.6484 0.7963
vt 0.6569 0.7876
vt 0.6592 0.7937
vt 0.6618 0.7999
vt 0.6564 0.8013
vt 0.6649 0.7926
vt 0.6672 0.7984
vt 0.6700 0.8039
vt 0.6645 0.8057
vt 0.6730 0.7969
vt 0.6756 0.8022
vt 0.6791 0.7953
vt 0.6814 0.8003
vt 0.6854 0.7934
vt 0.6876 0.7982
vt 0.6916 0.7910
vt 0.6937 0.7958
vt 0.5649 0.8515
vt 0.5700 0.8474
vt 0.5735 0.8526
vt 0.5684 0.8565
vt 0.5749 0.8432
vt 0.5783 0.8487
vt 0.5798 0.8394
vt 0.5831 0.8451
vt 0.5846 0.8358
vt 0.5879 0.8418
vt 0.5894 0.8325
vt 0.5927 0.8387
vt 0.5942 0.8294
vt 0.5975 0.8357
vt 0.5989 0.8264
vt 0.6023 0.8328
vt 0.6036 0.8233
vt 0.6069 0.8298
vt 0.6082 0.8201
vt 0.6115 0.8265
vt 0.6130 0.8167
vt 0.6162 0.8228
vt 0.6180 0.8134
vt 0.6211 0.8195
vt 0.6234 0.8106
vt 0.6264 0.8166
vt 0.6204 0.8046
vt 0.6261 0.8024
vt 0.6290 0.8084
vt 0.6232 0.7962
vt 0.6290 0.7945
vt 0.6318 0.8006
vt 0.6261 0.7882
vt 0.6319 0.7867
vt 0.6346 0.7929
vt 0.6375 0.7991
vt 0.6402 0.7915
vt 0.6430 0.7977
vt 0.6458 0.8040
vt 0.6403 0.8053
vt 0.6484 0.7963
vt 0.6511 0.8027
vt 0.6538 0.8090
vt 0.6484 0.8104
vt 0.6564 0.8013
vt 0.6592 0.8075
vt 0.6619 0.8132
vt 0.6564 0.8150
vt 0.6645 0.8057
vt 0.6673 0.8114
vt 0.6701 0.8167
vt 0.6646 0.8187
vt 0.6728 0.8094
vt 0.6756 0.8146
vt 0.6783 0.8074
vt 0.6811 0.8125
vt 0.6840 0.8052
vt 0.6866 0.8102
vt 0.6899 0.8029
vt 0.6922 0.8078
vt 0.6959 0.8006
vt 0.6980 0.8054
vt 0.5721 0.8617
vt 0.5771 0.8580
vt 0.5808 0.8635
vt 0.5758 0.8670
vt 0.5819 0.8543
vt 0.5855 0.8602
vt 0.5866 0.8510
vt 0.5902 0.8570
vt 0.5913 0.8478
vt 0.5948 0.8540
vt 0.5960 0.8449
vt 0.5995 0.8512
vt 0.6008 0.8420
vt 0.6042 0.8484
vt 0.6056 0.8392
vt 0.6089 0.8455
vt 0.6103 0.8361
vt 0.6136 0.8424
vt 0.6149 0.8327
vt 0.6183 0.8388
vt 0.6196 0.8290
vt 0.6229 0.8350
vt 0.6244 0.8255
vt 0.6277 0.8317
vt 0.6294 0.8228
vt 0.6326 0.8292
vt 0.6347 0.8208
vt 0.6377 0.8273
vt 0.6319 0.8146
vt 0.6375 0.8130
vt 0.6401 0.8194
vt 0.6347 0.8068
vt 0.6403 0.8053
vt 0.6429 0.8117
vt 0.6456 0.8181
vt 0.6484 0.8104
vt 0.6510 0.8167
vt 0.6537 0.8226
vt 0.6483 0.8243
vt 0.6564 0.8150
vt 0.6592 0.8207
vt 0.6620 0.8262
vt 0.6567 0.8283
vt 0.6646 0.8187
vt 0.6673 0.8240
vt 0.6702 0.8293
vt 0.6650 0.8316
vt 0.6727 0.8219
vt 0.6754 0.8271
vt 0.6782 0.8198
vt 0.6808 0.8249
vt 0.6838 0.8175
vt 0.6863 0.8225
vt 0.6893 0.8152
vt 0.6919 0.8201
vt 0.6948 0.8127
vt 0.6973 0.8177
vt 0.7003 0.8103
vt 0.7026 0.8152
vt 0.5796 0.8727
vt 0.5845 0.8694
vt 0.5882 0.8755
vt 0.5835 0.8787
vt 0.5892 0.8662
vt 0.5928 0.8724
vt 0.5938 0.8632
vt 0.5974 0.8695
vt 0.5984 0.8604
vt 0.6020 0.8667
vt 0.6030 0.8576
vt 0.6065 0.8639
vt 0.6076 0.8548
vt 0.6111 0.8611
vt 0.6123 0.8518
vt 0.6158 0.8580
vt 0.6170 0.8485
vt 0.6205 0.8545
vt 0.6217 0.8448
vt 0.6251 0.8508
vt 0.6263 0.8411
vt 0.6298 0.8473
vt 0.6310 0.8380
vt 0.6344 0.8443
vt 0.6358 0.8356
vt 0.6392 0.8420
vt 0.6409 0.8337
vt 0.6442 0.8399
vt 0.6461 0.8320
vt 0.6493 0.8380
vt 0.6430 0.8258
vt 0.6483 0.8243
vt 0.6514 0.8302
vt 0.6546 0.8360
vt 0.6567 0.8283
vt 0.6598 0.8339
vt 0.6631 0.8394
vt 0.6579 0.8416
vt 0.6650 0.8316
vt 0.6681 0.8370
vt 0.6714 0.8426
vt 0.6663 0.8450
vt 0.6732 0.8347
vt 0.6763 0.8401
vt 0.6782 0.8323
vt 0.6813 0.8377
vt 0.6835 0.8300
vt 0.6864 0.8352
vt 0.6889 0.8276
vt 0.6916 0.8328
vt 0.6944 0.8252
vt 0.6970 0.8304
vt 0.6998 0.8227
vt 0.7024 0.8280
vt 0.7051 0.8203
vt 0.7076 0.8256
vt 0.5871 0.8849
vt 0.5919 0.8818
vt 0.5955 0.8881
vt 0.5908 0.8913
vt 0.5965 0.8788
vt 0.6001 0.8851
vt 0.6011 0.8759
vt 0.6047 0.8822
vt 0.6056 0.8731
vt 0.6092 0.8793
vt 0.6101 0.8702
vt 0.6137 0.8763
vt 0.6147 0.8672
vt 0.6183 0.8731
vt 0.6193 0.8639
vt 0.6229 0.8696
vt 0.6240 0.8603
vt 0.6276 0.8659
vt 0.6287 0.8566
vt 0.6322 0.8624
vt 0.6333 0.8533
vt 0.6368 0.8592
vt 0.6379 0.8505
vt 0.6415 0.8565
vt 0.6426 0.8481
vt 0.6461 0.8539
vt 0.6475 0.8458
vt 0.6509 0.8516
vt 0.6527 0.8437
vt 0.6560 0.8494
vt 0.6579 0.8416
vt 0.6611 0.8473
vt 0.6642 0.8529
vt 0.6591 0.8551
vt 0.6663 0.8450
vt 0.6694 0.8506
vt 0.6724 0.8560
vt 0.6672 0.8585
vt 0.6746 0.8481
vt 0.6776 0.8536
vt 0.6796 0.8456
vt 0.6827 0.8511
vt 0.6845 0.8431
vt 0.6877 0.8486
vt 0.6895 0.8406
vt 0.6926 0.8462
vt 0.6946 0.8381
vt 0.6976 0.8437
vt 0.6998 0.8357
vt 0.7027 0.8413
vt 0.7051 0.8334
vt 0.7080 0.8391
vt 0.7104 0.8310
vt 0.7132 0.8368
vt 0.5945 0.8976
vt 0.5992 0.8944
vt 0.6030 0.9005
vt 0.5984 0.9038
vt 0.6039 0.8913
vt 0.6077 0.8973
vt 0.6084 0.8883
vt 0.6122 0.8941
vt 0.6129 0.8853
vt 0.6167 0.8909
vt 0.6174 0.8821
vt 0.6212 0.8876
vt 0.6219 0.8787
vt 0.6257 0.8841
vt 0.6265 0.8751
vt 0.6302 0.8805
vt 0.6311 0.8715
vt 0.6347 0.8770
vt 0.6358 0.8681
vt 0.6393 0.8737
vt 0.6404 0.8650
vt 0.6439 0.8708
vt 0.6450 0.8623
vt 0.6484 0.8681
vt 0.6496 0.8598
vt 0.6530 0.8656
vt 0.6542 0.8574
vt 0.6576 0.8632
vt 0.6591 0.8551
vt 0.6623 0.8609
vt 0.6655 0.8666
vt 0.6609 0.8690
vt 0.6672 0.8585
vt 0.6703 0.8640
vt 0.6736 0.8696
vt 0.6689 0.8722
vt 0.6754 0.8615
vt 0.6785 0.8669
vt 0.6806 0.8590
vt 0.6835 0.8645
vt 0.6857 0.8566
vt 0.6886 0.8622
vt 0.6907 0.8542
vt 0.6936 0.8599
vt 0.6957 0.8518
vt 0.6986 0.8575
vt 0.7007 0.8494
vt 0.7035 0.8552
vt 0.7057 0.8471
vt 0.7085 0.8530
vt 0.7108 0.8449
vt 0.7136 0.8508
vt 0.7160 0.8427
vt 0.7188 0.8487
vt 0.6026 0.9097
vt 0.6071 0.9063
vt 0.6113 0.9119
vt 0.6069 0.9154
vt 0.6116 0.9030
vt 0.6157 0.9085
vt 0.6161 0.8997
vt 0.6202 0.9051
vt 0.6206 0.8964
vt 0.6246 0.9017
vt 0.6251 0.8930
vt 0.6289 0.8983
vt 0.6295 0.8895
vt 0.6333 0.8949
vt 0.6339 0.8859
vt 0.6377 0.8914
vt 0.6383 0.8825
vt 0.6420 0.8880
vt 0.6428 0.8793
vt 0.6464 0.8849
vt 0.6473 0.8765
vt 0.6508 0.8822
vt 0.6519 0.8739
vt 0.6553 0.8797
vt 0.6564 0.8715
vt 0.6598 0.8772
vt 0.6609 0.8690
vt 0.6643 0.8748
vt 0.6677 0.8804
vt 0.6632 0.8829
vt 0.6689 0.8722
vt 0.6722 0.8778
vt 0.6755 0.8834
vt 0.6710 0.8860
vt 0.6769 0.8751
vt 0.6801 0.8807
vt 0.6816 0.8725
vt 0.6848 0.8782
vt 0.6865 0.8701
vt 0.6896 0.8758
vt 0.6915 0.8678
vt 0.6944 0.8735
vt 0.6965 0.8656
vt 0.6993 0.8713
vt 0.7014 0.8633
vt 0.7041 0.8692
vt 0.7063 0.8611
vt 0.7090 0.8670
vt 0.7112 0.8589
vt 0.7139 0.8650
vt 0.7163 0.8568
vt 0.7188 0.8629
vt 0.7214 0.8548
vt 0.7239 0.8610
vt 0.6114 0.9209
vt 0.6156 0.9173
vt 0.6201 0.9226
vt 0.6160 0.9262
vt 0.6199 0.9138
vt 0.6242 0.9191
vt 0.6243 0.9104
vt 0.6284 0.9157
vt 0.6286 0.9070
vt 0.6326 0.9123
vt 0.6329 0.9036
vt 0.6368 0.9089
vt 0.6372 0.9002
vt 0.6410 0.9055
vt 0.6414 0.8968
vt 0.6453 0.9021
vt 0.6457 0.8935
vt 0.6495 0.8990
vt 0.6500 0.8905
vt 0.6537 0.8961
vt 0.6544 0.8878
vt 0.6580 0.8935
vt 0.6588 0.8853
vt 0.6623 0.8910
vt 0.6632 0.8829
vt 0.6666 0.8885
vt 0.6700 0.8941
vt 0.6657 0.8966
vt 0.6710 0.8860
vt 0.6743 0.8916
vt 0.6776 0.8972
vt 0.6733 0.8997
vt 0.6788 0.8890
vt 0.6820 0.8946
vt 0.6833 0.8864
vt 0.6865 0.8920
vt 0.6880 0.8839
vt 0.6911 0.8895
vt 0.6927 0.8815
vt 0.6958 0.8872
vt 0.6974 0.8792
vt 0.7004 0.8850
vt 0.7021 0.8771
vt 0.7049 0.8830
vt 0.7069 0.8751
vt 0.7096 0.8810
vt 0.7116 0.8730
vt 0.7142 0.8791
vt 0.7164 0.8710
vt 0.7189 0.8772
vt 0.7213 0.8691
vt 0.7237 0.8753
vt 0.7263 0.8673
vt 0.7286 0.8736
vt 0.6206 0.9314
vt 0.6246 0.9278
vt 0.6292 0.9330
vt 0.6254 0.9366
vt 0.6286 0.9243
vt 0.6331 0.9295
vt 0.6327 0.9209
vt 0.6370 0.9260
vt 0.6368 0.9175
vt 0.6410 0.9226
vt 0.6408 0.9141
vt 0.6449 0.9192
vt 0.6449 0.9107
vt 0.6489 0.9158
vt 0.6491 0.9074
vt 0.6529 0.9127
vt 0.6532 0.9044
vt 0.6570 0.9097
vt 0.6574 0.9016
vt 0.6610 0.9071
vt 0.6616 0.8990
vt 0.6651 0.9046
vt 0.6657 0.8966
vt 0.6692 0.9021
vt 0.6726 0.9077
vt 0.6686 0.9101
vt 0.6733 0.8997
vt 0.6767 0.9053
vt 0.6800 0.9108
vt 0.6760 0.9132
vt 0.6809 0.9028
vt 0.6841 0.9083
vt 0.6852 0.9002
vt 0.6884 0.9058
vt 0.6897 0.8977
vt 0.6929 0.9033
vt 0.6943 0.8952
vt 0.6974 0.9009
vt 0.6989 0.8929
vt 0.7019 0.8986
vt 0.7033 0.8908
vt 0.7063 0.8966
vt 0.7077 0.8889
vt 0.7105 0.8948
vt 0.7122 0.8870
vt 0.7148 0.8930
vt 0.7167 0.8852
vt 0.7192 0.8913
vt 0.7213 0.8834
vt 0.7237 0.8896
vt 0.7260 0.8817
vt 0.7283 0.8881
vt 0.7308 0.8800
vt 0.7331 0.8865
vt 0.6301 0.9417
vt 0.6338 0.9381
vt 0.6386 0.9431
vt 0.6350 0.9467
vt 0.6376 0.9346
vt 0.6422 0.9396
vt 0.6414 0.9311
vt 0.6459 0.9361
vt 0.6452 0.9276
vt 0.6496 0.9326
vt 0.6490 0.9242
vt 0.6532 0.9292
vt 0.6529 0.9210
vt 0.6569 0.9261
vt 0.6568 0.9179
vt 0.6606 0.9231
vt 0.6607 0.9151
vt 0.6644 0.9204
vt 0.6646 0.9125
vt 0.6682 0.9180
vt 0.6686 0.9101
vt 0.6721 0.9156
vt 0.6755 0.9211
vt 0.6718 0.9234
vt 0.6760 0.9132
vt 0.6793 0.9187
vt 0.6826 0.9242
vt 0.6789 0.9265
vt 0.6833 0.9163
vt 0.6866 0.9218
vt 0.6874 0.9139
vt 0.6906 0.9193
vt 0.6917 0.9113
vt 0.6949 0.9168
vt 0.6961 0.9088
vt 0.6993 0.9143
vt 0.7006 0.9065
vt 0.7037 0.9121
vt 0.7049 0.9044
vt 0.7079 0.9101
vt 0.7092 0.9024
vt 0.7120 0.9083
vt 0.7133 0.9007
vt 0.7160 0.9067
vt 0.7174 0.8991
vt 0.7200 0.9052
vt 0.7216 0.8975
vt 0.7240 0.9038
vt 0.7260 0.8960
vt 0.7282 0.9024
vt 0.7305 0.8945
vt 0.7326 0.9010
vt 0.7352 0.8931
vt 0.7373 0.8997
vt 0.6399 0.9517
vt 0.6434 0.9481
vt 0.6483 0.9531
vt 0.6449 0.9567
vt 0.6469 0.9445
vt 0.6517 0.9494
vt 0.6505 0.9410
vt 0.6551 0.9459
vt 0.6540 0.9375
vt 0.6585 0.9424
vt 0.6575 0.9342
vt 0.6618 0.9392
vt 0.6610 0.9311
vt 0.6650 0.9362
vt 0.6645 0.9283
vt 0.6684 0.9335
vt 0.6681 0.9257
vt 0.6718 0.9310
vt 0.6718 0.9234
vt 0.6753 0.9287
vt 0.6789 0.9340
vt 0.6755 0.9363
vt 0.6789 0.9265
vt 0.6824 0.9318
vt 0.6858 0.9370
vt 0.6824 0.9392
vt 0.6860 0.9296
vt 0.6893 0.9348
vt 0.6899 0.9272
vt 0.6932 0.9325
vt 0.6939 0.9247
vt 0.6972 0.9300
vt 0.6982 0.9222
vt 0.7014 0.9276
vt 0.7025 0.9199
vt 0.7056 0.9253
vt 0.7067 0.9177
vt 0.7097 0.9234
vt 0.7108 0.9158
vt 0.7136 0.9216
vt 0.7148 0.9142
vt 0.7174 0.9201
vt 0.7186 0.9127
vt 0.7212 0.9188
vt 0.7224 0.9114
vt 0.7249 0.9176
vt 0.7264 0.9101
vt 0.7287 0.9164
vt 0.7305 0.9088
vt 0.7327 0.9154
vt 0.7347 0.9076
vt 0.7369 0.9143
vt 0.7393 0.9064
vt 0.7414 0.9132
vt 0.6500 0.9617
vt 0.6533 0.9580
vt 0.6584 0.9629
vt 0.6551 0.9666
vt 0.6566 0.9543
vt 0.6615 0.9592
vt 0.6598 0.9507
vt 0.6646 0.9556
vt 0.6630 0.9473
vt 0.6675 0.9522
vt 0.6661 0.9442
vt 0.6704 0.9492
vt 0.6691 0.9413
vt 0.6732 0.9464
vt 0.6723 0.9387
vt 0.6762 0.9438
vt 0.6755 0.9363
vt 0.6792 0.9414
vt 0.6829 0.9465
vt 0.6801 0.9489
vt 0.6824 0.9392
vt 0.6860 0.9443
vt 0.6896 0.9492
vt 0.6868 0.9514
vt 0.6892 0.9421
vt 0.6926 0.9470
vt 0.6927 0.9399
vt 0.6960 0.9448
vt 0.6965 0.9376
vt 0.6997 0.9426
vt 0.7005 0.9352
vt 0.7037 0.9403
vt 0.7046 0.9329
vt 0.7077 0.9382
vt 0.7086 0.9308
vt 0.7115 0.9363
vt 0.7125 0.9290
vt 0.7152 0.9347
vt 0.7163 0.9274
vt 0.7188 0.9333
vt 0.7200 0.9261
vt 0.7224 0.9321
vt 0.7236 0.9249
vt 0.7259 0.9311
vt 0.7273 0.9238
vt 0.7295 0.9302
vt 0.7310 0.9229
vt 0.7332 0.9295
vt 0.7349 0.9220
vt 0.7370 0.9287
vt 0.7390 0.9211
vt 0.7411 0.9280
vt 0.7434 0.9201
vt 0.7455 0.9272
vt 0.6604 0.9716
vt 0.6635 0.9679
vt 0.6689 0.9728
vt 0.6659 0.9766
vt 0.6666 0.9641
vt 0.6718 0.9689
vt 0.6694 0.9605
vt 0.6744 0.9653
vt 0.6721 0.9572
vt 0.6768 0.9620
vt 0.6747 0.9542
vt 0.6792 0.9591
vt 0.6774 0.9514
vt 0.6816 0.9564
vt 0.6801 0.9489
vt 0.6841 0.9538
vt 0.6884 0.9586
vt 0.6862 0.9611
vt 0.6868 0.9514
vt 0.6907 0.9561
vt 0.6951 0.9608
vt 0.6931 0.9632
vt 0.6932 0.9539
vt 0.6971 0.9585
vt 0.6960 0.9517
vt 0.6995 0.9563
vt 0.6992 0.9496
vt 0.7023 0.9542
vt 0.7028 0.9474
vt 0.7057 0.9522
vt 0.7067 0.9454
vt 0.7095 0.9503
vt 0.7106 0.9435
vt 0.7132 0.9487
vt 0.7142 0.9418
vt 0.7166 0.9474
vt 0.7177 0.9404
vt 0.7199 0.9463
vt 0.7211 0.9392
vt 0.7231 0.9454
vt 0.7245 0.9382
vt 0.7263 0.9446
vt 0.7280 0.9374
vt 0.7297 0.9439
vt 0.7315 0.9367
vt 0.7331 0.9434
vt 0.7352 0.9361
vt 0.7366 0.9430
vt 0.7389 0.9356
vt 0.7403 0.9426
vt 0.7430 0.9351
vt 0.7443 0.9423
vt 0.7474 0.9346
vt 0.7490 0.9420
vt 0.6717 0.9817
vt 0.6746 0.9776
vt 0.6806 0.9819
vt 0.6779 0.9863
vt 0.6773 0.9736
vt 0.6832 0.9778
vt 0.6796 0.9699
vt 0.6854 0.9742
vt 0.6818 0.9667
vt 0.6874 0.9711
vt 0.6840 0.9638
vt 0.6893 0.9683
vt 0.6862 0.9611
vt 0.6911 0.9656
vt 0.6975 0.9702
vt 0.6958 0.9727
vt 0.6931 0.9632
vt 0.6989 0.9676
vt 0.7003 0.9651
vt 0.7017 0.9627
vt 0.7033 0.9604
vt 0.7055 0.9584
vt 0.7083 0.9566
vt 0.7117 0.9551
vt 0.7152 0.9540
vt 0.7186 0.9531
vt 0.7217 0.9525
vt 0.7247 0.9520
vt 0.7273 0.9516
vt 0.7308 0.9510
vt 0.7341 0.9506
vt 0.7374 0.9501
vt 0.7410 0.9495
vt 0.7449 0.9492
vt 0.7497 0.9491
vt 0.6839 0.9900
vt 0.6868 0.9855
vt 0.6896 0.9815
vt 0.6919 0.9782
vt 0.6940 0.9754
vt 0.6355 0.6785
vt 0.6415 0.6710
vt 0.6459 0.6632
vt 0.4509 0.7199
vt 0.4507 0.7127
vt 0.4505 0.7054
vt 0.4502 0.6980
vt 0.4500 0.6904
vt 0.4497 0.6829
vt 0.4494 0.6752
vt 0.4491 0.6672
vt 0.4491 0.6591
vt 0.4491 0.6510
vt 0.4491 0.6429
vt 0.4490 0.6352
vt 0.4490 0.6273
vt 0.4489 0.6192
vt 0.4490 0.6111
vt 0.4490 0.6029
vt 0.4491 0.5946
vt 0.4491 0.5863
vt 0.4492 0.5780
vt 0.4493 0.5696
vt 0.4494 0.5612
vt 0.4494 0.5528
vt 0.4495 0.5444
vt 0.4496 0.5359
vt 0.4497 0.5275
vt 0.4499 0.5191
vt 0.4501 0.5108
vt 0.4503 0.5026
vt 0.4506 0.4944
vt 0.4508 0.4864
vt 0.4512 0.4784
vt 0.4517 0.4704
vt 0.4523 0.4627
vt 0.4529 0.4551
vt 0.4535 0.4474
vt 0.4500 0.4071
vt 0.4476 0.3882
vt 0.4449 0.3689
vt 0.4439 0.3503
vt 0.4510 0.3862
vt 0.4549 0.4051
vt 0.4589 0.4024
vt 0.4698 0.4129
vt 0.4781 0.4228
vt 0.4817 0.4161
vt 0.4900 0.4223
vt 0.4866 0.4294
vt 0.4934 0.4155
vt 0.5014 0.4205
vt 0.4982 0.4274
vt 0.5046 0.4135
vt 0.5125 0.4179
vt 0.5093 0.4248
vt 0.5156 0.4110
vt 0.5234 0.4150
vt 0.5203 0.4218
vt 0.5265 0.4081
vt 0.5342 0.4117
vt 0.5312 0.4186
vt 0.5372 0.4048
vt 0.5448 0.4081
vt 0.5419 0.4150
vt 0.5478 0.4011
vt 0.5554 0.4042
vt 0.5525 0.4112
vt 0.5583 0.3972
vt 0.5658 0.4000
vt 0.5629 0.4070
vt 0.5687 0.3932
vt 0.5760 0.3958
vt 0.5732 0.4027
vt 0.5789 0.3891
vt 0.5862 0.3916
vt 0.5834 0.3983
vt 0.5891 0.3851
vt 0.5963 0.3875
vt 0.5935 0.3940
vt 0.5992 0.3812
vt 0.6064 0.3837
vt 0.6036 0.3899
vt 0.6093 0.3776
vt 0.6164 0.3801
vt 0.6136 0.3861
vt 0.6193 0.3741
vt 0.6264 0.3766
vt 0.6237 0.3824
vt 0.6293 0.3708
vt 0.6364 0.3733
vt 0.6337 0.3790
vt 0.6391 0.3676
vt 0.6462 0.3701
vt 0.6436 0.3757
vt 0.6489 0.3645
vt 0.6560 0.3671
vt 0.6534 0.3725
vt 0.6586 0.3616
vt 0.6656 0.3642
vt 0.6632 0.3696
vt 0.6680 0.3589
vt 0.6751 0.3615
vt 0.6728 0.3668
vt 0.6774 0.3562
vt 0.6843 0.3589
vt 0.6822 0.3641
vt 0.6865 0.3538
vt 0.6934 0.3564
vt 0.6913 0.3615
vt 0.6954 0.3513
vt 0.7021 0.3540
vt 0.7002 0.3590
vt 0.7040 0.3490
vt 0.7105 0.3517
vt 0.7088 0.3566
vt 0.7124 0.3469
vt 0.7187 0.3495
vt 0.7171 0.3544
vt 0.7205 0.3447
vt 0.5492 0.2248
vt 0.5532 0.2300
vt 0.5473 0.2350
vt 0.5430 0.2297
vt 0.5554 0.2200
vt 0.5593 0.2250
vt 0.5634 0.2298
vt 0.5576 0.2350
vt 0.5692 0.2246
vt 0.5734 0.2294
vt 0.5678 0.2346
vt 0.5790 0.2242
vt 0.5832 0.2290
vt 0.5777 0.2342
vt 0.5885 0.2237
vt 0.5928 0.2283
vt 0.5876 0.2336
vt 0.5979 0.2229
vt 0.6023 0.2273
vt 0.5972 0.2327
vt 0.6072 0.2219
vt 0.6117 0.2261
vt 0.6068 0.2315
vt 0.6164 0.2208
vt 0.6210 0.2248
vt 0.6163 0.2301
vt 0.6256 0.2195
vt 0.6302 0.2236
vt 0.6256 0.2287
vt 0.6347 0.2185
vt 0.6393 0.2226
vt 0.6348 0.2276
vt 0.6437 0.2175
vt 0.6482 0.2218
vt 0.6439 0.2268
vt 0.6526 0.2168
vt 0.6571 0.2211
vt 0.6527 0.2261
vt 0.6614 0.2161
vt 0.6660 0.2202
vt 0.6616 0.2253
vt 0.6703 0.2151
vt 0.6748 0.2189
vt 0.6705 0.2241
vt 0.6792 0.2138
vt 0.6837 0.2176
vt 0.6794 0.2227
vt 0.6880 0.2125
vt 0.6926 0.2161
vt 0.6883 0.2213
vt 0.6968 0.2111
vt 0.7014 0.2147
vt 0.6971 0.2198
vt 0.7056 0.2096
vt 0.7101 0.2132
vt 0.7059 0.2183
vt 0.7143 0.2081
vt 0.7188 0.2117
vt 0.7147 0.2168
vt 0.7229 0.2066
vt 0.7274 0.2101
vt 0.7233 0.2152
vt 0.7314 0.2050
vt 0.7358 0.2085
vt 0.7318 0.2136
vt 0.7397 0.2033
vt 0.7440 0.2067
vt 0.7401 0.2119
vt 0.7478 0.2015
vt 0.7520 0.2048
vt 0.7483 0.2101
vt 0.7558 0.1995
vt 0.7598 0.2028
vt 0.7562 0.2081
vt 0.7635 0.1975
vt 0.7675 0.2006
vt 0.7639 0.2059
vt 0.7711 0.1954
vt 0.7748 0.1983
vt 0.7714 0.2036
vt 0.7782 0.1930
vt 0.7816 0.1956
vt 0.7784 0.2010
vt 0.7849 0.1902
vt 0.7882 0.1925
vt 0.7851 0.1979
vt 0.7914 0.1872
vt 0.7945 0.1893
vt 0.7915 0.1946
vt 0.7977 0.1840
vt 0.8008 0.1860
vt 0.7978 0.1913
vt 0.8041 0.1807
vt 0.8072 0.1825
vt 0.8041 0.1879
vt 0.8107 0.1770
vt 0.8145 0.1711
vt 0.8139 0.1789
vt 0.8105 0.1845
vt 0.8177 0.1730
vt 0.7177 0.0762
vt 0.7177 0.0762
vt 0.7216 0.0797
vt 0.7181 0.0856
vt 0.7147 0.0831
vt 0.7266 0.0747
vt 0.7304 0.0783
vt 0.7256 0.0834
vt 0.7355 0.0731
vt 0.7392 0.0769
vt 0.7343 0.0822
vt 0.7430 0.0810
vt 0.7382 0.0862
vt 0.7468 0.0853
vt 0.7422 0.0904
vt 0.7506 0.0894
vt 0.7458 0.0943
vt 0.7539 0.0929
vt 0.7491 0.0977
vt 0.7587 0.0882
vt 0.7617 0.0913
vt 0.7569 0.0960
vt 0.7666 0.0868
vt 0.7696 0.0898
vt 0.7647 0.0943
vt 0.7745 0.0853
vt 0.7775 0.0883
vt 0.7725 0.0927
vt 0.7824 0.0837
vt 0.7856 0.0869
vt 0.7806 0.0913
vt 0.7907 0.0824
vt 0.7945 0.0859
vt 0.7893 0.0903
vt 0.7994 0.0816
vt 0.8036 0.0854
vt 0.7986 0.0896
vt 0.8082 0.0814
vt 0.8127 0.0848
vt 0.8080 0.0891
vt 0.8169 0.0807
vt 0.8213 0.0832
vt 0.8173 0.0877
vt 0.8249 0.0786
vt 0.8284 0.0794
vt 0.8253 0.0847
vt 0.8312 0.0741
vt 0.8340 0.0742
vt 0.8316 0.0798
vt 0.8362 0.0683
vt 0.8385 0.0681
vt 0.8367 0.0740
vt 0.8401 0.0618
vt 0.8421 0.0614
vt 0.8408 0.0677
vt 0.8432 0.0547
vt 0.8453 0.0539
vt 0.8443 0.0608
vt 0.8457 0.0468
vt 0.8477 0.0458
vt 0.8476 0.0532
vt 0.8499 0.0450
vt 0.8500 0.0523
vt 0.8522 0.0443
vt 0.8526 0.0515
vt 0.8525 0.0580
vt 0.8495 0.0591
vt 0.8566 0.0567
vt 0.8566 0.0627
vt 0.8523 0.0642
vt 0.8618 0.0549
vt 0.8623 0.0611
vt 0.8675 0.0528
vt 0.8686 0.0595
vt 0.8727 0.0504
vt 0.8748 0.0579
vt 0.8693 0.0433
vt 0.8642 0.0373
vt 0.8206 0.0128
vt 0.8195 0.0173
vt 0.8121 0.0179
vt 0.8124 0.0130
vt 0.8294 0.0145
vt 0.8266 0.0178
vt 0.8243 0.0213
vt 0.8182 0.0212
vt 0.8227 0.0242
vt 0.8172 0.0245
vt 0.8215 0.0269
vt 0.8164 0.0276
vt 0.8207 0.0294
vt 0.8158 0.0304
vt 0.8249 0.0291
vt 0.8243 0.0315
vt 0.8203 0.0320
vt 0.8278 0.0316
vt 0.8241 0.0340
vt 0.8202 0.0346
vt 0.8245 0.0368
vt 0.8207 0.0376
vt 0.8259 0.0398
vt 0.8219 0.0408
vt 0.8295 0.0386
vt 0.8177 0.0422
vt 0.8164 0.0390
vt 0.8131 0.0444
vt 0.8117 0.0412
vt 0.8084 0.0474
vt 0.8068 0.0441
vt 0.8039 0.0510
vt 0.8020 0.0476
vt 0.8007 0.0441
vt 0.8057 0.0409
vt 0.7974 0.0515
vt 0.7958 0.0479
vt 0.7947 0.0444
vt 0.7999 0.0407
vt 0.7910 0.0521
vt 0.7896 0.0484
vt 0.7888 0.0447
vt 0.7941 0.0410
vt 0.7884 0.0410
vt 0.7936 0.0376
vt 0.7881 0.0369
vt 0.7933 0.0338
vt 0.7880 0.0320
vt 0.7931 0.0292
vt 0.7833 0.0347
vt 0.7833 0.0285
vt 0.7879 0.0262
vt 0.7787 0.0368
vt 0.7791 0.0307
vt 0.7785 0.0246
vt 0.7826 0.0223
vt 0.7751 0.0325
vt 0.7751 0.0267
vt 0.7713 0.0336
vt 0.7722 0.0282
vt 0.7678 0.0335
vt 0.7697 0.0288
vt 0.7646 0.0322
vt 0.7674 0.0283
vt 0.7618 0.0300
vt 0.7651 0.0269
vt 0.7588 0.0333
vt 0.7560 0.0299
vt 0.7592 0.0272
vt 0.7534 0.0264
vt 0.7568 0.0240
vt 0.7493 0.0298
vt 0.7468 0.0264
vt 0.7510 0.0230
vt 0.7449 0.0340
vt 0.7420 0.0306
vt 0.7395 0.0273
vt 0.7444 0.0229
vt 0.7376 0.0360
vt 0.7348 0.0329
vt 0.7321 0.0301
vt 0.7370 0.0241
vt 0.7310 0.0396
vt 0.7282 0.0373
vt 0.7254 0.0352
vt 0.7293 0.0276
vt 0.7252 0.0444
vt 0.7225 0.0425
vt 0.8247 0.1611
vt 0.8233 0.1581
vt 0.8305 0.1565
vt 0.8321 0.1596
vt 0.8180 0.1622
vt 0.8167 0.1593
vt 0.8153 0.1564
vt 0.8218 0.1551
vt 0.8108 0.1607
vt 0.8093 0.1579
vt 0.8077 0.1551
vt 0.8138 0.1534
vt 0.8039 0.1599
vt 0.8020 0.1572
vt 0.7999 0.1542
vt 0.8058 0.1519
vt 0.7968 0.1601
vt 0.7944 0.1573
vt 0.7918 0.1541
vt 0.7975 0.1510
vt 0.7894 0.1610
vt 0.7865 0.1578
vt 0.7833 0.1543
vt 0.7888 0.1506
vt 0.7815 0.1619
vt 0.7782 0.1585
vt 0.7748 0.1550
vt 0.7801 0.1507
vt 0.7733 0.1630
vt 0.7699 0.1596
vt 0.7665 0.1561
vt 0.7715 0.1514
vt 0.7652 0.1643
vt 0.7617 0.1609
vt 0.7581 0.1574
vt 0.7630 0.1526
vt 0.7570 0.1658
vt 0.7534 0.1624
vt 0.7498 0.1590
vt 0.7546 0.1540
vt 0.7488 0.1674
vt 0.7451 0.1641
vt 0.7414 0.1607
vt 0.7462 0.1556
vt 0.7404 0.1692
vt 0.7366 0.1658
vt 0.7329 0.1625
vt 0.7377 0.1574
vt 0.7320 0.1709
vt 0.7282 0.1675
vt 0.7244 0.1641
vt 0.7293 0.1591
vt 0.7236 0.1726
vt 0.7197 0.1691
vt 0.7159 0.1655
vt 0.7208 0.1606
vt 0.7150 0.1740
vt 0.7111 0.1704
vt 0.7072 0.1669
vt 0.7121 0.1620
vt 0.7064 0.1753
vt 0.7024 0.1717
vt 0.6985 0.1681
vt 0.7034 0.1633
vt 0.6976 0.1766
vt 0.6936 0.1729
vt 0.6896 0.1691
vt 0.6945 0.1644
vt 0.6889 0.1777
vt 0.6848 0.1738
vt 0.6807 0.1699
vt 0.6856 0.1652
vt 0.6800 0.1786
vt 0.6759 0.1746
vt 0.6718 0.1704
vt 0.6767 0.1658
vt 0.6711 0.1793
vt 0.6669 0.1751
vt 0.6628 0.1709
vt 0.6678 0.1662
vt 0.6622 0.1799
vt 0.6580 0.1756
vt 0.6539 0.1713
vt 0.6588 0.1665
vt 0.6533 0.1804
vt 0.6491 0.1761
vt 0.6449 0.1717
vt 0.6499 0.1669
vt 0.6444 0.1809
vt 0.6401 0.1766
vt 0.6359 0.1723
vt 0.6409 0.1673
vt 0.6354 0.1816
vt 0.6311 0.1773
vt 0.6270 0.1728
vt 0.6319 0.1678
vt 0.6264 0.1824
vt 0.6222 0.1779
vt 0.6181 0.1733
vt 0.6229 0.1683
vt 0.6176 0.1829
vt 0.6134 0.1783
vt 0.6091 0.1737
vt 0.6138 0.1687
vt 0.6088 0.1833
vt 0.6045 0.1787
vt 0.6002 0.1743
vt 0.6048 0.1691
vt 0.6000 0.1838
vt 0.5957 0.1794
vt 0.7452 0.3039
vt 0.7404 0.3000
vt 0.7448 0.2952
vt 0.7496 0.2991
vt 0.7410 0.3085
vt 0.7362 0.3047
vt 0.7313 0.3012
vt 0.7355 0.2964
vt 0.7324 0.3093
vt 0.7274 0.3059
vt 0.7223 0.3026
vt 0.7263 0.2978
vt 0.7239 0.3106
vt 0.7187 0.3074
vt 0.7135 0.3043
vt 0.7172 0.2994
vt 0.7154 0.3123
vt 0.7101 0.3093
vt 0.7048 0.3062
vt 0.7082 0.3012
vt 0.7070 0.3142
vt 0.7015 0.3111
vt 0.6959 0.3080
vt 0.6993 0.3030
vt 0.6984 0.3160
vt 0.6927 0.3129
vt 0.6871 0.3097
vt 0.6904 0.3048
vt 0.6897 0.3178
vt 0.6839 0.3147
vt 0.6782 0.3116
vt 0.6815 0.3066
vt 0.6809 0.3197
vt 0.6751 0.3167
vt 0.6693 0.3135
vt 0.6726 0.3085
vt 0.6720 0.3218
vt 0.6661 0.3186
vt 0.6602 0.3154
vt 0.6635 0.3103
vt 0.6629 0.3238
vt 0.6569 0.3206
vt 0.6510 0.3175
vt 0.6544 0.3121
vt 0.6538 0.3260
vt 0.6477 0.3229
vt 0.6417 0.3199
vt 0.6452 0.3144
vt 0.6445 0.3284
vt 0.6384 0.3254
vt 0.6324 0.3222
vt 0.6359 0.3167
vt 0.6349 0.3310
vt 0.6288 0.3278
vt 0.6228 0.3245
vt 0.6264 0.3188
vt 0.6253 0.3335
vt 0.6191 0.3302
vt 0.6131 0.3268
vt 0.6169 0.3210
vt 0.6155 0.3360
vt 0.6094 0.3328
vt 0.6034 0.3295
vt 0.6072 0.3234
vt 0.6057 0.3388
vt 0.5996 0.3356
vt 0.5935 0.3323
vt 0.5974 0.3262
vt 0.5958 0.3417
vt 0.5896 0.3385
vt 0.5834 0.3353
vt 0.5874 0.3291
vt 0.5857 0.3448
vt 0.5794 0.3415
vt 0.5732 0.3380
vt 0.5773 0.3318
vt 0.5755 0.3478
vt 0.5691 0.3443
vt 0.5629 0.3406
vt 0.5670 0.3343
vt 0.5652 0.3507
vt 0.5588 0.3470
vt 0.5525 0.3430
vt 0.5566 0.3366
vt 0.5548 0.3535
vt 0.5484 0.3495
vt 0.5421 0.3452
vt 0.5463 0.3387
vt 0.5444 0.3561
vt 0.5380 0.3518
vt 0.5318 0.3472
vt 0.5360 0.3406
vt 0.5340 0.3585
vt 0.5275 0.3538
vt 0.5213 0.3486
vt 0.5256 0.3420
vt 0.5235 0.3605
vt 0.5170 0.3552
vt 0.5107 0.3492
vt 0.5151 0.3428
vt 0.5128 0.3618
vt 0.5062 0.3557
vt 0.5000 0.3489
vt 0.5046 0.3426
vt 0.5019 0.3622
vt 0.4953 0.3552
vt 0.4891 0.3473
vt 0.4940 0.3414
vt 0.4906 0.3615
vt 0.4840 0.3531
vt 0.4783 0.3438
vt 0.4835 0.3386
vt 0.4790 0.3589
vt 0.4729 0.3486
vt 0.4684 0.3380
vt 0.4736 0.3340
vt 0.4676 0.3530
vt 0.4632 0.3416
vt 0.4605 0.3305
vt 0.4651 0.3277
vt 0.4583 0.3442
vt 0.4562 0.3326
vt 0.4549 0.3216
vt 0.4584 0.3201
vt 0.4528 0.3334
vt 0.4518 0.3225
vt 0.4513 0.3112
vt 0.4532 0.3112
vt 0.4496 0.3224
vt 0.4498 0.3111
vt 0.6988 0.4517
vt 0.6877 0.4528
vt 0.6878 0.4483
vt 0.6987 0.4480
vt 0.6773 0.4530
vt 0.6775 0.4481
vt 0.6668 0.4527
vt 0.6673 0.4476
vt 0.6662 0.4580
vt 0.6560 0.4575
vt 0.6568 0.4521
vt 0.6654 0.4634
vt 0.6550 0.4630
vt 0.6455 0.4628
vt 0.6464 0.4570
vt 0.6538 0.4687
vt 0.6445 0.4688
vt 0.6523 0.4749
vt 0.6433 0.4752
vt 0.6505 0.4815
vt 0.6419 0.4818
vt 0.6484 0.4887
vt 0.6403 0.4887
vt 0.6461 0.4959
vt 0.6382 0.4956
vt 0.6436 0.5028
vt 0.6359 0.5023
vt 0.6409 0.5095
vt 0.6332 0.5088
vt 0.6380 0.5157
vt 0.6303 0.5149
vt 0.6349 0.5217
vt 0.6274 0.5208
vt 0.6320 0.5274
vt 0.6245 0.5265
vt 0.6172 0.5255
vt 0.6200 0.5198
vt 0.6218 0.5320
vt 0.6145 0.5310
vt 0.6070 0.5300
vt 0.6096 0.5245
vt 0.6121 0.5364
vt 0.6047 0.5355
vt 0.5971 0.5346
vt 0.5993 0.5290
vt 0.6027 0.5410
vt 0.5952 0.5402
vt 0.5877 0.5395
vt 0.5895 0.5337
vt 0.5937 0.5459
vt 0.5863 0.5454
vt 0.5788 0.5448
vt 0.5802 0.5388
vt 0.5852 0.5513
vt 0.5778 0.5509
vt 0.5704 0.5506
vt 0.5714 0.5442
vt 0.5772 0.5571
vt 0.5698 0.5569
vt 0.5624 0.5565
vt 0.5630 0.5500
vt 0.5695 0.5633
vt 0.5620 0.5631
vt 0.5545 0.5626
vt 0.5549 0.5559
vt 0.5620 0.5696
vt 0.5543 0.5695
vt 0.5468 0.5690
vt 0.5470 0.5619
vt 0.5545 0.5762
vt 0.5468 0.5762
vt 0.5394 0.5755
vt 0.5395 0.5680
vt 0.5472 0.5832
vt 0.5396 0.5832
vt 0.5323 0.5819
vt 0.5321 0.5740
vt 0.5402 0.5907
vt 0.5326 0.5898
vt 0.5247 0.5875
vt 0.5246 0.5797
vt 0.5163 0.5849
vt 0.5164 0.5774
vt 0.5079 0.5827
vt 0.5081 0.5752
vt 0.4996 0.5808
vt 0.4999 0.5733
vt 0.4916 0.5793
vt 0.4920 0.5717
vt 0.4912 0.5869
vt 0.4835 0.5859
vt 0.4839 0.5782
vt 0.4906 0.5944
vt 0.4830 0.5937
vt 0.4757 0.5934
vt 0.4762 0.5855
vt 0.4823 0.6014
vt 0.4752 0.6013
vt 0.4817 0.6091
vt 0.4747 0.6092
vt 0.4810 0.6167
vt 0.4743 0.6171
vt 0.4804 0.6244
vt 0.4739 0.6250
vt 0.4800 0.6320
vt 0.4737 0.6329
vt 0.4864 0.6312
vt 0.4862 0.6383
vt 0.4798 0.6396
vt 0.4865 0.6453
vt 0.4801 0.6473
vt 0.4872 0.6525
vt 0.4808 0.6551
vt 0.4938 0.6500
vt 0.4951 0.6568
vt 0.4885 0.6599
vt 0.5005 0.6473
vt 0.5020 0.6537
vt 0.5036 0.6602
vt 0.4967 0.6638
vt 0.4899 0.6673
vt 0.4984 0.6708
vt 0.4910 0.6745
vt 0.4835 0.6774
vt 0.4828 0.6701
vt 0.4921 0.6815
vt 0.4845 0.6847
vt 0.4775 0.6874
vt 0.4766 0.6796
vt 0.4858 0.6921
vt 0.4787 0.6952
vt 0.4720 0.6970
vt 0.4710 0.6891
vt 0.4801 0.7030
vt 0.4731 0.7046
vt 0.4658 0.7050
vt 0.4649 0.6975
vt 0.4740 0.7122
vt 0.4665 0.7124
vt 0.4587 0.7125
vt 0.4582 0.7052
vt 0.4669 0.7198
vt 0.4590 0.7199
vt 0.4577 0.6978
vt 0.4572 0.6902
vt 0.4642 0.6898
vt 0.4567 0.6826
vt 0.4635 0.6820
vt 0.4700 0.6811
vt 0.4626 0.6742
vt 0.4691 0.6733
vt 0.4758 0.6720
vt 0.4685 0.6657
vt 0.4752 0.6647
vt 0.4819 0.6628
vt 0.4745 0.6571
vt 0.4808 0.6551
vt 0.4745 0.6571
vt 0.4681 0.6582
vt 0.4680 0.6502
vt 0.4740 0.6491
vt 0.4618 0.6586
vt 0.4618 0.6506
vt 0.4620 0.6664
vt 0.4556 0.6669
vt 0.4554 0.6589
vt 0.4626 0.6742
vt 0.4560 0.6748
vt 0.4567 0.6826
vt 0.4555 0.6508
vt 0.4555 0.6429
vt 0.4617 0.6425
vt 0.4553 0.6350
vt 0.4615 0.6344
vt 0.4678 0.6419
vt 0.4676 0.6337
vt 0.4614 0.6264
vt 0.4676 0.6257
vt 0.4737 0.6329
vt 0.4737 0.6409
vt 0.4614 0.6264
vt 0.4552 0.6270
vt 0.4552 0.6189
vt 0.4614 0.6183
vt 0.4678 0.6177
vt 0.4616 0.6102
vt 0.4681 0.6096
vt 0.4616 0.6102
vt 0.4552 0.6107
vt 0.4554 0.6025
vt 0.4618 0.6020
vt 0.4684 0.6016
vt 0.4621 0.5939
vt 0.4688 0.5935
vt 0.4621 0.5939
vt 0.4555 0.5943
vt 0.4557 0.5861
vt 0.4623 0.5857
vt 0.4691 0.5855
vt 0.4625 0.5776
vt 0.4694 0.5775
vt 0.4765 0.5777
vt 0.4697 0.5694
vt 0.4768 0.5698
vt 0.4843 0.5705
vt 0.4771 0.5618
vt 0.4846 0.5628
vt 0.4923 0.5641
vt 0.4849 0.5550
vt 0.4926 0.5565
vt 0.5002 0.5658
vt 0.5005 0.5583
vt 0.4929 0.5489
vt 0.5008 0.5509
vt 0.5085 0.5604
vt 0.5083 0.5678
vt 0.5088 0.5530
vt 0.5012 0.5434
vt 0.5091 0.5456
vt 0.5167 0.5551
vt 0.5166 0.5625
vt 0.5170 0.5479
vt 0.5097 0.5384
vt 0.5176 0.5407
vt 0.5249 0.5500
vt 0.5246 0.5572
vt 0.5254 0.5429
vt 0.5183 0.5337
vt 0.5262 0.5360
vt 0.5331 0.5449
vt 0.5326 0.5519
vt 0.5338 0.5380
vt 0.5272 0.5291
vt 0.5348 0.5312
vt 0.5414 0.5398
vt 0.5407 0.5466
vt 0.5424 0.5330
vt 0.5360 0.5244
vt 0.5436 0.5264
vt 0.5500 0.5346
vt 0.5490 0.5413
vt 0.5512 0.5281
vt 0.5449 0.5198
vt 0.5526 0.5216
vt 0.5588 0.5295
vt 0.5575 0.5360
vt 0.5604 0.5232
vt 0.5544 0.5153
vt 0.5622 0.5170
vt 0.5682 0.5246
vt 0.5665 0.5308
vt 0.5701 0.5185
vt 0.5643 0.5109
vt 0.5722 0.5125
vt 0.5780 0.5198
vt 0.5759 0.5258
vt 0.5802 0.5139
vt 0.5746 0.5066
vt 0.5826 0.5081
vt 0.5883 0.5153
vt 0.5859 0.5211
vt 0.5907 0.5095
vt 0.5851 0.5023
vt 0.5933 0.5038
vt 0.5988 0.5109
vt 0.5963 0.5166
vt 0.6014 0.5051
vt 0.5958 0.4980
vt 0.6039 0.4993
vt 0.6095 0.5063
vt 0.6069 0.5121
vt 0.6119 0.5003
vt 0.6062 0.4933
vt 0.6142 0.4942
vt 0.6200 0.5011
vt 0.6175 0.5071
vt 0.6222 0.4948
vt 0.6161 0.4879
vt 0.6241 0.4884
vt 0.6303 0.4952
vt 0.6280 0.5017
vt 0.6321 0.4886
vt 0.6256 0.4818
vt 0.6337 0.4819
vt 0.6256 0.4818
vt 0.6177 0.4815
vt 0.6189 0.4750
vt 0.6268 0.4753
vt 0.6349 0.4753
vt 0.6277 0.4687
vt 0.6359 0.4689
vt 0.6277 0.4687
vt 0.6198 0.4684
vt 0.6204 0.4619
vt 0.6284 0.4624
vt 0.6367 0.4626
vt 0.6290 0.4561
vt 0.6375 0.4566
vt 0.6290 0.4561
vt 0.6209 0.4556
vt 0.6213 0.4496
vt 0.6297 0.4502
vt 0.6382 0.4508
vt 0.6304 0.4444
vt 0.6391 0.4451
vt 0.6472 0.4514
vt 0.6481 0.4459
vt 0.6401 0.4396
vt 0.6491 0.4406
vt 0.6576 0.4468
vt 0.6568 0.4521
vt 0.6584 0.4415
vt 0.6501 0.4352
vt 0.6593 0.4363
vt 0.6680 0.4424
vt 0.6673 0.4476
vt 0.6688 0.4373
vt 0.6604 0.4311
vt 0.6698 0.4323
vt 0.6786 0.4383
vt 0.6779 0.4432
vt 0.6795 0.4334
vt 0.6709 0.4273
vt 0.6805 0.4285
vt 0.6896 0.4344
vt 0.6888 0.4391
vt 0.6904 0.4297
vt 0.6817 0.4236
vt 0.6915 0.4250
vt 0.7008 0.4310
vt 0.7000 0.4355
vt 0.7015 0.4265
vt 0.6925 0.4203
vt 0.7025 0.4219
vt 0.4641 0.3025
vt 0.4697 0.3110
vt 0.4658 0.3146
vt 0.4608 0.3056
vt 0.4677 0.2990
vt 0.4737 0.3072
vt 0.4716 0.2951
vt 0.4777 0.3029
vt 0.4787 0.3158
vt 0.4742 0.3202
vt 0.4832 0.3113
vt 0.4819 0.2985
vt 0.4875 0.3065
vt 0.4882 0.3196
vt 0.4835 0.3247
vt 0.4928 0.3145
vt 0.4919 0.3016
vt 0.4973 0.3092
vt 0.4981 0.3221
vt 0.4933 0.3277
vt 0.5027 0.3165
vt 0.5019 0.3038
vt 0.5073 0.3108
vt 0.5082 0.3235
vt 0.5035 0.3295
vt 0.5128 0.3176
vt 0.5120 0.3052
vt 0.5174 0.3117
vt 0.5183 0.3240
vt 0.5137 0.3302
vt 0.5228 0.3179
vt 0.5220 0.3058
vt 0.5274 0.3118
vt 0.5285 0.3237
vt 0.5240 0.3300
vt 0.5329 0.3174
vt 0.5320 0.3057
vt 0.5375 0.3112
vt 0.5386 0.3227
vt 0.5343 0.3291
vt 0.5430 0.3164
vt 0.5421 0.3051
vt 0.5475 0.3103
vt 0.5488 0.3214
vt 0.5445 0.3277
vt 0.5531 0.3152
vt 0.5520 0.3042
vt 0.5576 0.3092
vt 0.5590 0.3199
vt 0.5547 0.3260
vt 0.5633 0.3138
vt 0.5620 0.3032
vt 0.5676 0.3079
vt 0.5692 0.3181
vt 0.5650 0.3242
vt 0.5735 0.3121
vt 0.5720 0.3019
vt 0.5777 0.3062
vt 0.5795 0.3160
vt 0.5753 0.3221
vt 0.5837 0.3100
vt 0.5819 0.3003
vt 0.5878 0.3040
vt 0.5897 0.3135
vt 0.5855 0.3196
vt 0.5938 0.3074
vt 0.5919 0.2980
vt 0.5978 0.3013
vt 0.5996 0.3106
vt 0.5956 0.3168
vt 0.6036 0.3045
vt 0.6018 0.2952
vt 0.6076 0.2984
vt 0.6093 0.3080
vt 0.6053 0.3140
vt 0.6132 0.3020
vt 0.6116 0.2925
vt 0.6171 0.2963
vt 0.6188 0.3058
vt 0.6149 0.3116
vt 0.6227 0.3002
vt 0.6212 0.2907
vt 0.6266 0.2947
vt 0.6283 0.3040
vt 0.6245 0.3096
vt 0.6322 0.2985
vt 0.6307 0.2894
vt 0.6361 0.2932
vt 0.6377 0.3022
vt 0.6339 0.3076
vt 0.6416 0.2967
vt 0.6402 0.2879
vt 0.6456 0.2914
vt 0.6470 0.3002
vt 0.6432 0.3056
vt 0.6510 0.2948
vt 0.6498 0.2861
vt 0.6551 0.2896
vt 0.6563 0.2982
vt 0.6524 0.3036
vt 0.6603 0.2931
vt 0.6593 0.2843
vt 0.6644 0.2879
vt 0.6654 0.2966
vt 0.6616 0.3017
vt 0.6695 0.2915
vt 0.6687 0.2827
vt 0.6737 0.2863
vt 0.6746 0.2949
vt 0.6707 0.3001
vt 0.6787 0.2897
vt 0.6780 0.2810
vt 0.6829 0.2845
vt 0.6837 0.2931
vt 0.6797 0.2983
vt 0.6878 0.2878
vt 0.6872 0.2792
vt 0.6921 0.2826
vt 0.6927 0.2913
vt 0.6887 0.2964
vt 0.6970 0.2861
vt 0.6964 0.2774
vt 0.7013 0.2809
vt 0.7018 0.2896
vt 0.6977 0.2947
vt 0.7061 0.2844
vt 0.7056 0.2757
vt 0.7105 0.2793
vt 0.7110 0.2879
vt 0.7068 0.2930
vt 0.7154 0.2828
vt 0.7148 0.2742
vt 0.7197 0.2777
vt 0.7203 0.2862
vt 0.7160 0.2912
vt 0.7246 0.2812
vt 0.7240 0.2726
vt 0.7289 0.2762
vt 0.7296 0.2847
vt 0.7253 0.2896
vt 0.7339 0.2797
vt 0.7331 0.2711
vt 0.7381 0.2746
vt 0.7390 0.2831
vt 0.7347 0.2881
vt 0.7432 0.2781
vt 0.7423 0.2694
vt 0.7474 0.2729
vt 0.7484 0.2816
vt 0.7441 0.2867
vt 0.7526 0.2765
vt 0.7515 0.2677
vt 0.7567 0.2712
vt 0.7578 0.2801
vt 0.7535 0.2853
vt 0.7620 0.2748
vt 0.7607 0.2658
vt 0.7660 0.2693
vt 0.7672 0.2784
vt 0.7629 0.2839
vt 0.7713 0.2727
vt 0.7698 0.2636
vt 0.7752 0.2668
vt 0.6247 0.1490
vt 0.6289 0.1537
vt 0.6237 0.1586
vt 0.6194 0.1540
vt 0.6303 0.1441
vt 0.6343 0.1488
vt 0.6360 0.1394
vt 0.6399 0.1440
vt 0.6382 0.1534
vt 0.6329 0.1583
vt 0.6437 0.1486
vt 0.6457 0.1394
vt 0.6494 0.1440
vt 0.6474 0.1532
vt 0.6421 0.1580
vt 0.6530 0.1485
vt 0.6552 0.1395
vt 0.6586 0.1440
vt 0.6565 0.1530
vt 0.6512 0.1577
vt 0.6621 0.1485
vt 0.6645 0.1397
vt 0.6678 0.1441
vt 0.6656 0.1529
vt 0.6602 0.1575
vt 0.6711 0.1484
vt 0.6736 0.1397
vt 0.6768 0.1440
vt 0.6745 0.1527
vt 0.6691 0.1573
vt 0.6800 0.1482
vt 0.6825 0.1396
vt 0.6856 0.1438
vt 0.6833 0.1525
vt 0.6780 0.1570
vt 0.6888 0.1480
vt 0.6914 0.1395
vt 0.6944 0.1436
vt 0.6922 0.1521
vt 0.6869 0.1566
vt 0.6976 0.1476
vt 0.7001 0.1392
vt 0.7031 0.1430
vt 0.7010 0.1513
vt 0.6958 0.1559
vt 0.7064 0.1467
vt 0.7087 0.1385
vt 0.7119 0.1420
vt 0.7099 0.1502
vt 0.7047 0.1549
vt 0.7152 0.1454
vt 0.7174 0.1373
vt 0.7206 0.1406
vt 0.7187 0.1488
vt 0.7135 0.1537
vt 0.7239 0.1439
vt 0.7259 0.1357
vt 0.7291 0.1389
vt 0.7273 0.1472
vt 0.7222 0.1522
vt 0.7325 0.1422
vt 0.7343 0.1339
vt 0.7376 0.1371
vt 0.7358 0.1455
vt 0.7308 0.1506
vt 0.7409 0.1404
vt 0.7427 0.1320
vt 0.7460 0.1353
vt 0.7443 0.1438
vt 0.7392 0.1489
vt 0.7494 0.1386
vt 0.7512 0.1301
vt 0.7546 0.1335
vt 0.7528 0.1421
vt 0.7477 0.1472
vt 0.7580 0.1370
vt 0.7599 0.1285
vt 0.7634 0.1321
vt 0.7614 0.1406
vt 0.7562 0.1456
vt 0.7669 0.1358
vt 0.7690 0.1274
vt 0.7726 0.1313
vt 0.7702 0.1396
vt 0.7648 0.1442
vt 0.7760 0.1351
vt 0.7785 0.1270
vt 0.7821 0.1311
vt 0.7793 0.1391
vt 0.7735 0.1433
vt 0.7854 0.1352
vt 0.7883 0.1273
vt 0.7918 0.1317
vt 0.7886 0.1393
vt 0.7825 0.1430
vt 0.7951 0.1360
vt 0.7983 0.1284
vt 0.8018 0.1331
vt 0.7982 0.1403
vt 0.7917 0.1434
vt 0.8049 0.1377
vt 0.8083 0.1302
vt 0.8117 0.1354
vt 0.8078 0.1423
vt 0.8011 0.1446
vt 0.8144 0.1404
vt 0.8181 0.1333
vt 0.8208 0.1386
vt 0.8166 0.1447
vt 0.8101 0.1465
vt 0.8231 0.1431
vt 0.8271 0.1367
vt 0.8294 0.1411
vt 0.8251 0.1469
vt 0.8185 0.1486
vt 0.8315 0.1449
vt 0.8353 0.1387
vt 0.8376 0.1422
vt 0.8337 0.1482
vt 0.8269 0.1503
vt 0.8399 0.1454
vt 0.8431 0.1393
vt 0.8455 0.1422
vt 0.8424 0.1482
vt 0.8358 0.1512
vt 0.8448 0.1510
vt 0.8379 0.1542
vt 0.8474 0.1539
vt 0.8399 0.1573
vt 0.8533 0.1497
vt 0.8571 0.1448
vt 0.7401 0.0159
vt 0.7422 0.0195
vt 0.7370 0.0241
vt 0.7344 0.0209
vt 0.7459 0.0126
vt 0.7471 0.0161
vt 0.7505 0.0100
vt 0.7515 0.0135
vt 0.7490 0.0196
vt 0.7444 0.0229
vt 0.7532 0.0168
vt 0.8673 0.1356
vt 0.8637 0.1380
vt 0.8609 0.1348
vt 0.8646 0.1331
vt 0.7547 0.0204
vt 0.7510 0.0230
vt 0.7571 0.0151
vt 0.7580 0.0188
vt 0.7602 0.0220
vt 0.8609 0.1348
vt 0.8570 0.1355
vt 0.8548 0.1319
vt 0.8587 0.1311
vt 0.8589 0.1394
vt 0.8530 0.1361
vt 0.8508 0.1328
vt 0.8549 0.1389
vt 0.8484 0.1371
vt 0.8462 0.1341
vt 0.8431 0.1393
vt 0.8409 0.1360
vt 0.8389 0.1322
vt 0.8440 0.1304
vt 0.8353 0.1387
vt 0.8330 0.1345
vt 0.8309 0.1298
vt 0.8368 0.1279
vt 0.8271 0.1367
vt 0.8244 0.1316
vt 0.8221 0.1262
vt 0.8290 0.1248
vt 0.8181 0.1333
vt 0.8150 0.1278
vt 0.8083 0.1302
vt 0.8273 0.1196
vt 0.8267 0.1144
vt 0.8333 0.1185
vt 0.8348 0.1233
vt 0.8325 0.1135
vt 0.8274 0.1089
vt 0.8327 0.1082
vt 0.8377 0.1123
vt 0.8384 0.1171
vt 0.8376 0.1072
vt 0.8337 0.1026
vt 0.8383 0.1019
vt 0.8424 0.1063
vt 0.8425 0.1113
vt 0.8428 0.1010
vt 0.8395 0.0962
vt 0.8437 0.0954
vt 0.8474 0.1001
vt 0.8471 0.1054
vt 0.8481 0.0945
vt 0.8448 0.0895
vt 0.8491 0.0886
vt 0.8529 0.0934
vt 0.8523 0.0990
vt 0.8539 0.0875
vt 0.8503 0.0825
vt 0.8548 0.0814
vt 0.8591 0.0865
vt 0.8581 0.0925
vt 0.8603 0.0803
vt 0.8558 0.0751
vt 0.8614 0.0739
vt 0.8666 0.0798
vt 0.8652 0.0861
vt 0.8680 0.0732
vt 0.8622 0.0675
vt 0.8687 0.0663
vt 0.8746 0.0730
vt 0.8732 0.0802
vt 0.8754 0.0655
vt 0.7983 0.0156
vt 0.7987 0.0216
vt 0.7929 0.0238
vt 0.7924 0.0176
vt 0.8049 0.0141
vt 0.8051 0.0193
vt 0.8050 0.0239
vt 0.7988 0.0264
vt 0.8116 0.0220
vt 0.8111 0.0258
vt 0.8049 0.0278
vt 0.8107 0.0291
vt 0.8049 0.0313
vt 0.8105 0.0322
vt 0.8049 0.0345
vt 0.8104 0.0352
vt 0.8051 0.0377
vt 0.8156 0.0332
vt 0.8157 0.0360
vt 0.8108 0.0382
vt 0.8057 0.0409
vt 0.7999 0.0407
vt 0.7993 0.0375
vt 0.7991 0.0342
vt 0.7989 0.0306
vt 0.7879 0.0262
vt 0.7871 0.0199
vt 0.8713 0.0868
vt 0.8622 0.0675
vt 0.8564 0.0689
vt 0.8521 0.0702
vt 0.8515 0.0763
vt 0.8475 0.0773
vt 0.8484 0.0714
vt 0.8503 0.0825
vt 0.8462 0.0835
vt 0.8426 0.0843
vt 0.8440 0.0783
vt 0.8448 0.0895
vt 0.8409 0.0903
vt 0.8373 0.0908
vt 0.8392 0.0848
vt 0.8395 0.0962
vt 0.8354 0.0967
vt 0.8313 0.0970
vt 0.8336 0.0911
vt 0.8337 0.1026
vt 0.8291 0.1030
vt 0.8241 0.1029
vt 0.8271 0.0970
vt 0.8274 0.1089
vt 0.8210 0.1088
vt 0.8187 0.1018
vt 0.8226 0.0963
vt 0.8133 0.0997
vt 0.8178 0.0947
vt 0.8081 0.0968
vt 0.8128 0.0922
vt 0.8028 0.1017
vt 0.7980 0.0978
vt 0.8031 0.0934
vt 0.7973 0.1065
vt 0.7926 0.1023
vt 0.7919 0.1108
vt 0.7872 0.1065
vt 0.7862 0.1148
vt 0.7817 0.1105
vt 0.7907 0.1192
vt 0.7845 0.1230
vt 0.7805 0.1188
vt 0.7946 0.1237
vt 0.7883 0.1273
vt 0.7785 0.1270
vt 0.7747 0.1229
vt 0.7708 0.1191
vt 0.7763 0.1147
vt 0.7690 0.1274
vt 0.7653 0.1236
vt 0.7617 0.1201
vt 0.7670 0.1154
vt 0.7599 0.1285
vt 0.7564 0.1250
vt 0.7531 0.1218
vt 0.7583 0.1169
vt 0.7512 0.1301
vt 0.7479 0.1269
vt 0.7448 0.1238
vt 0.7501 0.1188
vt 0.7427 0.1320
vt 0.7396 0.1288
vt 0.7367 0.1258
vt 0.7420 0.1209
vt 0.7343 0.1339
vt 0.7313 0.1307
vt 0.7284 0.1277
vt 0.7340 0.1229
vt 0.7259 0.1357
vt 0.7229 0.1325
vt 0.7200 0.1293
vt 0.7257 0.1246
vt 0.7174 0.1373
vt 0.7144 0.1339
vt 0.7115 0.1303
vt 0.7172 0.1258
vt 0.7087 0.1385
vt 0.7058 0.1347
vt 0.7029 0.1308
vt 0.7086 0.1265
vt 0.7001 0.1392
vt 0.6971 0.1352
vt 0.6942 0.1311
vt 0.7000 0.1269
vt 0.6914 0.1395
vt 0.6884 0.1354
vt 0.6854 0.1312
vt 0.6913 0.1271
vt 0.6825 0.1396
vt 0.6795 0.1355
vt 0.6764 0.1312
vt 0.6824 0.1272
vt 0.6736 0.1397
vt 0.6704 0.1354
vt 0.6672 0.1310
vt 0.6733 0.1270
vt 0.6645 0.1397
vt 0.6612 0.1352
vt 0.6578 0.1307
vt 0.6640 0.1266
vt 0.6552 0.1395
vt 0.6517 0.1350
vt 0.6482 0.1304
vt 0.6545 0.1261
vt 0.6457 0.1394
vt 0.6420 0.1348
vt 0.7822 0.2544
vt 0.7769 0.2517
vt 0.7800 0.2457
vt 0.7853 0.2481
vt 0.7788 0.2606
vt 0.7735 0.2577
vt 0.7682 0.2547
vt 0.7716 0.2489
vt 0.7698 0.2636
vt 0.7646 0.2603
vt 0.7593 0.2570
vt 0.7630 0.2514
vt 0.7607 0.2658
vt 0.7555 0.2624
vt 0.7504 0.2589
vt 0.7543 0.2536
vt 0.7515 0.2677
vt 0.7464 0.2642
vt 0.7414 0.2607
vt 0.7454 0.2555
vt 0.7423 0.2694
vt 0.7373 0.2659
vt 0.7323 0.2624
vt 0.7364 0.2572
vt 0.7331 0.2711
vt 0.7281 0.2675
vt 0.7232 0.2640
vt 0.7273 0.2589
vt 0.7240 0.2726
vt 0.7190 0.2691
vt 0.7140 0.2655
vt 0.7181 0.2604
vt 0.7148 0.2742
vt 0.7098 0.2707
vt 0.7049 0.2670
vt 0.7091 0.2619
vt 0.7056 0.2757
vt 0.7007 0.2722
vt 0.6957 0.2687
vt 0.7000 0.2634
vt 0.6964 0.2774
vt 0.6915 0.2739
vt 0.6866 0.2705
vt 0.6908 0.2652
vt 0.6872 0.2792
vt 0.6822 0.2758
vt 0.6773 0.2723
vt 0.6816 0.2670
vt 0.6780 0.2810
vt 0.6730 0.2775
vt 0.6680 0.2740
vt 0.6723 0.2687
vt 0.6687 0.2827
vt 0.6636 0.2792
vt 0.6585 0.2756
vt 0.6630 0.2704
vt 0.6593 0.2843
vt 0.6540 0.2809
vt 0.6489 0.2773
vt 0.6535 0.2720
vt 0.6498 0.2861
vt 0.6445 0.2826
vt 0.6393 0.2788
vt 0.6439 0.2736
vt 0.6402 0.2879
vt 0.6349 0.2841
vt 0.6297 0.2801
vt 0.6342 0.2749
vt 0.6307 0.2894
vt 0.6253 0.2853
vt 0.6201 0.2811
vt 0.6246 0.2758
vt 0.6212 0.2907
vt 0.6158 0.2867
vt 0.6103 0.2831
vt 0.6149 0.2772
vt 0.6116 0.2925
vt 0.6060 0.2891
vt 0.6004 0.2859
vt 0.6051 0.2797
vt 0.6018 0.2952
vt 0.5961 0.2920
vt 0.5906 0.2883
vt 0.5952 0.2823
vt 0.5919 0.2980
vt 0.5862 0.2943
vt 0.5808 0.2901
vt 0.5855 0.2842
vt 0.5819 0.3003
vt 0.5763 0.2960
vt 0.5711 0.2914
vt 0.5758 0.2855
vt 0.5720 0.3019
vt 0.5665 0.2972
vt 0.5613 0.2923
vt 0.5661 0.2864
vt 0.5620 0.3032
vt 0.5567 0.2982
vt 0.5514 0.2932
vt 0.5562 0.2873
vt 0.5520 0.3042
vt 0.5467 0.2991
vt 0.5414 0.2938
vt 0.5462 0.2880
vt 0.5421 0.3051
vt 0.5367 0.2997
vt 0.5314 0.2941
vt 0.5362 0.2883
vt 0.5320 0.3057
vt 0.5267 0.2999
vt 0.5213 0.2939
vt 0.5260 0.2883
vt 0.5220 0.3058
vt 0.5166 0.2995
vt 0.5111 0.2930
vt 0.5158 0.2876
vt 0.5120 0.3052
vt 0.5065 0.2985
vt 0.5009 0.2915
vt 0.5055 0.2864
vt 0.5019 0.3038
vt 0.4964 0.2966
vt 0.4906 0.2892
vt 0.4951 0.2844
vt 0.4919 0.3016
vt 0.4862 0.2939
vt 0.4799 0.2866
vt 0.4844 0.2821
vt 0.4819 0.2985
vt 0.4756 0.2909
vt 0.7043 0.4126
vt 0.6948 0.4107
vt 0.6959 0.4059
vt 0.7053 0.4079
vt 0.7034 0.4173
vt 0.6936 0.4155
vt 0.6841 0.4138
vt 0.6854 0.4089
vt 0.6925 0.4203
vt 0.6829 0.4187
vt 0.6735 0.4172
vt 0.6749 0.4122
vt 0.6817 0.4236
vt 0.6722 0.4223
vt 0.6629 0.4208
vt 0.6644 0.4157
vt 0.6709 0.4273
vt 0.6616 0.4260
vt 0.6525 0.4246
vt 0.6540 0.4194
vt 0.6604 0.4311
vt 0.6512 0.4299
vt 0.6423 0.4287
vt 0.6437 0.4233
vt 0.6501 0.4352
vt 0.6411 0.4341
vt 0.6324 0.4331
vt 0.6336 0.4276
vt 0.6401 0.4396
vt 0.6313 0.4387
vt 0.6227 0.4379
vt 0.6237 0.4322
vt 0.6304 0.4444
vt 0.6219 0.4436
vt 0.6135 0.4431
vt 0.6141 0.4372
vt 0.6213 0.4496
vt 0.6131 0.4490
vt 0.6048 0.4486
vt 0.6050 0.4427
vt 0.6128 0.4551
vt 0.6048 0.4546
vt 0.6125 0.4614
vt 0.6047 0.4609
vt 0.6120 0.4679
vt 0.6044 0.4673
vt 0.6112 0.4745
vt 0.6035 0.4738
vt 0.6099 0.4809
vt 0.6021 0.4802
vt 0.6082 0.4872
vt 0.6003 0.4863
vt 0.6062 0.4933
vt 0.5981 0.4922
vt 0.5900 0.4908
vt 0.5922 0.4850
vt 0.5958 0.4980
vt 0.5876 0.4966
vt 0.5794 0.4950
vt 0.5817 0.4892
vt 0.5851 0.5023
vt 0.5769 0.5008
vt 0.5688 0.4991
vt 0.5712 0.4932
vt 0.5746 0.5066
vt 0.5665 0.5049
vt 0.5585 0.5030
vt 0.5608 0.4971
vt 0.5643 0.5109
vt 0.5563 0.5091
vt 0.5485 0.5069
vt 0.5506 0.5007
vt 0.5544 0.5153
vt 0.5466 0.5133
vt 0.5390 0.5110
vt 0.5408 0.5045
vt 0.5449 0.5198
vt 0.5374 0.5177
vt 0.5298 0.5155
vt 0.5314 0.5088
vt 0.5360 0.5244
vt 0.5284 0.5223
vt 0.5207 0.5200
vt 0.5221 0.5132
vt 0.5272 0.5291
vt 0.5193 0.5268
vt 0.5114 0.5242
vt 0.5128 0.5174
vt 0.5183 0.5337
vt 0.5104 0.5312
vt 0.5025 0.5287
vt 0.5034 0.5216
vt 0.5097 0.5384
vt 0.5017 0.5361
vt 0.4939 0.5338
vt 0.4946 0.5263
vt 0.5012 0.5434
vt 0.4934 0.5414
vt 0.4856 0.5395
vt 0.4862 0.5318
vt 0.4929 0.5489
vt 0.4852 0.5473
vt 0.4777 0.5460
vt 0.4781 0.5380
vt 0.4849 0.5550
vt 0.4774 0.5539
vt 0.4702 0.5532
vt 0.4704 0.5451
vt 0.4771 0.5618
vt 0.4699 0.5613
vt 0.4629 0.5611
vt 0.4631 0.5529
vt 0.4697 0.5694
vt 0.4627 0.5694
vt 0.4559 0.5695
vt 0.4561 0.5612
vt 0.4625 0.5776
vt 0.4558 0.5778
vt 0.4557 0.5861
vt 0.4562 0.5528
vt 0.4564 0.5444
vt 0.4633 0.5446
vt 0.4566 0.5360
vt 0.4636 0.5363
vt 0.4707 0.5370
vt 0.4639 0.5280
vt 0.4712 0.5289
vt 0.4786 0.5302
vt 0.4717 0.5209
vt 0.4792 0.5223
vt 0.4868 0.5241
vt 0.4798 0.5145
vt 0.4875 0.5165
vt 0.4954 0.5190
vt 0.4885 0.5091
vt 0.4966 0.5118
vt 0.5047 0.5146
vt 0.4980 0.5049
vt 0.5063 0.5079
vt 0.5143 0.5107
vt 0.5080 0.5013
vt 0.5160 0.5040
vt 0.5237 0.5064
vt 0.5179 0.4973
vt 0.5256 0.4997
vt 0.5332 0.5021
vt 0.5276 0.4931
vt 0.5352 0.4955
vt 0.5428 0.4981
vt 0.5373 0.4890
vt 0.5449 0.4918
vt 0.5527 0.4947
vt 0.5474 0.4857
vt 0.5552 0.4888
vt 0.5632 0.4912
vt 0.5579 0.4829
vt 0.5656 0.4854
vt 0.5735 0.4874
vt 0.5679 0.4794
vt 0.5758 0.4816
vt 0.5840 0.4835
vt 0.5778 0.4759
vt 0.5862 0.4778
vt 0.5942 0.4791
vt 0.5880 0.4720
vt 0.5959 0.4730
vt 0.5880 0.4720
vt 0.5795 0.4704
vt 0.5804 0.4647
vt 0.5887 0.4660
vt 0.5967 0.4667
vt 0.5887 0.4600
vt 0.5968 0.4603
vt 0.5967 0.4542
vt 0.5964 0.4484
vt 0.5963 0.4427
vt 0.5967 0.4368
vt 0.6054 0.4368
vt 0.5978 0.4303
vt 0.6064 0.4308
vt 0.6150 0.4314
vt 0.6078 0.4247
vt 0.6164 0.4255
vt 0.6249 0.4265
vt 0.6179 0.4196
vt 0.6264 0.4208
vt 0.6350 0.4220
vt 0.6281 0.4151
vt 0.6366 0.4165
vt 0.6452 0.4180
vt 0.6384 0.4110
vt 0.6469 0.4126
vt 0.6555 0.4142
vt 0.6486 0.4072
vt 0.6572 0.4089
vt 0.6659 0.4106
vt 0.6589 0.4037
vt 0.6675 0.4054
vt 0.6763 0.4072
vt 0.6691 0.4003
vt 0.6778 0.4022
vt 0.6867 0.4040
vt 0.6793 0.3971
vt 0.6881 0.3991
vt 0.6970 0.4010
vt 0.6894 0.3941
vt 0.6982 0.3962
vt 0.7063 0.4031
vt 0.7072 0.3982
vt 0.6994 0.3913
vt 0.7082 0.3934
vt 0.4890 0.2774
vt 0.4938 0.2727
vt 0.4998 0.2796
vt 0.4987 0.2680
vt 0.5045 0.2746
vt 0.5102 0.2812
vt 0.5094 0.2697
vt 0.5150 0.2761
vt 0.5205 0.2822
vt 0.5199 0.2709
vt 0.5254 0.2769
vt 0.5308 0.2827
vt 0.5304 0.2716
vt 0.5357 0.2772
vt 0.5410 0.2827
vt 0.5407 0.2717
vt 0.5459 0.2770
vt 0.5511 0.2822
vt 0.5509 0.2714
vt 0.5561 0.2765
vt 0.5611 0.2815
vt 0.5611 0.2708
vt 0.5661 0.2757
vt 0.5710 0.2806
vt 0.5711 0.2701
vt 0.5760 0.2749
vt 0.5807 0.2797
vt 0.5811 0.2692
vt 0.5858 0.2739
vt 0.5904 0.2783
vt 0.5909 0.2681
vt 0.5955 0.2723
vt 0.6002 0.2761
vt 0.6007 0.2662
vt 0.6052 0.2700
vt 0.6100 0.2736
vt 0.6105 0.2639
vt 0.6150 0.2677
vt 0.6197 0.2716
vt 0.6203 0.2620
vt 0.6247 0.2662
vt 0.6293 0.2706
vt 0.6298 0.2610
vt 0.6343 0.2654
vt 0.6390 0.2696
vt 0.6392 0.2603
vt 0.6438 0.2644
vt 0.6486 0.2683
vt 0.6486 0.2592
vt 0.6532 0.2630
vt 0.6580 0.2668
vt 0.6578 0.2578
vt 0.6626 0.2615
vt 0.6674 0.2651
vt 0.6670 0.2562
vt 0.6718 0.2598
vt 0.6767 0.2634
vt 0.6762 0.2546
vt 0.6810 0.2582
vt 0.6859 0.2617
vt 0.6853 0.2529
vt 0.6902 0.2564
vt 0.6950 0.2599
vt 0.6944 0.2512
vt 0.6993 0.2547
vt 0.7041 0.2582
vt 0.7035 0.2495
vt 0.7084 0.2531
vt 0.7132 0.2568
vt 0.7125 0.2480
vt 0.7173 0.2517
vt 0.7222 0.2553
vt 0.7214 0.2465
vt 0.7263 0.2502
vt 0.7313 0.2537
vt 0.7303 0.2450
vt 0.7353 0.2486
vt 0.7403 0.2520
vt 0.7391 0.2433
vt 0.7441 0.2468
vt 0.7492 0.2502
vt 0.7478 0.2415
vt 0.7528 0.2448
vt 0.7579 0.2481
vt 0.7563 0.2394
vt 0.7614 0.2426
vt 0.7665 0.2458
vt 0.7646 0.2371
vt 0.7697 0.2402
vt 0.7748 0.2430
vt 0.7727 0.2344
vt 0.7777 0.2371
vt 0.7829 0.2396
vt 0.7805 0.2312
vt 0.7855 0.2335
vt 0.7881 0.2418
vt 0.7906 0.2355
vt 0.7879 0.2274
vt 0.7929 0.2293
vt 0.6608 0.1221
vt 0.6671 0.1182
vt 0.6702 0.1226
vt 0.6733 0.1145
vt 0.6763 0.1188
vt 0.6793 0.1230
vt 0.6823 0.1151
vt 0.6853 0.1191
vt 0.6883 0.1231
vt 0.6912 0.1153
vt 0.6942 0.1191
vt 0.6972 0.1230
vt 0.7000 0.1150
vt 0.7029 0.1188
vt 0.7058 0.1226
vt 0.7086 0.1146
vt 0.7115 0.1183
vt 0.7144 0.1221
vt 0.7171 0.1139
vt 0.7200 0.1176
vt 0.7229 0.1212
vt 0.7256 0.1131
vt 0.7286 0.1166
vt 0.7313 0.1199
vt 0.7341 0.1120
vt 0.7368 0.1151
vt 0.7394 0.1180
vt 0.7421 0.1103
vt 0.7447 0.1132
vt 0.7473 0.1160
vt 0.7499 0.1084
vt 0.7525 0.1112
vt 0.7553 0.1139
vt 0.7576 0.1064
vt 0.7605 0.1091
vt 0.7635 0.1120
vt 0.7656 0.1045
vt 0.7687 0.1075
vt 0.7723 0.1108
vt 0.7739 0.1031
vt 0.7776 0.1066
vt 0.7817 0.1105
vt 0.7739 0.1031
vt 0.7707 0.1000
vt 0.7756 0.0957
vt 0.7791 0.0989
vt 0.7829 0.1025
vt 0.7842 0.0946
vt 0.7883 0.0983
vt 0.7842 0.0946
vt 0.7935 0.0940
vt 0.7676 0.0971
vt 0.7725 0.0927
vt 0.7627 0.1017
vt 0.7598 0.0989
vt 0.7647 0.0943
vt 0.7576 0.1064
vt 0.7549 0.1036
vt 0.7521 0.1008
vt 0.7569 0.0960
vt 0.7499 0.1084
vt 0.7472 0.1056
vt 0.7442 0.1024
vt 0.7491 0.0977
vt 0.7421 0.1103
vt 0.7393 0.1072
vt 0.7362 0.1038
vt 0.7410 0.0991
vt 0.7341 0.1120
vt 0.7311 0.1084
vt 0.7278 0.1047
vt 0.7328 0.1000
vt 0.7256 0.1131
vt 0.7226 0.1094
vt 0.7195 0.1057
vt 0.7244 0.1010
vt 0.7171 0.1139
vt 0.7142 0.1102
vt 0.7111 0.1066
vt 0.7162 0.1021
vt 0.7086 0.1146
vt 0.7057 0.1109
vt 0.7026 0.1073
vt 0.7079 0.1031
vt 0.7000 0.1150
vt 0.6970 0.1113
vt 0.6939 0.1076
vt 0.6995 0.1038
vt 0.6912 0.1153
vt 0.6882 0.1114
vt 0.6853 0.1074
vt 0.6910 0.1038
vt 0.6823 0.1151
vt 0.6794 0.1109
vt 0.7971 0.2174
vt 0.7924 0.2156
vt 0.7945 0.2098
vt 0.7991 0.2116
vt 0.7951 0.2233
vt 0.7902 0.2214
vt 0.7855 0.2194
vt 0.7878 0.2136
vt 0.7879 0.2274
vt 0.7831 0.2253
vt 0.7783 0.2229
vt 0.7809 0.2172
vt 0.7805 0.2312
vt 0.7756 0.2287
vt 0.7707 0.2259
vt 0.7736 0.2203
vt 0.7727 0.2344
vt 0.7678 0.2315
vt 0.7629 0.2285
vt 0.7660 0.2230
vt 0.7646 0.2371
vt 0.7597 0.2340
vt 0.7548 0.2308
vt 0.7581 0.2253
vt 0.7563 0.2394
vt 0.7513 0.2361
vt 0.7464 0.2328
vt 0.7500 0.2275
vt 0.7478 0.2415
vt 0.7428 0.2381
vt 0.7380 0.2347
vt 0.7417 0.2294
vt 0.7391 0.2433
vt 0.7342 0.2399
vt 0.7294 0.2363
vt 0.7333 0.2311
vt 0.7303 0.2450
vt 0.7255 0.2414
vt 0.7207 0.2377
vt 0.7247 0.2326
vt 0.7214 0.2465
vt 0.7166 0.2428
vt 0.7118 0.2392
vt 0.7159 0.2341
vt 0.7125 0.2480
vt 0.7077 0.2443
vt 0.7029 0.2408
vt 0.7070 0.2356
vt 0.7035 0.2495
vt 0.6986 0.2459
vt 0.6938 0.2424
vt 0.6981 0.2372
vt 0.6944 0.2512
vt 0.6895 0.2476
vt 0.6848 0.2441
vt 0.6891 0.2388
vt 0.6853 0.2529
vt 0.6805 0.2493
vt 0.6757 0.2457
vt 0.6800 0.2404
vt 0.6762 0.2546
vt 0.6714 0.2509
vt 0.6667 0.2472
vt 0.6710 0.2419
vt 0.6670 0.2562
vt 0.6623 0.2525
vt 0.6576 0.2487
vt 0.6620 0.2434
vt 0.6578 0.2578
vt 0.6532 0.2539
vt 0.6486 0.2500
vt 0.6531 0.2447
vt 0.6486 0.2592
vt 0.6440 0.2552
vt 0.6396 0.2507
vt 0.6441 0.2457
vt 0.6392 0.2603
vt 0.6348 0.2558
vt 0.6304 0.2514
vt 0.6351 0.2463
vt 0.6298 0.2610
vt 0.6254 0.2566
vt 0.6209 0.2525
vt 0.6258 0.2472
vt 0.6203 0.2620
vt 0.6158 0.2580
vt 0.6112 0.2543
vt 0.6163 0.2487
vt 0.6105 0.2639
vt 0.6060 0.2602
vt 0.6013 0.2563
vt 0.6064 0.2506
vt 0.6007 0.2662
vt 0.5961 0.2622
vt 0.5914 0.2580
vt 0.5965 0.2524
vt 0.5909 0.2681
vt 0.5862 0.2636
vt 0.5814 0.2590
vt 0.5865 0.2535
vt 0.5811 0.2692
vt 0.5763 0.2645
vt 0.5713 0.2597
vt 0.5765 0.2543
vt 0.5711 0.2701
vt 0.5662 0.2652
vt 0.5612 0.2603
vt 0.5664 0.2549
vt 0.5611 0.2708
vt 0.5560 0.2658
vt 0.5509 0.2608
vt 0.5562 0.2554
vt 0.5509 0.2714
vt 0.5458 0.2663
vt 0.5406 0.2610
vt 0.5459 0.2557
vt 0.5407 0.2717
vt 0.5354 0.2663
vt 0.5302 0.2607
vt 0.5355 0.2555
vt 0.5304 0.2716
vt 0.5250 0.2658
vt 0.5196 0.2598
vt 0.5250 0.2549
vt 0.5199 0.2709
vt 0.5144 0.2647
vt 0.5090 0.2584
vt 0.5144 0.2536
vt 0.5094 0.2697
vt 0.5038 0.2631
vt 0.7100 0.3835
vt 0.7017 0.3814
vt 0.7029 0.3765
vt 0.7110 0.3786
vt 0.7092 0.3885
vt 0.7005 0.3864
vt 0.6922 0.3842
vt 0.6936 0.3791
vt 0.6994 0.3913
vt 0.6907 0.3891
vt 0.6824 0.3870
vt 0.6840 0.3819
vt 0.6894 0.3941
vt 0.6808 0.3920
vt 0.6725 0.3900
vt 0.6743 0.3848
vt 0.6793 0.3971
vt 0.6708 0.3951
vt 0.6625 0.3931
vt 0.6644 0.3879
vt 0.6691 0.4003
vt 0.6606 0.3984
vt 0.6524 0.3965
vt 0.6544 0.3911
vt 0.6589 0.4037
vt 0.6505 0.4018
vt 0.6422 0.4000
vt 0.6443 0.3945
vt 0.6486 0.4072
vt 0.6402 0.4055
vt 0.6319 0.4038
vt 0.6341 0.3982
vt 0.6384 0.4110
vt 0.6300 0.4094
vt 0.6217 0.4079
vt 0.6238 0.4021
vt 0.6281 0.4151
vt 0.6197 0.4138
vt 0.6115 0.4124
vt 0.6136 0.4063
vt 0.6179 0.4196
vt 0.6095 0.4185
vt 0.6014 0.4172
vt 0.6035 0.4108
vt 0.6078 0.4247
vt 0.5995 0.4238
vt 0.5915 0.4227
vt 0.5935 0.4158
vt 0.5978 0.4303
vt 0.5896 0.4297
vt 0.5817 0.4286
vt 0.5837 0.4212
vt 0.5737 0.4266
vt 0.5759 0.4192
vt 0.5657 0.4240
vt 0.5681 0.4168
vt 0.5631 0.4311
vt 0.5550 0.4281
vt 0.5577 0.4211
vt 0.5603 0.4381
vt 0.5523 0.4349
vt 0.5572 0.4449
vt 0.5495 0.4416
vt 0.5540 0.4516
vt 0.5466 0.4483
vt 0.5606 0.4550
vt 0.5580 0.4615
vt 0.5512 0.4582
vt 0.5666 0.4583
vt 0.5645 0.4646
vt 0.5728 0.4617
vt 0.5715 0.4677
vt 0.5698 0.4735
vt 0.5626 0.4708
vt 0.5679 0.4794
vt 0.5604 0.4770
vt 0.5532 0.4739
vt 0.5557 0.4679
vt 0.5579 0.4829
vt 0.5503 0.4798
vt 0.5427 0.4764
vt 0.5458 0.4704
vt 0.5474 0.4857
vt 0.5398 0.4826
vt 0.5324 0.4798
vt 0.5352 0.4733
vt 0.5373 0.4890
vt 0.5298 0.4864
vt 0.5222 0.4839
vt 0.5247 0.4772
vt 0.5276 0.4931
vt 0.5199 0.4906
vt 0.5120 0.4880
vt 0.5143 0.4814
vt 0.5179 0.4973
vt 0.5099 0.4947
vt 0.5016 0.4918
vt 0.5037 0.4854
vt 0.5080 0.5013
vt 0.4997 0.4983
vt 0.4911 0.4951
vt 0.4929 0.4886
vt 0.4980 0.5049
vt 0.4896 0.5019
vt 0.4815 0.4992
vt 0.4825 0.4918
vt 0.4885 0.5091
vt 0.4806 0.5068
vt 0.4729 0.5049
vt 0.4737 0.4970
vt 0.4798 0.5145
vt 0.4723 0.5129
vt 0.4648 0.5117
vt 0.4654 0.5036
vt 0.4717 0.5209
vt 0.4643 0.5199
vt 0.4571 0.5193
vt 0.4575 0.5111
vt 0.4639 0.5280
vt 0.4568 0.5276
vt 0.4566 0.5360
vt 0.4579 0.5029
vt 0.4583 0.4948
vt 0.4660 0.4956
vt 0.4588 0.4867
vt 0.4667 0.4876
vt 0.4745 0.4893
vt 0.4675 0.4798
vt 0.4754 0.4816
vt 0.4839 0.4848
vt 0.4766 0.4743
vt 0.4858 0.4784
vt 0.4950 0.4822
vt 0.4883 0.4723
vt 0.4974 0.4759
vt 0.5060 0.4788
vt 0.5000 0.4693
vt 0.5085 0.4721
vt 0.5168 0.4747
vt 0.5112 0.4654
vt 0.5195 0.4680
vt 0.5275 0.4706
vt 0.5223 0.4615
vt 0.5304 0.4642
vt 0.5382 0.4671
vt 0.5332 0.4579
vt 0.5411 0.4610
vt 0.5486 0.4644
vt 0.5438 0.4548
vt 0.5512 0.4582
vt 0.5438 0.4548
vt 0.5360 0.4516
vt 0.5388 0.4451
vt 0.5466 0.4483
vt 0.5279 0.4485
vt 0.5307 0.4420
vt 0.5251 0.4550
vt 0.5168 0.4521
vt 0.5197 0.4454
vt 0.5223 0.4615
vt 0.5140 0.4587
vt 0.5055 0.4558
vt 0.5085 0.4490
vt 0.5112 0.4654
vt 0.5027 0.4626
vt 0.4939 0.4594
vt 0.4970 0.4526
vt 0.5000 0.4693
vt 0.4910 0.4660
vt 0.4814 0.4620
vt 0.4847 0.4556
vt 0.4883 0.4723
vt 0.4785 0.4678
vt 0.4696 0.4644
vt 0.4713 0.4576
vt 0.4766 0.4743
vt 0.4684 0.4720
vt 0.4603 0.4709
vt 0.4615 0.4632
vt 0.4675 0.4798
vt 0.4595 0.4788
vt 0.4588 0.4867
vt 0.4630 0.4558
vt 0.4882 0.4488
vt 0.4916 0.4416
vt 0.5001 0.4455
vt 0.4949 0.4344
vt 0.5032 0.4386
vt 0.5114 0.4422
vt 0.5062 0.4317
vt 0.5144 0.4354
vt 0.5225 0.4388
vt 0.5173 0.4286
vt 0.5254 0.4321
vt 0.5335 0.4354
vt 0.5282 0.4254
vt 0.5363 0.4287
vt 0.5416 0.4385
vt 0.5443 0.4318
vt 0.5390 0.4219
vt 0.5470 0.4250
vt 0.5390 0.4219
vt 0.5497 0.4181
vt 0.5603 0.4141
vt 0.5705 0.4097
vt 0.5782 0.4120
vt 0.5807 0.4051
vt 0.5882 0.4072
vt 0.5858 0.4141
vt 0.5907 0.4005
vt 0.5982 0.4026
vt 0.5958 0.4091
vt 0.6008 0.3962
vt 0.6083 0.3983
vt 0.6058 0.4045
vt 0.6109 0.3921
vt 0.6184 0.3943
vt 0.6160 0.4002
vt 0.6210 0.3883
vt 0.6286 0.3905
vt 0.6261 0.3963
vt 0.6311 0.3847
vt 0.6387 0.3869
vt 0.6363 0.3925
vt 0.6411 0.3813
vt 0.6487 0.3835
vt 0.6464 0.3890
vt 0.6510 0.3780
vt 0.6586 0.3803
vt 0.6564 0.3857
vt 0.6608 0.3749
vt 0.6684 0.3773
vt 0.6663 0.3826
vt 0.6705 0.3720
vt 0.6781 0.3744
vt 0.6761 0.3796
vt 0.6800 0.3692
vt 0.6875 0.3717
vt 0.6857 0.3768
vt 0.6894 0.3666
vt 0.6967 0.3691
vt 0.6951 0.3741
vt 0.6984 0.3641
vt 0.7057 0.3665
vt 0.7042 0.3715
vt 0.7071 0.3616
vt 0.7144 0.3640
vt 0.7131 0.3689
vt 0.7156 0.3592
vt 0.5312 0.2393
vt 0.5359 0.2449
vt 0.5304 0.2499
vt 0.5255 0.2441
vt 0.5370 0.2345
vt 0.5415 0.2400
vt 0.5463 0.2453
vt 0.5409 0.2504
vt 0.5519 0.2401
vt 0.5567 0.2451
vt 0.5512 0.2504
vt 0.5622 0.2398
vt 0.5669 0.2447
vt 0.5615 0.2500
vt 0.5723 0.2394
vt 0.5770 0.2442
vt 0.5717 0.2495
vt 0.5823 0.2389
vt 0.5869 0.2435
vt 0.5817 0.2489
vt 0.5921 0.2381
vt 0.5968 0.2425
vt 0.5917 0.2480
vt 0.6018 0.2370
vt 0.6065 0.2411
vt 0.6015 0.2467
vt 0.6115 0.2355
vt 0.6163 0.2394
vt 0.6114 0.2449
vt 0.6210 0.2340
vt 0.6258 0.2379
vt 0.6211 0.2432
vt 0.6303 0.2328
vt 0.6351 0.2369
vt 0.6306 0.2420
vt 0.6395 0.2318
vt 0.6441 0.2361
vt 0.6397 0.2412
vt 0.6484 0.2311
vt 0.6529 0.2354
vt 0.6485 0.2406
vt 0.6572 0.2303
vt 0.6618 0.2344
vt 0.6574 0.2395
vt 0.6661 0.2292
vt 0.6707 0.2330
vt 0.6664 0.2382
vt 0.6750 0.2278
vt 0.6797 0.2315
vt 0.6753 0.2367
vt 0.6839 0.2264
vt 0.6886 0.2300
vt 0.6843 0.2352
vt 0.6929 0.2249
vt 0.6975 0.2285
vt 0.6933 0.2337
vt 0.7017 0.2234
vt 0.7064 0.2270
vt 0.7022 0.2321
vt 0.7106 0.2219
vt 0.7153 0.2254
vt 0.7112 0.2305
vt 0.7193 0.2203
vt 0.7239 0.2239
vt 0.7200 0.2290
vt 0.7279 0.2187
vt 0.7325 0.2223
vt 0.7286 0.2275
vt 0.7363 0.2171
vt 0.7408 0.2207
vt 0.7371 0.2259
vt 0.7445 0.2154
vt 0.7490 0.2188
vt 0.7454 0.2241
vt 0.7526 0.2134
vt 0.7570 0.2167
vt 0.7535 0.2221
vt 0.7604 0.2113
vt 0.7647 0.2145
vt 0.7614 0.2199
vt 0.7680 0.2090
vt 0.7722 0.2120
vt 0.7691 0.2175
vt 0.7753 0.2065
vt 0.7793 0.2091
vt 0.7765 0.2147
vt 0.7822 0.2035
vt 0.7860 0.2058
vt 0.7835 0.2114
vt 0.7887 0.2001
vt 0.7925 0.2022
vt 0.7901 0.2079
vt 0.7951 0.1967
vt 0.7990 0.1987
vt 0.7967 0.2042
vt 0.8014 0.1933
vt 0.8053 0.1952
vt 0.8032 0.2005
vt 0.8077 0.1898
vt 0.7065 0.0925
vt 0.7096 0.0955
vt 0.7047 0.0998
vt 0.7017 0.0965
vt 0.7109 0.0881
vt 0.7142 0.0908
vt 0.7175 0.0939
vt 0.7129 0.0987
vt 0.7218 0.0887
vt 0.7254 0.0924
vt 0.7210 0.0974
vt 0.7297 0.0872
vt 0.7337 0.0912
vt 0.7292 0.0961
vt 0.7375 0.0952
vt 0.7328 0.1000
vt 0.7244 0.1010
vt 0.7162 0.1021
vt 0.7079 0.1031
vt 0.6995 0.1038
vt 0.6965 0.1002
vt 0.8011 0.2060
vt 0.7945 0.2098
vt 0.7878 0.2136
vt 0.7809 0.2172
vt 0.7736 0.2203
vt 0.7660 0.2230
vt 0.7581 0.2253
vt 0.7500 0.2275
vt 0.7417 0.2294
vt 0.7333 0.2311
vt 0.7247 0.2326
vt 0.7159 0.2341
vt 0.7070 0.2356
vt 0.6981 0.2372
vt 0.6891 0.2388
vt 0.6800 0.2404
vt 0.6710 0.2419
vt 0.6620 0.2434
vt 0.6531 0.2447
vt 0.6441 0.2457
vt 0.6351 0.2463
vt 0.6258 0.2472
vt 0.6163 0.2487
vt 0.6064 0.2506
vt 0.5965 0.2524
vt 0.5865 0.2535
vt 0.5765 0.2543
vt 0.5664 0.2549
vt 0.5562 0.2554
vt 0.5459 0.2557
vt 0.5355 0.2555
vt 0.5250 0.2549
vt 0.5199 0.2489
vt 0.7120 0.3737
vt 0.7029 0.3765
vt 0.6936 0.3791
vt 0.6840 0.3819
vt 0.6743 0.3848
vt 0.6644 0.3879
vt 0.6544 0.3911
vt 0.6443 0.3945
vt 0.6341 0.3982
vt 0.6238 0.4021
vt 0.6136 0.4063
vt 0.6035 0.4108
vt 0.5935 0.4158
vt 0.8218 0.0898
vt 0.8260 0.0908
vt 0.8290 0.0853
vt 0.8326 0.0854
vt 0.8299 0.0912
vt 0.8348 0.0797
vt 0.8378 0.0794
vt 0.8359 0.0852
vt 0.8394 0.0737
vt 0.8421 0.0731
vt 0.8408 0.0789
vt 0.8432 0.0672
vt 0.8459 0.0663
vt 0.8451 0.0724
vt 0.8468 0.0601
vt 0.8495 0.0591
vt 0.8490 0.0654
vt 0.8484 0.0714
vt 0.8440 0.0783
vt 0.8392 0.0848
vt 0.8336 0.0911
vt 0.8638 0.0921
vt 0.8697 0.0927
vt 0.8629 0.0977
vt 0.8574 0.0981
vt 0.8686 0.0980
vt 0.8625 0.1029
vt 0.8572 0.1035
vt 0.8680 0.1029
vt 0.8628 0.1078
vt 0.8576 0.1085
vt 0.8680 0.1073
vt 0.8636 0.1125
vt 0.8584 0.1132
vt 0.8686 0.1117
vt 0.8646 0.1170
vt 0.8594 0.1177
vt 0.8694 0.1163
vt 0.8653 0.1214
vt 0.8603 0.1220
vt 0.8699 0.1211
vt 0.7627 0.0247
vt 0.8553 0.1229
vt 0.8541 0.1186
vt 0.8569 0.1271
vt 0.8526 0.1280
vt 0.8507 0.1239
vt 0.8485 0.1291
vt 0.8462 0.1250
vt 0.8440 0.1304
vt 0.8418 0.1262
vt 0.8418 0.1262
vt 0.8368 0.1279
vt 0.8348 0.1233
vt 0.8398 0.1218
vt 0.8444 0.1205
vt 0.8384 0.1171
vt 0.8432 0.1160
vt 0.8492 0.1196
vt 0.8481 0.1150
vt 0.8425 0.1113
vt 0.8474 0.1103
vt 0.8531 0.1141
vt 0.8541 0.1186
vt 0.8524 0.1094
vt 0.8471 0.1054
vt 0.8521 0.1044
vt 0.8305 0.1565
vt 0.8287 0.1535
vt 0.8218 0.1551
vt 0.8202 0.1520
vt 0.8138 0.1534
vt 0.8121 0.1501
vt 0.8058 0.1519
vt 0.8037 0.1484
vt 0.7975 0.1510
vt 0.7948 0.1473
vt 0.7888 0.1506
vt 0.7857 0.1468
vt 0.7801 0.1507
vt 0.7768 0.1470
vt 0.7715 0.1514
vt 0.7681 0.1478
vt 0.7630 0.1526
vt 0.7596 0.1490
vt 0.7546 0.1540
vt 0.7511 0.1505
vt 0.7462 0.1556
vt 0.7427 0.1523
vt 0.7377 0.1574
vt 0.7342 0.1540
vt 0.7293 0.1591
vt 0.7257 0.1556
vt 0.7208 0.1606
vt 0.7171 0.1571
vt 0.7121 0.1620
vt 0.7084 0.1585
vt 0.7034 0.1633
vt 0.6996 0.1597
vt 0.6945 0.1644
vt 0.6906 0.1606
vt 0.6856 0.1652
vt 0.6817 0.1612
vt 0.6767 0.1658
vt 0.6728 0.1616
vt 0.6678 0.1662
vt 0.6639 0.1619
vt 0.6588 0.1665
vt 0.6549 0.1622
vt 0.6499 0.1669
vt 0.6459 0.1625
vt 0.6409 0.1673
vt 0.6369 0.1628
vt 0.6319 0.1678
vt 0.6278 0.1633
vt 0.6229 0.1683
vt 0.6187 0.1636
vt 0.6143 0.1590
vt 0.6138 0.1687
vt 0.6095 0.1640
vt 0.7586 0.2891
vt 0.7541 0.2942
vt 0.7492 0.2903
vt 0.7448 0.2952
vt 0.7398 0.2916
vt 0.7355 0.2964
vt 0.7304 0.2930
vt 0.7263 0.2978
vt 0.7211 0.2945
vt 0.7172 0.2994
vt 0.7119 0.2962
vt 0.7082 0.3012
vt 0.7029 0.2980
vt 0.6993 0.3030
vt 0.6939 0.2998
vt 0.6904 0.3048
vt 0.6850 0.3015
vt 0.6815 0.3066
vt 0.6761 0.3034
vt 0.6726 0.3085
vt 0.6670 0.3052
vt 0.6635 0.3103
vt 0.6579 0.3069
vt 0.6544 0.3121
vt 0.6487 0.3089
vt 0.6452 0.3144
vt 0.6395 0.3111
vt 0.6359 0.3167
vt 0.6302 0.3132
vt 0.6264 0.3188
vt 0.6207 0.3152
vt 0.6169 0.3210
vt 0.6111 0.3175
vt 0.6072 0.3234
vt 0.6014 0.3201
vt 0.5974 0.3262
vt 0.5915 0.3229
vt 0.5874 0.3291
vt 0.5814 0.3257
vt 0.5773 0.3318
vt 0.5711 0.3282
vt 0.5670 0.3343
vt 0.5608 0.3303
vt 0.5566 0.3366
vt 0.5505 0.3323
vt 0.5463 0.3387
vt 0.5402 0.3340
vt 0.5360 0.3406
vt 0.5299 0.3355
vt 0.5256 0.3420
vt 0.5195 0.3364
vt 0.5151 0.3428
vt 0.5092 0.3364
vt 0.5046 0.3426
vt 0.4988 0.3354
vt 0.4940 0.3414
vt 0.4885 0.3332
vt 0.4835 0.3386
vt 0.4787 0.3295
vt 0.4736 0.3340
vt 0.4698 0.3243
vt 0.4651 0.3277
vt 0.4621 0.3178
vt 0.4578 0.3081
vt 0.4584 0.3201
vt 0.4554 0.3102
vt 0.6993 0.4398
vt 0.6990 0.4440
vt 0.6881 0.4437
vt 0.6255 0.5079
vt 0.6228 0.5139
vt 0.6149 0.5131
vt 0.6200 0.5198
vt 0.6122 0.5188
vt 0.6043 0.5178
vt 0.6069 0.5121
vt 0.6096 0.5245
vt 0.6017 0.5234
vt 0.5938 0.5223
vt 0.5963 0.5166
vt 0.5993 0.5290
vt 0.5915 0.5280
vt 0.5837 0.5269
vt 0.5859 0.5211
vt 0.5895 0.5337
vt 0.5818 0.5328
vt 0.5741 0.5318
vt 0.5759 0.5258
vt 0.5802 0.5388
vt 0.5726 0.5380
vt 0.5650 0.5371
vt 0.5665 0.5308
vt 0.5714 0.5442
vt 0.5639 0.5435
vt 0.5564 0.5425
vt 0.5575 0.5360
vt 0.5630 0.5500
vt 0.5555 0.5492
vt 0.5481 0.5480
vt 0.5490 0.5413
vt 0.5549 0.5559
vt 0.5475 0.5549
vt 0.5401 0.5535
vt 0.5407 0.5466
vt 0.5470 0.5619
vt 0.5397 0.5607
vt 0.5323 0.5591
vt 0.5326 0.5519
vt 0.5395 0.5680
vt 0.5321 0.5664
vt 0.5245 0.5646
vt 0.5246 0.5572
vt 0.5321 0.5740
vt 0.5245 0.5721
vt 0.5165 0.5699
vt 0.5166 0.5625
vt 0.8583 0.0334
f 1/1 2/2 3/3 4/4
f 1/5 5/6 6/7 7/8
f 1/1 4/4 8/9 5/6
f 9/10 10/11 11/12 12/13
f 9/10 13/14 14/15 10/11
f 9/10 15/16 16/17 13/14
f 9/10 17/18 18/19 15/16
f 9/10 12/13 19/20 17/18
f 20/21 21/22 22/23 23/24
f 20/21 23/24 24/25 25/26
f 20/27 26/28 27/29 28/30
f 20/21 28/30 29/31 21/22
f 20/21 25/26 30/32 26/28
f 31/33 32/34 33/35 34/36
f 31/37 35/38 36/39 37/40
f 31/33 37/40 38/41 32/34
f 39/42 40/43 41/44 42/45
f 39/42 43/46 44/47 40/43
f 39/42 42/45 45/48 43/46
f 46/49 47/50 48/51 49/52
f 46/49 50/53 51/54 47/50
f 46/49 49/52 52/55 50/53
f 53/56 54/57 55/58 56/59
f 53/56 57/60 58/61 54/57
f 53/56 59/62 60/63 57/60
f 53/56 61/64 62/65 59/62
f 53/56 56/59 63/66 61/64
f 64/67 65/68 66/69 67/70
f 64/71 68/72 69/73 70/74
f 64/67 67/70 71/75 68/72
f 64/71 70/74 72/76 73/77
f 64/67 73/77 74/78 65/68
f 75/79 76/80 77/81 78/82
f 75/79 79/83 80/84 76/80
f 75/79 78/82 81/85 79/83
f 82/86 83/87 84/88 85/89
f 82/86 85/89 86/90 87/91
f 82/86 87/91 88/92 83/87
f 89/93 90/94 91/95 92/96
f 89/93 92/96 93/97 94/98
f 89/93 94/98 95/99 90/94
f 96/100 97/101 98/102 99/103
f 96/100 100/104 101/105 97/101
f 96/100 99/103 102/106 100/104
f 103/107 104/108 105/109 106/110
f 103/107 106/110 107/111 108/112
f 103/113 109/114 110/115 111/116
f 103/107 111/116 112/117 104/108
f 103/107 108/112 113/118 109/114
f 114/119 115/120 116/121 117/122
f 114/119 117/122 118/123 119/124
f 114/119 119/124 120/125 115/120
f 121/126 122/127 123/128 124/129
f 121/126 125/130 126/131 122/127
f 121/126 127/132 128/133 125/130
f 121/126 129/134 130/135 127/132
f 121/126 124/129 131/136 129/134
f 132/137 133/138 11/12 10/11
f 132/137 134/139 135/140 133/138
f 132/137 10/11 14/15 134/139
f 136/141 137/142 138/143 139/144
f 136/141 140/145 141/146 137/142
f 136/141 139/144 142/147 143/148
f 144/149 145/150 146/151 147/152
f 144/149 147/152 148/153 149/154
f 144/149 149/154 150/155 151/156
f 144/149 151/156 152/157 153/158
f 144/149 153/158 154/159 145/150
f 154/159 153/158 155/160 156/161
f 154/159 156/161 157/162 158/163
f 154/159 158/163 159/164 145/150
f 159/164 160/165 146/151 145/150
f 159/164 158/163 161/166 162/167
f 159/164 162/167 163/168 160/165
f 163/168 164/169 165/170 160/165
f 163/168 162/167 166/171 167/172
f 163/168 167/172 168/173 164/169
f 168/173 169/174 170/175 164/169
f 168/173 167/172 171/176 172/177
f 168/173 172/177 173/178 169/174
f 173/178 174/179 175/180 169/174
f 173/178 172/177 176/181 177/182
f 173/178 177/182 178/183 174/179
f 178/183 179/184 180/185 174/179
f 178/183 177/182 181/186 182/187
f 178/183 182/187 183/188 179/184
f 183/188 184/189 185/190 179/184
f 183/188 182/187 186/191 187/192
f 183/188 187/192 188/193 184/189
f 188/193 189/194 190/195 184/189
f 188/193 187/192 191/196 192/197
f 188/193 192/197 193/198 189/194
f 193/198 194/199 195/200 189/194
f 193/198 192/197 196/201 197/202
f 193/198 197/202 198/203 194/199
f 198/203 199/204 200/205 194/199
f 198/203 197/202 201/206 202/207
f 198/203 202/207 203/208 199/204
f 203/208 204/209 205/210 199/204
f 203/208 202/207 206/211 207/212
f 203/208 207/212 208/213 204/209
f 208/213 209/214 210/215 204/209
f 208/213 207/212 211/216 212/217
f 208/213 212/217 213/218 209/214
f 213/218 214/219 110/220 209/214
f 213/218 212/217 215/221 216/222
f 213/218 216/222 217/223 214/219
f 217/223 218/224 219/225 214/219
f 217/223 216/222 220/226 221/227
f 217/223 221/227 222/228 218/224
f 222/228 223/229 224/230 218/224
f 222/228 221/227 225/231 226/232
f 222/228 226/232 227/233 223/229
f 227/233 228/234 229/235 223/229
f 227/233 226/232 230/236 231/237
f 227/233 231/237 232/238 228/234
f 232/238 233/239 234/240 228/234
f 232/238 231/237 235/241 236/242
f 232/238 236/242 237/243 233/239
f 237/243 238/244 239/245 233/239
f 237/243 236/242 240/246 241/247
f 237/243 241/247 242/248 238/244
f 242/248 243/249 244/250 238/244
f 242/248 241/247 245/251 246/252
f 242/248 246/252 247/253 243/249
f 247/253 248/254 249/255 243/249
f 247/253 246/252 250/256 251/257
f 247/253 251/257 252/258 248/254
f 252/258 253/259 254/260 248/254
f 252/258 251/257 255/261 256/262
f 252/258 256/262 257/263 253/259
f 257/263 258/264 259/265 253/259
f 257/263 256/262 260/266 261/267
f 257/263 261/267 262/268 258/264
f 262/268 263/269 264/270 258/264
f 262/268 261/267 265/271 266/272
f 262/268 266/272 267/273 263/269
f 267/273 268/274 269/275 263/269
f 267/273 266/272 270/276 271/277
f 267/273 271/277 272/278 268/274
f 272/278 273/279 274/280 268/274
f 272/278 271/277 275/281 276/282
f 272/278 276/282 277/283 273/279
f 277/283 278/284 279/285 273/279
f 277/283 276/282 280/286 281/287
f 277/283 281/287 282/288 278/284
f 282/288 283/289 284/290 278/284
f 282/288 281/287 285/291 286/292
f 282/288 286/292 287/293 283/289
f 287/293 288/294 289/295 283/289
f 287/293 286/292 290/296 291/297
f 287/293 291/297 292/298 288/294
f 292/298 293/299 294/300 288/294
f 292/298 291/297 295/301 296/302
f 292/298 296/302 297/303 293/299
f 297/303 298/304 299/305 293/299
f 299/306 300/307 301/308 302/309
f 299/306 302/309 294/300 293/299
f 299/305 298/304 303/310 300/307
f 303/310 304/311 305/312 300/307
f 305/313 306/314 307/315 308/316
f 305/313 308/316 301/308 300/307
f 305/313 304/311 309/317 306/314
f 309/317 310/318 311/319 306/314
f 311/320 312/321 313/322 314/323
f 311/319 314/323 307/315 306/314
f 311/319 310/318 315/324 312/321
f 315/324 316/325 141/326 312/321
f 316/325 317/327 137/142 141/326
f 317/327 318/328 138/143 137/142
f 318/329 319/330 320/331 138/332
f 320/331 321/333 139/334 138/332
f 320/331 319/330 322/335 323/336
f 320/331 323/336 324/337 321/333
f 324/337 325/338 326/339 321/333
f 324/337 323/336 327/340 328/341
f 324/337 328/341 329/342 325/338
f 329/342 330/343 331/344 325/338
f 329/342 328/341 332/345 333/346
f 329/342 333/346 334/347 330/343
f 334/347 335/348 336/349 330/343
f 334/347 333/346 337/350 338/351
f 334/347 338/351 339/352 335/348
f 339/352 340/353 341/354 335/348
f 339/352 338/351 342/355 343/356
f 339/352 343/356 344/357 340/353
f 344/357 345/358 346/359 340/353
f 344/357 343/356 347/360 348/361
f 344/357 348/361 349/362 345/358
f 349/362 350/363 351/364 345/358
f 349/362 348/361 352/365 353/366
f 349/362 353/366 354/367 350/363
f 354/367 355/368 356/369 350/363
f 354/367 353/366 357/370 358/371
f 354/367 358/371 359/372 355/368
f 359/372 360/373 361/374 355/368
f 359/372 358/371 362/375 363/376
f 359/372 363/376 364/377 360/373
f 364/377 365/378 366/379 360/373
f 364/377 363/376 367/380 368/381
f 364/377 368/381 369/382 365/378
f 369/382 370/383 371/384 365/378
f 369/382 368/381 372/385 373/386
f 369/382 373/386 374/387 370/383
f 374/387 375/388 376/389 370/383
f 374/387 373/386 377/390 378/391
f 374/387 378/391 379/392 375/388
f 379/392 380/393 381/394 375/388
f 379/392 378/391 382/395 383/396
f 379/392 383/396 384/397 380/393
f 384/397 385/398 386/399 380/393
f 384/397 383/396 387/400 388/401
f 384/397 388/401 389/402 385/398
f 389/402 390/403 391/404 385/398
f 389/402 388/401 392/405 393/406
f 389/402 393/406 394/407 390/403
f 394/407 395/408 396/409 390/403
f 394/407 393/406 397/410 398/411
f 394/407 398/411 399/412 395/408
f 399/412 400/413 401/414 395/408
f 399/412 398/411 402/415 403/416
f 399/412 403/416 404/417 400/413
f 404/417 405/418 406/419 400/413
f 404/417 403/416 407/420 408/421
f 404/417 408/421 409/422 405/418
f 409/422 410/423 411/424 405/418
f 409/422 408/421 412/425 413/426
f 409/422 413/426 414/427 410/423
f 414/427 415/428 416/429 410/423
f 414/427 413/426 417/430 418/431
f 414/427 418/431 419/432 415/428
f 419/432 420/433 421/434 415/428
f 419/432 418/431 422/435 423/436
f 419/432 423/436 424/437 420/433
f 424/437 425/438 426/439 420/433
f 424/437 423/436 427/440 428/441
f 424/437 428/441 429/442 425/438
f 429/442 430/443 431/444 425/438
f 429/442 428/441 432/445 433/446
f 429/442 433/446 434/447 430/443
f 434/447 435/448 436/449 430/443
f 434/447 433/446 437/450 438/451
f 434/447 438/451 439/452 435/448
f 439/452 440/453 441/454 435/448
f 439/452 438/451 442/455 443/456
f 439/452 443/456 444/457 440/453
f 444/457 445/458 446/459 440/453
f 444/457 443/456 447/460 448/461
f 444/457 448/461 449/462 445/458
f 449/462 450/463 451/464 445/458
f 449/462 448/461 452/465 453/466
f 449/462 453/466 454/467 450/463
f 454/467 455/468 456/469 450/463
f 454/467 453/466 457/470 458/471
f 454/467 458/471 459/472 455/468
f 459/472 460/473 461/474 455/468
f 459/472 458/471 462/475 463/476
f 459/472 463/476 464/477 460/473
f 464/477 465/478 466/479 460/473
f 464/477 463/476 467/480 468/481
f 464/477 468/481 469/482 465/478
f 469/482 470/483 471/484 465/478
f 469/482 468/481 472/485 473/486
f 469/482 473/486 474/487 470/483
f 474/487 475/488 476/489 470/483
f 474/490 473/491 477/492 478/493
f 474/490 478/493 479/494 475/495
f 479/494 480/496 481/497 475/495
f 479/494 478/493 482/498 483/499
f 479/494 483/499 484/500 480/496
f 484/500 485/501 486/502 480/496
f 484/500 483/499 487/503 488/504
f 484/500 488/504 489/505 485/501
f 489/505 490/506 491/507 485/501
f 489/505 488/504 492/508 493/509
f 489/505 493/509 494/510 490/506
f 494/510 495/511 496/512 490/506
f 494/510 493/509 497/513 498/514
f 494/510 498/514 499/515 495/511
f 499/515 500/516 501/517 495/511
f 499/515 498/514 502/518 503/519
f 499/515 503/519 504/520 500/516
f 504/520 505/521 506/522 500/516
f 504/520 503/519 507/523 508/524
f 504/520 508/524 509/525 505/521
f 509/525 510/526 511/527 505/521
f 509/525 508/524 512/528 513/529
f 509/525 513/529 514/530 510/526
f 514/530 515/531 516/532 510/526
f 514/530 513/529 517/533 518/534
f 514/530 518/534 519/535 515/531
f 519/535 520/536 521/537 515/531
f 519/535 518/534 522/538 523/539
f 519/535 523/539 524/540 520/536
f 524/540 525/541 526/542 520/536
f 524/540 523/539 527/543 528/544
f 524/540 528/544 529/545 525/541
f 529/545 530/546 531/547 525/541
f 529/545 528/544 532/548 533/549
f 529/545 533/549 534/550 530/546
f 534/550 535/551 536/552 530/546
f 534/550 533/549 537/553 538/554
f 534/550 538/554 539/555 535/551
f 539/555 540/556 541/557 535/551
f 539/555 538/554 542/558 543/559
f 539/555 543/559 544/560 540/556
f 544/560 545/561 546/562 540/556
f 544/560 543/559 547/563 548/564
f 544/560 548/564 549/565 545/561
f 549/565 550/566 551/567 545/561
f 549/565 548/564 552/568 553/569
f 549/565 553/569 554/570 550/566
f 554/570 555/571 556/572 550/566
f 554/570 553/569 557/573 558/574
f 554/570 558/574 559/575 555/571
f 559/575 560/576 561/577 555/571
f 559/575 558/574 562/578 563/579
f 559/575 563/579 564/580 560/576
f 564/580 565/581 566/582 560/576
f 564/580 563/579 567/583 568/584
f 564/580 568/584 569/585 565/581
f 569/585 570/586 571/587 565/581
f 569/585 568/584 572/588 573/589
f 569/585 573/589 574/590 570/586
f 574/590 575/591 576/592 570/586
f 574/590 573/589 577/593 578/594
f 574/590 578/594 579/595 575/591
f 579/595 580/596 581/597 575/591
f 579/595 578/594 582/598 583/599
f 579/595 583/599 584/600 580/596
f 584/600 585/601 586/602 580/596
f 584/600 583/599 587/603 588/604
f 584/600 588/604 589/605 585/601
f 589/605 590/606 591/607 585/601
f 589/605 588/604 592/608 593/609
f 589/605 593/609 594/610 590/606
f 594/610 595/611 596/612 590/606
f 594/610 593/609 597/613 598/614
f 594/610 598/614 599/615 595/611
f 599/615 600/616 601/617 595/611
f 599/615 598/614 602/618 603/619
f 599/615 603/619 604/620 600/616
f 604/620 605/621 606/622 600/616
f 604/620 603/619 607/623 608/624
f 604/620 608/624 609/625 605/621
f 609/625 610/626 611/627 605/621
f 609/625 608/624 612/628 613/629
f 609/625 613/629 614/630 610/626
f 614/630 615/631 616/632 610/626
f 614/630 613/629 617/633 618/634
f 614/630 618/634 619/635 615/631
f 619/636 620/637 621/638 615/639
f 619/635 618/634 622/640 623/641
f 619/636 623/642 624/643 620/637
f 624/643 625/644 626/645 620/637
f 624/643 623/642 627/646 628/647
f 624/643 628/647 629/648 625/644
f 629/648 630/649 631/650 625/644
f 629/648 628/647 632/651 633/652
f 629/648 633/652 634/653 630/649
f 634/653 635/654 636/655 630/649
f 634/653 633/652 637/656 638/657
f 634/653 638/657 639/658 635/654
f 639/658 640/659 641/660 635/654
f 639/658 638/657 642/661 643/662
f 639/658 643/662 644/663 640/659
f 644/663 645/664 646/665 640/659
f 644/663 643/662 647/666 69/667
f 644/663 69/667 68/72 645/664
f 647/666 643/662 642/661 648/668
f 647/666 648/668 649/669 650/670
f 647/666 650/670 70/74 69/667
f 650/670 649/669 651/671 652/672
f 650/670 652/672 72/76 70/74
f 652/672 651/671 653/673 654/674
f 652/672 654/674 655/675 72/76
f 655/675 656/676 73/77 72/76
f 655/675 654/674 657/677 658/678
f 655/675 658/678 659/679 656/676
f 659/679 660/680 661/681 656/676
f 659/679 658/678 662/682 663/683
f 659/679 663/683 664/684 660/680
f 664/684 665/685 666/686 660/680
f 664/684 663/683 667/687 668/688
f 664/684 668/688 669/689 665/685
f 669/689 670/690 671/691 665/685
f 669/689 668/688 672/692 673/693
f 669/689 673/693 674/694 670/690
f 674/694 675/695 676/696 670/690
f 674/694 673/693 677/697 678/698
f 674/694 678/698 679/699 675/695
f 679/699 680/700 681/701 675/695
f 679/699 678/698 682/702 683/703
f 679/699 683/703 684/704 680/700
f 684/704 685/705 686/706 680/700
f 684/704 683/703 687/707 688/708
f 684/704 688/708 689/709 685/705
f 689/709 690/710 691/711 685/705
f 689/709 688/708 692/712 693/713
f 689/709 693/713 694/714 690/710
f 694/714 695/715 95/716 690/710
f 694/714 693/713 696/717 697/718
f 694/714 697/718 698/719 695/715
f 698/719 699/720 700/721 695/715
f 698/719 697/718 701/722 702/723
f 698/719 702/723 703/724 699/720
f 703/724 704/725 705/726 699/720
f 703/724 702/723 706/727 707/728
f 703/724 707/728 708/729 704/725
f 708/729 709/730 710/731 704/725
f 708/729 707/728 711/732 712/733
f 708/729 712/733 713/734 709/730
f 713/734 714/735 715/736 709/730
f 713/734 712/733 716/737 717/738
f 713/734 717/738 718/739 714/735
f 718/739 719/740 720/741 714/735
f 718/739 717/738 721/742 722/743
f 718/739 722/743 45/744 719/740
f 722/743 721/742 723/745 724/746
f 722/743 724/746 43/46 45/744
f 724/746 723/745 725/747 726/748
f 724/746 726/748 44/47 43/46
f 726/748 725/747 727/749 728/750
f 726/748 728/751 729/752 44/47
f 729/752 728/751 730/753 731/754
f 729/752 731/754 732/755 733/756
f 729/752 733/756 40/43 44/47
f 733/756 732/755 734/757 735/758
f 733/756 735/758 41/44 40/43
f 735/758 734/757 736/759 737/760
f 735/758 737/760 738/761 41/44
f 738/761 739/762 42/45 41/44
f 738/761 737/760 740/763 741/764
f 738/761 741/764 742/765 739/762
f 742/765 741/764 78/82 77/81
f 742/765 77/81 743/766 720/767
f 742/765 720/767 719/740 739/762
f 743/766 77/81 76/80 744/768
f 743/766 744/768 745/769 715/770
f 743/766 715/770 714/735 720/767
f 745/769 744/768 746/771 747/772
f 745/769 747/772 748/773 710/774
f 745/769 710/774 709/730 715/770
f 748/773 747/772 749/775 750/776
f 748/773 750/776 751/777 705/778
f 748/773 705/778 704/725 710/774
f 751/777 750/776 752/779 91/780
f 751/777 91/780 90/94 700/781
f 751/777 700/781 699/720 705/778
f 752/782 753/783 754/784 755/785
f 752/779 755/785 92/96 91/780
f 752/779 750/776 749/775 753/783
f 755/785 754/784 756/786 757/787
f 755/785 757/787 93/97 92/96
f 757/787 756/786 758/788 759/789
f 757/787 759/789 760/790 93/97
f 760/790 759/789 761/791 686/792
f 760/790 686/792 685/705 691/711
f 760/790 691/711 94/98 93/97
f 761/791 759/789 758/788 762/793
f 761/791 762/793 763/794 681/795
f 761/791 681/795 680/700 686/792
f 763/794 762/793 764/796 765/797
f 763/794 765/797 766/798 676/799
f 763/794 676/799 675/695 681/795
f 766/798 765/797 767/800 768/801
f 766/798 768/801 769/802 671/803
f 766/798 671/803 670/690 676/799
f 769/802 768/801 770/804 771/805
f 769/802 771/805 772/806 666/807
f 769/802 666/807 665/685 671/803
f 772/806 771/805 773/808 774/809
f 772/806 774/809 74/810 661/811
f 772/806 661/811 660/680 666/807
f 774/809 773/808 775/812 776/813
f 774/809 776/813 65/68 74/810
f 776/813 775/812 777/814 778/815
f 776/813 778/815 66/69 65/68
f 778/815 777/814 779/816 780/817
f 778/815 780/817 781/818 66/69
f 781/818 780/817 782/819 783/820
f 781/818 783/820 784/821 785/822
f 781/818 785/822 67/70 66/69
f 785/822 784/821 786/823 787/824
f 785/822 787/824 71/75 67/70
f 787/824 786/823 788/825 789/826
f 787/824 789/826 790/827 71/75
f 790/827 789/826 791/828 792/829
f 790/827 792/829 646/665 645/664
f 790/827 645/664 68/72 71/75
f 792/829 791/828 793/830 794/831
f 792/829 794/831 795/832 646/665
f 795/832 794/831 796/833 797/834
f 795/832 797/834 798/835 641/836
f 795/832 641/836 640/659 646/665
f 798/835 797/834 799/837 800/838
f 798/835 800/838 801/839 636/840
f 798/835 636/840 635/654 641/836
f 801/839 800/838 802/841 803/842
f 801/839 803/842 804/843 631/844
f 801/839 631/844 630/649 636/840
f 804/843 803/842 805/845 806/846
f 804/843 806/846 807/847 626/848
f 804/843 626/848 625/644 631/844
f 807/847 806/846 808/849 809/850
f 807/847 809/850 810/851 621/852
f 807/847 621/852 620/637 626/848
f 810/853 809/854 811/855 812/856
f 810/853 812/856 813/857 616/858
f 810/851 616/859 615/639 621/852
f 813/857 812/856 814/860 815/861
f 813/857 815/861 816/862 611/863
f 813/857 611/863 610/626 616/858
f 816/862 815/861 817/864 818/865
f 816/862 818/865 819/866 606/867
f 816/862 606/867 605/621 611/863
f 819/866 818/865 820/868 821/869
f 819/866 821/869 822/870 601/871
f 819/866 601/871 600/616 606/867
f 822/870 821/869 823/872 824/873
f 822/870 824/873 825/874 596/875
f 822/870 596/875 595/611 601/871
f 825/874 824/873 826/876 827/877
f 825/874 827/877 828/878 591/879
f 825/874 591/879 590/606 596/875
f 828/878 827/877 829/880 830/881
f 828/878 830/881 831/882 586/883
f 828/878 586/883 585/601 591/879
f 831/882 830/881 832/884 833/885
f 831/882 833/885 834/886 581/887
f 831/882 581/887 580/596 586/883
f 834/886 833/885 835/888 836/889
f 834/886 836/889 837/890 576/891
f 834/886 576/891 575/591 581/887
f 837/890 836/889 838/892 839/893
f 837/890 839/893 840/894 571/895
f 837/890 571/895 570/586 576/891
f 840/894 839/893 841/896 842/897
f 840/894 842/897 843/898 566/899
f 840/894 566/899 565/581 571/895
f 843/898 842/897 844/900 845/901
f 843/898 845/901 846/902 561/903
f 843/898 561/903 560/576 566/899
f 846/902 845/901 847/904 848/905
f 846/902 848/905 849/906 556/907
f 846/902 556/907 555/571 561/903
f 849/906 848/905 850/908 851/909
f 849/906 851/909 852/910 551/911
f 849/906 551/911 550/566 556/907
f 852/910 851/909 853/912 854/913
f 852/910 854/913 855/914 546/915
f 852/910 546/915 545/561 551/911
f 855/914 854/913 856/916 857/917
f 855/914 857/917 858/918 541/919
f 855/914 541/919 540/556 546/915
f 858/918 857/917 859/920 860/921
f 858/918 860/921 861/922 536/923
f 858/918 536/923 535/551 541/919
f 861/922 860/921 862/924 863/925
f 861/922 863/925 864/926 531/927
f 861/922 531/927 530/546 536/923
f 864/926 863/925 865/928 866/929
f 864/926 866/929 867/930 526/931
f 864/926 526/931 525/541 531/927
f 867/930 866/929 868/932 869/933
f 867/930 869/933 870/934 521/935
f 867/930 521/935 520/536 526/931
f 870/934 869/933 871/936 872/937
f 870/934 872/937 873/938 516/939
f 870/934 516/939 515/531 521/935
f 873/938 872/937 874/940 875/941
f 873/938 875/941 876/942 511/943
f 873/938 511/943 510/526 516/939
f 876/942 875/941 877/944 878/945
f 876/942 878/945 879/946 506/947
f 876/942 506/947 505/521 511/943
f 879/946 878/945 880/948 881/949
f 879/946 881/949 882/950 501/951
f 879/946 501/951 500/516 506/947
f 882/950 881/949 883/952 884/953
f 882/950 884/953 885/954 496/955
f 882/950 496/955 495/511 501/951
f 885/954 884/953 886/956 887/957
f 885/954 887/957 888/958 491/959
f 885/954 491/959 490/506 496/955
f 888/958 887/957 889/960 890/961
f 888/958 890/961 891/962 486/963
f 888/958 486/963 485/501 491/959
f 891/964 890/965 892/966 893/967
f 891/964 893/967 894/968 481/969
f 891/962 481/497 480/496 486/963
f 894/968 893/967 895/970 896/971
f 894/968 896/971 897/972 476/973
f 894/968 476/973 475/488 481/969
f 897/972 896/971 898/974 899/975
f 897/972 899/975 900/976 471/977
f 897/972 471/977 470/483 476/973
f 900/976 899/975 901/978 902/979
f 900/976 902/979 903/980 466/981
f 900/976 466/981 465/478 471/977
f 903/980 902/979 904/982 905/983
f 903/980 905/983 906/984 461/985
f 903/980 461/985 460/473 466/981
f 906/984 905/983 907/986 908/987
f 906/984 908/987 909/988 456/989
f 906/984 456/989 455/468 461/985
f 909/988 908/987 910/990 911/991
f 909/988 911/991 912/992 451/993
f 909/988 451/993 450/463 456/989
f 912/992 911/991 913/994 914/995
f 912/992 914/995 915/996 446/997
f 912/992 446/997 445/458 451/993
f 915/996 914/995 916/998 917/999
f 915/996 917/999 918/1000 441/1001
f 915/996 441/1001 440/453 446/997
f 918/1000 917/999 919/1002 920/1003
f 918/1000 920/1003 921/1004 436/1005
f 918/1000 436/1005 435/448 441/1001
f 921/1004 920/1003 922/1006 923/1007
f 921/1004 923/1007 924/1008 431/1009
f 921/1004 431/1009 430/443 436/1005
f 924/1008 923/1007 925/1010 926/1011
f 924/1008 926/1011 927/1012 426/1013
f 924/1008 426/1013 425/438 431/1009
f 927/1012 926/1011 928/1014 929/1015
f 927/1012 929/1015 930/1016 421/1017
f 927/1012 421/1017 420/433 426/1013
f 930/1016 929/1015 931/1018 932/1019
f 930/1016 932/1019 933/1020 416/1021
f 930/1016 416/1021 415/428 421/1017
f 933/1020 932/1019 934/1022 935/1023
f 933/1020 935/1023 936/1024 411/1025
f 933/1020 411/1025 410/423 416/1021
f 936/1024 935/1023 937/1026 938/1027
f 936/1024 938/1027 939/1028 406/1029
f 936/1024 406/1029 405/418 411/1025
f 939/1028 938/1027 940/1030 941/1031
f 939/1028 941/1031 942/1032 401/1033
f 939/1028 401/1033 400/413 406/1029
f 942/1032 941/1031 943/1034 944/1035
f 942/1032 944/1035 945/1036 396/1037
f 942/1032 396/1037 395/408 401/1033
f 945/1036 944/1035 946/1038 947/1039
f 945/1036 947/1039 948/1040 391/1041
f 945/1036 391/1041 390/403 396/1037
f 948/1040 947/1039 949/1042 950/1043
f 948/1040 950/1043 951/1044 386/1045
f 948/1040 386/1045 385/398 391/1041
f 951/1044 950/1043 952/1046 953/1047
f 951/1044 953/1047 954/1048 381/1049
f 951/1044 381/1049 380/393 386/1045
f 954/1048 953/1047 955/1050 956/1051
f 954/1048 956/1051 957/1052 376/1053
f 954/1048 376/1053 375/388 381/1049
f 957/1052 956/1051 958/1054 959/1055
f 957/1052 959/1055 960/1056 371/1057
f 957/1052 371/1057 370/383 376/1053
f 960/1056 959/1055 961/1058 962/1059
f 960/1056 962/1059 963/1060 366/1061
f 960/1056 366/1061 365/378 371/1057
f 963/1060 962/1059 964/1062 965/1063
f 963/1060 965/1063 966/1064 361/1065
f 963/1060 361/1065 360/373 366/1061
f 966/1064 965/1063 967/1066 968/1067
f 966/1064 968/1067 969/1068 356/1069
f 966/1064 356/1069 355/368 361/1065
f 969/1068 968/1067 970/1070 971/1071
f 969/1068 971/1071 972/1072 351/1073
f 969/1068 351/1073 350/363 356/1069
f 972/1072 971/1071 973/1074 974/1075
f 972/1072 974/1075 975/1076 346/1077
f 972/1072 346/1077 345/358 351/1073
f 975/1076 974/1075 976/1078 977/1079
f 975/1076 977/1079 978/1080 341/1081
f 975/1076 341/1081 340/353 346/1077
f 978/1080 977/1079 979/1082 980/1083
f 978/1080 980/1083 981/1084 336/1085
f 978/1080 336/1085 335/348 341/1081
f 981/1084 980/1083 982/1086 983/1087
f 981/1084 983/1087 984/1088 331/1089
f 981/1084 331/1089 330/343 336/1085
f 984/1088 983/1087 985/1090 986/1091
f 984/1088 986/1091 142/1092 326/1093
f 984/1088 326/1093 325/338 331/1089
f 986/1094 985/1095 987/1096 988/1097
f 986/1094 988/1097 143/148 142/147
f 988/1097 987/1096 989/1098 990/1099
f 988/1097 990/1099 991/1100 143/148
f 991/1100 990/1099 992/1101 993/1102
f 991/1100 993/1102 994/1103 995/1104
f 991/1100 995/1104 136/141 143/148
f 995/1104 994/1103 996/1105 997/1106
f 995/1104 997/1106 140/145 136/141
f 997/1106 996/1105 998/1107 999/1108
f 997/1106 999/1108 313/1109 140/145
f 999/1108 998/1107 1000/1110 1001/1111
f 999/1108 1001/1111 314/323 313/1109
f 1001/1111 1000/1110 1002/1112 1003/1113
f 1001/1111 1003/1113 307/315 314/323
f 1003/1113 1002/1112 1004/1114 1005/1115
f 1003/1113 1005/1115 308/316 307/315
f 1005/1115 1004/1114 1006/1116 1007/1117
f 1005/1115 1007/1117 301/308 308/316
f 1007/1117 1006/1116 1008/1118 1009/1119
f 1007/1117 1009/1119 302/309 301/308
f 1009/1119 1008/1118 1010/1120 1011/1121
f 1009/1119 1011/1121 294/300 302/309
f 1011/1121 1010/1120 1012/1122 289/1123
f 1011/1121 289/1123 288/294 294/300
f 1012/1122 1010/1120 1013/1124 1014/1125
f 1012/1122 1014/1125 1015/1126 284/1127
f 1012/1122 284/1127 283/289 289/1123
f 1015/1126 1014/1125 1016/1128 1017/1129
f 1015/1126 1017/1129 1018/1130 279/1131
f 1015/1126 279/1131 278/284 284/1127
f 1018/1130 1017/1129 1019/1132 1020/1133
f 1018/1130 1020/1133 1021/1134 274/1135
f 1018/1130 274/1135 273/279 279/1131
f 1021/1134 1020/1133 1022/1136 1023/1137
f 1021/1134 1023/1137 1024/1138 269/1139
f 1021/1134 269/1139 268/274 274/1135
f 1024/1138 1023/1137 1025/1140 1026/1141
f 1024/1138 1026/1141 1027/1142 264/1143
f 1024/1138 264/1143 263/269 269/1139
f 1027/1142 1026/1141 1028/1144 1029/1145
f 1027/1142 1029/1145 1030/1146 259/1147
f 1027/1142 259/1147 258/264 264/1143
f 1030/1146 1029/1145 1031/1148 1032/1149
f 1030/1146 1032/1149 1033/1150 254/1151
f 1030/1146 254/1151 253/259 259/1147
f 1033/1150 1032/1149 1034/1152 1035/1153
f 1033/1150 1035/1153 1036/1154 249/1155
f 1033/1150 249/1155 248/254 254/1151
f 1036/1154 1035/1153 1037/1156 1038/1157
f 1036/1154 1038/1157 1039/1158 244/1159
f 1036/1154 244/1159 243/249 249/1155
f 1039/1158 1038/1157 1040/1160 1041/1161
f 1039/1158 1041/1161 1042/1162 239/1163
f 1039/1158 239/1163 238/244 244/1159
f 1042/1162 1041/1161 1043/1164 1044/1165
f 1042/1162 1044/1165 1045/1166 234/1167
f 1042/1162 234/1167 233/239 239/1163
f 1045/1166 1044/1165 1046/1168 1047/1169
f 1045/1166 1047/1169 1048/1170 229/1171
f 1045/1166 229/1171 228/234 234/1167
f 1048/1170 1047/1169 1049/1172 1050/1173
f 1048/1170 1050/1173 1051/1174 224/1175
f 1048/1170 224/1175 223/229 229/1171
f 1051/1174 1050/1173 1052/1176 112/1177
f 1051/1174 112/1177 111/116 219/1178
f 1051/1174 219/1178 218/224 224/1175
f 1052/1179 1053/1180 1054/1181 1055/1182
f 1052/1179 1055/1182 104/108 112/1177
f 1052/1176 1050/1173 1049/1172 1053/1180
f 1055/1182 1054/1181 1056/1183 1057/1184
f 1055/1182 1057/1184 105/109 104/108
f 1057/1184 1056/1183 1058/1185 1059/1186
f 1057/1184 1059/1186 1060/1187 105/109
f 1060/1187 1059/1186 1061/1188 1062/1189
f 1060/1187 1062/1189 1063/1190 1064/1191
f 1060/1187 1064/1191 106/110 105/109
f 1064/1191 1063/1190 1065/1192 1066/1193
f 1064/1191 1066/1193 107/111 106/110
f 1066/1193 1065/1192 1067/1194 1068/1195
f 1066/1193 1068/1195 1069/1196 107/111
f 1069/1196 1068/1195 116/121 115/120
f 1069/1196 115/120 120/125 1070/1197
f 1069/1196 1070/1197 108/112 107/111
f 1070/1197 120/125 1071/1198 1072/1199
f 1070/1197 1072/1199 113/118 108/112
f 1072/1199 1071/1198 1073/1200 1074/1201
f 1072/1199 1074/1201 1075/1202 113/118
f 1075/1202 1074/1201 1076/1203 205/1204
f 1075/1202 205/1204 204/209 210/215
f 1075/1202 210/215 109/114 113/118
f 1076/1203 1074/1201 1073/1200 1077/1205
f 1076/1203 1077/1205 1078/1206 200/1207
f 1076/1203 200/1207 199/204 205/1204
f 1078/1206 1077/1205 1079/1208 1080/1209
f 1078/1206 1080/1209 1081/1210 195/1211
f 1078/1206 195/1211 194/199 200/1207
f 1081/1210 1080/1209 1082/1212 1083/1213
f 1081/1210 1083/1213 1084/1214 190/1215
f 1081/1210 190/1215 189/194 195/1211
f 1084/1214 1083/1213 1085/1216 1086/1217
f 1084/1214 1086/1217 1087/1218 185/1219
f 1084/1214 185/1219 184/189 190/1215
f 1087/1218 1086/1217 1088/1220 1089/1221
f 1087/1218 1089/1221 1090/1222 180/1223
f 1087/1218 180/1223 179/184 185/1219
f 1090/1222 1089/1221 1091/1224 1092/1225
f 1090/1222 1092/1225 1093/1226 175/1227
f 1090/1222 175/1227 174/179 180/1223
f 1093/1226 1092/1225 1094/1228 1095/1229
f 1093/1226 1095/1229 1096/1230 170/1231
f 1093/1226 170/1231 169/174 175/1227
f 1096/1230 1095/1229 1097/1232 1098/1233
f 1096/1230 1098/1233 1099/1234 165/1235
f 1096/1230 165/1235 164/169 170/1231
f 1099/1234 1098/1233 1100/1236 1101/1237
f 1099/1234 1101/1237 147/152 146/151
f 1099/1234 146/151 160/165 165/1235
f 1101/1237 1100/1236 1102/1238 1103/1239
f 1101/1237 1103/1239 148/153 147/152
f 1103/1239 1102/1238 1104/1240 1105/1241
f 1103/1239 1105/1241 1106/1242 148/153
f 1106/1242 1107/1243 149/154 148/153
f 1107/1243 1108/1244 150/155 149/154
f 1108/1244 1109/1245 1110/1246 150/155
f 1110/1247 1111/1248 1112/1249 1113/1250
f 1110/1246 1113/1250 151/156 150/155
f 1110/1246 1109/1245 1114/1251 1111/1248
f 1114/1251 1115/1252 1116/1253 1111/1248
f 1116/1254 1117/1255 1118/1256 1119/1257
f 1116/1254 1119/1257 1112/1249 1111/1248
f 1116/1253 1115/1252 1120/1258 1117/1255
f 1120/1258 1121/1259 1122/1260 1117/1255
f 1122/1260 1123/1261 1118/1256 1117/1255
f 1123/1261 1124/1262 1125/1263 1118/1256
f 1125/1263 1124/1262 1126/1264 1127/1265
f 1125/1263 1127/1265 1128/1266 1129/1267
f 1125/1263 1129/1267 1119/1257 1118/1256
f 1129/1267 1128/1266 1130/1268 1131/1269
f 1129/1267 1131/1269 1112/1249 1119/1257
f 1131/1269 1130/1268 1132/1270 1133/1271
f 1131/1269 1133/1271 1113/1250 1112/1249
f 1133/1271 1132/1270 1134/1272 152/1273
f 1133/1271 152/1273 151/156 1113/1250
f 1134/1272 1132/1270 1135/1274 1136/1275
f 1134/1272 1136/1275 1137/1276 155/1277
f 1134/1272 155/1277 153/158 152/1273
f 1137/1276 1136/1275 1138/1278 1139/1279
f 1137/1276 1139/1279 1140/1280 1141/1281
f 1137/1276 1141/1281 156/161 155/1277
f 1141/1281 1140/1280 1142/1282 1143/1283
f 1141/1281 1143/1283 157/162 156/161
f 1143/1283 1142/1282 1144/1284 1145/1285
f 1143/1283 1145/1285 1146/1286 157/162
f 1146/1286 1145/1285 1147/1287 1148/1288
f 1146/1286 1148/1288 1149/1289 161/1290
f 1146/1286 161/1290 158/163 157/162
f 1149/1289 166/171 162/167 161/1290
f 1149/1289 1148/1288 4/4 3/3
f 1149/1289 3/3 1150/1291 166/171
f 1150/1291 171/176 167/172 166/171
f 1150/1291 3/3 2/2 1151/1292
f 1150/1291 1151/1292 1152/1293 171/176
f 1152/1293 176/181 172/177 171/176
f 1152/1293 1151/1292 1153/1294 1154/1295
f 1152/1293 1154/1295 1155/1296 176/181
f 1155/1296 181/186 177/182 176/181
f 1155/1296 1154/1295 1156/1297 1157/1298
f 1155/1296 1157/1298 1158/1299 181/186
f 1158/1299 186/191 182/187 181/186
f 1158/1299 1157/1298 1159/1300 1160/1301
f 1158/1299 1160/1301 1161/1302 186/191
f 1161/1302 191/196 187/192 186/191
f 1161/1302 1160/1301 1162/1303 1163/1304
f 1161/1302 1163/1304 1164/1305 191/196
f 1164/1305 196/201 192/197 191/196
f 1164/1305 1163/1304 1165/1306 1166/1307
f 1164/1305 1166/1307 1167/1308 196/201
f 1167/1308 201/206 197/202 196/201
f 1167/1308 1166/1307 1168/1309 1169/1310
f 1167/1308 1169/1310 1170/1311 201/206
f 1170/1311 206/211 202/207 201/206
f 1170/1311 1169/1310 1171/1312 1172/1313
f 1170/1311 1172/1313 1173/1314 206/211
f 1173/1314 211/216 207/212 206/211
f 1173/1314 1172/1313 1174/1315 1175/1316
f 1173/1314 1175/1316 1176/1317 211/216
f 1176/1317 215/221 212/217 211/216
f 1176/1317 1175/1316 1177/1318 1178/1319
f 1176/1317 1178/1319 1179/1320 215/221
f 1179/1320 220/226 216/222 215/221
f 1179/1320 1178/1319 1180/1321 1181/1322
f 1179/1320 1181/1322 1182/1323 220/226
f 1182/1323 225/231 221/227 220/226
f 1182/1323 1181/1322 1183/1324 1184/1325
f 1182/1323 1184/1325 1185/1326 225/231
f 1185/1326 230/236 226/232 225/231
f 1185/1326 1184/1325 1186/1327 1187/1328
f 1185/1326 1187/1328 1188/1329 230/236
f 1188/1329 235/241 231/237 230/236
f 1188/1329 1187/1328 1189/1330 1190/1331
f 1188/1329 1190/1331 1191/1332 235/241
f 1191/1332 240/246 236/242 235/241
f 1191/1332 1190/1331 1192/1333 1193/1334
f 1191/1332 1193/1334 1194/1335 240/246
f 1194/1335 245/251 241/247 240/246
f 1194/1335 1193/1334 1195/1336 1196/1337
f 1194/1335 1196/1337 1197/1338 245/251
f 1197/1338 250/256 246/252 245/251
f 1197/1338 1196/1337 1198/1339 1199/1340
f 1197/1338 1199/1340 1200/1341 250/256
f 1200/1341 255/261 251/257 250/256
f 1200/1341 1199/1340 1201/1342 1202/1343
f 1200/1341 1202/1343 1203/1344 255/261
f 1203/1344 260/266 256/262 255/261
f 1203/1344 1202/1343 1204/1345 1205/1346
f 1203/1344 1205/1346 1206/1347 260/266
f 1206/1347 265/271 261/267 260/266
f 1206/1347 1205/1346 1207/1348 1208/1349
f 1206/1347 1208/1349 1209/1350 265/271
f 1209/1350 270/276 266/272 265/271
f 1209/1350 1208/1349 1210/1351 1211/1352
f 1209/1350 1211/1352 1212/1353 270/276
f 1212/1353 275/281 271/277 270/276
f 1212/1353 1211/1352 1213/1354 1214/1355
f 1212/1353 1214/1355 1215/1356 275/281
f 1215/1356 280/286 276/282 275/281
f 1215/1356 1214/1355 1216/1357 1217/1358
f 1215/1356 1217/1358 1218/1359 280/286
f 1218/1359 285/291 281/287 280/286
f 1218/1359 1217/1358 1219/1360 1220/1361
f 1218/1359 1220/1361 1221/1362 285/291
f 1221/1362 290/296 286/292 285/291
f 1221/1362 1220/1361 1222/1363 1223/1364
f 1221/1362 1223/1364 1224/1365 290/296
f 1224/1365 295/301 291/297 290/296
f 1222/1363 1220/1361 1219/1360 1225/1366
f 1225/1366 1219/1360 1226/1367 1227/1368
f 1227/1368 1226/1367 1228/1369 1229/1370
f 1229/1370 1228/1369 1230/1371 1231/1372
f 1231/1372 1230/1371 1232/1373 1233/1374
f 1233/1374 1232/1373 1234/1375 1235/1376
f 1235/1376 1234/1375 1236/1377 1237/1378
f 1237/1378 1236/1377 1238/1379 1239/1380
f 1239/1380 1238/1379 1240/1381 1241/1382
f 1241/1382 1240/1381 1242/1383 1243/1384
f 1243/1384 1242/1383 1244/1385 1245/1386
f 1245/1386 1244/1385 1246/1387 1247/1388
f 1247/1388 1246/1387 1248/1389 1249/1390
f 1249/1390 1248/1389 1250/1391 1251/1392
f 1251/1392 1250/1391 1252/1393 1253/1394
f 1253/1394 1252/1393 1254/1395 1255/1396
f 1255/1396 1254/1395 1256/1397 1257/1398
f 1257/1398 1256/1397 1258/1399 1259/1400
f 1259/1400 1258/1399 1260/1401 1261/1402
f 1261/1402 1260/1401 1262/1403 1263/1404
f 1263/1404 1262/1403 1264/1405 1265/1406
f 1265/1406 1264/1405 1266/1407 1267/1408
f 1267/1408 1266/1407 1268/1409 1269/1410
f 1269/1410 1268/1409 1270/1411 1271/1412
f 1271/1412 1270/1411 29/1413 1272/1414
f 1272/1414 29/1413 28/30 1273/1415
f 1273/1415 28/30 27/29 1274/1416
f 1274/1416 27/29 1275/1417 1276/1418
f 1276/1418 1275/1417 1277/1419 1278/1420
f 1278/1420 1277/1419 1279/1421 1280/1422
f 1280/1422 1279/1421 1281/1423 1282/1424
f 1282/1424 1281/1423 1283/1425 1284/1426
f 1283/1425 1281/1423 1285/1427 1286/1428
f 1286/1428 1285/1427 1287/1429 1288/1430
f 1288/1430 1287/1429 1289/1431 1290/1432
f 1290/1432 1289/1431 1291/1433 1292/1434
f 1292/1434 1291/1433 1293/1435 1294/1436
f 1294/1436 1293/1435 1295/1437 1296/1438
f 1296/1439 1295/1440 1297/1441 1298/1442
f 1298/1442 1297/1441 1299/1443 1300/1444
f 1300/1444 1299/1443 1301/1445 1302/1446
f 1302/1446 1301/1445 1127/1265 1126/1264
f 1301/1445 1299/1443 1303/1447 1304/1448
f 1301/1445 1304/1448 1128/1266 1127/1265
f 1304/1448 1303/1447 1305/1449 1306/1450
f 1304/1448 1306/1450 1130/1268 1128/1266
f 1306/1450 1305/1449 1307/1451 1135/1452
f 1306/1450 1135/1452 1132/1270 1130/1268
f 1307/1451 1305/1449 1308/1453 1309/1454
f 1307/1451 1309/1454 1310/1455 1138/1456
f 1307/1451 1138/1456 1136/1275 1135/1452
f 1310/1455 1309/1454 1311/1457 1312/1458
f 1310/1455 1312/1458 1313/1459 1314/1460
f 1310/1455 1314/1460 1139/1279 1138/1456
f 1314/1460 1313/1459 1315/1461 1316/1462
f 1314/1460 1316/1462 1140/1280 1139/1279
f 1316/1462 1315/1461 1317/1463 1318/1464
f 1316/1462 1318/1464 1142/1282 1140/1280
f 1318/1464 1317/1463 1319/1465 1320/1466
f 1318/1464 1320/1466 1144/1284 1142/1282
f 1320/1466 1319/1465 1321/1467 1322/1468
f 1320/1466 1322/1468 1323/1469 1144/1284
f 1323/1469 1322/1468 1324/1470 1325/1471
f 1323/1469 1325/1471 8/1472 1147/1473
f 1323/1469 1147/1473 1145/1285 1144/1284
f 1325/1471 1324/1470 1326/1474 1327/1475
f 1325/1471 1327/1475 5/6 8/1472
f 1327/1475 1326/1474 1328/1476 1329/1477
f 1327/1475 1329/1477 6/7 5/6
f 1329/1477 1328/1476 1330/1478 1331/1479
f 1329/1477 1331/1479 1332/1480 6/7
f 1332/1480 1331/1479 1333/1481 1334/1482
f 1332/1480 1334/1482 1335/1483 1336/1484
f 1332/1480 1336/1484 7/8 6/7
f 1336/1484 1335/1483 1337/1485 1338/1486
f 1336/1484 1338/1486 1339/1487 7/8
f 1339/1487 1340/1488 1/5 7/8
f 1339/1487 1338/1486 1341/1489 1342/1490
f 1339/1487 1342/1490 1343/1491 1340/1488
f 1343/1491 1344/1492 1345/1493 1340/1488
f 1343/1491 1342/1490 1346/1494 1347/1495
f 1343/1491 1347/1495 1348/1496 1344/1492
f 1348/1496 1349/1497 1350/1498 1344/1492
f 1348/1496 1347/1495 1351/1499 1352/1500
f 1348/1496 1352/1500 1353/1501 1349/1497
f 1353/1501 1354/1502 1355/1503 1349/1497
f 1353/1501 1352/1500 1356/1504 1357/1505
f 1353/1501 1357/1505 1358/1506 1354/1502
f 1358/1506 1359/1507 1360/1508 1354/1502
f 1358/1506 1357/1505 1361/1509 1362/1510
f 1358/1506 1362/1510 1363/1511 1359/1507
f 1363/1511 1364/1512 1365/1513 1359/1507
f 1363/1511 1362/1510 1366/1514 1367/1515
f 1363/1511 1367/1515 1368/1516 1364/1512
f 1368/1516 1369/1517 1370/1518 1364/1512
f 1368/1516 1367/1515 1371/1519 1372/1520
f 1368/1516 1372/1520 1373/1521 1369/1517
f 1373/1521 1374/1522 1375/1523 1369/1517
f 1373/1521 1372/1520 1376/1524 1377/1525
f 1373/1521 1377/1525 1378/1526 1374/1522
f 1378/1526 1379/1527 1380/1528 1374/1522
f 1378/1526 1377/1525 1381/1529 1382/1530
f 1378/1526 1382/1530 1383/1531 1379/1527
f 1383/1531 1384/1532 1385/1533 1379/1527
f 1383/1531 1382/1530 1386/1534 1387/1535
f 1383/1531 1387/1535 1388/1536 1384/1532
f 1388/1536 1389/1537 1390/1538 1384/1532
f 1388/1536 1387/1535 1391/1539 1392/1540
f 1388/1536 1392/1540 1393/1541 1389/1537
f 1393/1541 1394/1542 1395/1543 1389/1537
f 1393/1541 1392/1540 1396/1544 1397/1545
f 1393/1541 1397/1545 1398/1546 1394/1542
f 1398/1546 1399/1547 1400/1548 1394/1542
f 1398/1546 1397/1545 1401/1549 1402/1550
f 1398/1546 1402/1550 1403/1551 1399/1547
f 1403/1551 1404/1552 1405/1553 1399/1547
f 1403/1551 1402/1550 1406/1554 1407/1555
f 1403/1551 1407/1555 1408/1556 1404/1552
f 1408/1556 1409/1557 1410/1558 1404/1552
f 1408/1556 1407/1555 1411/1559 1412/1560
f 1408/1556 1412/1560 1413/1561 1409/1557
f 1413/1561 1414/1562 1415/1563 1409/1557
f 1413/1561 1412/1560 1416/1564 1417/1565
f 1413/1561 1417/1565 1418/1566 1414/1562
f 1418/1566 1419/1567 1420/1568 1414/1562
f 1418/1566 1417/1565 1421/1569 1422/1570
f 1418/1566 1422/1570 1423/1571 1419/1567
f 1423/1571 1424/1572 1425/1573 1419/1567
f 1423/1571 1422/1570 1426/1574 1427/1575
f 1423/1571 1427/1575 1428/1576 1424/1572
f 1428/1576 1429/1577 1430/1578 1424/1572
f 1428/1576 1427/1575 1431/1579 1432/1580
f 1428/1576 1432/1580 1433/1581 1429/1577
f 1433/1581 1434/1582 1435/1583 1429/1577
f 1433/1581 1432/1580 1436/1584 1437/1585
f 1433/1581 1437/1585 1438/1586 1434/1582
f 1438/1586 1439/1587 1440/1588 1434/1582
f 1438/1586 1437/1585 1441/1589 1442/1590
f 1438/1586 1442/1590 1443/1591 1439/1587
f 1443/1591 1444/1592 1445/1593 1439/1587
f 1443/1591 1442/1590 1234/1375 1232/1373
f 1443/1591 1232/1373 1230/1371 1444/1592
f 1445/1594 1213/1354 1211/1352 1210/1351
f 1445/1594 1210/1351 1440/1588 1439/1587
f 1445/1593 1444/1592 1446/1595 1213/1354
f 1446/1595 1216/1357 1214/1355 1213/1354
f 1446/1595 1444/1592 1230/1371 1228/1369
f 1446/1595 1228/1369 1226/1367 1216/1357
f 1442/1590 1441/1589 1236/1377 1234/1375
f 1441/1589 1437/1585 1436/1584 1447/1596
f 1441/1589 1447/1596 1238/1379 1236/1377
f 1447/1596 1436/1584 1448/1597 1449/1598
f 1447/1596 1449/1598 1240/1381 1238/1379
f 1449/1598 1448/1597 1450/1599 1451/1600
f 1449/1598 1451/1600 1242/1383 1240/1381
f 1451/1600 1450/1599 1452/1601 1453/1602
f 1451/1600 1453/1602 1244/1385 1242/1383
f 1453/1602 1452/1601 1454/1603 1455/1604
f 1453/1602 1455/1604 1246/1387 1244/1385
f 1455/1604 1454/1603 1456/1605 1457/1606
f 1455/1604 1457/1606 1248/1389 1246/1387
f 1457/1606 1456/1605 1458/1607 1459/1608
f 1457/1606 1459/1608 1250/1391 1248/1389
f 1459/1608 1458/1607 1460/1609 1461/1610
f 1459/1608 1461/1610 1252/1393 1250/1391
f 1461/1610 1460/1609 1462/1611 1463/1612
f 1461/1610 1463/1612 1254/1395 1252/1393
f 1463/1612 1462/1611 1464/1613 1465/1614
f 1463/1612 1465/1614 1256/1397 1254/1395
f 1465/1614 1464/1613 1466/1615 1467/1616
f 1465/1614 1467/1616 1258/1399 1256/1397
f 1467/1616 1466/1615 1468/1617 1469/1618
f 1467/1616 1469/1618 1260/1401 1258/1399
f 1469/1618 1468/1617 1470/1619 1471/1620
f 1469/1618 1471/1620 1262/1403 1260/1401
f 1471/1620 1470/1619 1472/1621 1473/1622
f 1471/1620 1473/1622 1264/1405 1262/1403
f 1473/1622 1472/1621 1474/1623 1475/1624
f 1473/1622 1475/1624 1266/1407 1264/1405
f 1475/1624 1474/1623 1476/1625 1477/1626
f 1475/1624 1477/1626 1268/1409 1266/1407
f 1477/1626 1476/1625 1478/1627 1479/1628
f 1477/1626 1479/1628 1270/1411 1268/1409
f 1479/1628 1478/1627 22/23 21/22
f 1479/1628 21/22 29/31 1270/1411
f 1478/1627 1476/1625 1480/1629 1481/1630
f 1478/1627 1481/1630 1482/1631 22/23
f 1482/1631 1481/1630 1483/1632 1484/1633
f 1482/1631 1484/1633 1485/1634 1486/1635
f 1482/1631 1486/1635 23/24 22/23
f 1486/1635 1485/1634 1487/1636 1488/1637
f 1486/1635 1488/1637 24/25 23/24
f 1488/1637 1487/1636 1489/1638 1490/1639
f 1488/1637 1490/1639 1491/1640 24/25
f 1491/1640 1492/1641 25/26 24/25
f 1491/1640 1490/1639 1493/1642 1494/1643
f 1491/1640 1494/1643 1495/1644 1492/1641
f 1495/1644 1496/1645 1497/1646 1492/1641
f 1495/1644 1494/1643 1498/1647 1499/1648
f 1495/1644 1499/1648 1500/1649 1496/1645
f 1500/1649 1501/1650 1502/1651 1496/1645
f 1500/1649 1499/1648 1313/1652 1312/1653
f 1500/1649 1312/1653 1311/1654 1501/1650
f 1502/1655 1503/1656 1504/1657 1505/1658
f 1502/1655 1505/1658 1497/1646 1496/1645
f 1502/1651 1501/1650 1506/1659 1503/1656
f 1506/1659 1507/1660 1508/1661 1503/1656
f 1506/1659 1501/1650 1311/1654 1509/1662
f 1506/1659 1509/1662 1510/1663 1507/1660
f 1510/1663 1295/1437 1293/1435 1507/1660
f 1510/1664 1509/1665 1308/1666 1511/1667
f 1510/1664 1511/1667 1297/1441 1295/1440
f 1511/1667 1308/1666 1305/1449 1303/1447
f 1511/1667 1303/1447 1299/1443 1297/1441
f 1509/1665 1311/1457 1309/1454 1308/1666
f 1508/1668 1291/1433 1289/1431 1512/1669
f 1508/1668 1512/1669 1504/1657 1503/1656
f 1508/1661 1507/1660 1293/1435 1291/1433
f 1512/1669 1289/1431 1287/1429 1513/1670
f 1512/1669 1513/1670 1514/1671 1504/1657
f 1514/1671 1513/1670 1515/1672 1516/1673
f 1514/1671 1516/1673 1517/1674 1518/1675
f 1514/1671 1518/1675 1505/1658 1504/1657
f 1518/1675 1517/1674 26/28 30/32
f 1518/1675 30/32 1497/1646 1505/1658
f 1517/1674 1516/1673 1277/1419 1275/1417
f 1517/1674 1275/1417 27/29 26/28
f 1516/1673 1515/1672 1279/1421 1277/1419
f 1515/1672 1285/1427 1281/1423 1279/1421
f 1515/1672 1513/1670 1287/1429 1285/1427
f 1499/1648 1498/1647 1315/1676 1313/1652
f 1498/1647 1494/1643 1493/1642 1519/1677
f 1498/1647 1519/1677 1317/1678 1315/1676
f 1519/1677 1493/1642 1520/1679 1521/1680
f 1519/1677 1521/1680 1319/1681 1317/1678
f 1521/1680 1520/1679 1522/1682 1523/1683
f 1521/1680 1523/1683 1321/1684 1319/1681
f 1523/1683 1522/1682 1524/1685 1525/1686
f 1523/1683 1525/1686 1526/1687 1321/1684
f 1526/1687 1525/1686 1527/1688 1528/1689
f 1526/1690 1528/1691 1326/1474 1324/1470
f 1526/1690 1324/1470 1322/1468 1321/1467
f 1528/1689 1527/1688 1529/1692 1530/1693
f 1528/1691 1530/1694 1328/1476 1326/1474
f 1530/1693 1529/1692 1531/1695 1532/1696
f 1530/1694 1532/1697 1330/1478 1328/1476
f 1532/1696 1531/1695 1533/1698 1534/1699
f 1532/1697 1534/1700 1535/1701 1330/1478
f 1535/1701 1534/1700 1536/1702 1537/1703
f 1535/1701 1537/1703 1538/1704 1333/1705
f 1535/1701 1333/1705 1331/1479 1330/1478
f 1538/1704 1537/1703 1539/1706 1540/1707
f 1538/1704 1540/1707 1541/1708 1542/1709
f 1538/1704 1542/1709 1334/1482 1333/1705
f 1542/1709 1541/1708 1543/1710 1544/1711
f 1542/1709 1544/1711 1335/1483 1334/1482
f 1544/1711 1543/1710 1545/1712 1546/1713
f 1544/1711 1546/1713 1337/1485 1335/1483
f 1546/1713 1545/1712 1547/1714 1548/1715
f 1546/1713 1548/1715 1549/1716 1337/1485
f 1549/1716 1341/1489 1338/1486 1337/1485
f 1549/1716 1548/1715 1550/1717 1551/1718
f 1549/1716 1551/1718 1552/1719 1341/1489
f 1552/1719 1346/1494 1342/1490 1341/1489
f 1552/1719 1551/1718 1553/1720 1554/1721
f 1552/1719 1554/1721 1555/1722 1346/1494
f 1555/1722 1351/1499 1347/1495 1346/1494
f 1555/1722 1554/1721 1556/1723 1557/1724
f 1555/1722 1557/1724 1558/1725 1351/1499
f 1558/1725 1356/1504 1352/1500 1351/1499
f 1558/1725 1557/1724 1559/1726 1560/1727
f 1558/1725 1560/1727 1561/1728 1356/1504
f 1561/1728 1361/1509 1357/1505 1356/1504
f 1561/1728 1560/1727 1562/1729 1563/1730
f 1561/1728 1563/1730 1564/1731 1361/1509
f 1564/1731 1366/1514 1362/1510 1361/1509
f 1564/1731 1563/1730 1565/1732 1566/1733
f 1564/1731 1566/1733 1567/1734 1366/1514
f 1567/1734 1371/1519 1367/1515 1366/1514
f 1567/1734 1566/1733 1568/1735 1569/1736
f 1567/1734 1569/1736 1570/1737 1371/1519
f 1570/1737 1376/1524 1372/1520 1371/1519
f 1570/1737 1569/1736 1571/1738 1572/1739
f 1570/1737 1572/1739 1573/1740 1376/1524
f 1573/1740 1381/1529 1377/1525 1376/1524
f 1573/1740 1572/1739 1574/1741 1575/1742
f 1573/1740 1575/1742 1576/1743 1381/1529
f 1576/1743 1386/1534 1382/1530 1381/1529
f 1576/1743 1575/1742 1577/1744 1578/1745
f 1576/1743 1578/1745 1579/1746 1386/1534
f 1579/1746 1391/1539 1387/1535 1386/1534
f 1579/1746 1578/1745 1580/1747 1581/1748
f 1579/1746 1581/1748 1582/1749 1391/1539
f 1582/1749 1396/1544 1392/1540 1391/1539
f 1582/1749 1581/1748 1583/1750 1584/1751
f 1582/1749 1584/1751 1585/1752 1396/1544
f 1585/1752 1401/1549 1397/1545 1396/1544
f 1585/1752 1584/1751 1586/1753 1587/1754
f 1585/1752 1587/1754 1588/1755 1401/1549
f 1588/1755 1406/1554 1402/1550 1401/1549
f 1588/1755 1587/1754 1589/1756 1590/1757
f 1588/1755 1590/1757 1591/1758 1406/1554
f 1591/1758 1411/1559 1407/1555 1406/1554
f 1591/1758 1590/1757 1592/1759 1593/1760
f 1591/1758 1593/1760 1594/1761 1411/1559
f 1594/1761 1416/1564 1412/1560 1411/1559
f 1594/1761 1593/1760 1595/1762 1596/1763
f 1594/1761 1596/1763 1597/1764 1416/1564
f 1597/1764 1421/1569 1417/1565 1416/1564
f 1597/1764 1596/1763 1598/1765 1599/1766
f 1597/1764 1599/1766 1600/1767 1421/1569
f 1600/1767 1426/1574 1422/1570 1421/1569
f 1600/1767 1599/1766 1601/1768 1602/1769
f 1600/1767 1602/1769 1603/1770 1426/1574
f 1603/1770 1431/1579 1427/1575 1426/1574
f 1603/1770 1602/1769 1452/1601 1450/1599
f 1603/1770 1450/1599 1448/1597 1431/1579
f 1602/1769 1601/1768 1454/1603 1452/1601
f 1601/1768 1599/1766 1598/1765 1604/1771
f 1601/1768 1604/1771 1456/1605 1454/1603
f 1604/1771 1598/1765 1605/1772 1606/1773
f 1604/1771 1606/1773 1458/1607 1456/1605
f 1606/1773 1605/1772 1607/1774 1608/1775
f 1606/1773 1608/1775 1460/1609 1458/1607
f 1608/1775 1607/1774 1609/1776 1610/1777
f 1608/1775 1610/1777 1462/1611 1460/1609
f 1610/1777 1609/1776 1611/1778 1612/1779
f 1610/1777 1612/1779 1464/1613 1462/1611
f 1612/1779 1611/1778 1613/1780 1614/1781
f 1612/1779 1614/1781 1466/1615 1464/1613
f 1614/1781 1613/1780 1615/1782 1616/1783
f 1614/1781 1616/1783 1468/1617 1466/1615
f 1616/1783 1615/1782 1617/1784 1618/1785
f 1616/1783 1618/1785 1470/1619 1468/1617
f 1618/1785 1617/1784 1619/1786 1620/1787
f 1618/1785 1620/1787 1472/1621 1470/1619
f 1620/1787 1619/1786 1621/1788 1622/1789
f 1620/1787 1622/1789 1474/1623 1472/1621
f 1622/1789 1621/1788 1623/1790 1480/1791
f 1622/1789 1480/1791 1476/1625 1474/1623
f 1623/1790 1621/1788 1624/1792 1625/1793
f 1623/1790 1625/1793 1626/1794 1483/1795
f 1623/1790 1483/1795 1481/1630 1480/1791
f 1626/1794 1625/1793 1627/1796 1628/1797
f 1626/1794 1628/1797 1629/1798 1630/1799
f 1626/1794 1630/1799 1484/1633 1483/1795
f 1630/1799 1629/1798 1631/1800 1632/1801
f 1630/1799 1632/1801 1485/1634 1484/1633
f 1632/1801 1631/1800 1633/1802 1634/1803
f 1632/1801 1634/1803 1487/1636 1485/1634
f 1634/1803 1633/1802 1635/1804 1636/1805
f 1634/1803 1636/1805 1489/1638 1487/1636
f 1636/1805 1635/1804 1524/1685 1522/1682
f 1636/1805 1522/1682 1520/1679 1489/1638
f 1635/1804 1633/1802 36/1806 1637/1807
f 1635/1804 1637/1807 1638/1808 1524/1685
f 1638/1808 1637/1807 1639/1809 1640/1810
f 1638/1808 1640/1810 1529/1692 1527/1688
f 1638/1808 1527/1688 1525/1686 1524/1685
f 1640/1810 1639/1809 1641/1811 1642/1812
f 1640/1810 1642/1812 1531/1695 1529/1692
f 1642/1812 1641/1811 1643/1813 1644/1814
f 1642/1812 1644/1814 1533/1698 1531/1695
f 1644/1814 1643/1813 1645/1815 1646/1816
f 1644/1814 1646/1816 1647/1817 1533/1698
f 1647/1817 1646/1816 1648/1818 1649/1819
f 1647/1817 1649/1819 1650/1820 1536/1821
f 1647/1817 1536/1821 1534/1699 1533/1698
f 1650/1820 1649/1819 1651/1822 1652/1823
f 1650/1824 1652/1825 1653/1826 1539/1827
f 1650/1824 1539/1827 1537/1703 1536/1702
f 1653/1826 1652/1825 1654/1828 1655/1829
f 1653/1826 1655/1829 1656/1830 1657/1831
f 1653/1826 1657/1831 1540/1707 1539/1827
f 1657/1831 1656/1830 1658/1832 1659/1833
f 1657/1831 1659/1833 1541/1708 1540/1707
f 1659/1833 1658/1832 1660/1834 1661/1835
f 1659/1833 1661/1835 1543/1710 1541/1708
f 1661/1835 1660/1834 1662/1836 1663/1837
f 1661/1835 1663/1837 1545/1712 1543/1710
f 1663/1837 1662/1836 1664/1838 1665/1839
f 1663/1837 1665/1839 1547/1714 1545/1712
f 1665/1839 1664/1838 1666/1840 1667/1841
f 1665/1839 1667/1841 1668/1842 1547/1714
f 1668/1842 1550/1717 1548/1715 1547/1714
f 1668/1842 1667/1841 1669/1843 1670/1844
f 1668/1842 1670/1844 1671/1845 1550/1717
f 1671/1845 1553/1720 1551/1718 1550/1717
f 1671/1845 1670/1844 1672/1846 1673/1847
f 1671/1845 1673/1847 1674/1848 1553/1720
f 1674/1848 1556/1723 1554/1721 1553/1720
f 1674/1848 1673/1847 1675/1849 1676/1850
f 1674/1848 1676/1850 1677/1851 1556/1723
f 1677/1851 1559/1726 1557/1724 1556/1723
f 1677/1851 1676/1850 1678/1852 1679/1853
f 1677/1851 1679/1853 1680/1854 1559/1726
f 1680/1854 1562/1729 1560/1727 1559/1726
f 1680/1854 1679/1853 1681/1855 1682/1856
f 1680/1854 1682/1856 1683/1857 1562/1729
f 1683/1857 1565/1732 1563/1730 1562/1729
f 1683/1857 1682/1856 1684/1858 1685/1859
f 1683/1857 1685/1859 1686/1860 1565/1732
f 1686/1860 1568/1735 1566/1733 1565/1732
f 1686/1860 1685/1859 1687/1861 1688/1862
f 1686/1860 1688/1862 1689/1863 1568/1735
f 1689/1863 1571/1738 1569/1736 1568/1735
f 1689/1863 1688/1862 1690/1864 1691/1865
f 1689/1863 1691/1865 1692/1866 1571/1738
f 1692/1866 1574/1741 1572/1739 1571/1738
f 1692/1866 1691/1865 1693/1867 1694/1868
f 1692/1866 1694/1868 1695/1869 1574/1741
f 1695/1869 1577/1744 1575/1742 1574/1741
f 1695/1869 1694/1868 1696/1870 1697/1871
f 1695/1869 1697/1871 1698/1872 1577/1744
f 1698/1872 1580/1747 1578/1745 1577/1744
f 1698/1872 1697/1871 1699/1873 1700/1874
f 1698/1872 1700/1874 1701/1875 1580/1747
f 1701/1875 1583/1750 1581/1748 1580/1747
f 1701/1875 1700/1874 1702/1876 1703/1877
f 1701/1875 1703/1877 1704/1878 1583/1750
f 1704/1878 1586/1753 1584/1751 1583/1750
f 1704/1878 1703/1877 1705/1879 1706/1880
f 1704/1878 1706/1880 1707/1881 1586/1753
f 1707/1881 1589/1756 1587/1754 1586/1753
f 1707/1881 1706/1880 1708/1882 1709/1883
f 1707/1881 1709/1883 1710/1884 1589/1756
f 1710/1884 1592/1759 1590/1757 1589/1756
f 1710/1884 1709/1883 1711/1885 1712/1886
f 1710/1884 1712/1886 1713/1887 1592/1759
f 1713/1887 1595/1762 1593/1760 1592/1759
f 1713/1887 1712/1886 1609/1776 1607/1774
f 1713/1887 1607/1774 1605/1772 1595/1762
f 1712/1886 1711/1885 1611/1778 1609/1776
f 1711/1885 1709/1883 1708/1882 1714/1888
f 1711/1885 1714/1888 1613/1780 1611/1778
f 1714/1888 1708/1882 1715/1889 1716/1890
f 1714/1888 1716/1890 1615/1782 1613/1780
f 1716/1890 1715/1889 1717/1891 1718/1892
f 1716/1890 1718/1892 1617/1784 1615/1782
f 1718/1892 1717/1891 1719/1893 1720/1894
f 1718/1892 1720/1894 1619/1786 1617/1784
f 1720/1894 1719/1893 1721/1895 1624/1896
f 1720/1894 1624/1896 1621/1788 1619/1786
f 1721/1895 1719/1893 1722/1897 1723/1898
f 1721/1895 1723/1898 1724/1899 1627/1900
f 1721/1895 1627/1900 1625/1793 1624/1896
f 1724/1899 1723/1898 1725/1901 1726/1902
f 1724/1899 1726/1902 1727/1903 1728/1904
f 1724/1899 1728/1904 1628/1797 1627/1900
f 1728/1904 1727/1903 32/34 38/41
f 1728/1904 38/41 1629/1798 1628/1797
f 1727/1903 1726/1902 1729/1905 1730/1906
f 1727/1903 1730/1906 33/35 32/34
f 1730/1906 1729/1905 1731/1907 1732/1908
f 1730/1906 1732/1908 1733/1909 33/35
f 1733/1909 1732/1908 1734/1910 1735/1911
f 1733/1909 1735/1911 1736/1912 1737/1913
f 1733/1909 1737/1913 34/36 33/35
f 1737/1913 1736/1912 1738/1914 1739/1915
f 1737/1913 1739/1915 1740/1916 34/36
f 1740/1916 1739/1915 1741/1917 1742/1918
f 1740/1916 1742/1918 1743/1919 1744/1920
f 1740/1916 1744/1920 31/33 34/36
f 1744/1920 1743/1919 1745/1921 1746/1922
f 1744/1920 1746/1922 35/38 31/33
f 1746/1922 1745/1921 1643/1813 1641/1811
f 1746/1922 1641/1811 1639/1809 35/38
f 1745/1921 1743/1919 1747/1923 1748/1924
f 1745/1921 1748/1924 1645/1815 1643/1813
f 1748/1924 1747/1923 1749/1925 1750/1926
f 1748/1924 1750/1926 1751/1927 1645/1815
f 1751/1927 1750/1926 1752/1928 1753/1929
f 1751/1927 1753/1929 1754/1930 1648/1931
f 1751/1927 1648/1931 1646/1816 1645/1815
f 1754/1930 1753/1929 1755/1932 1756/1933
f 1754/1930 1756/1933 1757/1934 1651/1935
f 1754/1930 1651/1935 1649/1819 1648/1931
f 1757/1934 1756/1933 1758/1936 1759/1937
f 1757/1934 1759/1937 1760/1938 1654/1939
f 1757/1934 1654/1939 1652/1823 1651/1935
f 1760/1938 1759/1937 1761/1940 1762/1941
f 1760/1942 1762/1943 1763/1944 1764/1945
f 1760/1942 1764/1945 1655/1829 1654/1828
f 1764/1945 1763/1944 1765/1946 1766/1947
f 1764/1945 1766/1947 1656/1830 1655/1829
f 1766/1947 1765/1946 1767/1948 1768/1949
f 1766/1947 1768/1949 1658/1832 1656/1830
f 1768/1949 1767/1948 1769/1950 1770/1951
f 1768/1949 1770/1951 1660/1834 1658/1832
f 1770/1951 1769/1950 1771/1952 1772/1953
f 1770/1951 1772/1953 1662/1836 1660/1834
f 1772/1953 1771/1952 1773/1954 1774/1955
f 1772/1953 1774/1955 1664/1838 1662/1836
f 1774/1955 1773/1954 1775/1956 1776/1957
f 1774/1955 1776/1957 1666/1840 1664/1838
f 1776/1957 1775/1956 1777/1958 1778/1959
f 1776/1957 1778/1959 1779/1960 1666/1840
f 1779/1960 1669/1843 1667/1841 1666/1840
f 1779/1960 1778/1959 1780/1961 1781/1962
f 1779/1960 1781/1962 1782/1963 1669/1843
f 1782/1963 1672/1846 1670/1844 1669/1843
f 1782/1963 1781/1962 1783/1964 1784/1965
f 1782/1963 1784/1965 1785/1966 1672/1846
f 1785/1966 1675/1849 1673/1847 1672/1846
f 1785/1966 1784/1965 1786/1967 1787/1968
f 1785/1966 1787/1968 1788/1969 1675/1849
f 1788/1969 1678/1852 1676/1850 1675/1849
f 1788/1969 1787/1968 1789/1970 1790/1971
f 1788/1969 1790/1971 1791/1972 1678/1852
f 1791/1972 1681/1855 1679/1853 1678/1852
f 1791/1972 1790/1971 1792/1973 1793/1974
f 1791/1972 1793/1974 1794/1975 1681/1855
f 1794/1975 1684/1858 1682/1856 1681/1855
f 1794/1975 1793/1974 1795/1976 1796/1977
f 1794/1975 1796/1977 1797/1978 1684/1858
f 1797/1978 1687/1861 1685/1859 1684/1858
f 1797/1978 1796/1977 1798/1979 1799/1980
f 1797/1978 1799/1980 1800/1981 1687/1861
f 1800/1981 1690/1864 1688/1862 1687/1861
f 1800/1981 1799/1980 1736/1912 1735/1911
f 1800/1981 1735/1911 1734/1910 1690/1864
f 1799/1980 1798/1979 1738/1914 1736/1912
f 1798/1979 1796/1977 1795/1976 1801/1982
f 1798/1979 1801/1982 1802/1983 1738/1914
f 1802/1983 1801/1982 1803/1984 1804/1985
f 1802/1983 1804/1985 1805/1986 1741/1987
f 1802/1983 1741/1987 1739/1915 1738/1914
f 1805/1986 1804/1985 1806/1988 1807/1989
f 1805/1986 1807/1989 1808/1990 1809/1991
f 1805/1986 1809/1991 1742/1918 1741/1987
f 1809/1991 1808/1990 1749/1925 1747/1923
f 1809/1991 1747/1923 1743/1919 1742/1918
f 1808/1990 1807/1989 1810/1992 1811/1993
f 1808/1990 1811/1993 1812/1994 1749/1925
f 1812/1994 1811/1993 1813/1995 1814/1996
f 1812/1994 1814/1996 1815/1997 1752/1998
f 1812/1994 1752/1998 1750/1926 1749/1925
f 1815/1997 1814/1996 1816/1999 1817/2000
f 1815/1997 1817/2000 1818/2001 1755/2002
f 1815/1997 1755/2002 1753/1929 1752/1998
f 1818/2001 1817/2000 1819/2003 1820/2004
f 1818/2001 1820/2004 1821/2005 1758/2006
f 1818/2001 1758/2006 1756/1933 1755/2002
f 1821/2005 1820/2004 1822/2007 1823/2008
f 1821/2005 1823/2008 1824/2009 1761/2010
f 1821/2005 1761/2010 1759/1937 1758/2006
f 1824/2009 1823/2008 1825/2011 1826/2012
f 1824/2009 1826/2012 1827/2013 1828/2014
f 1824/2009 1828/2014 1762/1941 1761/2010
f 1828/2015 1827/2016 1829/2017 1830/2018
f 1828/2015 1830/2018 1763/1944 1762/1943
f 1830/2018 1829/2017 1831/2019 1832/2020
f 1830/2018 1832/2020 1765/1946 1763/1944
f 1832/2020 1831/2019 1833/2021 1834/2022
f 1832/2020 1834/2022 1767/1948 1765/1946
f 1834/2022 1833/2021 1835/2023 1836/2024
f 1834/2022 1836/2024 1769/1950 1767/1948
f 1836/2024 1835/2023 1837/2025 1838/2026
f 1836/2024 1838/2026 1771/1952 1769/1950
f 1838/2026 1837/2025 1839/2027 1840/2028
f 1838/2026 1840/2028 1773/1954 1771/1952
f 1840/2028 1839/2027 1841/2029 1842/2030
f 1840/2028 1842/2030 1775/1956 1773/1954
f 1842/2030 1841/2029 1843/2031 1844/2032
f 1842/2030 1844/2032 1777/1958 1775/1956
f 1844/2032 1843/2031 1845/2033 1846/2034
f 1844/2032 1846/2034 1847/2035 1777/1958
f 1847/2035 1780/1961 1778/1959 1777/1958
f 1847/2035 1846/2034 1848/2036 1849/2037
f 1847/2035 1849/2037 1850/2038 1780/1961
f 1850/2038 1783/1964 1781/1962 1780/1961
f 1850/2038 1849/2037 1851/2039 1852/2040
f 1850/2038 1852/2040 1853/2041 1783/1964
f 1853/2041 1786/1967 1784/1965 1783/1964
f 1853/2041 1852/2040 1854/2042 1855/2043
f 1853/2041 1855/2043 1856/2044 1786/1967
f 1856/2044 1789/1970 1787/1968 1786/1967
f 1856/2044 1855/2043 1857/2045 1858/2046
f 1856/2044 1858/2046 1859/2047 1789/1970
f 1859/2047 1792/1973 1790/1971 1789/1970
f 1859/2047 1858/2046 1860/2048 1861/2049
f 1859/2047 1861/2049 1862/2050 1792/1973
f 1862/2050 1795/1976 1793/1974 1792/1973
f 1862/2050 1861/2049 1863/2051 1803/2052
f 1862/2050 1803/2052 1801/1982 1795/1976
f 1863/2051 1861/2049 1860/2048 1864/2053
f 1863/2051 1864/2053 1865/2054 1806/2055
f 1863/2051 1806/2055 1804/1985 1803/2052
f 1865/2054 1864/2053 1866/2056 1867/2057
f 1865/2054 1867/2057 1868/2058 1810/2059
f 1865/2054 1810/2059 1807/1989 1806/2055
f 1868/2058 1867/2057 1869/2060 1870/2061
f 1868/2058 1870/2061 1871/2062 1813/2063
f 1868/2058 1813/2063 1811/1993 1810/2059
f 1871/2062 1870/2061 1872/2064 1873/2065
f 1871/2062 1873/2065 1874/2066 1816/2067
f 1871/2062 1816/2067 1814/1996 1813/2063
f 1874/2066 1873/2065 1875/2068 1876/2069
f 1874/2066 1876/2069 1877/2070 1819/2071
f 1874/2066 1819/2071 1817/2000 1816/2067
f 1877/2070 1876/2069 1878/2072 1879/2073
f 1877/2070 1879/2073 1880/2074 1822/2075
f 1877/2070 1822/2075 1820/2004 1819/2071
f 1880/2074 1879/2073 1881/2076 1882/2077
f 1880/2074 1882/2077 1883/2078 1825/2079
f 1880/2074 1825/2079 1823/2008 1822/2075
f 1883/2078 1882/2077 1884/2080 1885/2081
f 1883/2078 1885/2081 1886/2082 1887/2083
f 1883/2078 1887/2083 1826/2012 1825/2079
f 1887/2083 1886/2082 1888/2084 1889/2085
f 1887/2083 1889/2085 1827/2013 1826/2012
f 1889/2086 1888/2087 1890/2088 1891/2089
f 1889/2086 1891/2089 1829/2017 1827/2016
f 1891/2089 1890/2088 1892/2090 1893/2091
f 1891/2089 1893/2091 1831/2019 1829/2017
f 1893/2091 1892/2090 1894/2092 1895/2093
f 1893/2091 1895/2093 1833/2021 1831/2019
f 1895/2093 1894/2092 1896/2094 1897/2095
f 1895/2093 1897/2095 1835/2023 1833/2021
f 1897/2095 1896/2094 1898/2096 1899/2097
f 1897/2095 1899/2097 1837/2025 1835/2023
f 1899/2097 1898/2096 1900/2098 1901/2099
f 1899/2097 1901/2099 1839/2027 1837/2025
f 1901/2099 1900/2098 1902/2100 1903/2101
f 1901/2099 1903/2101 1841/2029 1839/2027
f 1903/2101 1902/2100 1904/2102 1905/2103
f 1903/2101 1905/2103 1843/2031 1841/2029
f 1905/2103 1904/2102 1906/2104 1907/2105
f 1905/2103 1907/2105 1845/2033 1843/2031
f 1907/2105 1906/2104 1908/2106 1909/2107
f 1907/2105 1909/2107 1910/2108 1845/2033
f 1910/2108 1848/2036 1846/2034 1845/2033
f 1910/2108 1909/2107 1911/2109 1912/2110
f 1910/2108 1912/2110 1913/2111 1848/2036
f 1913/2111 1851/2039 1849/2037 1848/2036
f 1913/2111 1912/2110 1914/2112 1915/2113
f 1913/2111 1915/2113 1916/2114 1851/2039
f 1916/2114 1854/2042 1852/2040 1851/2039
f 1916/2114 1915/2113 1917/2115 1918/2116
f 1916/2114 1918/2116 1919/2117 1854/2042
f 1919/2117 1857/2045 1855/2043 1854/2042
f 1919/2117 1918/2116 1920/2118 1921/2119
f 1919/2117 1921/2119 1922/2120 1857/2045
f 1922/2120 1860/2048 1858/2046 1857/2045
f 1922/2120 1921/2119 1923/2121 1866/2122
f 1922/2120 1866/2122 1864/2053 1860/2048
f 1923/2121 1921/2119 1920/2118 1924/2123
f 1923/2121 1924/2123 1925/2124 1869/2125
f 1923/2121 1869/2125 1867/2057 1866/2122
f 1925/2124 1924/2123 1926/2126 1927/2127
f 1925/2124 1927/2127 1928/2128 1872/2129
f 1925/2124 1872/2129 1870/2061 1869/2125
f 1928/2128 1927/2127 1929/2130 1930/2131
f 1928/2128 1930/2131 1931/2132 1875/2133
f 1928/2128 1875/2133 1873/2065 1872/2129
f 1931/2132 1930/2131 1932/2134 1933/2135
f 1931/2132 1933/2135 1934/2136 1878/2137
f 1931/2132 1878/2137 1876/2069 1875/2133
f 1934/2136 1933/2135 1935/2138 1936/2139
f 1934/2136 1936/2139 1937/2140 1881/2141
f 1934/2136 1881/2141 1879/2073 1878/2137
f 1937/2140 1936/2139 1938/2142 1939/2143
f 1937/2140 1939/2143 1940/2144 1884/2145
f 1937/2140 1884/2145 1882/2077 1881/2141
f 1940/2144 1939/2143 1941/2146 1942/2147
f 1940/2144 1942/2147 1943/2148 1944/2149
f 1940/2144 1944/2149 1885/2081 1884/2145
f 1944/2149 1943/2148 1945/2150 1946/2151
f 1944/2149 1946/2151 1886/2082 1885/2081
f 1946/2151 1945/2150 1947/2152 1948/2153
f 1946/2151 1948/2153 1888/2084 1886/2082
f 1948/2154 1947/2155 1949/2156 1950/2157
f 1948/2154 1950/2157 1890/2088 1888/2087
f 1950/2157 1949/2156 1951/2158 1952/2159
f 1950/2157 1952/2159 1892/2090 1890/2088
f 1952/2159 1951/2158 1953/2160 1954/2161
f 1952/2159 1954/2161 1894/2092 1892/2090
f 1954/2161 1953/2160 1955/2162 1956/2163
f 1954/2161 1956/2163 1896/2094 1894/2092
f 1956/2163 1955/2162 1957/2164 1958/2165
f 1956/2163 1958/2165 1898/2096 1896/2094
f 1958/2165 1957/2164 1959/2166 1960/2167
f 1958/2165 1960/2167 1900/2098 1898/2096
f 1960/2167 1959/2166 1961/2168 1962/2169
f 1960/2167 1962/2169 1902/2100 1900/2098
f 1962/2169 1961/2168 1963/2170 1964/2171
f 1962/2169 1964/2171 1904/2102 1902/2100
f 1964/2171 1963/2170 1965/2172 1966/2173
f 1964/2171 1966/2173 1906/2104 1904/2102
f 1966/2173 1965/2172 1967/2174 1968/2175
f 1966/2173 1968/2175 1908/2106 1906/2104
f 1968/2175 1967/2174 1969/2176 1970/2177
f 1968/2175 1970/2177 1971/2178 1908/2106
f 1971/2178 1911/2109 1909/2107 1908/2106
f 1971/2178 1970/2177 1972/2179 1973/2180
f 1971/2178 1973/2180 1974/2181 1911/2109
f 1974/2181 1914/2112 1912/2110 1911/2109
f 1974/2181 1973/2180 1975/2182 1976/2183
f 1974/2181 1976/2183 1977/2184 1914/2112
f 1977/2184 1917/2115 1915/2113 1914/2112
f 1977/2184 1976/2183 1978/2185 1979/2186
f 1977/2184 1979/2186 1980/2187 1917/2115
f 1980/2187 1920/2118 1918/2116 1917/2115
f 1980/2187 1979/2186 1981/2188 1926/2189
f 1980/2187 1926/2189 1924/2123 1920/2118
f 1981/2188 1979/2186 1978/2185 1982/2190
f 1981/2188 1982/2190 1983/2191 1929/2192
f 1981/2188 1929/2192 1927/2127 1926/2189
f 1983/2191 1982/2190 1984/2193 1985/2194
f 1983/2191 1985/2194 1986/2195 1932/2196
f 1983/2191 1932/2196 1930/2131 1929/2192
f 1986/2195 1985/2194 1987/2197 1988/2198
f 1986/2195 1988/2198 1989/2199 1935/2200
f 1986/2195 1935/2200 1933/2135 1932/2196
f 1989/2199 1988/2198 1990/2201 1991/2202
f 1989/2199 1991/2202 1992/2203 1938/2204
f 1989/2199 1938/2204 1936/2139 1935/2200
f 1992/2203 1991/2202 1993/2205 1994/2206
f 1992/2203 1994/2206 1995/2207 1941/2208
f 1992/2203 1941/2208 1939/2143 1938/2204
f 1995/2207 1994/2206 1996/2209 1997/2210
f 1995/2207 1997/2210 1998/2211 1999/2212
f 1995/2207 1999/2212 1942/2147 1941/2208
f 1999/2212 1998/2211 2000/2213 2001/2214
f 1999/2212 2001/2214 1943/2148 1942/2147
f 2001/2214 2000/2213 2002/2215 2003/2216
f 2001/2214 2003/2216 1945/2150 1943/2148
f 2003/2216 2002/2215 2004/2217 2005/2218
f 2003/2216 2005/2218 1947/2152 1945/2150
f 2005/2219 2004/2220 2006/2221 2007/2222
f 2005/2219 2007/2222 1949/2156 1947/2155
f 2007/2222 2006/2221 2008/2223 2009/2224
f 2007/2222 2009/2224 1951/2158 1949/2156
f 2009/2224 2008/2223 2010/2225 2011/2226
f 2009/2224 2011/2226 1953/2160 1951/2158
f 2011/2226 2010/2225 2012/2227 2013/2228
f 2011/2226 2013/2228 1955/2162 1953/2160
f 2013/2228 2012/2227 2014/2229 2015/2230
f 2013/2228 2015/2230 1957/2164 1955/2162
f 2015/2230 2014/2229 2016/2231 2017/2232
f 2015/2230 2017/2232 1959/2166 1957/2164
f 2017/2232 2016/2231 2018/2233 2019/2234
f 2017/2232 2019/2234 1961/2168 1959/2166
f 2019/2234 2018/2233 2020/2235 2021/2236
f 2019/2234 2021/2236 1963/2170 1961/2168
f 2021/2236 2020/2235 2022/2237 2023/2238
f 2021/2236 2023/2238 1965/2172 1963/2170
f 2023/2238 2022/2237 2024/2239 2025/2240
f 2023/2238 2025/2240 1967/2174 1965/2172
f 2025/2240 2024/2239 2026/2241 2027/2242
f 2025/2240 2027/2242 1969/2176 1967/2174
f 2027/2242 2026/2241 2028/2243 2029/2244
f 2027/2242 2029/2244 2030/2245 1969/2176
f 2030/2245 1972/2179 1970/2177 1969/2176
f 2030/2245 2029/2244 2031/2246 2032/2247
f 2030/2245 2032/2247 2033/2248 1972/2179
f 2033/2248 1975/2182 1973/2180 1972/2179
f 2033/2248 2032/2247 2034/2249 2035/2250
f 2033/2248 2035/2250 2036/2251 1975/2182
f 2036/2251 1978/2185 1976/2183 1975/2182
f 2036/2251 2035/2250 2037/2252 1984/2253
f 2036/2251 1984/2253 1982/2190 1978/2185
f 2037/2252 2035/2250 2034/2249 2038/2254
f 2037/2252 2038/2254 2039/2255 1987/2256
f 2037/2252 1987/2256 1985/2194 1984/2253
f 2039/2255 2038/2254 2040/2257 2041/2258
f 2039/2255 2041/2258 2042/2259 1990/2260
f 2039/2255 1990/2260 1988/2198 1987/2256
f 2042/2259 2041/2258 2043/2261 2044/2262
f 2042/2259 2044/2262 2045/2263 1993/2264
f 2042/2259 1993/2264 1991/2202 1990/2260
f 2045/2263 2044/2262 2046/2265 2047/2266
f 2045/2263 2047/2266 2048/2267 1996/2268
f 2045/2263 1996/2268 1994/2206 1993/2264
f 2048/2267 2047/2266 2049/2269 2050/2270
f 2048/2267 2050/2270 2051/2271 2052/2272
f 2048/2267 2052/2272 1997/2210 1996/2268
f 2052/2272 2051/2271 2053/2273 2054/2274
f 2052/2272 2054/2274 1998/2211 1997/2210
f 2054/2274 2053/2273 2055/2275 2056/2276
f 2054/2274 2056/2276 2000/2213 1998/2211
f 2056/2276 2055/2275 2057/2277 2058/2278
f 2056/2276 2058/2278 2002/2215 2000/2213
f 2058/2278 2057/2277 2059/2279 2060/2280
f 2058/2278 2060/2280 2004/2217 2002/2215
f 2060/2281 2059/2282 2061/2283 2062/2284
f 2060/2281 2062/2284 2006/2221 2004/2220
f 2062/2284 2061/2283 2063/2285 2064/2286
f 2062/2284 2064/2286 2008/2223 2006/2221
f 2064/2286 2063/2285 2065/2287 2066/2288
f 2064/2286 2066/2288 2010/2225 2008/2223
f 2066/2288 2065/2287 2067/2289 2068/2290
f 2066/2288 2068/2290 2012/2227 2010/2225
f 2068/2290 2067/2289 2069/2291 2070/2292
f 2068/2290 2070/2292 2014/2229 2012/2227
f 2070/2292 2069/2291 2071/2293 2072/2294
f 2070/2292 2072/2294 2016/2231 2014/2229
f 2072/2294 2071/2293 2073/2295 2074/2296
f 2072/2294 2074/2296 2018/2233 2016/2231
f 2074/2296 2073/2295 2075/2297 2076/2298
f 2074/2296 2076/2298 2020/2235 2018/2233
f 2076/2298 2075/2297 2077/2299 2078/2300
f 2076/2298 2078/2300 2022/2237 2020/2235
f 2078/2300 2077/2299 2079/2301 2080/2302
f 2078/2300 2080/2302 2024/2239 2022/2237
f 2080/2302 2079/2301 2081/2303 2082/2304
f 2080/2302 2082/2304 2026/2241 2024/2239
f 2082/2304 2081/2303 2083/2305 2084/2306
f 2082/2304 2084/2306 2028/2243 2026/2241
f 2084/2306 2083/2305 2085/2307 2086/2308
f 2084/2306 2086/2308 2087/2309 2028/2243
f 2087/2309 2031/2246 2029/2244 2028/2243
f 2087/2309 2086/2308 2088/2310 2089/2311
f 2087/2309 2089/2311 2090/2312 2031/2246
f 2090/2312 2034/2249 2032/2247 2031/2246
f 2090/2312 2089/2311 2091/2313 2040/2314
f 2090/2312 2040/2314 2038/2254 2034/2249
f 2091/2313 2089/2311 2088/2310 2092/2315
f 2091/2313 2092/2315 2093/2316 2043/2317
f 2091/2313 2043/2317 2041/2258 2040/2314
f 2093/2316 2092/2315 2094/2318 2095/2319
f 2093/2316 2095/2319 2096/2320 2046/2321
f 2093/2316 2046/2321 2044/2262 2043/2317
f 2096/2320 2095/2319 2097/2322 2098/2323
f 2096/2320 2098/2323 2099/2324 2049/2325
f 2096/2320 2049/2325 2047/2266 2046/2321
f 2099/2324 2098/2323 2100/2326 2101/2327
f 2099/2324 2101/2327 2102/2328 2103/2329
f 2099/2324 2103/2329 2050/2270 2049/2325
f 2103/2329 2102/2328 2104/2330 2105/2331
f 2103/2329 2105/2331 2051/2271 2050/2270
f 2105/2331 2104/2330 2106/2332 2107/2333
f 2105/2331 2107/2333 2053/2273 2051/2271
f 2107/2333 2106/2332 2108/2334 2109/2335
f 2107/2333 2109/2335 2055/2275 2053/2273
f 2109/2335 2108/2334 2110/2336 2111/2337
f 2109/2335 2111/2337 2057/2277 2055/2275
f 2111/2337 2110/2336 2112/2338 2113/2339
f 2111/2337 2113/2339 2059/2279 2057/2277
f 2113/2340 2112/2341 2114/2342 2115/2343
f 2113/2340 2115/2343 2061/2283 2059/2282
f 2115/2343 2114/2342 2116/2344 2117/2345
f 2115/2343 2117/2345 2063/2285 2061/2283
f 2117/2345 2116/2344 2118/2346 2119/2347
f 2117/2345 2119/2347 2065/2287 2063/2285
f 2119/2347 2118/2346 2120/2348 2121/2349
f 2119/2347 2121/2349 2067/2289 2065/2287
f 2121/2349 2120/2348 2122/2350 2123/2351
f 2121/2349 2123/2351 2069/2291 2067/2289
f 2123/2351 2122/2350 2124/2352 2125/2353
f 2123/2351 2125/2353 2071/2293 2069/2291
f 2125/2353 2124/2352 2126/2354 2127/2355
f 2125/2353 2127/2355 2073/2295 2071/2293
f 2127/2355 2126/2354 2128/2356 2129/2357
f 2127/2355 2129/2357 2075/2297 2073/2295
f 2129/2357 2128/2356 2130/2358 2131/2359
f 2129/2357 2131/2359 2077/2299 2075/2297
f 2131/2359 2130/2358 2132/2360 2133/2361
f 2131/2359 2133/2361 2079/2301 2077/2299
f 2133/2361 2132/2360 2134/2362 2135/2363
f 2133/2361 2135/2363 2081/2303 2079/2301
f 2135/2363 2134/2362 2136/2364 2137/2365
f 2135/2363 2137/2365 2083/2305 2081/2303
f 2137/2365 2136/2364 2138/2366 2139/2367
f 2137/2365 2139/2367 2085/2307 2083/2305
f 2139/2367 2138/2366 2140/2368 2141/2369
f 2139/2367 2141/2369 2142/2370 2085/2307
f 2142/2370 2088/2310 2086/2308 2085/2307
f 2142/2370 2141/2369 2143/2371 2094/2372
f 2142/2370 2094/2372 2092/2315 2088/2310
f 2143/2371 2141/2369 2140/2368 2144/2373
f 2143/2371 2144/2373 2145/2374 2097/2375
f 2143/2371 2097/2375 2095/2319 2094/2372
f 2145/2374 2144/2373 2146/2376 2147/2377
f 2145/2374 2147/2377 2148/2378 2100/2379
f 2145/2374 2100/2379 2098/2323 2097/2375
f 2148/2378 2147/2377 2149/2380 2150/2381
f 2148/2378 2150/2381 2151/2382 2152/2383
f 2148/2378 2152/2383 2101/2327 2100/2379
f 2152/2383 2151/2382 2153/2384 2154/2385
f 2152/2383 2154/2385 2102/2328 2101/2327
f 2154/2385 2153/2384 2155/2386 2156/2387
f 2154/2385 2156/2387 2104/2330 2102/2328
f 2156/2387 2155/2386 2157/2388 2158/2389
f 2156/2387 2158/2389 2106/2332 2104/2330
f 2158/2389 2157/2388 2159/2390 2160/2391
f 2158/2389 2160/2391 2108/2334 2106/2332
f 2160/2391 2159/2390 2161/2392 2162/2393
f 2160/2391 2162/2393 2110/2336 2108/2334
f 2162/2393 2161/2392 2163/2394 2164/2395
f 2162/2393 2164/2395 2112/2338 2110/2336
f 2164/2396 2163/2397 2165/2398 2166/2399
f 2164/2396 2166/2399 2114/2342 2112/2341
f 2166/2399 2165/2398 2167/2400 2168/2401
f 2166/2399 2168/2401 2116/2344 2114/2342
f 2168/2401 2167/2400 2169/2402 2170/2403
f 2168/2401 2170/2403 2118/2346 2116/2344
f 2170/2403 2169/2402 2171/2404 2172/2405
f 2170/2403 2172/2405 2120/2348 2118/2346
f 2172/2405 2171/2404 2173/2406 2174/2407
f 2172/2405 2174/2407 2122/2350 2120/2348
f 2174/2407 2173/2406 2175/2408 2176/2409
f 2174/2407 2176/2409 2124/2352 2122/2350
f 2176/2409 2175/2408 2177/2410 2178/2411
f 2176/2409 2178/2411 2126/2354 2124/2352
f 2178/2411 2177/2410 2179/2412 2180/2413
f 2178/2411 2180/2413 2128/2356 2126/2354
f 2180/2413 2179/2412 2181/2414 2182/2415
f 2180/2413 2182/2415 2130/2358 2128/2356
f 2182/2415 2181/2414 2183/2416 2184/2417
f 2182/2415 2184/2417 2132/2360 2130/2358
f 2184/2417 2183/2416 2185/2418 2186/2419
f 2184/2417 2186/2419 2134/2362 2132/2360
f 2186/2419 2185/2418 2187/2420 2188/2421
f 2186/2419 2188/2421 2136/2364 2134/2362
f 2188/2421 2187/2420 2189/2422 2190/2423
f 2188/2421 2190/2423 2138/2366 2136/2364
f 2190/2423 2189/2422 2191/2424 2192/2425
f 2190/2423 2192/2425 2140/2368 2138/2366
f 2192/2425 2191/2424 2193/2426 2146/2427
f 2192/2425 2146/2427 2144/2373 2140/2368
f 2193/2426 2191/2424 2194/2428 2195/2429
f 2193/2426 2195/2429 2196/2430 2149/2431
f 2193/2426 2149/2431 2147/2377 2146/2427
f 2196/2430 2195/2429 2197/2432 2198/2433
f 2196/2430 2198/2433 2199/2434 2200/2435
f 2196/2430 2200/2435 2150/2381 2149/2431
f 2200/2435 2199/2434 2201/2436 2202/2437
f 2200/2435 2202/2437 2151/2382 2150/2381
f 2202/2437 2201/2436 2203/2438 2204/2439
f 2202/2437 2204/2439 2153/2384 2151/2382
f 2204/2439 2203/2438 2205/2440 2206/2441
f 2204/2439 2206/2441 2155/2386 2153/2384
f 2206/2441 2205/2440 2207/2442 2208/2443
f 2206/2441 2208/2443 2157/2388 2155/2386
f 2208/2443 2207/2442 2209/2444 2210/2445
f 2208/2443 2210/2445 2159/2390 2157/2388
f 2210/2445 2209/2444 2211/2446 2212/2447
f 2210/2445 2212/2447 2161/2392 2159/2390
f 2212/2447 2211/2446 2213/2448 2214/2449
f 2212/2447 2214/2449 2163/2394 2161/2392
f 2214/2450 2213/2451 2215/2452 2216/2453
f 2214/2450 2216/2453 2165/2398 2163/2397
f 2216/2453 2215/2452 2217/2454 2218/2455
f 2216/2453 2218/2455 2167/2400 2165/2398
f 2218/2455 2217/2454 2219/2456 2220/2457
f 2218/2455 2220/2457 2169/2402 2167/2400
f 2220/2457 2219/2456 2221/2458 2222/2459
f 2220/2457 2222/2459 2171/2404 2169/2402
f 2222/2459 2221/2458 2223/2460 2224/2461
f 2222/2459 2224/2461 2173/2406 2171/2404
f 2224/2461 2223/2460 2225/2462 2226/2463
f 2224/2461 2226/2463 2175/2408 2173/2406
f 2226/2463 2225/2462 2227/2464 2228/2465
f 2226/2463 2228/2465 2177/2410 2175/2408
f 2228/2465 2227/2464 2229/2466 2230/2467
f 2228/2465 2230/2467 2179/2412 2177/2410
f 2230/2467 2229/2466 2231/2468 2232/2469
f 2230/2467 2232/2469 2181/2414 2179/2412
f 2232/2469 2231/2468 2233/2470 2234/2471
f 2232/2469 2234/2471 2183/2416 2181/2414
f 2234/2471 2233/2470 2235/2472 2236/2473
f 2234/2471 2236/2473 2185/2418 2183/2416
f 2236/2473 2235/2472 2237/2474 2238/2475
f 2236/2473 2238/2475 2187/2420 2185/2418
f 2238/2475 2237/2474 2239/2476 2240/2477
f 2238/2475 2240/2477 2189/2422 2187/2420
f 2240/2477 2239/2476 2241/2478 2194/2479
f 2240/2477 2194/2479 2191/2424 2189/2422
f 2241/2478 2239/2476 2242/2480 2243/2481
f 2241/2478 2243/2481 2244/2482 2197/2483
f 2241/2478 2197/2483 2195/2429 2194/2479
f 2244/2482 2243/2481 2245/2484 2246/2485
f 2244/2482 2246/2485 2247/2486 2248/2487
f 2244/2482 2248/2487 2198/2433 2197/2483
f 2248/2487 2247/2486 2249/2488 2250/2489
f 2248/2487 2250/2489 2199/2434 2198/2433
f 2250/2489 2249/2488 2251/2490 2252/2491
f 2250/2489 2252/2491 2201/2436 2199/2434
f 2252/2491 2251/2490 2253/2492 2254/2493
f 2252/2491 2254/2493 2203/2438 2201/2436
f 2254/2493 2253/2492 2255/2494 2256/2495
f 2254/2493 2256/2495 2205/2440 2203/2438
f 2256/2495 2255/2494 2257/2496 2258/2497
f 2256/2495 2258/2497 2207/2442 2205/2440
f 2258/2497 2257/2496 2259/2498 2260/2499
f 2258/2497 2260/2499 2209/2444 2207/2442
f 2260/2499 2259/2498 2261/2500 2262/2501
f 2260/2499 2262/2501 2211/2446 2209/2444
f 2262/2501 2261/2500 2263/2502 2264/2503
f 2262/2501 2264/2503 2213/2448 2211/2446
f 2264/2504 2263/2505 2265/2506 2266/2507
f 2264/2504 2266/2507 2215/2452 2213/2451
f 2266/2507 2265/2506 2267/2508 2268/2509
f 2266/2507 2268/2509 2217/2454 2215/2452
f 2268/2509 2267/2508 2269/2510 2270/2511
f 2268/2509 2270/2511 2219/2456 2217/2454
f 2270/2511 2269/2510 2271/2512 2272/2513
f 2270/2511 2272/2513 2221/2458 2219/2456
f 2272/2513 2271/2512 2273/2514 2274/2515
f 2272/2513 2274/2515 2223/2460 2221/2458
f 2274/2515 2273/2514 2275/2516 2276/2517
f 2274/2515 2276/2517 2225/2462 2223/2460
f 2276/2517 2275/2516 2277/2518 2278/2519
f 2276/2517 2278/2519 2227/2464 2225/2462
f 2278/2519 2277/2518 2279/2520 2280/2521
f 2278/2519 2280/2521 2229/2466 2227/2464
f 2280/2521 2279/2520 2281/2522 2282/2523
f 2280/2521 2282/2523 2231/2468 2229/2466
f 2282/2523 2281/2522 2283/2524 2284/2525
f 2282/2523 2284/2525 2233/2470 2231/2468
f 2284/2525 2283/2524 2285/2526 2286/2527
f 2284/2525 2286/2527 2235/2472 2233/2470
f 2286/2527 2285/2526 2287/2528 2288/2529
f 2286/2527 2288/2529 2237/2474 2235/2472
f 2288/2529 2287/2528 2289/2530 2242/2531
f 2288/2529 2242/2531 2239/2476 2237/2474
f 2289/2530 2287/2528 2290/2532 2291/2533
f 2289/2530 2291/2533 2292/2534 2245/2535
f 2289/2530 2245/2535 2243/2481 2242/2531
f 2292/2534 2291/2533 2293/2536 2294/2537
f 2292/2534 2294/2537 2295/2538 2296/2539
f 2292/2534 2296/2539 2246/2485 2245/2535
f 2296/2539 2295/2538 2297/2540 2298/2541
f 2296/2539 2298/2541 2247/2486 2246/2485
f 2298/2541 2297/2540 2299/2542 2300/2543
f 2298/2541 2300/2543 2249/2488 2247/2486
f 2300/2543 2299/2542 2301/2544 2302/2545
f 2300/2543 2302/2545 2251/2490 2249/2488
f 2302/2545 2301/2544 2303/2546 2304/2547
f 2302/2545 2304/2547 2253/2492 2251/2490
f 2304/2547 2303/2546 2305/2548 2306/2549
f 2304/2547 2306/2549 2255/2494 2253/2492
f 2306/2549 2305/2548 2307/2550 2308/2551
f 2306/2549 2308/2551 2257/2496 2255/2494
f 2308/2551 2307/2550 2309/2552 2310/2553
f 2308/2551 2310/2553 2259/2498 2257/2496
f 2310/2553 2309/2552 2311/2554 2312/2555
f 2310/2553 2312/2555 2261/2500 2259/2498
f 2312/2555 2311/2554 2313/2556 2314/2557
f 2312/2555 2314/2557 2263/2502 2261/2500
f 2314/2558 2313/2559 2315/2560 2316/2561
f 2314/2558 2316/2561 2265/2506 2263/2505
f 2316/2561 2315/2560 2317/2562 2318/2563
f 2316/2561 2318/2563 2267/2508 2265/2506
f 2318/2563 2317/2562 2319/2564 2320/2565
f 2318/2563 2320/2565 2269/2510 2267/2508
f 2320/2565 2319/2564 2321/2566 2322/2567
f 2320/2565 2322/2567 2271/2512 2269/2510
f 2322/2567 2321/2566 2323/2568 2324/2569
f 2322/2567 2324/2569 2273/2514 2271/2512
f 2324/2569 2323/2568 2325/2570 2326/2571
f 2324/2569 2326/2571 2275/2516 2273/2514
f 2326/2571 2325/2570 2327/2572 2328/2573
f 2326/2571 2328/2573 2277/2518 2275/2516
f 2328/2573 2327/2572 2329/2574 2330/2575
f 2328/2573 2330/2575 2279/2520 2277/2518
f 2330/2575 2329/2574 2331/2576 2332/2577
f 2330/2575 2332/2577 2281/2522 2279/2520
f 2332/2577 2331/2576 2333/2578 2334/2579
f 2332/2577 2334/2579 2283/2524 2281/2522
f 2334/2579 2333/2578 2335/2580 2336/2581
f 2334/2579 2336/2581 2285/2526 2283/2524
f 2336/2581 2335/2580 2337/2582 2290/2583
f 2336/2581 2290/2583 2287/2528 2285/2526
f 2337/2582 2335/2580 2338/2584 2339/2585
f 2337/2582 2339/2585 2340/2586 2293/2587
f 2337/2582 2293/2587 2291/2533 2290/2583
f 2340/2586 2339/2585 2341/2588 2342/2589
f 2340/2586 2342/2589 2343/2590 2344/2591
f 2340/2586 2344/2591 2294/2537 2293/2587
f 2344/2591 2343/2590 2345/2592 2346/2593
f 2344/2591 2346/2593 2295/2538 2294/2537
f 2346/2593 2345/2592 2347/2594 2348/2595
f 2346/2593 2348/2595 2297/2540 2295/2538
f 2348/2595 2347/2594 2349/2596 2350/2597
f 2348/2595 2350/2597 2299/2542 2297/2540
f 2350/2597 2349/2596 2351/2598 2352/2599
f 2350/2597 2352/2599 2301/2544 2299/2542
f 2352/2599 2351/2598 2353/2600 2354/2601
f 2352/2599 2354/2601 2303/2546 2301/2544
f 2354/2601 2353/2600 2355/2602 2356/2603
f 2354/2601 2356/2603 2305/2548 2303/2546
f 2356/2603 2355/2602 2357/2604 2358/2605
f 2356/2603 2358/2605 2307/2550 2305/2548
f 2358/2605 2357/2604 2359/2606 2360/2607
f 2358/2605 2360/2607 2309/2552 2307/2550
f 2360/2607 2359/2606 2361/2608 2362/2609
f 2360/2607 2362/2609 2311/2554 2309/2552
f 2362/2609 2361/2608 2363/2610 2364/2611
f 2362/2609 2364/2611 2313/2556 2311/2554
f 2364/2612 2363/2613 2365/2614 2366/2615
f 2364/2612 2366/2615 2315/2560 2313/2559
f 2366/2615 2365/2614 2367/2616 2368/2617
f 2366/2615 2368/2617 2317/2562 2315/2560
f 2368/2617 2367/2616 2369/2618 2370/2619
f 2368/2617 2370/2619 2319/2564 2317/2562
f 2370/2619 2369/2618 2371/2620 2372/2621
f 2370/2619 2372/2621 2321/2566 2319/2564
f 2372/2621 2371/2620 2373/2622 2374/2623
f 2372/2621 2374/2623 2323/2568 2321/2566
f 2374/2623 2373/2622 2375/2624 2376/2625
f 2374/2623 2376/2625 2325/2570 2323/2568
f 2376/2625 2375/2624 2377/2626 2378/2627
f 2376/2625 2378/2627 2327/2572 2325/2570
f 2378/2627 2377/2626 2379/2628 2380/2629
f 2378/2627 2380/2629 2329/2574 2327/2572
f 2380/2629 2379/2628 2381/2630 2382/2631
f 2380/2629 2382/2631 2331/2576 2329/2574
f 2382/2631 2381/2630 2383/2632 2384/2633
f 2382/2631 2384/2633 2333/2578 2331/2576
f 2384/2633 2383/2632 2385/2634 2338/2635
f 2384/2633 2338/2635 2335/2580 2333/2578
f 2385/2634 2383/2632 2386/2636 2387/2637
f 2385/2634 2387/2637 2388/2638 2341/2639
f 2385/2634 2341/2639 2339/2585 2338/2635
f 2388/2638 2387/2637 2389/2640 2390/2641
f 2388/2638 2390/2641 2391/2642 2392/2643
f 2388/2638 2392/2643 2342/2589 2341/2639
f 2392/2643 2391/2642 2393/2644 2394/2645
f 2392/2643 2394/2645 2343/2590 2342/2589
f 2394/2645 2393/2644 2395/2646 2396/2647
f 2394/2645 2396/2647 2345/2592 2343/2590
f 2396/2647 2395/2646 2397/2648 2398/2649
f 2396/2647 2398/2649 2347/2594 2345/2592
f 2398/2649 2397/2648 2399/2650 2400/2651
f 2398/2649 2400/2651 2349/2596 2347/2594
f 2400/2651 2399/2650 2401/2652 2402/2653
f 2400/2651 2402/2653 2351/2598 2349/2596
f 2402/2653 2401/2652 2403/2654 2404/2655
f 2402/2653 2404/2655 2353/2600 2351/2598
f 2404/2655 2403/2654 2405/2656 2406/2657
f 2404/2655 2406/2657 2355/2602 2353/2600
f 2406/2657 2405/2656 2407/2658 2408/2659
f 2406/2657 2408/2659 2357/2604 2355/2602
f 2408/2659 2407/2658 2409/2660 2410/2661
f 2408/2659 2410/2661 2359/2606 2357/2604
f 2410/2661 2409/2660 2411/2662 2412/2663
f 2410/2661 2412/2663 2361/2608 2359/2606
f 2412/2663 2411/2662 2413/2664 2414/2665
f 2412/2663 2414/2665 2363/2610 2361/2608
f 2414/2666 2413/2667 2415/2668 2416/2669
f 2414/2666 2416/2669 2365/2614 2363/2613
f 2416/2669 2415/2668 2417/2670 2418/2671
f 2416/2669 2418/2671 2367/2616 2365/2614
f 2418/2671 2417/2670 2419/2672 2420/2673
f 2418/2671 2420/2673 2369/2618 2367/2616
f 2420/2673 2419/2672 2421/2674 2422/2675
f 2420/2673 2422/2675 2371/2620 2369/2618
f 2422/2675 2421/2674 2423/2676 2424/2677
f 2422/2675 2424/2677 2373/2622 2371/2620
f 2424/2677 2423/2676 2425/2678 2426/2679
f 2424/2677 2426/2679 2375/2624 2373/2622
f 2426/2679 2425/2678 2427/2680 2428/2681
f 2426/2679 2428/2681 2377/2626 2375/2624
f 2428/2681 2427/2680 2429/2682 2430/2683
f 2428/2681 2430/2683 2379/2628 2377/2626
f 2430/2683 2429/2682 2431/2684 2432/2685
f 2430/2683 2432/2685 2381/2630 2379/2628
f 2432/2685 2431/2684 2433/2686 2386/2687
f 2432/2685 2386/2687 2383/2632 2381/2630
f 2433/2686 2431/2684 2434/2688 2435/2689
f 2433/2686 2435/2689 2436/2690 2389/2691
f 2433/2686 2389/2691 2387/2637 2386/2687
f 2436/2690 2435/2689 2437/2692 2438/2693
f 2436/2690 2438/2693 2439/2694 2440/2695
f 2436/2690 2440/2695 2390/2641 2389/2691
f 2440/2695 2439/2694 2441/2696 2442/2697
f 2440/2695 2442/2697 2391/2642 2390/2641
f 2442/2697 2441/2696 2443/2698 2444/2699
f 2442/2697 2444/2699 2393/2644 2391/2642
f 2444/2699 2443/2698 2445/2700 2446/2701
f 2444/2699 2446/2701 2395/2646 2393/2644
f 2446/2701 2445/2700 2447/2702 2448/2703
f 2446/2701 2448/2703 2397/2648 2395/2646
f 2448/2703 2447/2702 2449/2704 2450/2705
f 2448/2703 2450/2705 2399/2650 2397/2648
f 2450/2705 2449/2704 2451/2706 2452/2707
f 2450/2705 2452/2707 2401/2652 2399/2650
f 2452/2707 2451/2706 2453/2708 2454/2709
f 2452/2707 2454/2709 2403/2654 2401/2652
f 2454/2709 2453/2708 2455/2710 2456/2711
f 2454/2709 2456/2711 2405/2656 2403/2654
f 2456/2711 2455/2710 2457/2712 2458/2713
f 2456/2711 2458/2713 2407/2658 2405/2656
f 2458/2713 2457/2712 2459/2714 2460/2715
f 2458/2713 2460/2715 2409/2660 2407/2658
f 2460/2715 2459/2714 2461/2716 2462/2717
f 2460/2715 2462/2717 2411/2662 2409/2660
f 2462/2717 2461/2716 2463/2718 2464/2719
f 2462/2717 2464/2719 2413/2664 2411/2662
f 2464/2720 2463/2721 2465/2722 2466/2723
f 2464/2720 2466/2723 2415/2668 2413/2667
f 2466/2723 2465/2722 2467/2724 2468/2725
f 2466/2723 2468/2725 2417/2670 2415/2668
f 2468/2725 2467/2724 2469/2726 2470/2727
f 2468/2725 2470/2727 2419/2672 2417/2670
f 2470/2727 2469/2726 2471/2728 2472/2729
f 2470/2727 2472/2729 2421/2674 2419/2672
f 2472/2729 2471/2728 2473/2730 2474/2731
f 2472/2729 2474/2731 2423/2676 2421/2674
f 2474/2731 2473/2730 2475/2732 2476/2733
f 2474/2731 2476/2733 2425/2678 2423/2676
f 2476/2733 2475/2732 2477/2734 2478/2735
f 2476/2733 2478/2735 2427/2680 2425/2678
f 2478/2735 2477/2734 2479/2736 2480/2737
f 2478/2735 2480/2737 2429/2682 2427/2680
f 2480/2737 2479/2736 2481/2738 2434/2739
f 2480/2737 2434/2739 2431/2684 2429/2682
f 2481/2738 2479/2736 2482/2740 2483/2741
f 2481/2738 2483/2741 2484/2742 2437/2743
f 2481/2738 2437/2743 2435/2689 2434/2739
f 2484/2742 2483/2741 2485/2744 2486/2745
f 2484/2742 2486/2745 2487/2746 2488/2747
f 2484/2742 2488/2747 2438/2693 2437/2743
f 2488/2747 2487/2746 2489/2748 2490/2749
f 2488/2747 2490/2749 2439/2694 2438/2693
f 2490/2749 2489/2748 2491/2750 2492/2751
f 2490/2749 2492/2751 2441/2696 2439/2694
f 2492/2751 2491/2750 2493/2752 2494/2753
f 2492/2751 2494/2753 2443/2698 2441/2696
f 2494/2753 2493/2752 2495/2754 2496/2755
f 2494/2753 2496/2755 2445/2700 2443/2698
f 2496/2755 2495/2754 2497/2756 2498/2757
f 2496/2755 2498/2757 2447/2702 2445/2700
f 2498/2757 2497/2756 2499/2758 2500/2759
f 2498/2757 2500/2759 2449/2704 2447/2702
f 2500/2759 2499/2758 2501/2760 2502/2761
f 2500/2759 2502/2761 2451/2706 2449/2704
f 2502/2761 2501/2760 2503/2762 2504/2763
f 2502/2761 2504/2763 2453/2708 2451/2706
f 2504/2763 2503/2762 2505/2764 2506/2765
f 2504/2763 2506/2765 2455/2710 2453/2708
f 2506/2765 2505/2764 2507/2766 2508/2767
f 2506/2765 2508/2767 2457/2712 2455/2710
f 2508/2767 2507/2766 2509/2768 2510/2769
f 2508/2767 2510/2769 2459/2714 2457/2712
f 2510/2769 2509/2768 2511/2770 2512/2771
f 2510/2769 2512/2771 2461/2716 2459/2714
f 2512/2771 2511/2770 2513/2772 2514/2773
f 2512/2771 2514/2773 2463/2718 2461/2716
f 2514/2774 2513/2775 2515/2776 2516/2777
f 2514/2774 2516/2777 2465/2722 2463/2721
f 2516/2777 2515/2776 2517/2778 2518/2779
f 2516/2777 2518/2779 2467/2724 2465/2722
f 2518/2779 2517/2778 2519/2780 2520/2781
f 2518/2779 2520/2781 2469/2726 2467/2724
f 2520/2781 2519/2780 2521/2782 2522/2783
f 2520/2781 2522/2783 2471/2728 2469/2726
f 2522/2783 2521/2782 2523/2784 2524/2785
f 2522/2783 2524/2785 2473/2730 2471/2728
f 2524/2785 2523/2784 2525/2786 2526/2787
f 2524/2785 2526/2787 2475/2732 2473/2730
f 2526/2787 2525/2786 2527/2788 2528/2789
f 2526/2787 2528/2789 2477/2734 2475/2732
f 2528/2789 2527/2788 2529/2790 2482/2791
f 2528/2789 2482/2791 2479/2736 2477/2734
f 2529/2790 2527/2788 2530/2792 2531/2793
f 2529/2790 2531/2793 2532/2794 2485/2795
f 2529/2790 2485/2795 2483/2741 2482/2791
f 2532/2794 2531/2793 2533/2796 2534/2797
f 2532/2794 2534/2797 2535/2798 2536/2799
f 2532/2794 2536/2799 2486/2745 2485/2795
f 2536/2799 2535/2798 2537/2800 2538/2801
f 2536/2799 2538/2801 2487/2746 2486/2745
f 2538/2801 2537/2800 2539/2802 2540/2803
f 2538/2801 2540/2803 2489/2748 2487/2746
f 2540/2803 2539/2802 2541/2804 2542/2805
f 2540/2803 2542/2805 2491/2750 2489/2748
f 2542/2805 2541/2804 2543/2806 2544/2807
f 2542/2805 2544/2807 2493/2752 2491/2750
f 2544/2807 2543/2806 2545/2808 2546/2809
f 2544/2807 2546/2809 2495/2754 2493/2752
f 2546/2809 2545/2808 2547/2810 2548/2811
f 2546/2809 2548/2811 2497/2756 2495/2754
f 2548/2811 2547/2810 2549/2812 2550/2813
f 2548/2811 2550/2813 2499/2758 2497/2756
f 2550/2813 2549/2812 2551/2814 2552/2815
f 2550/2813 2552/2815 2501/2760 2499/2758
f 2552/2815 2551/2814 2553/2816 2554/2817
f 2552/2815 2554/2817 2503/2762 2501/2760
f 2554/2817 2553/2816 2555/2818 2556/2819
f 2554/2817 2556/2819 2505/2764 2503/2762
f 2556/2819 2555/2818 2557/2820 2558/2821
f 2556/2819 2558/2821 2507/2766 2505/2764
f 2558/2821 2557/2820 2559/2822 2560/2823
f 2558/2821 2560/2823 2509/2768 2507/2766
f 2560/2823 2559/2822 2561/2824 2562/2825
f 2560/2823 2562/2825 2511/2770 2509/2768
f 2562/2825 2561/2824 2563/2826 2564/2827
f 2562/2825 2564/2827 2513/2772 2511/2770
f 2564/2828 2563/2829 2565/2830 2566/2831
f 2564/2828 2566/2831 2515/2776 2513/2775
f 2566/2831 2565/2830 2567/2832 2568/2833
f 2566/2831 2568/2833 2517/2778 2515/2776
f 2568/2833 2567/2832 2569/2834 2570/2835
f 2568/2833 2570/2835 2519/2780 2517/2778
f 2570/2835 2569/2834 2571/2836 2572/2837
f 2570/2835 2572/2837 2521/2782 2519/2780
f 2572/2837 2571/2836 2573/2838 2574/2839
f 2572/2837 2574/2839 2523/2784 2521/2782
f 2574/2839 2573/2838 2575/2840 2576/2841
f 2574/2839 2576/2841 2525/2786 2523/2784
f 2576/2841 2575/2840 2577/2842 2530/2843
f 2576/2841 2530/2843 2527/2788 2525/2786
f 2577/2842 2575/2840 2578/2844 2579/2845
f 2577/2842 2579/2845 2580/2846 2533/2847
f 2577/2842 2533/2847 2531/2793 2530/2843
f 2580/2846 2579/2845 2581/2848 2582/2849
f 2580/2846 2582/2849 2583/2850 2584/2851
f 2580/2846 2584/2851 2534/2797 2533/2847
f 2584/2851 2583/2850 2585/2852 2586/2853
f 2584/2851 2586/2853 2535/2798 2534/2797
f 2586/2853 2585/2852 2587/2854 2588/2855
f 2586/2853 2588/2855 2537/2800 2535/2798
f 2588/2855 2587/2854 2589/2856 2590/2857
f 2588/2855 2590/2857 2539/2802 2537/2800
f 2590/2857 2589/2856 2591/2858 2592/2859
f 2590/2857 2592/2859 2541/2804 2539/2802
f 2592/2859 2591/2858 2593/2860 2594/2861
f 2592/2859 2594/2861 2543/2806 2541/2804
f 2594/2861 2593/2860 2595/2862 2596/2863
f 2594/2861 2596/2863 2545/2808 2543/2806
f 2596/2863 2595/2862 2597/2864 2598/2865
f 2596/2863 2598/2865 2547/2810 2545/2808
f 2598/2865 2597/2864 2599/2866 2600/2867
f 2598/2865 2600/2867 2549/2812 2547/2810
f 2600/2867 2599/2866 2601/2868 2602/2869
f 2600/2867 2602/2869 2551/2814 2549/2812
f 2602/2869 2601/2868 2603/2870 2604/2871
f 2602/2869 2604/2871 2553/2816 2551/2814
f 2604/2871 2603/2870 2605/2872 2606/2873
f 2604/2871 2606/2873 2555/2818 2553/2816
f 2606/2873 2605/2872 2607/2874 2608/2875
f 2606/2873 2608/2875 2557/2820 2555/2818
f 2608/2875 2607/2874 2609/2876 2610/2877
f 2608/2875 2610/2877 2559/2822 2557/2820
f 2610/2877 2609/2876 2611/2878 2612/2879
f 2610/2877 2612/2879 2561/2824 2559/2822
f 2612/2879 2611/2878 2613/2880 2614/2881
f 2612/2879 2614/2881 2563/2826 2561/2824
f 2614/2882 2613/2883 2615/2884 2616/2885
f 2614/2882 2616/2885 2565/2830 2563/2829
f 2616/2885 2615/2884 2617/2886 2618/2887
f 2616/2885 2618/2887 2567/2832 2565/2830
f 2618/2887 2617/2886 2619/2888 2620/2889
f 2618/2887 2620/2889 2569/2834 2567/2832
f 2620/2889 2619/2888 2621/2890 2622/2891
f 2620/2889 2622/2891 2571/2836 2569/2834
f 2622/2891 2621/2890 2623/2892 2624/2893
f 2622/2891 2624/2893 2573/2838 2571/2836
f 2624/2893 2623/2892 2625/2894 2578/2895
f 2624/2893 2578/2895 2575/2840 2573/2838
f 2625/2894 2623/2892 2626/2896 2627/2897
f 2625/2894 2627/2897 2628/2898 2581/2899
f 2625/2894 2581/2899 2579/2845 2578/2895
f 2628/2898 2629/2900 2582/2849 2581/2899
f 2629/2900 2630/2901 2583/2850 2582/2849
f 2630/2901 2631/2902 2585/2852 2583/2850
f 2631/2902 2632/2903 2587/2854 2585/2852
f 2632/2903 2633/2904 2589/2856 2587/2854
f 2633/2904 2634/2905 2591/2858 2589/2856
f 2634/2905 2635/2906 2593/2860 2591/2858
f 2635/2906 2636/2907 2595/2862 2593/2860
f 2636/2907 2637/2908 2597/2864 2595/2862
f 2637/2908 2638/2909 2599/2866 2597/2864
f 2638/2909 2639/2910 2601/2868 2599/2866
f 2639/2910 2640/2911 2603/2870 2601/2868
f 2640/2911 2641/2912 2605/2872 2603/2870
f 2641/2912 2642/2913 2607/2874 2605/2872
f 2642/2913 2643/2914 2609/2876 2607/2874
f 2643/2914 2644/2915 2611/2878 2609/2876
f 2644/2915 2645/2916 2613/2880 2611/2878
f 2645/2917 2646/2918 2615/2884 2613/2883
f 2646/2918 2647/2919 2617/2886 2615/2884
f 2647/2919 2648/2920 2619/2888 2617/2886
f 2648/2920 2649/2921 2621/2890 2619/2888
f 2649/2921 2626/2896 2623/2892 2621/2890
f 1734/1910 1693/1867 1691/1865 1690/1864
f 1734/1910 1732/1908 1731/1907 1693/1867
f 1731/1907 1696/1870 1694/1868 1693/1867
f 1731/1907 1729/1905 2650/2922 1696/1870
f 2650/2922 1699/1873 1697/1871 1696/1870
f 2650/2922 1729/1905 1726/1902 1725/1901
f 2650/2922 1725/1901 2651/2923 1699/1873
f 2651/2923 1702/1876 1700/1874 1699/1873
f 2651/2923 1725/1901 1723/1898 1722/1897
f 2651/2923 1722/1897 2652/2924 1702/1876
f 2652/2924 1705/1879 1703/1877 1702/1876
f 2652/2924 1722/1897 1719/1893 1717/1891
f 2652/2924 1717/1891 1715/1889 1705/1879
f 1715/1889 1708/1882 1706/1880 1705/1879
f 1639/1809 1637/1807 36/1806 35/38
f 1633/1802 1631/1800 37/40 36/1806
f 1631/1800 1629/1798 38/41 37/40
f 1605/1772 1598/1765 1596/1763 1595/1762
f 1520/1679 1493/1642 1490/1639 1489/1638
f 1497/1646 30/32 25/26 1492/1641
f 1448/1597 1436/1584 1432/1580 1431/1579
f 1440/1588 1210/1351 1208/1349 1207/1348
f 1440/1588 1207/1348 1435/1583 1434/1582
f 1435/1583 1207/1348 1205/1346 1204/1345
f 1435/1583 1204/1345 1430/1578 1429/1577
f 1430/1578 1204/1345 1202/1343 1201/1342
f 1430/1578 1201/1342 1425/1573 1424/1572
f 1425/1573 1201/1342 1199/1340 1198/1339
f 1425/1573 1198/1339 1420/1568 1419/1567
f 1420/1568 1198/1339 1196/1337 1195/1336
f 1420/1568 1195/1336 1415/1563 1414/1562
f 1415/1563 1195/1336 1193/1334 1192/1333
f 1415/1563 1192/1333 1410/1558 1409/1557
f 1410/1558 1192/1333 1190/1331 1189/1330
f 1410/1558 1189/1330 1405/1553 1404/1552
f 1405/1553 1189/1330 1187/1328 1186/1327
f 1405/1553 1186/1327 1400/1548 1399/1547
f 1400/1548 1186/1327 1184/1325 1183/1324
f 1400/1548 1183/1324 1395/1543 1394/1542
f 1395/1543 1183/1324 1181/1322 1180/1321
f 1395/1543 1180/1321 1390/1538 1389/1537
f 1390/1538 1180/1321 1178/1319 1177/1318
f 1390/1538 1177/1318 1385/1533 1384/1532
f 1385/1533 1177/1318 1175/1316 1174/1315
f 1385/1533 1174/1315 1380/1528 1379/1527
f 1380/1528 1174/1315 1172/1313 1171/1312
f 1380/1528 1171/1312 1375/1523 1374/1522
f 1375/1523 1171/1312 1169/1310 1168/1309
f 1375/1523 1168/1309 1370/1518 1369/1517
f 1370/1518 1168/1309 1166/1307 1165/1306
f 1370/1518 1165/1306 1365/1513 1364/1512
f 1365/1513 1165/1306 1163/1304 1162/1303
f 1365/1513 1162/1303 1360/1508 1359/1507
f 1360/1508 1162/1303 1160/1301 1159/1300
f 1360/1508 1159/1300 1355/1503 1354/1502
f 1355/1503 1159/1300 1157/1298 1156/1297
f 1355/1503 1156/1297 1350/1498 1349/1497
f 1350/1498 1156/1297 1154/1295 1153/1294
f 1350/1498 1153/1294 1345/1493 1344/1492
f 1345/1493 1153/1294 1151/1292 2/2
f 1345/1493 2/2 1/1 1340/1488
f 1226/1367 1219/1360 1217/1358 1216/1357
f 1148/1288 1147/1287 8/1472 4/4
f 1104/1240 1102/1238 2653/2925 2654/2926
f 2654/2926 2653/2925 2655/2927 2656/2928
f 2656/2928 2655/2927 2657/2929 2658/2930
f 2658/2930 2657/2929 2659/2931 2660/2932
f 2660/2932 2659/2931 2661/2933 2662/2934
f 2662/2934 2661/2933 2663/2935 2664/2936
f 2664/2936 2663/2935 2665/2937 2666/2938
f 2666/2938 2665/2937 2667/2939 2668/2940
f 2668/2940 2667/2939 2669/2941 2670/2942
f 2670/2942 2669/2941 2671/2943 2672/2944
f 2672/2944 2671/2943 2673/2945 2674/2946
f 2674/2946 2673/2945 2675/2947 2676/2948
f 2676/2948 2675/2947 2677/2949 2678/2950
f 2678/2950 2677/2949 2679/2951 2680/2952
f 2680/2952 2679/2951 2681/2953 2682/2954
f 2682/2954 2681/2953 2683/2955 2684/2956
f 2684/2956 2683/2955 2685/2957 2686/2958
f 2686/2958 2685/2957 2687/2959 2688/2960
f 2688/2960 2687/2959 2689/2961 2690/2962
f 2690/2962 2689/2961 2691/2963 2692/2964
f 2692/2964 2691/2963 2693/2965 2694/2966
f 2694/2966 2693/2965 2695/2967 2696/2968
f 2696/2968 2695/2967 2697/2969 2698/2970
f 2698/2970 2697/2969 2699/2971 2700/2972
f 2700/2972 2699/2971 2701/2973 2702/2974
f 2702/2974 2701/2973 2703/2975 2704/2976
f 2704/2976 2703/2975 2705/2977 2706/2978
f 2706/2978 2705/2977 2707/2979 2708/2980
f 2708/2980 2707/2979 2709/2981 2710/2982
f 2710/2982 2709/2981 2711/2983 2712/2984
f 2712/2984 2711/2983 2713/2985 2714/2986
f 2714/2986 2713/2985 2715/2987 2716/2988
f 2716/2988 2715/2987 2717/2989 2718/2990
f 2718/2990 2717/2989 2719/2991 2720/2992
f 2720/2992 2719/2991 126/2993 2721/2994
f 2721/2994 126/2993 125/130 2722/2995
f 2722/2995 125/130 128/133 2723/2996
f 2723/2996 128/133 2724/2997 2725/2998
f 2725/2998 2724/2997 2726/2999 2727/3000
f 2727/3000 2726/2999 2728/3001 2729/3002
f 2729/3002 2728/3001 327/3003 2730/3004
f 2730/3004 327/3003 323/336 322/335
f 2728/3001 332/345 328/341 327/3003
f 2728/3001 2726/2999 2731/3005 332/345
f 2731/3005 337/350 333/346 332/345
f 2731/3005 2726/2999 2724/2997 2732/3006
f 2731/3005 2732/3006 2733/3007 337/350
f 2733/3007 342/355 338/351 337/350
f 2733/3007 2732/3006 127/132 130/135
f 2733/3007 130/135 2734/3008 342/355
f 2734/3008 347/360 343/356 342/355
f 2734/3008 130/135 129/134 2735/3009
f 2734/3008 2735/3009 2736/3010 347/360
f 2736/3010 352/365 348/361 347/360
f 2736/3010 2735/3009 2737/3011 2738/3012
f 2736/3010 2738/3012 2739/3013 352/365
f 2739/3013 357/370 353/366 352/365
f 2739/3013 2738/3012 2740/3014 2741/3015
f 2739/3013 2741/3015 2742/3016 357/370
f 2742/3016 362/375 358/371 357/370
f 2742/3016 2741/3015 2743/3017 2744/3018
f 2742/3016 2744/3018 2745/3019 362/375
f 2745/3019 367/380 363/376 362/375
f 2745/3019 2744/3018 2746/3020 2747/3021
f 2745/3019 2747/3021 2748/3022 367/380
f 2748/3022 372/385 368/381 367/380
f 2748/3022 2747/3021 2749/3023 2750/3024
f 2748/3022 2750/3024 2751/3025 372/385
f 2751/3025 377/390 373/386 372/385
f 2751/3025 2750/3024 2752/3026 2753/3027
f 2751/3025 2753/3027 2754/3028 377/390
f 2754/3028 382/395 378/391 377/390
f 2754/3028 2753/3027 2755/3029 2756/3030
f 2754/3028 2756/3030 2757/3031 382/395
f 2757/3031 387/400 383/396 382/395
f 2757/3031 2756/3030 2758/3032 2759/3033
f 2757/3031 2759/3033 2760/3034 387/400
f 2760/3034 392/405 388/401 387/400
f 2760/3034 2759/3033 2761/3035 2762/3036
f 2760/3034 2762/3036 2763/3037 392/405
f 2763/3037 397/410 393/406 392/405
f 2763/3037 2762/3036 2764/3038 2765/3039
f 2763/3037 2765/3039 2766/3040 397/410
f 2766/3040 402/415 398/411 397/410
f 2766/3040 2765/3039 2767/3041 2768/3042
f 2766/3040 2768/3042 2769/3043 402/415
f 2769/3043 407/420 403/416 402/415
f 2769/3043 2768/3042 2770/3044 2771/3045
f 2769/3043 2771/3045 2772/3046 407/420
f 2772/3046 412/425 408/421 407/420
f 2772/3046 2771/3045 2773/3047 2774/3048
f 2772/3046 2774/3048 2775/3049 412/425
f 2775/3049 417/430 413/426 412/425
f 2775/3049 2774/3048 2776/3050 2777/3051
f 2775/3049 2777/3051 2778/3052 417/430
f 2778/3052 422/435 418/431 417/430
f 2778/3052 2777/3051 2779/3053 2780/3054
f 2778/3052 2780/3054 2781/3055 422/435
f 2781/3055 427/440 423/436 422/435
f 2781/3055 2780/3054 2782/3056 2783/3057
f 2781/3055 2783/3057 2784/3058 427/440
f 2784/3058 432/445 428/441 427/440
f 2784/3058 2783/3057 2785/3059 2786/3060
f 2784/3058 2786/3060 2787/3061 432/445
f 2787/3061 437/450 433/446 432/445
f 2787/3061 2786/3060 2788/3062 2789/3063
f 2787/3061 2789/3063 2790/3064 437/450
f 2790/3064 442/455 438/451 437/450
f 2790/3064 2789/3063 2791/3065 2792/3066
f 2790/3064 2792/3066 2793/3067 442/455
f 2793/3067 447/460 443/456 442/455
f 2793/3067 2792/3066 2794/3068 2795/3069
f 2793/3067 2795/3069 2796/3070 447/460
f 2796/3070 452/465 448/461 447/460
f 2796/3070 2795/3069 2797/3071 2798/3072
f 2796/3070 2798/3072 2799/3073 452/465
f 2799/3073 457/470 453/466 452/465
f 2799/3073 2798/3072 2800/3074 2801/3075
f 2799/3073 2801/3075 2802/3076 457/470
f 2802/3076 462/475 458/471 457/470
f 2802/3076 2801/3075 2803/3077 2804/3078
f 2802/3076 2804/3078 2805/3079 462/475
f 2805/3079 467/480 463/476 462/475
f 2805/3079 2804/3078 2806/3080 2807/3081
f 2805/3079 2807/3081 2808/3082 467/480
f 2808/3082 472/485 468/481 467/480
f 2808/3083 2807/3084 2809/3085 2810/3086
f 2808/3083 2810/3086 2811/3087 472/3088
f 2811/3087 477/492 473/491 472/3088
f 2811/3087 2810/3086 2812/3089 2813/3090
f 2811/3087 2813/3090 2814/3091 477/492
f 2814/3091 482/498 478/493 477/492
f 2814/3091 2813/3090 2815/3092 2816/3093
f 2814/3091 2816/3093 2817/3094 482/498
f 2817/3094 487/503 483/499 482/498
f 2817/3094 2816/3093 2818/3095 2819/3096
f 2817/3094 2819/3096 2820/3097 487/503
f 2820/3097 492/508 488/504 487/503
f 2820/3097 2819/3096 2821/3098 2822/3099
f 2820/3097 2822/3099 2823/3100 492/508
f 2823/3100 497/513 493/509 492/508
f 2823/3100 2822/3099 2824/3101 2825/3102
f 2823/3100 2825/3102 2826/3103 497/513
f 2826/3103 502/518 498/514 497/513
f 2826/3103 2825/3102 2827/3104 2828/3105
f 2826/3103 2828/3105 2829/3106 502/518
f 2829/3106 507/523 503/519 502/518
f 2829/3106 2828/3105 2830/3107 2831/3108
f 2829/3106 2831/3108 2832/3109 507/523
f 2832/3109 512/528 508/524 507/523
f 2832/3109 2831/3108 2833/3110 2834/3111
f 2832/3109 2834/3111 2835/3112 512/528
f 2835/3112 517/533 513/529 512/528
f 2835/3112 2834/3111 2836/3113 2837/3114
f 2835/3112 2837/3114 2838/3115 517/533
f 2838/3115 522/538 518/534 517/533
f 2838/3115 2837/3114 2839/3116 2840/3117
f 2838/3115 2840/3117 2841/3118 522/538
f 2841/3118 527/543 523/539 522/538
f 2841/3118 2840/3117 2842/3119 2843/3120
f 2841/3118 2843/3120 2844/3121 527/543
f 2844/3121 532/548 528/544 527/543
f 2844/3121 2843/3120 2845/3122 2846/3123
f 2844/3121 2846/3123 2847/3124 532/548
f 2847/3124 537/553 533/549 532/548
f 2847/3124 2846/3123 2848/3125 2849/3126
f 2847/3124 2849/3126 2850/3127 537/553
f 2850/3127 542/558 538/554 537/553
f 2850/3127 2849/3126 2851/3128 2852/3129
f 2850/3127 2852/3129 2853/3130 542/558
f 2853/3130 547/563 543/559 542/558
f 2853/3130 2852/3129 2854/3131 2855/3132
f 2853/3130 2855/3132 2856/3133 547/563
f 2856/3133 552/568 548/564 547/563
f 2856/3133 2855/3132 2857/3134 2858/3135
f 2856/3133 2858/3135 2859/3136 552/568
f 2859/3136 557/573 553/569 552/568
f 2859/3136 2858/3135 2860/3137 2861/3138
f 2859/3136 2861/3138 2862/3139 557/573
f 2862/3139 562/578 558/574 557/573
f 2862/3139 2861/3138 2863/3140 2864/3141
f 2862/3139 2864/3141 2865/3142 562/578
f 2865/3142 567/583 563/579 562/578
f 2865/3142 2864/3141 2866/3143 2867/3144
f 2865/3142 2867/3144 2868/3145 567/583
f 2868/3145 572/588 568/584 567/583
f 2868/3145 2867/3144 2869/3146 2870/3147
f 2868/3145 2870/3147 2871/3148 572/588
f 2871/3148 577/593 573/589 572/588
f 2871/3148 2870/3147 2872/3149 2873/3150
f 2871/3148 2873/3150 2874/3151 577/593
f 2874/3151 582/598 578/594 577/593
f 2874/3151 2873/3150 2875/3152 2876/3153
f 2874/3151 2876/3153 2877/3154 582/598
f 2877/3154 587/603 583/599 582/598
f 2877/3154 2876/3153 2878/3155 2879/3156
f 2877/3154 2879/3156 2880/3157 587/603
f 2880/3157 592/608 588/604 587/603
f 2880/3157 2879/3156 2881/3158 2882/3159
f 2880/3157 2882/3159 2883/3160 592/608
f 2883/3160 597/613 593/609 592/608
f 2883/3160 2882/3159 2884/3161 2885/3162
f 2883/3160 2885/3162 2886/3163 597/613
f 2886/3163 602/618 598/614 597/613
f 2886/3163 2885/3162 2887/3164 2888/3165
f 2886/3163 2888/3165 2889/3166 602/618
f 2889/3166 607/623 603/619 602/618
f 2889/3166 2888/3165 2890/3167 2891/3168
f 2889/3166 2891/3168 2892/3169 607/623
f 2892/3169 612/628 608/624 607/623
f 2892/3169 2891/3168 2893/3170 2894/3171
f 2892/3169 2894/3171 2895/3172 612/628
f 2895/3172 617/633 613/629 612/628
f 2895/3172 2894/3171 2896/3173 2897/3174
f 2895/3172 2897/3174 2898/3175 617/633
f 2898/3175 622/640 618/634 617/633
f 2898/3175 2897/3174 2899/3176 2900/3177
f 2898/3175 2900/3177 2901/3178 622/640
f 2901/3178 627/3179 623/641 622/640
f 2901/3178 2900/3177 2902/3180 2903/3181
f 2901/3178 2903/3181 2904/3182 627/3179
f 2904/3183 632/651 628/647 627/646
f 2904/3184 2903/3185 2905/3186 2906/3187
f 2904/3183 2906/3187 2907/3188 632/651
f 2907/3188 637/656 633/652 632/651
f 2907/3188 2906/3187 2908/3189 2909/3190
f 2907/3188 2909/3190 2910/3191 637/656
f 2910/3191 642/661 638/657 637/656
f 2910/3191 2909/3190 2911/3192 2912/3193
f 2910/3191 2912/3193 648/668 642/661
f 2912/3193 2911/3192 2913/3194 2914/3195
f 2912/3193 2914/3195 649/669 648/668
f 2914/3195 2913/3194 2915/3196 2916/3197
f 2914/3195 2916/3197 651/671 649/669
f 2916/3197 2915/3196 2917/3198 2918/3199
f 2916/3197 2918/3199 653/673 651/671
f 2918/3199 2917/3198 2919/3200 2920/3201
f 2918/3199 2920/3201 2921/3202 653/673
f 2921/3202 657/677 654/674 653/673
f 2921/3202 2920/3201 2922/3203 2923/3204
f 2921/3202 2923/3204 2924/3205 657/677
f 2924/3205 662/682 658/678 657/677
f 2924/3205 2923/3204 2925/3206 2926/3207
f 2924/3205 2926/3207 2927/3208 662/682
f 2927/3208 667/687 663/683 662/682
f 2927/3208 2926/3207 2928/3209 2929/3210
f 2927/3208 2929/3210 2930/3211 667/687
f 2930/3211 672/692 668/688 667/687
f 2930/3211 2929/3210 2931/3212 2932/3213
f 2930/3211 2932/3213 2933/3214 672/692
f 2933/3214 677/697 673/693 672/692
f 2933/3214 2932/3213 2934/3215 2935/3216
f 2933/3214 2935/3216 2936/3217 677/697
f 2936/3217 682/702 678/698 677/697
f 2936/3217 2935/3216 2937/3218 2938/3219
f 2936/3217 2938/3219 2939/3220 682/702
f 2939/3220 687/707 683/703 682/702
f 2939/3220 2938/3219 2940/3221 2941/3222
f 2939/3220 2941/3222 2942/3223 687/707
f 2942/3223 692/712 688/708 687/707
f 2942/3223 2941/3222 2943/3224 2944/3225
f 2942/3223 2944/3225 2945/3226 692/712
f 2945/3226 696/717 693/713 692/712
f 2945/3226 2944/3225 2946/3227 2947/3228
f 2945/3226 2947/3228 2948/3229 696/717
f 2948/3229 701/722 697/718 696/717
f 2948/3229 2947/3228 2949/3230 2950/3231
f 2948/3229 2950/3231 2951/3232 701/722
f 2951/3232 706/727 702/723 701/722
f 2951/3232 2950/3231 2952/3233 2953/3234
f 2951/3232 2953/3234 2954/3235 706/727
f 2954/3235 711/732 707/728 706/727
f 2954/3235 2953/3234 2955/3236 2956/3237
f 2954/3235 2956/3237 2957/3238 711/732
f 2957/3238 716/737 712/733 711/732
f 2957/3238 2956/3237 2958/3239 2959/3240
f 2957/3238 2959/3240 2960/3241 716/737
f 2960/3241 721/742 717/738 716/737
f 2960/3241 2959/3240 2961/3242 2962/3243
f 2960/3241 2962/3243 723/745 721/742
f 2962/3243 2961/3242 2963/3244 2964/3245
f 2962/3243 2964/3245 725/747 723/745
f 2964/3245 2963/3244 2965/3246 2966/3247
f 2964/3245 2966/3247 727/749 725/747
f 2966/3247 2965/3246 88/92 87/91
f 2966/3247 87/91 86/90 727/749
f 2965/3246 2963/3244 2967/3248 2968/3249
f 2965/3246 2968/3249 2969/3250 88/92
f 2969/3250 2968/3249 2970/3251 2971/3252
f 2969/3250 2971/3252 2972/3253 2973/3254
f 2969/3250 2973/3254 83/87 88/92
f 2973/3254 2972/3253 2974/3255 2975/3256
f 2973/3254 2975/3256 84/88 83/87
f 2975/3256 2974/3255 2976/3257 2977/3258
f 2975/3256 2977/3258 2978/3259 84/88
f 2978/3259 2979/3260 85/89 84/88
f 2978/3261 2977/3262 2980/3263 2981/3264
f 2978/3261 2981/3264 2982/3265 2979/3266
f 2982/3265 731/754 730/753 2979/3266
f 2982/3265 2981/3264 2983/3267 2984/3268
f 2982/3265 2984/3268 732/755 731/754
f 2984/3268 2983/3267 2985/3269 2986/3270
f 2984/3268 2986/3270 734/757 732/755
f 2986/3270 2985/3269 2987/3271 2988/3272
f 2986/3270 2988/3272 736/759 734/757
f 2988/3272 2987/3271 2989/3273 2990/3274
f 2988/3272 2990/3274 2991/3275 736/759
f 2991/3275 740/763 737/760 736/759
f 2991/3275 2990/3274 2992/3276 2993/3277
f 2991/3275 2993/3277 81/3278 740/763
f 2993/3277 2992/3276 2994/3279 2995/3280
f 2993/3277 2995/3280 79/83 81/3278
f 2995/3280 2994/3279 2996/3281 2997/3282
f 2995/3280 2997/3282 80/84 79/83
f 2997/3282 2996/3281 2998/3283 2999/3284
f 2997/3282 2999/3284 746/3285 80/84
f 2999/3284 2998/3283 753/783 749/775
f 2999/3284 749/775 747/772 746/3285
f 2998/3283 2996/3281 3000/3286 3001/3287
f 2998/3283 3001/3287 754/784 753/783
f 3001/3287 3000/3286 3002/3288 3003/3289
f 3001/3287 3003/3289 756/786 754/784
f 3003/3289 3002/3288 3004/3290 3005/3291
f 3003/3289 3005/3291 758/788 756/786
f 3005/3291 3004/3290 3006/3292 764/3293
f 3005/3291 764/3293 762/793 758/788
f 3006/3292 3004/3290 3007/3294 3008/3295
f 3006/3292 3008/3295 3009/3296 767/3297
f 3006/3292 767/3297 765/797 764/3293
f 3009/3296 3008/3295 3010/3298 3011/3299
f 3009/3296 3011/3299 3012/3300 770/3301
f 3009/3296 770/3301 768/801 767/3297
f 3012/3300 3011/3299 3013/3302 3014/3303
f 3012/3300 3014/3303 775/812 773/808
f 3012/3300 773/808 771/805 770/3301
f 3014/3303 3013/3302 3015/3304 3016/3305
f 3014/3303 3016/3305 777/814 775/812
f 3016/3305 3015/3304 3017/3306 3018/3307
f 3016/3305 3018/3307 779/816 777/814
f 3018/3307 3017/3306 3019/3308 3020/3309
f 3018/3307 3020/3309 3021/3310 779/816
f 3021/3310 3020/3309 3022/3311 3023/3312
f 3021/3310 3023/3312 3024/3313 782/3314
f 3021/3310 782/3314 780/817 779/816
f 3024/3313 3023/3312 3025/3315 3026/3316
f 3024/3313 3026/3316 3027/3317 3028/3318
f 3024/3313 3028/3318 783/820 782/3314
f 3028/3318 3027/3317 3029/3319 3030/3320
f 3028/3318 3030/3320 784/821 783/820
f 3030/3320 3029/3319 3031/3321 3032/3322
f 3030/3320 3032/3322 786/823 784/821
f 3032/3322 3031/3321 3033/3323 3034/3324
f 3032/3322 3034/3324 788/825 786/823
f 3034/3324 3033/3323 3035/3325 3036/3326
f 3034/3324 3036/3326 3037/3327 788/825
f 3037/3327 3036/3326 3038/3328 3039/3329
f 3037/3327 3039/3329 793/830 791/828
f 3037/3327 791/828 789/826 788/825
f 3039/3329 3038/3328 3040/3330 3041/3331
f 3039/3329 3041/3331 3042/3332 793/830
f 3042/3332 3041/3331 3043/3333 3044/3334
f 3042/3332 3044/3334 3045/3335 796/3336
f 3042/3332 796/3336 794/831 793/830
f 3045/3335 3044/3334 3046/3337 3047/3338
f 3045/3335 3047/3338 3048/3339 799/3340
f 3045/3335 799/3340 797/834 796/3336
f 3048/3339 3047/3338 3049/3341 3050/3342
f 3048/3339 3050/3342 3051/3343 802/3344
f 3048/3339 802/3344 800/838 799/3340
f 3051/3343 3050/3342 3052/3345 3053/3346
f 3051/3343 3053/3346 3054/3347 805/3348
f 3051/3343 805/3348 803/842 802/3344
f 3054/3349 3053/3350 3055/3351 3056/3352
f 3054/3349 3056/3352 3057/3353 808/3354
f 3054/3347 808/849 806/846 805/3348
f 3057/3353 3056/3352 3058/3355 3059/3356
f 3057/3353 3059/3356 3060/3357 811/3358
f 3057/3353 811/3358 809/854 808/3354
f 3060/3357 3059/3356 3061/3359 3062/3360
f 3060/3357 3062/3360 3063/3361 814/3362
f 3060/3357 814/3362 812/856 811/3358
f 3063/3361 3062/3360 3064/3363 3065/3364
f 3063/3361 3065/3364 3066/3365 817/3366
f 3063/3361 817/3366 815/861 814/3362
f 3066/3365 3065/3364 3067/3367 3068/3368
f 3066/3365 3068/3368 3069/3369 820/3370
f 3066/3365 820/3370 818/865 817/3366
f 3069/3369 3068/3368 3070/3371 3071/3372
f 3069/3369 3071/3372 3072/3373 823/3374
f 3069/3369 823/3374 821/869 820/3370
f 3072/3373 3071/3372 3073/3375 3074/3376
f 3072/3373 3074/3376 3075/3377 826/3378
f 3072/3373 826/3378 824/873 823/3374
f 3075/3377 3074/3376 3076/3379 3077/3380
f 3075/3377 3077/3380 3078/3381 829/3382
f 3075/3377 829/3382 827/877 826/3378
f 3078/3381 3077/3380 3079/3383 3080/3384
f 3078/3381 3080/3384 3081/3385 832/3386
f 3078/3381 832/3386 830/881 829/3382
f 3081/3385 3080/3384 3082/3387 3083/3388
f 3081/3385 3083/3388 3084/3389 835/3390
f 3081/3385 835/3390 833/885 832/3386
f 3084/3389 3083/3388 3085/3391 3086/3392
f 3084/3389 3086/3392 3087/3393 838/3394
f 3084/3389 838/3394 836/889 835/3390
f 3087/3393 3086/3392 3088/3395 3089/3396
f 3087/3393 3089/3396 3090/3397 841/3398
f 3087/3393 841/3398 839/893 838/3394
f 3090/3397 3089/3396 3091/3399 3092/3400
f 3090/3397 3092/3400 3093/3401 844/3402
f 3090/3397 844/3402 842/897 841/3398
f 3093/3401 3092/3400 3094/3403 3095/3404
f 3093/3401 3095/3404 3096/3405 847/3406
f 3093/3401 847/3406 845/901 844/3402
f 3096/3405 3095/3404 3097/3407 3098/3408
f 3096/3405 3098/3408 3099/3409 850/3410
f 3096/3405 850/3410 848/905 847/3406
f 3099/3409 3098/3408 3100/3411 3101/3412
f 3099/3409 3101/3412 3102/3413 853/3414
f 3099/3409 853/3414 851/909 850/3410
f 3102/3413 3101/3412 3103/3415 3104/3416
f 3102/3413 3104/3416 3105/3417 856/3418
f 3102/3413 856/3418 854/913 853/3414
f 3105/3417 3104/3416 3106/3419 3107/3420
f 3105/3417 3107/3420 3108/3421 859/3422
f 3105/3417 859/3422 857/917 856/3418
f 3108/3421 3107/3420 3109/3423 3110/3424
f 3108/3421 3110/3424 3111/3425 862/3426
f 3108/3421 862/3426 860/921 859/3422
f 3111/3425 3110/3424 3112/3427 3113/3428
f 3111/3425 3113/3428 3114/3429 865/3430
f 3111/3425 865/3430 863/925 862/3426
f 3114/3429 3113/3428 3115/3431 3116/3432
f 3114/3429 3116/3432 3117/3433 868/3434
f 3114/3429 868/3434 866/929 865/3430
f 3117/3433 3116/3432 3118/3435 3119/3436
f 3117/3433 3119/3436 3120/3437 871/3438
f 3117/3433 871/3438 869/933 868/3434
f 3120/3437 3119/3436 3121/3439 3122/3440
f 3120/3437 3122/3440 3123/3441 874/3442
f 3120/3437 874/3442 872/937 871/3438
f 3123/3441 3122/3440 3124/3443 3125/3444
f 3123/3441 3125/3444 3126/3445 877/3446
f 3123/3441 877/3446 875/941 874/3442
f 3126/3445 3125/3444 3127/3447 3128/3448
f 3126/3445 3128/3448 3129/3449 880/3450
f 3126/3445 880/3450 878/945 877/3446
f 3129/3449 3128/3448 3130/3451 3131/3452
f 3129/3449 3131/3452 3132/3453 883/3454
f 3129/3449 883/3454 881/949 880/3450
f 3132/3453 3131/3452 3133/3455 3134/3456
f 3132/3453 3134/3456 3135/3457 886/3458
f 3132/3453 886/3458 884/953 883/3454
f 3135/3459 3134/3460 3136/3461 3137/3462
f 3135/3459 3137/3462 3138/3463 889/3464
f 3135/3457 889/960 887/957 886/3458
f 3138/3463 3137/3462 3139/3465 3140/3466
f 3138/3463 3140/3466 3141/3467 892/3468
f 3138/3463 892/3468 890/965 889/3464
f 3141/3467 3140/3466 3142/3469 3143/3470
f 3141/3467 3143/3470 3144/3471 895/3472
f 3141/3467 895/3472 893/967 892/3468
f 3144/3471 3143/3470 3145/3473 3146/3474
f 3144/3471 3146/3474 3147/3475 898/3476
f 3144/3471 898/3476 896/971 895/3472
f 3147/3475 3146/3474 3148/3477 3149/3478
f 3147/3475 3149/3478 3150/3479 901/3480
f 3147/3475 901/3480 899/975 898/3476
f 3150/3479 3149/3478 3151/3481 3152/3482
f 3150/3479 3152/3482 3153/3483 904/3484
f 3150/3479 904/3484 902/979 901/3480
f 3153/3483 3152/3482 3154/3485 3155/3486
f 3153/3483 3155/3486 3156/3487 907/3488
f 3153/3483 907/3488 905/983 904/3484
f 3156/3487 3155/3486 3157/3489 3158/3490
f 3156/3487 3158/3490 3159/3491 910/3492
f 3156/3487 910/3492 908/987 907/3488
f 3159/3491 3158/3490 3160/3493 3161/3494
f 3159/3491 3161/3494 3162/3495 913/3496
f 3159/3491 913/3496 911/991 910/3492
f 3162/3495 3161/3494 3163/3497 3164/3498
f 3162/3495 3164/3498 3165/3499 916/3500
f 3162/3495 916/3500 914/995 913/3496
f 3165/3499 3164/3498 3166/3501 3167/3502
f 3165/3499 3167/3502 3168/3503 919/3504
f 3165/3499 919/3504 917/999 916/3500
f 3168/3503 3167/3502 3169/3505 3170/3506
f 3168/3503 3170/3506 3171/3507 922/3508
f 3168/3503 922/3508 920/1003 919/3504
f 3171/3507 3170/3506 3172/3509 3173/3510
f 3171/3507 3173/3510 3174/3511 925/3512
f 3171/3507 925/3512 923/1007 922/3508
f 3174/3511 3173/3510 3175/3513 3176/3514
f 3174/3511 3176/3514 3177/3515 928/3516
f 3174/3511 928/3516 926/1011 925/3512
f 3177/3515 3176/3514 3178/3517 3179/3518
f 3177/3515 3179/3518 3180/3519 931/3520
f 3177/3515 931/3520 929/1015 928/3516
f 3180/3519 3179/3518 3181/3521 3182/3522
f 3180/3519 3182/3522 3183/3523 934/3524
f 3180/3519 934/3524 932/1019 931/3520
f 3183/3523 3182/3522 3184/3525 3185/3526
f 3183/3523 3185/3526 3186/3527 937/3528
f 3183/3523 937/3528 935/1023 934/3524
f 3186/3527 3185/3526 3187/3529 3188/3530
f 3186/3527 3188/3530 3189/3531 940/3532
f 3186/3527 940/3532 938/1027 937/3528
f 3189/3531 3188/3530 3190/3533 3191/3534
f 3189/3531 3191/3534 3192/3535 943/3536
f 3189/3531 943/3536 941/1031 940/3532
f 3192/3535 3191/3534 3193/3537 3194/3538
f 3192/3535 3194/3538 3195/3539 946/3540
f 3192/3535 946/3540 944/1035 943/3536
f 3195/3539 3194/3538 3196/3541 3197/3542
f 3195/3539 3197/3542 3198/3543 949/3544
f 3195/3539 949/3544 947/1039 946/3540
f 3198/3543 3197/3542 3199/3545 3200/3546
f 3198/3543 3200/3546 3201/3547 952/3548
f 3198/3543 952/3548 950/1043 949/3544
f 3201/3547 3200/3546 3202/3549 3203/3550
f 3201/3547 3203/3550 3204/3551 955/3552
f 3201/3547 955/3552 953/1047 952/3548
f 3204/3551 3203/3550 3205/3553 3206/3554
f 3204/3551 3206/3554 3207/3555 958/3556
f 3204/3551 958/3556 956/1051 955/3552
f 3207/3555 3206/3554 3208/3557 3209/3558
f 3207/3555 3209/3558 3210/3559 961/3560
f 3207/3555 961/3560 959/1055 958/3556
f 3210/3559 3209/3558 3211/3561 3212/3562
f 3210/3559 3212/3562 3213/3563 964/3564
f 3210/3559 964/3564 962/1059 961/3560
f 3213/3563 3212/3562 3214/3565 3215/3566
f 3213/3563 3215/3566 3216/3567 967/3568
f 3213/3563 967/3568 965/1063 964/3564
f 3216/3567 3215/3566 3217/3569 3218/3570
f 3216/3567 3218/3570 3219/3571 970/3572
f 3216/3567 970/3572 968/1067 967/3568
f 3219/3571 3218/3570 3220/3573 3221/3574
f 3219/3571 3221/3574 3222/3575 973/3576
f 3219/3571 973/3576 971/1071 970/3572
f 3222/3575 3221/3574 3223/3577 3224/3578
f 3222/3575 3224/3578 3225/3579 976/3580
f 3222/3575 976/3580 974/1075 973/3576
f 3225/3579 3224/3578 3226/3581 3227/3582
f 3225/3579 3227/3582 3228/3583 979/3584
f 3225/3579 979/3584 977/1079 976/3580
f 3228/3583 3227/3582 3229/3585 3230/3586
f 3228/3583 3230/3586 3231/3587 982/3588
f 3228/3583 982/3588 980/1083 979/3584
f 3231/3589 3230/3590 3232/3591 3233/3592
f 3231/3589 3233/3592 987/1096 985/1095
f 3231/3587 985/1090 983/1087 982/3588
f 3233/3592 3232/3591 3234/3593 3235/3594
f 3233/3592 3235/3594 989/1098 987/1096
f 3235/3594 3234/3593 3236/3595 3237/3596
f 3235/3594 3237/3596 3238/3597 989/1098
f 3238/3597 3237/3596 3239/3598 3240/3599
f 3238/3597 3240/3599 3241/3600 992/3601
f 3238/3597 992/3601 990/1099 989/1098
f 3241/3600 3240/3599 3242/3602 3243/3603
f 3241/3600 3243/3603 3244/3604 3245/3605
f 3241/3600 3245/3605 993/1102 992/3601
f 3245/3605 3244/3604 3246/3606 3247/3607
f 3245/3605 3247/3607 994/1103 993/1102
f 3247/3607 3246/3606 3248/3608 3249/3609
f 3247/3607 3249/3609 996/1105 994/1103
f 3249/3609 3248/3608 3250/3610 3251/3611
f 3249/3609 3251/3611 998/1107 996/1105
f 3251/3611 3250/3610 3252/3612 3253/3613
f 3251/3611 3253/3613 1000/1110 998/1107
f 3253/3613 3252/3612 3254/3614 3255/3615
f 3253/3613 3255/3615 1002/1112 1000/1110
f 3255/3615 3254/3614 3256/3616 3257/3617
f 3255/3615 3257/3617 1004/1114 1002/1112
f 3257/3617 3256/3616 3258/3618 3259/3619
f 3257/3617 3259/3619 1006/1116 1004/1114
f 3259/3619 3258/3618 3260/3620 3261/3621
f 3259/3619 3261/3621 1008/1118 1006/1116
f 3261/3621 3260/3620 3262/3622 1013/3623
f 3261/3621 1013/3623 1010/1120 1008/1118
f 3262/3622 3260/3620 3263/3624 3264/3625
f 3262/3622 3264/3625 3265/3626 1016/3627
f 3262/3622 1016/3627 1014/1125 1013/3623
f 3265/3626 3264/3625 3266/3628 3267/3629
f 3265/3626 3267/3629 3268/3630 1019/3631
f 3265/3626 1019/3631 1017/1129 1016/3627
f 3268/3630 3267/3629 3269/3632 3270/3633
f 3268/3630 3270/3633 3271/3634 1022/3635
f 3268/3630 1022/3635 1020/1133 1019/3631
f 3271/3634 3270/3633 3272/3636 3273/3637
f 3271/3634 3273/3637 3274/3638 1025/3639
f 3271/3634 1025/3639 1023/1137 1022/3635
f 3274/3638 3273/3637 3275/3640 3276/3641
f 3274/3638 3276/3641 3277/3642 1028/3643
f 3274/3638 1028/3643 1026/1141 1025/3639
f 3277/3642 3276/3641 3278/3644 3279/3645
f 3277/3642 3279/3645 3280/3646 1031/3647
f 3277/3642 1031/3647 1029/1145 1028/3643
f 3280/3646 3279/3645 3281/3648 3282/3649
f 3280/3646 3282/3649 3283/3650 1034/3651
f 3280/3646 1034/3651 1032/1149 1031/3647
f 3283/3650 3282/3649 3284/3652 3285/3653
f 3283/3650 3285/3653 3286/3654 1037/3655
f 3283/3650 1037/3655 1035/1153 1034/3651
f 3286/3654 3285/3653 3287/3656 3288/3657
f 3286/3654 3288/3657 3289/3658 1040/3659
f 3286/3654 1040/3659 1038/1157 1037/3655
f 3289/3658 3288/3657 3290/3660 3291/3661
f 3289/3658 3291/3661 3292/3662 1043/3663
f 3289/3658 1043/3663 1041/1161 1040/3659
f 3292/3662 3291/3661 3293/3664 3294/3665
f 3292/3662 3294/3665 3295/3666 1046/3667
f 3292/3662 1046/3667 1044/1165 1043/3663
f 3295/3666 3294/3665 3296/3668 3297/3669
f 3295/3666 3297/3669 1053/1180 1049/1172
f 3295/3666 1049/1172 1047/1169 1046/3667
f 3297/3669 3296/3668 3298/3670 3299/3671
f 3297/3669 3299/3671 1054/1181 1053/1180
f 3299/3671 3298/3670 3300/3672 3301/3673
f 3299/3671 3301/3673 1056/1183 1054/1181
f 3301/3673 3300/3672 3302/3674 3303/3675
f 3301/3673 3303/3675 1058/1185 1056/1183
f 3303/3675 3302/3674 3304/3676 3305/3677
f 3303/3675 3305/3677 3306/3678 1058/1185
f 3306/3678 3305/3677 3307/3679 3308/3680
f 3306/3678 3308/3680 3309/3681 1061/3682
f 3306/3678 1061/3682 1059/1186 1058/1185
f 3309/3681 3308/3680 3310/3683 3311/3684
f 3309/3681 3311/3684 3312/3685 3313/3686
f 3309/3681 3313/3686 1062/1189 1061/3682
f 3313/3686 3312/3685 3314/3687 3315/3688
f 3313/3686 3315/3688 1063/1190 1062/1189
f 3315/3688 3314/3687 3316/3689 3317/3690
f 3315/3688 3317/3690 1065/1192 1063/1190
f 3317/3690 3316/3689 3318/3691 3319/3692
f 3317/3690 3319/3692 1067/1194 1065/1192
f 3319/3692 3318/3691 3320/3693 3321/3694
f 3319/3692 3321/3694 3322/3695 1067/1194
f 3322/3695 3321/3694 3323/3696 3324/3697
f 3322/3695 3324/3697 117/122 116/121
f 3322/3695 116/121 1068/1195 1067/1194
f 3324/3697 3323/3696 3325/3698 3326/3699
f 3324/3697 3326/3699 118/123 117/122
f 3326/3699 3325/3698 3327/3700 3328/3701
f 3326/3699 3328/3701 3329/3702 118/123
f 3329/3702 3328/3701 3330/3703 3331/3704
f 3329/3702 3331/3704 3332/3705 3333/3706
f 3329/3702 3333/3706 119/124 118/123
f 3333/3706 3332/3705 1073/1200 1071/1198
f 3333/3706 1071/1198 120/125 119/124
f 3332/3705 3331/3704 3334/3707 1079/3708
f 3332/3705 1079/3708 1077/1205 1073/1200
f 3334/3707 3331/3704 3330/3703 3335/3709
f 3334/3707 3335/3709 3336/3710 1082/3711
f 3334/3707 1082/3711 1080/1209 1079/3708
f 3336/3710 3335/3709 3337/3712 3338/3713
f 3336/3710 3338/3713 3339/3714 1085/3715
f 3336/3710 1085/3715 1083/1213 1082/3711
f 3339/3714 3338/3713 3340/3716 3341/3717
f 3339/3714 3341/3717 3342/3718 1088/3719
f 3339/3714 1088/3719 1086/1217 1085/3715
f 3342/3718 3341/3717 3343/3720 3344/3721
f 3342/3718 3344/3721 3345/3722 1091/3723
f 3342/3718 1091/3723 1089/1221 1088/3719
f 3345/3722 3344/3721 3346/3724 3347/3725
f 3345/3722 3347/3725 3348/3726 1094/3727
f 3345/3722 1094/3727 1092/1225 1091/3723
f 3348/3726 3347/3725 3349/3728 3350/3729
f 3348/3726 3350/3729 3351/3730 1097/3731
f 3348/3726 1097/3731 1095/1229 1094/3727
f 3351/3730 3350/3729 2655/2927 2653/2925
f 3351/3730 2653/2925 1102/1238 1100/1236
f 3351/3730 1100/1236 1098/1233 1097/3731
f 3350/3729 3349/3728 2657/2929 2655/2927
f 3349/3728 3352/3732 2659/2931 2657/2929
f 3349/3728 3347/3725 3346/3724 3352/3732
f 3352/3732 3353/3733 2661/2933 2659/2931
f 3352/3732 3346/3724 3354/3734 3353/3733
f 3354/3734 3355/3735 3356/3736 3353/3733
f 3354/3734 3346/3724 3344/3721 3343/3720
f 3354/3734 3343/3720 3357/3737 3355/3735
f 3357/3737 3358/3738 3359/3739 3355/3735
f 3357/3737 3343/3720 3341/3717 3340/3716
f 3357/3737 3340/3716 3360/3740 3358/3738
f 3360/3740 3361/3741 3362/3742 3358/3738
f 3360/3740 3340/3716 3338/3713 3337/3712
f 3360/3740 3337/3712 3363/3743 3361/3741
f 3363/3743 3327/3744 3364/3745 3361/3741
f 3363/3743 3337/3712 3335/3709 3330/3703
f 3363/3743 3330/3703 3328/3701 3327/3744
f 3364/3746 3365/3747 3366/3748 3367/3749
f 3364/3745 3367/3749 3362/3742 3361/3741
f 3364/3746 3327/3744 3325/3698 3365/3747
f 3367/3749 3366/3748 3368/3750 3369/3751
f 3367/3749 3369/3751 3370/3752 3362/3742
f 3370/3752 3369/3751 3371/3753 3372/3754
f 3370/3752 3372/3754 3373/3755 3359/3756
f 3370/3752 3359/3756 3358/3738 3362/3742
f 3373/3755 3372/3754 2667/2939 2665/2937
f 3373/3755 2665/2937 2663/2935 3356/3757
f 3373/3755 3356/3757 3355/3735 3359/3756
f 3372/3754 3371/3753 2669/2941 2667/2939
f 3371/3753 3374/3758 2671/2943 2669/2941
f 3371/3753 3369/3751 3368/3750 3374/3758
f 3374/3758 3375/3759 2673/2945 2671/2943
f 3374/3758 3368/3750 3376/3760 3375/3759
f 3376/3760 3377/3761 3378/3762 3375/3759
f 3376/3760 3368/3750 3366/3748 3379/3763
f 3376/3760 3379/3763 3380/3764 3377/3761
f 3380/3764 3381/3765 3382/3766 3377/3761
f 3380/3764 3379/3763 3383/3767 3320/3768
f 3380/3764 3320/3768 3318/3691 3381/3765
f 3383/3767 3379/3763 3366/3748 3365/3747
f 3383/3767 3365/3747 3325/3698 3323/3696
f 3383/3767 3323/3696 3321/3694 3320/3768
f 3382/3769 3384/3770 3385/3771 3386/3772
f 3382/3766 3386/3772 3378/3762 3377/3761
f 3382/3766 3381/3765 3387/3773 3384/3770
f 3387/3773 3388/3774 3389/3775 3384/3770
f 3387/3773 3381/3765 3318/3691 3316/3689
f 3387/3773 3316/3689 3314/3687 3388/3774
f 3389/3776 3390/3777 3391/3778 3392/3779
f 3389/3776 3392/3779 3385/3771 3384/3770
f 3389/3775 3388/3774 3393/3780 3390/3777
f 3393/3780 3394/3781 3395/3782 3390/3777
f 3393/3780 3388/3774 3314/3687 3312/3685
f 3393/3780 3312/3685 3311/3684 3394/3781
f 3395/3783 3396/3784 3397/3785 3398/3786
f 3395/3783 3398/3786 3391/3778 3390/3777
f 3395/3782 3394/3781 3399/3787 3396/3784
f 3399/3787 3400/3788 3401/3789 3396/3784
f 3399/3787 3394/3781 3311/3684 3310/3683
f 3399/3787 3310/3683 3402/3790 3400/3788
f 3402/3790 3403/3791 3404/3792 3400/3788
f 3402/3790 3310/3683 3308/3680 3307/3679
f 3402/3790 3307/3679 3405/3793 3403/3791
f 3405/3793 3406/3794 3407/3795 3403/3791
f 3405/3793 3307/3679 3305/3677 3304/3676
f 3405/3793 3304/3676 3408/3796 3406/3794
f 3408/3796 3409/3797 3410/3798 3406/3794
f 3408/3796 3304/3676 3302/3674 3411/3799
f 3408/3796 3411/3799 3412/3800 3409/3797
f 3412/3800 3413/3801 3414/3802 3409/3797
f 3412/3800 3411/3799 3415/3803 3416/3804
f 3412/3800 3416/3804 3417/3805 3413/3801
f 3417/3805 3418/3806 3419/3807 3413/3801
f 3417/3805 3416/3804 3420/3808 3421/3809
f 3417/3805 3421/3809 3422/3810 3418/3806
f 3422/3810 3423/3811 3424/3812 3418/3806
f 3422/3810 3421/3809 3425/3813 3426/3814
f 3422/3810 3426/3814 3427/3815 3423/3811
f 3427/3815 3428/3816 3429/3817 3423/3811
f 3427/3815 3426/3814 3430/3818 3431/3819
f 3427/3815 3431/3819 3432/3820 3428/3816
f 3432/3820 3433/3821 3434/3822 3428/3816
f 3432/3820 3431/3819 3435/3823 3436/3824
f 3432/3820 3436/3824 3437/3825 3433/3821
f 3437/3825 3438/3826 3439/3827 3433/3821
f 3437/3825 3436/3824 3440/3828 3441/3829
f 3437/3825 3441/3829 3442/3830 3438/3826
f 3442/3830 3443/3831 3444/3832 3438/3826
f 3442/3830 3441/3829 3445/3833 3446/3834
f 3442/3830 3446/3834 3447/3835 3443/3831
f 3447/3835 3448/3836 3449/3837 3443/3831
f 3447/3835 3446/3834 3450/3838 3451/3839
f 3447/3835 3451/3839 3452/3840 3448/3836
f 3452/3840 3453/3841 3454/3842 3448/3836
f 3452/3840 3451/3839 3455/3843 3456/3844
f 3452/3840 3456/3844 3457/3845 3453/3841
f 3457/3845 3458/3846 3459/3847 3453/3841
f 3457/3845 3456/3844 3460/3848 3461/3849
f 3457/3845 3461/3849 3462/3850 3458/3846
f 3462/3850 3463/3851 3464/3852 3458/3846
f 3462/3850 3461/3849 3465/3853 3466/3854
f 3462/3850 3466/3854 3467/3855 3463/3851
f 3467/3855 3468/3856 3469/3857 3463/3851
f 3467/3855 3466/3854 3470/3858 3471/3859
f 3467/3855 3471/3859 3472/3860 3468/3856
f 3472/3860 3473/3861 3474/3862 3468/3856
f 3472/3860 3471/3859 3475/3863 3476/3864
f 3472/3860 3476/3864 3477/3865 3473/3861
f 3477/3865 3478/3866 3479/3867 3473/3861
f 3477/3865 3476/3864 3480/3868 3481/3869
f 3477/3865 3481/3869 3482/3870 3478/3866
f 3482/3870 3483/3871 3484/3872 3478/3866
f 3482/3870 3481/3869 3252/3612 3250/3610
f 3482/3870 3250/3610 3248/3608 3483/3871
f 3484/3873 3485/3874 3486/3875 3487/3876
f 3484/3873 3487/3876 3479/3867 3478/3866
f 3484/3872 3483/3871 3488/3877 3485/3874
f 3488/3877 3489/3878 3490/3879 3485/3874
f 3488/3877 3483/3871 3248/3608 3246/3606
f 3488/3877 3246/3606 3244/3604 3489/3878
f 3490/3880 3491/3881 3492/3882 3493/3883
f 3490/3880 3493/3883 3486/3875 3485/3874
f 3490/3879 3489/3878 3494/3884 3491/3881
f 3494/3884 3495/3885 3496/3886 3491/3881
f 3494/3884 3489/3878 3244/3604 3243/3603
f 3494/3884 3243/3603 3242/3602 3495/3885
f 3496/3887 3497/3888 3498/3889 3499/3890
f 3496/3886 3499/3890 3492/3882 3491/3881
f 3496/3886 3495/3885 3500/3891 3497/3888
f 3500/3891 3501/3892 3502/3893 3497/3888
f 3500/3891 3495/3885 3242/3602 3503/3894
f 3500/3891 3503/3894 3504/3895 3501/3892
f 3504/3895 3505/3896 3506/3897 3501/3892
f 3504/3895 3503/3894 3239/3898 3507/3899
f 3504/3895 3507/3899 3508/3900 3505/3896
f 3508/3900 3509/3901 3510/3902 3505/3896
f 3508/3900 3507/3899 3236/3903 3511/3904
f 3508/3900 3511/3904 3512/3905 3509/3901
f 3512/3905 3513/3906 3514/3907 3509/3901
f 3512/3905 3511/3904 3515/3908 3516/3909
f 3512/3905 3516/3909 3517/3910 3513/3906
f 3517/3910 3518/3911 3519/3912 3513/3906
f 3517/3910 3516/3909 3520/3913 3521/3914
f 3517/3910 3521/3914 3522/3915 3518/3911
f 3522/3915 3523/3916 3524/3917 3518/3911
f 3522/3915 3521/3914 3525/3918 3526/3919
f 3522/3915 3526/3919 3527/3920 3523/3916
f 3527/3920 3528/3921 3529/3922 3523/3916
f 3527/3923 3526/3924 3530/3925 3531/3926
f 3527/3923 3531/3926 3532/3927 3528/3928
f 3532/3927 3533/3929 3534/3930 3528/3928
f 3532/3927 3531/3926 3535/3931 3536/3932
f 3532/3927 3536/3932 3537/3933 3533/3929
f 3537/3933 3538/3934 3539/3935 3533/3929
f 3537/3933 3536/3932 3540/3936 3541/3937
f 3537/3933 3541/3937 3542/3938 3538/3934
f 3542/3938 3543/3939 3544/3940 3538/3934
f 3542/3938 3541/3937 3545/3941 3546/3942
f 3542/3938 3546/3942 3547/3943 3543/3939
f 3547/3943 3548/3944 3549/3945 3543/3939
f 3547/3943 3546/3942 3550/3946 3551/3947
f 3547/3943 3551/3947 3552/3948 3548/3944
f 3552/3948 3553/3949 3554/3950 3548/3944
f 3552/3948 3551/3947 3555/3951 3556/3952
f 3552/3948 3556/3952 3557/3953 3553/3949
f 3557/3953 3558/3954 3559/3955 3553/3949
f 3557/3953 3556/3952 3560/3956 3561/3957
f 3557/3953 3561/3957 3562/3958 3558/3954
f 3562/3958 3563/3959 3564/3960 3558/3954
f 3562/3958 3561/3957 3565/3961 3566/3962
f 3562/3958 3566/3962 3567/3963 3563/3959
f 3567/3963 3568/3964 3569/3965 3563/3959
f 3567/3963 3566/3962 3570/3966 3571/3967
f 3567/3963 3571/3967 3572/3968 3568/3964
f 3572/3968 3573/3969 3574/3970 3568/3964
f 3572/3968 3571/3967 3575/3971 3576/3972
f 3572/3968 3576/3972 3577/3973 3573/3969
f 3577/3973 3578/3974 3579/3975 3573/3969
f 3577/3973 3576/3972 3580/3976 3581/3977
f 3577/3973 3581/3977 3582/3978 3578/3974
f 3582/3978 3583/3979 3584/3980 3578/3974
f 3582/3978 3581/3977 3585/3981 3586/3982
f 3582/3978 3586/3982 3587/3983 3583/3979
f 3587/3983 3588/3984 3589/3985 3583/3979
f 3587/3983 3586/3982 3590/3986 3591/3987
f 3587/3983 3591/3987 3592/3988 3588/3984
f 3592/3988 3593/3989 3594/3990 3588/3984
f 3592/3988 3591/3987 3595/3991 3596/3992
f 3592/3988 3596/3992 3597/3993 3593/3989
f 3597/3993 3598/3994 3599/3995 3593/3989
f 3597/3993 3596/3992 3600/3996 3601/3997
f 3597/3993 3601/3997 3602/3998 3598/3994
f 3602/3998 3603/3999 3604/4000 3598/3994
f 3602/3998 3601/3997 3605/4001 3606/4002
f 3602/3998 3606/4002 3607/4003 3603/3999
f 3607/4003 3608/4004 3609/4005 3603/3999
f 3607/4003 3606/4002 3610/4006 3611/4007
f 3607/4003 3611/4007 3612/4008 3608/4004
f 3612/4008 3613/4009 3614/4010 3608/4004
f 3612/4008 3611/4007 3615/4011 3616/4012
f 3612/4008 3616/4012 3617/4013 3613/4009
f 3617/4013 3618/4014 3619/4015 3613/4009
f 3617/4013 3616/4012 3620/4016 3621/4017
f 3617/4013 3621/4017 3622/4018 3618/4014
f 3622/4018 3623/4019 3624/4020 3618/4014
f 3622/4018 3621/4017 3625/4021 3626/4022
f 3622/4018 3626/4022 3627/4023 3623/4019
f 3627/4023 3628/4024 3629/4025 3623/4019
f 3627/4023 3626/4022 3630/4026 3631/4027
f 3627/4023 3631/4027 3632/4028 3628/4024
f 3632/4028 3633/4029 3634/4030 3628/4024
f 3632/4028 3631/4027 3635/4031 3636/4032
f 3632/4028 3636/4032 3637/4033 3633/4029
f 3637/4033 3638/4034 3639/4035 3633/4029
f 3637/4033 3636/4032 3640/4036 3641/4037
f 3637/4033 3641/4037 3642/4038 3638/4034
f 3642/4038 3643/4039 3644/4040 3638/4034
f 3642/4038 3641/4037 3645/4041 3646/4042
f 3642/4038 3646/4042 3647/4043 3643/4039
f 3647/4043 3648/4044 3649/4045 3643/4039
f 3647/4043 3646/4042 3650/4046 3651/4047
f 3647/4043 3651/4047 3652/4048 3648/4044
f 3652/4048 3653/4049 3654/4050 3648/4044
f 3652/4048 3651/4047 3655/4051 3656/4052
f 3652/4048 3656/4052 3657/4053 3653/4049
f 3657/4053 3658/4054 3659/4055 3653/4049
f 3657/4053 3656/4052 3660/4056 3661/4057
f 3657/4053 3661/4057 3662/4058 3658/4054
f 3662/4058 3663/4059 3664/4060 3658/4054
f 3662/4058 3661/4057 3665/4061 3666/4062
f 3662/4058 3666/4062 3667/4063 3663/4059
f 3667/4063 3668/4064 3669/4065 3663/4059
f 3667/4063 3666/4062 3670/4066 3671/4067
f 3667/4063 3671/4067 3672/4068 3668/4064
f 3672/4068 3673/4069 3674/4070 3668/4064
f 3672/4068 3671/4067 3675/4071 3676/4072
f 3672/4068 3676/4072 3677/4073 3673/4069
f 3677/4073 3678/4074 3679/4075 3673/4069
f 3677/4073 3676/4072 3680/4076 3681/4077
f 3677/4073 3681/4077 3682/4078 3678/4074
f 3682/4078 3683/4079 3684/4080 3678/4074
f 3682/4078 3681/4077 3685/4081 3686/4082
f 3682/4078 3686/4082 3687/4083 3683/4079
f 3687/4083 3688/4084 3689/4085 3683/4079
f 3687/4086 3686/4087 3690/4088 3691/4089
f 3687/4086 3691/4089 3692/4090 3688/4091
f 3692/4090 3693/4092 3694/4093 3688/4091
f 3692/4090 3691/4089 3695/4094 3696/4095
f 3692/4090 3696/4095 3697/4096 3693/4092
f 3697/4096 3698/4097 3699/4098 3693/4092
f 3697/4096 3696/4095 3700/4099 3701/4100
f 3697/4096 3701/4100 3702/4101 3698/4097
f 3702/4101 3703/4102 3704/4103 3698/4097
f 3702/4101 3701/4100 3705/4104 3706/4105
f 3702/4101 3706/4105 3707/4106 3703/4102
f 3707/4106 3708/4107 3709/4108 3703/4102
f 3707/4106 3706/4105 3710/4109 3711/4110
f 3707/4106 3711/4110 3712/4111 3708/4107
f 3712/4111 3713/4112 3714/4113 3708/4107
f 3712/4111 3711/4110 3715/4114 3716/4115
f 3712/4111 3716/4115 3717/4116 3713/4112
f 3717/4116 3718/4117 3719/4118 3713/4112
f 3717/4116 3716/4115 3720/4119 3721/4120
f 3717/4116 3721/4120 3722/4121 3718/4117
f 3722/4121 3723/4122 3724/4123 3718/4117
f 3722/4121 3721/4120 3725/4124 3726/4125
f 3722/4121 3726/4125 3727/4126 3723/4122
f 3727/4126 3728/4127 3729/4128 3723/4122
f 3727/4126 3726/4125 3730/4129 3731/4130
f 3727/4126 3731/4130 3732/4131 3728/4127
f 3732/4131 3733/4132 3734/4133 3728/4127
f 3732/4131 3731/4130 3735/4134 3736/4135
f 3732/4131 3736/4135 3737/4136 3733/4132
f 3737/4136 3738/4137 3739/4138 3733/4132
f 3737/4136 3736/4135 3740/4139 3741/4140
f 3737/4136 3741/4140 3742/4141 3738/4137
f 3742/4141 3743/4142 3744/4143 3738/4137
f 3742/4141 3741/4140 3745/4144 3746/4145
f 3742/4141 3746/4145 3747/4146 3743/4142
f 3747/4146 3748/4147 3749/4148 3743/4142
f 3747/4146 3746/4145 3750/4149 3751/4150
f 3747/4146 3751/4150 3752/4151 3748/4147
f 3752/4151 3753/4152 3754/4153 3748/4147
f 3752/4151 3751/4150 3755/4154 3756/4155
f 3752/4151 3756/4155 3757/4156 3753/4152
f 3757/4156 3758/4157 3759/4158 3753/4152
f 3757/4156 3756/4155 3760/4159 3761/4160
f 3757/4156 3761/4160 3762/4161 3758/4157
f 3762/4161 3763/4162 3764/4163 3758/4157
f 3762/4161 3761/4160 3765/4164 3766/4165
f 3762/4161 3766/4165 3767/4166 3763/4162
f 3767/4166 3768/4167 3769/4168 3763/4162
f 3767/4166 3766/4165 3770/4169 3771/4170
f 3767/4166 3771/4170 3772/4171 3768/4167
f 3772/4171 3773/4172 3774/4173 3768/4167
f 3772/4171 3771/4170 3775/4174 3776/4175
f 3772/4171 3776/4175 3777/4176 3773/4172
f 3777/4176 3778/4177 3779/4178 3773/4172
f 3777/4176 3776/4175 3780/4179 3781/4180
f 3777/4176 3781/4180 3782/4181 3778/4177
f 3782/4181 3783/4182 3784/4183 3778/4177
f 3782/4181 3781/4180 3785/4184 3786/4185
f 3782/4181 3786/4185 3787/4186 3783/4182
f 3787/4186 3788/4187 3789/4188 3783/4182
f 3787/4186 3786/4185 3790/4189 3791/4190
f 3787/4186 3791/4190 3792/4191 3788/4187
f 3792/4191 3793/4192 3794/4193 3788/4187
f 3792/4191 3791/4190 3795/4194 3796/4195
f 3792/4191 3796/4195 3797/4196 3793/4192
f 3797/4196 3798/4197 3799/4198 3793/4192
f 3797/4196 3796/4195 3800/4199 3801/4200
f 3797/4196 3801/4200 3802/4201 3798/4197
f 3802/4201 3803/4202 3804/4203 3798/4197
f 3802/4201 3801/4200 3805/4204 3806/4205
f 3802/4201 3806/4205 3807/4206 3803/4202
f 3807/4206 48/4207 3808/4208 3803/4202
f 3807/4206 3806/4205 3809/4209 3810/4210
f 3807/4206 3810/4210 49/52 48/4207
f 3810/4210 3809/4209 3811/4211 3812/4212
f 3810/4210 3812/4212 52/55 49/52
f 3812/4212 3811/4211 3052/4213 3813/4214
f 3812/4212 3813/4214 3814/4215 52/55
f 3814/4215 3815/4216 50/53 52/55
f 3814/4217 3813/4218 3049/4219 3816/4220
f 3814/4217 3816/4220 3817/4221 3815/4222
f 3817/4221 3818/4223 3819/4224 3815/4222
f 3817/4221 3816/4220 3046/4225 3820/4226
f 3817/4221 3820/4226 3821/4227 3818/4223
f 3821/4228 98/4229 3822/4230 3818/4231
f 3821/4227 3820/4226 3043/4232 3823/4233
f 3821/4227 3823/4233 99/4234 98/4235
f 3823/4233 3043/4232 3041/3331 3040/3330
f 3823/4233 3040/3330 102/4236 99/4234
f 3822/4237 3824/4238 3825/4239 3826/4240
f 3822/4230 3826/4240 3819/4241 3818/4231
f 3822/4230 98/4229 97/101 3824/4238
f 3826/4240 3825/4239 3827/4242 3828/4243
f 3826/4240 3828/4243 51/4244 3819/4241
f 3828/4243 3827/4242 3829/4245 3830/4246
f 3828/4243 3830/4246 47/50 51/4244
f 3830/4246 3829/4245 3831/4247 3808/4248
f 3830/4246 3808/4248 48/4207 47/50
f 3831/4247 3829/4245 3832/4249 3833/4250
f 3831/4247 3833/4250 3834/4251 3804/4252
f 3831/4247 3804/4252 3803/4202 3808/4248
f 3834/4251 3833/4250 3835/4253 3836/4254
f 3834/4251 3836/4254 3837/4255 3799/4256
f 3834/4251 3799/4256 3798/4197 3804/4252
f 3837/4255 3836/4254 3838/4257 3839/4258
f 3837/4255 3839/4258 3840/4259 3794/4260
f 3837/4255 3794/4260 3793/4192 3799/4256
f 3840/4259 3839/4258 60/63 59/62
f 3840/4259 59/62 62/65 3789/4261
f 3840/4259 3789/4261 3788/4187 3794/4260
f 3839/4258 3838/4257 3841/4262 60/63
f 3841/4262 3842/4263 57/60 60/63
f 3841/4262 3838/4257 3843/4264 3844/4265
f 3841/4262 3844/4265 3845/4266 3842/4263
f 3845/4266 3846/4267 3847/4268 3842/4263
f 3845/4266 3844/4265 3848/4269 3849/4270
f 3845/4266 3849/4270 3850/4271 3846/4267
f 3850/4271 3851/4272 3852/4273 3846/4267
f 3850/4271 3849/4270 3853/4274 3854/4275
f 3850/4271 3854/4275 3855/4276 3851/4272
f 3855/4276 3856/4277 3857/4278 3851/4272
f 3855/4276 3854/4275 3858/4279 3859/4280
f 3855/4276 3859/4280 3860/4281 3856/4277
f 3860/4281 3861/4282 3862/4283 3856/4277
f 3860/4281 3859/4280 3863/4284 3864/4285
f 3860/4281 3864/4285 3865/4286 3861/4282
f 3865/4286 3866/4287 3867/4288 3861/4282
f 3865/4286 3864/4285 3868/4289 3869/4290
f 3865/4286 3869/4290 3870/4291 3866/4287
f 3870/4291 3871/4292 3872/4293 3866/4287
f 3870/4291 3869/4290 3873/4294 3874/4295
f 3870/4291 3874/4295 3875/4296 3871/4292
f 3875/4296 3876/4297 3877/4298 3871/4292
f 3875/4296 3874/4295 3878/4299 3879/4300
f 3875/4296 3879/4300 3880/4301 3876/4297
f 3880/4301 2976/3257 2974/3255 3876/4297
f 3880/4302 3879/4303 3881/4304 3882/4305
f 3880/4302 3882/4305 3883/4306 2976/4307
f 3883/4306 2980/3263 2977/3262 2976/4307
f 3883/4306 3882/4305 3884/4308 3885/4309
f 3883/4306 3885/4309 3886/4310 2980/3263
f 3886/4310 2983/3267 2981/3264 2980/3263
f 3886/4310 3885/4309 3887/4311 3888/4312
f 3886/4310 3888/4312 2985/3269 2983/3267
f 3888/4312 3887/4311 3889/4313 3890/4314
f 3888/4312 3890/4314 2987/3271 2985/3269
f 3890/4314 3889/4313 3891/4315 3892/4316
f 3890/4314 3892/4316 2989/3273 2987/3271
f 3892/4316 3891/4315 3893/4317 3894/4318
f 3892/4316 3894/4318 3895/4319 2989/3273
f 3895/4319 2992/3276 2990/3274 2989/3273
f 3895/4319 3894/4318 3896/4320 3897/4321
f 3895/4319 3897/4321 2994/3279 2992/3276
f 3897/4321 3896/4320 3002/3288 3000/3286
f 3897/4321 3000/3286 2996/3281 2994/3279
f 3896/4320 3894/4318 3893/4317 3007/4322
f 3896/4320 3007/4322 3004/3290 3002/3288
f 3893/4317 3891/4315 3898/4323 3010/4324
f 3893/4317 3010/4324 3008/3295 3007/4322
f 3898/4323 3891/4315 3889/4313 3899/4325
f 3898/4323 3899/4325 3015/3304 3013/3302
f 3898/4323 3013/3302 3011/3299 3010/4324
f 3899/4325 3889/4313 3887/4311 3900/4326
f 3899/4325 3900/4326 3017/3306 3015/3304
f 3900/4326 3887/4311 3885/4309 3884/4308
f 3900/4326 3884/4308 3019/3308 3017/3306
f 3884/4308 3882/4305 3881/4304 3019/3308
f 3881/4304 3879/4303 3878/4327 3022/4328
f 3881/4304 3022/4328 3020/3309 3019/3308
f 3878/4299 3874/4295 3873/4294 3025/4329
f 3878/4327 3025/3315 3023/3312 3022/4328
f 3877/4330 2972/3253 2971/3252 3901/4331
f 3877/4330 3901/4331 3872/4293 3871/4292
f 3877/4298 3876/4297 2974/3255 2972/3253
f 3901/4331 2971/3252 2970/3251 3902/4332
f 3901/4331 3902/4332 3903/4333 3872/4293
f 3903/4333 3902/4332 3904/4334 3905/4335
f 3903/4333 3905/4335 3906/4336 3867/4337
f 3903/4333 3867/4337 3866/4287 3872/4293
f 3906/4336 3905/4335 3907/4338 3908/4339
f 3906/4336 3908/4339 3909/4340 3862/4341
f 3906/4336 3862/4341 3861/4282 3867/4337
f 3909/4340 3908/4339 3910/4342 3911/4343
f 3909/4340 3911/4343 3912/4344 3857/4345
f 3909/4340 3857/4345 3856/4277 3862/4341
f 3912/4344 3911/4343 3913/4346 3914/4347
f 3912/4344 3914/4347 3915/4348 3852/4349
f 3912/4344 3852/4349 3851/4272 3857/4345
f 3915/4348 3914/4347 3916/4350 3917/4351
f 3915/4348 3917/4351 58/4352 3847/4353
f 3915/4348 3847/4353 3846/4267 3852/4349
f 3917/4351 3916/4350 3918/4354 3919/4355
f 3917/4351 3919/4355 54/57 58/4352
f 3919/4355 3918/4354 3920/4356 3921/4357
f 3919/4355 3921/4357 55/58 54/57
f 3921/4357 3920/4356 3922/4358 3923/4359
f 3921/4357 3923/4359 3924/4360 55/58
f 3924/4360 3923/4359 3925/4361 3926/4362
f 3924/4360 3926/4362 3927/4363 3928/4364
f 3924/4360 3928/4364 56/59 55/58
f 3928/4364 3927/4363 3929/4365 3930/4366
f 3928/4364 3930/4366 63/66 56/59
f 3930/4366 3929/4365 3931/4367 3932/4368
f 3930/4366 3932/4368 3933/4369 63/66
f 3933/4369 3932/4368 3934/4370 3935/4371
f 3933/4369 3935/4371 3779/4372 3936/4373
f 3933/4369 3936/4373 61/64 63/66
f 3936/4373 3779/4372 3778/4177 3784/4183
f 3936/4373 3784/4183 62/65 61/64
f 3935/4371 3934/4370 3937/4374 3774/4375
f 3935/4371 3774/4375 3773/4172 3779/4372
f 3937/4374 3934/4370 3938/4376 3939/4377
f 3937/4374 3939/4377 3940/4378 3769/4379
f 3937/4374 3769/4379 3768/4167 3774/4375
f 3940/4378 3939/4377 3941/4380 3942/4381
f 3940/4378 3942/4381 3943/4382 3764/4383
f 3940/4378 3764/4383 3763/4162 3769/4379
f 3943/4382 3942/4381 3944/4384 3945/4385
f 3943/4382 3945/4385 3946/4386 3759/4387
f 3943/4382 3759/4387 3758/4157 3764/4383
f 3946/4386 3945/4385 3947/4388 3948/4389
f 3946/4386 3948/4389 3949/4390 3754/4391
f 3946/4386 3754/4391 3753/4152 3759/4387
f 3949/4390 3948/4389 3950/4392 3951/4393
f 3949/4390 3951/4393 3952/4394 3749/4395
f 3949/4390 3749/4395 3748/4147 3754/4391
f 3952/4394 3951/4393 3953/4396 3954/4397
f 3952/4394 3954/4397 3955/4398 3744/4399
f 3952/4394 3744/4399 3743/4142 3749/4395
f 3955/4398 3954/4397 3956/4400 3957/4401
f 3955/4398 3957/4401 3958/4402 3739/4403
f 3955/4398 3739/4403 3738/4137 3744/4399
f 3958/4402 3957/4401 3959/4404 3960/4405
f 3958/4402 3960/4405 3961/4406 3734/4407
f 3958/4402 3734/4407 3733/4132 3739/4403
f 3961/4406 3960/4405 3962/4408 3963/4409
f 3961/4406 3963/4409 3964/4410 3729/4411
f 3961/4406 3729/4411 3728/4127 3734/4407
f 3964/4410 3963/4409 3965/4412 3966/4413
f 3964/4410 3966/4413 3967/4414 3724/4415
f 3964/4410 3724/4415 3723/4122 3729/4411
f 3967/4414 3966/4413 3968/4416 3969/4417
f 3967/4414 3969/4417 3970/4418 3719/4419
f 3967/4414 3719/4419 3718/4117 3724/4415
f 3970/4418 3969/4417 3971/4420 3972/4421
f 3970/4418 3972/4421 3973/4422 3714/4423
f 3970/4418 3714/4423 3713/4112 3719/4419
f 3973/4422 3972/4421 3974/4424 3975/4425
f 3973/4422 3975/4425 3976/4426 3709/4427
f 3973/4422 3709/4427 3708/4107 3714/4423
f 3976/4426 3975/4425 3977/4428 3978/4429
f 3976/4426 3978/4429 3979/4430 3704/4431
f 3976/4426 3704/4431 3703/4102 3709/4427
f 3979/4430 3978/4429 3980/4432 3981/4433
f 3979/4430 3981/4433 3982/4434 3699/4435
f 3979/4430 3699/4435 3698/4097 3704/4431
f 3982/4436 3981/4437 3983/4438 3984/4439
f 3982/4436 3984/4439 3985/4440 3694/4441
f 3982/4434 3694/4093 3693/4092 3699/4435
f 3985/4440 3984/4439 3986/4442 3987/4443
f 3985/4440 3987/4443 3988/4444 3689/4445
f 3985/4440 3689/4445 3688/4084 3694/4441
f 3988/4444 3987/4443 3989/4446 3990/4447
f 3988/4444 3990/4447 3991/4448 3684/4449
f 3988/4444 3684/4449 3683/4079 3689/4445
f 3991/4448 3990/4447 3992/4450 3993/4451
f 3991/4448 3993/4451 3994/4452 3679/4453
f 3991/4448 3679/4453 3678/4074 3684/4449
f 3994/4452 3993/4451 3995/4454 3996/4455
f 3994/4452 3996/4455 3997/4456 3674/4457
f 3994/4452 3674/4457 3673/4069 3679/4453
f 3997/4456 3996/4455 3998/4458 3999/4459
f 3997/4456 3999/4459 4000/4460 3669/4461
f 3997/4456 3669/4461 3668/4064 3674/4457
f 4000/4460 3999/4459 4001/4462 4002/4463
f 4000/4460 4002/4463 4003/4464 3664/4465
f 4000/4460 3664/4465 3663/4059 3669/4461
f 4003/4464 4002/4463 4004/4466 4005/4467
f 4003/4464 4005/4467 4006/4468 3659/4469
f 4003/4464 3659/4469 3658/4054 3664/4465
f 4006/4468 4005/4467 4007/4470 4008/4471
f 4006/4468 4008/4471 4009/4472 3654/4473
f 4006/4468 3654/4473 3653/4049 3659/4469
f 4009/4472 4008/4471 4010/4474 4011/4475
f 4009/4472 4011/4475 4012/4476 3649/4477
f 4009/4472 3649/4477 3648/4044 3654/4473
f 4012/4476 4011/4475 4013/4478 4014/4479
f 4012/4476 4014/4479 4015/4480 3644/4481
f 4012/4476 3644/4481 3643/4039 3649/4477
f 4015/4480 4014/4479 4016/4482 4017/4483
f 4015/4480 4017/4483 4018/4484 3639/4485
f 4015/4480 3639/4485 3638/4034 3644/4481
f 4018/4484 4017/4483 4019/4486 4020/4487
f 4018/4484 4020/4487 4021/4488 3634/4489
f 4018/4484 3634/4489 3633/4029 3639/4485
f 4021/4488 4020/4487 4022/4490 4023/4491
f 4021/4488 4023/4491 4024/4492 3629/4493
f 4021/4488 3629/4493 3628/4024 3634/4489
f 4024/4492 4023/4491 4025/4494 4026/4495
f 4024/4492 4026/4495 4027/4496 3624/4497
f 4024/4492 3624/4497 3623/4019 3629/4493
f 4027/4496 4026/4495 4028/4498 4029/4499
f 4027/4496 4029/4499 4030/4500 3619/4501
f 4027/4496 3619/4501 3618/4014 3624/4497
f 4030/4500 4029/4499 4031/4502 4032/4503
f 4030/4500 4032/4503 4033/4504 3614/4505
f 4030/4500 3614/4505 3613/4009 3619/4501
f 4033/4504 4032/4503 4034/4506 4035/4507
f 4033/4504 4035/4507 4036/4508 3609/4509
f 4033/4504 3609/4509 3608/4004 3614/4505
f 4036/4508 4035/4507 4037/4510 4038/4511
f 4036/4508 4038/4511 4039/4512 3604/4513
f 4036/4508 3604/4513 3603/3999 3609/4509
f 4039/4512 4038/4511 4040/4514 4041/4515
f 4039/4512 4041/4515 4042/4516 3599/4517
f 4039/4512 3599/4517 3598/3994 3604/4513
f 4042/4516 4041/4515 4043/4518 4044/4519
f 4042/4516 4044/4519 4045/4520 3594/4521
f 4042/4516 3594/4521 3593/3989 3599/4517
f 4045/4520 4044/4519 4046/4522 4047/4523
f 4045/4520 4047/4523 4048/4524 3589/4525
f 4045/4520 3589/4525 3588/3984 3594/4521
f 4048/4524 4047/4523 4049/4526 4050/4527
f 4048/4524 4050/4527 4051/4528 3584/4529
f 4048/4524 3584/4529 3583/3979 3589/4525
f 4051/4528 4050/4527 4052/4530 4053/4531
f 4051/4528 4053/4531 4054/4532 3579/4533
f 4051/4528 3579/4533 3578/3974 3584/4529
f 4054/4532 4053/4531 4055/4534 4056/4535
f 4054/4532 4056/4535 4057/4536 3574/4537
f 4054/4532 3574/4537 3573/3969 3579/4533
f 4057/4536 4056/4535 4058/4538 4059/4539
f 4057/4536 4059/4539 4060/4540 3569/4541
f 4057/4536 3569/4541 3568/3964 3574/4537
f 4060/4540 4059/4539 4061/4542 4062/4543
f 4060/4540 4062/4543 4063/4544 3564/4545
f 4060/4540 3564/4545 3563/3959 3569/4541
f 4063/4544 4062/4543 4064/4546 4065/4547
f 4063/4544 4065/4547 4066/4548 3559/4549
f 4063/4544 3559/4549 3558/3954 3564/4545
f 4066/4548 4065/4547 4067/4550 4068/4551
f 4066/4548 4068/4551 4069/4552 3554/4553
f 4066/4548 3554/4553 3553/3949 3559/4549
f 4069/4552 4068/4551 4070/4554 4071/4555
f 4069/4552 4071/4555 4072/4556 3549/4557
f 4069/4552 3549/4557 3548/3944 3554/4553
f 4072/4556 4071/4555 4073/4558 4074/4559
f 4072/4556 4074/4559 4075/4560 3544/4561
f 4072/4556 3544/4561 3543/3939 3549/4557
f 4075/4560 4074/4559 4076/4562 4077/4563
f 4075/4560 4077/4563 4078/4564 3539/4565
f 4075/4560 3539/4565 3538/3934 3544/4561
f 4078/4566 4077/4567 4079/4568 4080/4569
f 4078/4566 4080/4569 4081/4570 3534/4571
f 4078/4564 3534/3930 3533/3929 3539/4565
f 4081/4570 4080/4569 4082/4572 4083/4573
f 4081/4570 4083/4573 4084/4574 3529/4575
f 4081/4570 3529/4575 3528/3921 3534/4571
f 4084/4574 4083/4573 4085/4576 4086/4577
f 4084/4574 4086/4577 4087/4578 3524/4579
f 4084/4574 3524/4579 3523/3916 3529/4575
f 4087/4578 4086/4577 4088/4580 4089/4581
f 4087/4578 4089/4581 4090/4582 3519/4583
f 4087/4578 3519/4583 3518/3911 3524/4579
f 4090/4582 4089/4581 4091/4584 4092/4585
f 4090/4582 4092/4585 4093/4586 3514/4587
f 4090/4582 3514/4587 3513/3906 3519/4583
f 4093/4586 4092/4585 4094/4588 4095/4589
f 4093/4586 4095/4589 4096/4590 3510/4591
f 4093/4586 3510/4591 3509/3901 3514/4587
f 4096/4590 4095/4589 4097/4592 4098/4593
f 4096/4590 4098/4593 4099/4594 3506/4595
f 4096/4590 3506/4595 3505/3896 3510/4591
f 4099/4594 4098/4593 4100/4596 4101/4597
f 4099/4594 4101/4597 4102/4598 3502/4599
f 4099/4594 3502/4599 3501/3892 3506/4595
f 4102/4598 4101/4597 4103/4600 4104/4601
f 4102/4598 4104/4601 4105/4602 3498/4603
f 4102/4598 3498/4603 3497/3888 3502/4599
f 4105/4602 4104/4601 4106/4604 4107/4605
f 4105/4602 4107/4605 4108/4606 4109/4607
f 4105/4602 4109/4607 3499/3890 3498/4603
f 4109/4607 4108/4606 4110/4608 4111/4609
f 4109/4607 4111/4609 3492/3882 3499/3890
f 4111/4609 4110/4608 4112/4610 4113/4611
f 4111/4609 4113/4611 3493/3883 3492/3882
f 4113/4611 4112/4610 4114/4612 4115/4613
f 4113/4611 4115/4613 3486/3875 3493/3883
f 4115/4613 4114/4612 4116/4614 4117/4615
f 4115/4613 4117/4615 3487/3876 3486/3875
f 4117/4615 4116/4614 4118/4616 4119/4617
f 4117/4615 4119/4617 3479/3867 3487/3876
f 4119/4617 4118/4616 4120/4618 3474/4619
f 4119/4617 3474/4619 3473/3861 3479/3867
f 4120/4618 4118/4616 4121/4620 4122/4621
f 4120/4618 4122/4621 4123/4622 3469/4623
f 4120/4618 3469/4623 3468/3856 3474/4619
f 4123/4622 4122/4621 4124/4624 4125/4625
f 4123/4622 4125/4625 4126/4626 3464/4627
f 4123/4622 3464/4627 3463/3851 3469/4623
f 4126/4626 4125/4625 4127/4628 4128/4629
f 4126/4626 4128/4629 4129/4630 3459/4631
f 4126/4626 3459/4631 3458/3846 3464/4627
f 4129/4630 4128/4629 4130/4632 4131/4633
f 4129/4630 4131/4633 4132/4634 3454/4635
f 4129/4630 3454/4635 3453/3841 3459/4631
f 4132/4634 4131/4633 4133/4636 4134/4637
f 4132/4634 4134/4637 4135/4638 3449/4639
f 4132/4634 3449/4639 3448/3836 3454/4635
f 4135/4638 4134/4637 4136/4640 4137/4641
f 4135/4638 4137/4641 4138/4642 3444/4643
f 4135/4638 3444/4643 3443/3831 3449/4639
f 4138/4642 4137/4641 4139/4644 4140/4645
f 4138/4642 4140/4645 4141/4646 3439/4647
f 4138/4642 3439/4647 3438/3826 3444/4643
f 4141/4646 4140/4645 4142/4648 4143/4649
f 4141/4646 4143/4649 4144/4650 3434/4651
f 4141/4646 3434/4651 3433/3821 3439/4647
f 4144/4650 4143/4649 4145/4652 4146/4653
f 4144/4650 4146/4653 4147/4654 3429/4655
f 4144/4650 3429/4655 3428/3816 3434/4651
f 4147/4654 4146/4653 4148/4656 4149/4657
f 4147/4654 4149/4657 4150/4658 3424/4659
f 4147/4654 3424/4659 3423/3811 3429/4655
f 4150/4658 4149/4657 4151/4660 4152/4661
f 4150/4658 4152/4661 4153/4662 3419/4663
f 4150/4658 3419/4663 3418/3806 3424/4659
f 4153/4662 4152/4661 4154/4664 4155/4665
f 4153/4662 4155/4665 4156/4666 3414/4667
f 4153/4662 3414/4667 3413/3801 3419/4663
f 4156/4666 4155/4665 4157/4668 4158/4669
f 4156/4666 4158/4669 4159/4670 3410/4671
f 4156/4666 3410/4671 3409/3797 3414/4667
f 4159/4670 4158/4669 4160/4672 4161/4673
f 4159/4670 4161/4673 4162/4674 3407/4675
f 4159/4670 3407/4675 3406/3794 3410/4671
f 4162/4674 4161/4673 4163/4676 4164/4677
f 4162/4674 4164/4677 4165/4678 3404/4679
f 4162/4674 3404/4679 3403/3791 3407/4675
f 4165/4678 4164/4677 4166/4680 4167/4681
f 4165/4678 4167/4681 4168/4682 3401/4683
f 4165/4678 3401/4683 3400/3788 3404/4679
f 4168/4682 4167/4681 2691/2963 2689/2961
f 4168/4682 2689/2961 2687/2959 3397/4684
f 4168/4682 3397/4684 3396/3784 3401/4683
f 4167/4681 4166/4680 2693/2965 2691/2963
f 4166/4680 4169/4685 2695/2967 2693/2965
f 4166/4680 4164/4677 4163/4676 4169/4685
f 4169/4685 4170/4686 2697/2969 2695/2967
f 4169/4685 4163/4676 4171/4687 4170/4686
f 4171/4687 4172/4688 4173/4689 4170/4686
f 4171/4687 4163/4676 4161/4673 4160/4672
f 4171/4687 4160/4672 4174/4690 4172/4688
f 4174/4690 4175/4691 4176/4692 4172/4688
f 4174/4690 4160/4672 4158/4669 4157/4668
f 4174/4690 4157/4668 4177/4693 4175/4691
f 4177/4693 4178/4694 4179/4695 4175/4691
f 4177/4693 4157/4668 4155/4665 4154/4664
f 4177/4693 4154/4664 4180/4696 4178/4694
f 4180/4696 4181/4697 4182/4698 4178/4694
f 4180/4696 4154/4664 4152/4661 4151/4660
f 4180/4696 4151/4660 4183/4699 4181/4697
f 4183/4699 4184/4700 4185/4701 4181/4697
f 4183/4699 4151/4660 4149/4657 4148/4656
f 4183/4699 4148/4656 4186/4702 4184/4700
f 4186/4702 4187/4703 4188/4704 4184/4700
f 4186/4702 4148/4656 4146/4653 4145/4652
f 4186/4702 4145/4652 4189/4705 4187/4703
f 4189/4705 4190/4706 4191/4707 4187/4703
f 4189/4705 4145/4652 4143/4649 4142/4648
f 4189/4705 4142/4648 4192/4708 4190/4706
f 4192/4708 4193/4709 4194/4710 4190/4706
f 4192/4708 4142/4648 4140/4645 4139/4644
f 4192/4708 4139/4644 4195/4711 4193/4709
f 4195/4711 4196/4712 4197/4713 4193/4709
f 4195/4711 4139/4644 4137/4641 4136/4640
f 4195/4711 4136/4640 4198/4714 4196/4712
f 4198/4714 4199/4715 4200/4716 4196/4712
f 4198/4714 4136/4640 4134/4637 4133/4636
f 4198/4714 4133/4636 4201/4717 4199/4715
f 4201/4717 4202/4718 4203/4719 4199/4715
f 4201/4717 4133/4636 4131/4633 4130/4632
f 4201/4717 4130/4632 4204/4720 4202/4718
f 4204/4720 4205/4721 4206/4722 4202/4718
f 4204/4720 4130/4632 4128/4629 4127/4628
f 4204/4720 4127/4628 4207/4723 4205/4721
f 4207/4723 4208/4724 4209/4725 4205/4721
f 4207/4723 4127/4628 4125/4625 4124/4624
f 4207/4723 4124/4624 4210/4726 4208/4724
f 4210/4726 4211/4727 4212/4728 4208/4724
f 4210/4726 4124/4624 4122/4621 4121/4620
f 4210/4726 4121/4620 4213/4729 4211/4727
f 4213/4729 4214/4730 4215/4731 4211/4727
f 4213/4729 4121/4620 4118/4616 4116/4614
f 4213/4729 4116/4614 4114/4612 4214/4730
f 4215/4732 4216/4733 4217/4734 4218/4735
f 4215/4731 4218/4735 4212/4728 4211/4727
f 4215/4731 4214/4730 4219/4736 4216/4733
f 4219/4736 4220/4737 135/4738 4216/4733
f 4219/4736 4214/4730 4114/4612 4112/4610
f 4219/4736 4112/4610 4110/4608 4220/4737
f 4220/4737 4221/4739 133/138 135/4738
f 4220/4737 4110/4608 4108/4606 4221/4739
f 4221/4739 4222/4740 11/12 133/138
f 4221/4739 4108/4606 4107/4605 4222/4740
f 4222/4740 4223/4741 12/13 11/12
f 4222/4740 4107/4605 4106/4604 4223/4741
f 4223/4741 4224/4742 19/20 12/13
f 4223/4741 4106/4604 4225/4743 4224/4742
f 4225/4743 4226/4744 4227/4745 4224/4742
f 4225/4743 4106/4604 4104/4601 4103/4600
f 4225/4743 4103/4600 4228/4746 4226/4744
f 4228/4746 4229/4747 4230/4748 4226/4744
f 4228/4746 4103/4600 4101/4597 4100/4596
f 4228/4746 4100/4596 4231/4749 4229/4747
f 4231/4749 4232/4750 4233/4751 4229/4747
f 4231/4749 4100/4596 4098/4593 4097/4592
f 4231/4749 4097/4592 4234/4752 4232/4750
f 4234/4752 4235/4753 4236/4754 4232/4750
f 4234/4752 4097/4592 4095/4589 4094/4588
f 4234/4752 4094/4588 4237/4755 4235/4753
f 4237/4755 4238/4756 4239/4757 4235/4753
f 4237/4755 4094/4588 4092/4585 4091/4584
f 4237/4755 4091/4584 4240/4758 4238/4756
f 4240/4758 4241/4759 4242/4760 4238/4756
f 4240/4758 4091/4584 4089/4581 4088/4580
f 4240/4758 4088/4580 4243/4761 4241/4759
f 4243/4761 4244/4762 4245/4763 4241/4759
f 4243/4761 4088/4580 4086/4577 4085/4576
f 4243/4761 4085/4576 4246/4764 4244/4762
f 4246/4764 4247/4765 4248/4766 4244/4762
f 4246/4764 4085/4576 4083/4573 4082/4572
f 4246/4764 4082/4572 4249/4767 4247/4765
f 4249/4767 4250/4768 4251/4769 4247/4765
f 4249/4767 4082/4572 4080/4569 4079/4568
f 4249/4767 4079/4568 4252/4770 4250/4768
f 4252/4770 4253/4771 4254/4772 4250/4768
f 4252/4770 4079/4568 4077/4567 4076/4773
f 4252/4770 4076/4773 4255/4774 4253/4771
f 4255/4774 4256/4775 4257/4776 4253/4771
f 4255/4777 4076/4562 4074/4559 4073/4558
f 4255/4777 4073/4558 4258/4778 4256/4779
f 4258/4778 4259/4780 4260/4781 4256/4779
f 4258/4778 4073/4558 4071/4555 4070/4554
f 4258/4778 4070/4554 4261/4782 4259/4780
f 4261/4782 4262/4783 4263/4784 4259/4780
f 4261/4782 4070/4554 4068/4551 4067/4550
f 4261/4782 4067/4550 4264/4785 4262/4783
f 4264/4785 4265/4786 4266/4787 4262/4783
f 4264/4785 4067/4550 4065/4547 4064/4546
f 4264/4785 4064/4546 4267/4788 4265/4786
f 4267/4788 4268/4789 4269/4790 4265/4786
f 4267/4788 4064/4546 4062/4543 4061/4542
f 4267/4788 4061/4542 4270/4791 4268/4789
f 4270/4791 4271/4792 4272/4793 4268/4789
f 4270/4791 4061/4542 4059/4539 4058/4538
f 4270/4791 4058/4538 4273/4794 4271/4792
f 4273/4794 4274/4795 4275/4796 4271/4792
f 4273/4794 4058/4538 4056/4535 4055/4534
f 4273/4794 4055/4534 4276/4797 4274/4795
f 4276/4797 4277/4798 4278/4799 4274/4795
f 4276/4797 4055/4534 4053/4531 4052/4530
f 4276/4797 4052/4530 4279/4800 4277/4798
f 4279/4800 4280/4801 4281/4802 4277/4798
f 4279/4800 4052/4530 4050/4527 4049/4526
f 4279/4800 4049/4526 4282/4803 4280/4801
f 4282/4803 4283/4804 4284/4805 4280/4801
f 4282/4803 4049/4526 4047/4523 4046/4522
f 4282/4803 4046/4522 4285/4806 4283/4804
f 4285/4806 4286/4807 4287/4808 4283/4804
f 4285/4806 4046/4522 4044/4519 4043/4518
f 4285/4806 4043/4518 4288/4809 4286/4807
f 4288/4809 4289/4810 4290/4811 4286/4807
f 4288/4809 4043/4518 4041/4515 4040/4514
f 4288/4809 4040/4514 4291/4812 4289/4810
f 4291/4812 4292/4813 4293/4814 4289/4810
f 4291/4812 4040/4514 4038/4511 4037/4510
f 4291/4812 4037/4510 4294/4815 4292/4813
f 4294/4815 4295/4816 4296/4817 4292/4813
f 4294/4815 4037/4510 4035/4507 4034/4506
f 4294/4815 4034/4506 4297/4818 4295/4816
f 4297/4818 4298/4819 4299/4820 4295/4816
f 4297/4818 4034/4506 4032/4503 4031/4502
f 4297/4818 4031/4502 4300/4821 4298/4819
f 4300/4821 4301/4822 4302/4823 4298/4819
f 4300/4821 4031/4502 4029/4499 4028/4498
f 4300/4821 4028/4498 4303/4824 4301/4822
f 4303/4824 4304/4825 4305/4826 4301/4822
f 4303/4824 4028/4498 4026/4495 4025/4494
f 4303/4824 4025/4494 4306/4827 4304/4825
f 4306/4827 4307/4828 4308/4829 4304/4825
f 4306/4827 4025/4494 4023/4491 4022/4490
f 4306/4827 4022/4490 4309/4830 4307/4828
f 4309/4830 4310/4831 4311/4832 4307/4828
f 4309/4830 4022/4490 4020/4487 4019/4486
f 4309/4830 4019/4486 4312/4833 4310/4831
f 4312/4833 4313/4834 4314/4835 4310/4831
f 4312/4833 4019/4486 4017/4483 4016/4482
f 4312/4833 4016/4482 4315/4836 4313/4834
f 4315/4836 4316/4837 4317/4838 4313/4834
f 4315/4836 4016/4482 4014/4479 4013/4478
f 4315/4836 4013/4478 4318/4839 4316/4837
f 4318/4839 4319/4840 4320/4841 4316/4837
f 4318/4839 4013/4478 4011/4475 4010/4474
f 4318/4839 4010/4474 4321/4842 4319/4840
f 4321/4842 4322/4843 4323/4844 4319/4840
f 4321/4842 4010/4474 4008/4471 4007/4470
f 4321/4842 4007/4470 4324/4845 4322/4843
f 4324/4845 4325/4846 4326/4847 4322/4843
f 4324/4845 4007/4470 4005/4467 4004/4466
f 4324/4845 4004/4466 4327/4848 4325/4846
f 4327/4848 4328/4849 4329/4850 4325/4846
f 4327/4848 4004/4466 4002/4463 4001/4462
f 4327/4848 4001/4462 4330/4851 4328/4849
f 4330/4851 4331/4852 4332/4853 4328/4849
f 4330/4851 4001/4462 3999/4459 3998/4458
f 4330/4851 3998/4458 4333/4854 4331/4852
f 4333/4854 4334/4855 4335/4856 4331/4852
f 4333/4854 3998/4458 3996/4455 3995/4454
f 4333/4854 3995/4454 4336/4857 4334/4855
f 4336/4857 4337/4858 4338/4859 4334/4855
f 4336/4857 3995/4454 3993/4451 3992/4450
f 4336/4857 3992/4450 4339/4860 4337/4858
f 4339/4860 4340/4861 4341/4862 4337/4858
f 4339/4860 3992/4450 3990/4447 3989/4446
f 4339/4860 3989/4446 4342/4863 4340/4861
f 4342/4863 4343/4864 4344/4865 4340/4861
f 4342/4863 3989/4446 3987/4443 3986/4442
f 4342/4863 3986/4442 4345/4866 4343/4864
f 4345/4866 4346/4867 4347/4868 4343/4864
f 4345/4866 3986/4442 3984/4439 3983/4438
f 4345/4866 3983/4438 4348/4869 4346/4867
f 4348/4869 4349/4870 4350/4871 4346/4867
f 4348/4869 3983/4438 3981/4437 3980/4872
f 4348/4869 3980/4872 4351/4873 4349/4870
f 4351/4873 4352/4874 4353/4875 4349/4870
f 4351/4876 3980/4432 3978/4429 3977/4428
f 4351/4876 3977/4428 4354/4877 4352/4878
f 4354/4877 4355/4879 4356/4880 4352/4878
f 4354/4877 3977/4428 3975/4425 3974/4424
f 4354/4877 3974/4424 4357/4881 4355/4879
f 4357/4881 4358/4882 4359/4883 4355/4879
f 4357/4881 3974/4424 3972/4421 3971/4420
f 4357/4881 3971/4420 4360/4884 4358/4882
f 4360/4884 4361/4885 4362/4886 4358/4882
f 4360/4884 3971/4420 3969/4417 3968/4416
f 4360/4884 3968/4416 4363/4887 4361/4885
f 4363/4887 4364/4888 4365/4889 4361/4885
f 4363/4887 3968/4416 3966/4413 3965/4412
f 4363/4887 3965/4412 4366/4890 4364/4888
f 4366/4890 4367/4891 4368/4892 4364/4888
f 4366/4890 3965/4412 3963/4409 3962/4408
f 4366/4890 3962/4408 4369/4893 4367/4891
f 4369/4893 4370/4894 4371/4895 4367/4891
f 4369/4893 3962/4408 3960/4405 3959/4404
f 4369/4893 3959/4404 4372/4896 4370/4894
f 4372/4896 4373/4897 4374/4898 4370/4894
f 4372/4896 3959/4404 3957/4401 3956/4400
f 4372/4896 3956/4400 4375/4899 4373/4897
f 4375/4899 4376/4900 4377/4901 4373/4897
f 4375/4899 3956/4400 3954/4397 3953/4396
f 4375/4899 3953/4396 4378/4902 4376/4900
f 4378/4902 4379/4903 4380/4904 4376/4900
f 4378/4902 3953/4396 3951/4393 3950/4392
f 4378/4902 3950/4392 4381/4905 4379/4903
f 4381/4905 4382/4906 4383/4907 4379/4903
f 4381/4905 3950/4392 3948/4389 3947/4388
f 4381/4905 3947/4388 4384/4908 4382/4906
f 4384/4908 4385/4909 4386/4910 4382/4906
f 4384/4908 3947/4388 3945/4385 3944/4384
f 4384/4908 3944/4384 4387/4911 4385/4909
f 4387/4911 4388/4912 4389/4913 4385/4909
f 4387/4911 3944/4384 3942/4381 3941/4380
f 4387/4911 3941/4380 4390/4914 4388/4912
f 4390/4914 4391/4915 4392/4916 4388/4912
f 4390/4914 3941/4380 3939/4377 3938/4376
f 4390/4914 3938/4376 3931/4917 4391/4915
f 4392/4918 4393/4919 4394/4920 4395/4921
f 4392/4916 4395/4921 4389/4913 4388/4912
f 4392/4916 4391/4915 4396/4922 4393/4919
f 4396/4922 4397/4923 4398/4924 4393/4919
f 4396/4922 4391/4915 3931/4917 3929/4365
f 4396/4922 3929/4365 3927/4363 4397/4923
f 4398/4925 2934/3215 2932/3213 2931/3212
f 4398/4924 2931/3212 4394/4920 4393/4919
f 4398/4924 4397/4923 4399/4926 2934/3215
f 4399/4926 2937/3218 2935/3216 2934/3215
f 4399/4926 4397/4923 3927/4363 3926/4362
f 4399/4926 3926/4362 3925/4361 2937/3218
f 4395/4921 4394/4920 2928/4927 4400/4928
f 4395/4921 4400/4928 4401/4929 4389/4913
f 4401/4929 4400/4928 2925/4930 4402/4931
f 4401/4929 4402/4931 4403/4932 4386/4933
f 4401/4929 4386/4933 4385/4909 4389/4913
f 4403/4932 4402/4931 2922/4934 4404/4935
f 4403/4932 4404/4935 4405/4936 4383/4937
f 4403/4932 4383/4937 4382/4906 4386/4933
f 4405/4936 4404/4935 2919/4938 4406/4939
f 4405/4936 4406/4939 4407/4940 4380/4941
f 4405/4936 4380/4941 4379/4903 4383/4937
f 4407/4940 4406/4939 4408/4942 4409/4943
f 4407/4940 4409/4943 4410/4944 4377/4945
f 4407/4940 4377/4945 4376/4900 4380/4941
f 4410/4944 4409/4943 4411/4946 4412/4947
f 4410/4944 4412/4947 4413/4948 4374/4949
f 4410/4944 4374/4949 4373/4897 4377/4945
f 4413/4948 4412/4947 4414/4950 4415/4951
f 4413/4948 4415/4951 4416/4952 4371/4953
f 4413/4948 4371/4953 4370/4894 4374/4949
f 4416/4952 4415/4951 4417/4954 4418/4955
f 4416/4952 4418/4955 4419/4956 4368/4957
f 4416/4952 4368/4957 4367/4891 4371/4953
f 4419/4956 4418/4955 4420/4958 4421/4959
f 4419/4956 4421/4959 4422/4960 4365/4961
f 4419/4956 4365/4961 4364/4888 4368/4957
f 4422/4960 4421/4959 4423/4962 4424/4963
f 4422/4960 4424/4963 4425/4964 4362/4965
f 4422/4960 4362/4965 4361/4885 4365/4961
f 4425/4964 4424/4963 4426/4966 4427/4967
f 4425/4964 4427/4967 4428/4968 4359/4969
f 4425/4964 4359/4969 4358/4882 4362/4965
f 4428/4970 4427/4971 4429/4972 4430/4973
f 4428/4970 4430/4973 4431/4974 4356/4975
f 4428/4968 4356/4880 4355/4879 4359/4969
f 4431/4974 4430/4973 4432/4976 4433/4977
f 4431/4974 4433/4977 4434/4978 4353/4979
f 4431/4974 4353/4979 4352/4874 4356/4975
f 4434/4978 4433/4977 4435/4980 4436/4981
f 4434/4978 4436/4981 4437/4982 4350/4983
f 4434/4978 4350/4983 4349/4870 4353/4979
f 4437/4982 4436/4981 4438/4984 4439/4985
f 4437/4982 4439/4985 4440/4986 4347/4987
f 4437/4982 4347/4987 4346/4867 4350/4983
f 4440/4986 4439/4985 4441/4988 4442/4989
f 4440/4986 4442/4989 4443/4990 4344/4991
f 4440/4986 4344/4991 4343/4864 4347/4987
f 4443/4990 4442/4989 4444/4992 4445/4993
f 4443/4990 4445/4993 4446/4994 4341/4995
f 4443/4990 4341/4995 4340/4861 4344/4991
f 4446/4994 4445/4993 4447/4996 4448/4997
f 4446/4994 4448/4997 4449/4998 4338/4999
f 4446/4994 4338/4999 4337/4858 4341/4995
f 4449/4998 4448/4997 4450/5000 4451/5001
f 4449/4998 4451/5001 4452/5002 4335/5003
f 4449/4998 4335/5003 4334/4855 4338/4999
f 4452/5002 4451/5001 4453/5004 4454/5005
f 4452/5002 4454/5005 4455/5006 4332/5007
f 4452/5002 4332/5007 4331/4852 4335/5003
f 4455/5006 4454/5005 4456/5008 4457/5009
f 4455/5006 4457/5009 4458/5010 4329/5011
f 4455/5006 4329/5011 4328/4849 4332/5007
f 4458/5010 4457/5009 4459/5012 4460/5013
f 4458/5010 4460/5013 4461/5014 4326/5015
f 4458/5010 4326/5015 4325/4846 4329/5011
f 4461/5014 4460/5013 4462/5016 4463/5017
f 4461/5014 4463/5017 4464/5018 4323/5019
f 4461/5014 4323/5019 4322/4843 4326/5015
f 4464/5018 4463/5017 4465/5020 4466/5021
f 4464/5018 4466/5021 4467/5022 4320/5023
f 4464/5018 4320/5023 4319/4840 4323/5019
f 4467/5022 4466/5021 4468/5024 4469/5025
f 4467/5022 4469/5025 4470/5026 4317/5027
f 4467/5022 4317/5027 4316/4837 4320/5023
f 4470/5026 4469/5025 4471/5028 4472/5029
f 4470/5026 4472/5029 4473/5030 4314/5031
f 4470/5026 4314/5031 4313/4834 4317/5027
f 4473/5030 4472/5029 4474/5032 4475/5033
f 4473/5030 4475/5033 4476/5034 4311/5035
f 4473/5030 4311/5035 4310/4831 4314/5031
f 4476/5034 4475/5033 4477/5036 4478/5037
f 4476/5034 4478/5037 4479/5038 4308/5039
f 4476/5034 4308/5039 4307/4828 4311/5035
f 4479/5038 4478/5037 4480/5040 4481/5041
f 4479/5038 4481/5041 4482/5042 4305/5043
f 4479/5038 4305/5043 4304/4825 4308/5039
f 4482/5042 4481/5041 4483/5044 4484/5045
f 4482/5042 4484/5045 4485/5046 4302/5047
f 4482/5042 4302/5047 4301/4822 4305/5043
f 4485/5046 4484/5045 4486/5048 4487/5049
f 4485/5046 4487/5049 4488/5050 4299/5051
f 4485/5046 4299/5051 4298/4819 4302/5047
f 4488/5050 4487/5049 4489/5052 4490/5053
f 4488/5050 4490/5053 4491/5054 4296/5055
f 4488/5050 4296/5055 4295/4816 4299/5051
f 4491/5054 4490/5053 4492/5056 4493/5057
f 4491/5054 4493/5057 4494/5058 4293/5059
f 4491/5054 4293/5059 4292/4813 4296/5055
f 4494/5058 4493/5057 4495/5060 4496/5061
f 4494/5058 4496/5061 4497/5062 4290/5063
f 4494/5058 4290/5063 4289/4810 4293/5059
f 4497/5062 4496/5061 4498/5064 4499/5065
f 4497/5062 4499/5065 4500/5066 4287/5067
f 4497/5062 4287/5067 4286/4807 4290/5063
f 4500/5066 4499/5065 4501/5068 4502/5069
f 4500/5066 4502/5069 4503/5070 4284/5071
f 4500/5066 4284/5071 4283/4804 4287/5067
f 4503/5070 4502/5069 4504/5072 4505/5073
f 4503/5070 4505/5073 4506/5074 4281/5075
f 4503/5070 4281/5075 4280/4801 4284/5071
f 4506/5074 4505/5073 4507/5076 4508/5077
f 4506/5074 4508/5077 4509/5078 4278/5079
f 4506/5074 4278/5079 4277/4798 4281/5075
f 4509/5078 4508/5077 4510/5080 4511/5081
f 4509/5078 4511/5081 4512/5082 4275/5083
f 4509/5078 4275/5083 4274/4795 4278/5079
f 4512/5082 4511/5081 4513/5084 4514/5085
f 4512/5082 4514/5085 4515/5086 4272/5087
f 4512/5082 4272/5087 4271/4792 4275/5083
f 4515/5086 4514/5085 4516/5088 4517/5089
f 4515/5086 4517/5089 4518/5090 4269/5091
f 4515/5086 4269/5091 4268/4789 4272/5087
f 4518/5090 4517/5089 4519/5092 4520/5093
f 4518/5090 4520/5093 4521/5094 4266/5095
f 4518/5090 4266/5095 4265/4786 4269/5091
f 4521/5094 4520/5093 4522/5096 4523/5097
f 4521/5094 4523/5097 4524/5098 4263/5099
f 4521/5094 4263/5099 4262/4783 4266/5095
f 4524/5100 4523/5101 4525/5102 4526/5103
f 4524/5100 4526/5103 4527/5104 4260/5105
f 4524/5098 4260/4781 4259/4780 4263/5099
f 4527/5104 4526/5103 4528/5106 4529/5107
f 4527/5104 4529/5107 4530/5108 4257/5109
f 4527/5104 4257/5109 4256/4775 4260/5105
f 4530/5108 4529/5107 4531/5110 4532/5111
f 4530/5108 4532/5111 4533/5112 4254/5113
f 4530/5108 4254/5113 4253/4771 4257/5109
f 4533/5112 4532/5111 4534/5114 4535/5115
f 4533/5112 4535/5115 4536/5116 4251/5117
f 4533/5112 4251/5117 4250/4768 4254/5113
f 4536/5116 4535/5115 4537/5118 4538/5119
f 4536/5116 4538/5119 4539/5120 4248/5121
f 4536/5116 4248/5121 4247/4765 4251/5117
f 4539/5120 4538/5119 4540/5122 4541/5123
f 4539/5120 4541/5123 4542/5124 4245/5125
f 4539/5120 4245/5125 4244/4762 4248/5121
f 4542/5124 4541/5123 4543/5126 4544/5127
f 4542/5124 4544/5127 4545/5128 4242/5129
f 4542/5124 4242/5129 4241/4759 4245/5125
f 4545/5128 4544/5127 4546/5130 4547/5131
f 4545/5128 4547/5131 4548/5132 4239/5133
f 4545/5128 4239/5133 4238/4756 4242/5129
f 4548/5132 4547/5131 4549/5134 4550/5135
f 4548/5132 4550/5135 4551/5136 4236/5137
f 4548/5132 4236/5137 4235/4753 4239/5133
f 4551/5136 4550/5135 4552/5138 4553/5139
f 4551/5136 4553/5139 4554/5140 4233/5141
f 4551/5136 4233/5141 4232/4750 4236/5137
f 4554/5140 4553/5139 4555/5142 4556/5143
f 4554/5140 4556/5143 4557/5144 4230/5145
f 4554/5140 4230/5145 4229/4747 4233/5141
f 4557/5144 4556/5143 4558/5146 4559/5147
f 4557/5144 4559/5147 4560/5148 4227/5149
f 4557/5144 4227/5149 4226/4744 4230/5145
f 4560/5148 4559/5147 4561/5150 4562/5151
f 4560/5148 4562/5151 17/18 19/20
f 4560/5148 19/20 4224/4742 4227/5149
f 4562/5151 4561/5150 4563/5152 4564/5153
f 4562/5151 4564/5153 18/19 17/18
f 4564/5153 4563/5152 4565/5154 4566/5155
f 4564/5153 4566/5155 4567/5156 18/19
f 4567/5156 4566/5155 4568/5157 4569/5158
f 4567/5156 4569/5158 4570/5159 4571/5160
f 4567/5156 4571/5160 15/16 18/19
f 4571/5160 4570/5159 4572/5161 4573/5162
f 4571/5160 4573/5162 16/17 15/16
f 4573/5162 4572/5161 4574/5163 4575/5164
f 4573/5162 4575/5164 4576/5165 16/17
f 4576/5165 4575/5164 4577/5166 4578/5167
f 4576/5165 4578/5167 4579/5168 4580/5169
f 4576/5165 4580/5169 13/14 16/17
f 4580/5169 4579/5168 4581/5170 4582/5171
f 4580/5169 4582/5171 14/15 13/14
f 4582/5171 4581/5170 4218/4735 4217/4734
f 4582/5171 4217/4734 134/139 14/15
f 4581/5170 4579/5168 4583/5172 4584/5173
f 4581/5170 4584/5173 4212/4728 4218/4735
f 4584/5173 4583/5172 4585/5174 4209/5175
f 4584/5173 4209/5175 4208/4724 4212/4728
f 4585/5174 4583/5172 4586/5176 4587/5177
f 4585/5174 4587/5177 4588/5178 4206/5179
f 4585/5174 4206/5179 4205/4721 4209/5175
f 4588/5178 4587/5177 4589/5180 4590/5181
f 4588/5178 4590/5181 4591/5182 4203/5183
f 4588/5178 4203/5183 4202/4718 4206/5179
f 4591/5182 4590/5181 4592/5184 4593/5185
f 4591/5182 4593/5185 4594/5186 4200/5187
f 4591/5182 4200/5187 4199/4715 4203/5183
f 4594/5186 4593/5185 4595/5188 4596/5189
f 4594/5186 4596/5189 4597/5190 4197/5191
f 4594/5186 4197/5191 4196/4712 4200/5187
f 4597/5190 4596/5189 4598/5192 4599/5193
f 4597/5190 4599/5193 4600/5194 4194/5195
f 4597/5190 4194/5195 4193/4709 4197/5191
f 4600/5194 4599/5193 4601/5196 4602/5197
f 4600/5194 4602/5197 4603/5198 4191/5199
f 4600/5194 4191/5199 4190/4706 4194/5195
f 4603/5198 4602/5197 4604/5200 4605/5201
f 4603/5198 4605/5201 4606/5202 4188/5203
f 4603/5198 4188/5203 4187/4703 4191/5199
f 4606/5202 4605/5201 4607/5204 4608/5205
f 4606/5202 4608/5205 4609/5206 4185/5207
f 4606/5202 4185/5207 4184/4700 4188/5203
f 4609/5206 4608/5205 4610/5208 4611/5209
f 4609/5206 4611/5209 4612/5210 4182/5211
f 4609/5206 4182/5211 4181/4697 4185/5207
f 4612/5210 4611/5209 4613/5212 4614/5213
f 4612/5210 4614/5213 4615/5214 4179/5215
f 4612/5210 4179/5215 4178/4694 4182/5211
f 4615/5214 4614/5213 4616/5216 4617/5217
f 4615/5214 4617/5217 4618/5218 4176/5219
f 4615/5214 4176/5219 4175/4691 4179/5215
f 4618/5218 4617/5217 2703/2975 2701/2973
f 4618/5218 2701/2973 2699/2971 4173/5220
f 4618/5218 4173/5220 4172/4688 4176/5219
f 4617/5217 4616/5216 2705/2977 2703/2975
f 4616/5216 4619/5221 2707/2979 2705/2977
f 4616/5216 4614/5213 4613/5212 4619/5221
f 4619/5221 4620/5222 2709/2981 2707/2979
f 4619/5221 4613/5212 4621/5223 4620/5222
f 4621/5223 4622/5224 4623/5225 4620/5222
f 4621/5223 4613/5212 4611/5209 4610/5208
f 4621/5223 4610/5208 4624/5226 4622/5224
f 4624/5226 4625/5227 4626/5228 4622/5224
f 4624/5226 4610/5208 4608/5205 4607/5204
f 4624/5226 4607/5204 4627/5229 4625/5227
f 4627/5229 4628/5230 4629/5231 4625/5227
f 4627/5229 4607/5204 4605/5201 4604/5200
f 4627/5229 4604/5200 4630/5232 4628/5230
f 4630/5232 4631/5233 4632/5234 4628/5230
f 4630/5232 4604/5200 4602/5197 4601/5196
f 4630/5232 4601/5196 4633/5235 4631/5233
f 4633/5235 4634/5236 4635/5237 4631/5233
f 4633/5235 4601/5196 4599/5193 4598/5192
f 4633/5235 4598/5192 4636/5238 4634/5236
f 4636/5238 4637/5239 4638/5240 4634/5236
f 4636/5238 4598/5192 4596/5189 4595/5188
f 4636/5238 4595/5188 4639/5241 4637/5239
f 4639/5241 4640/5242 4641/5243 4637/5239
f 4639/5241 4595/5188 4593/5185 4592/5184
f 4639/5241 4592/5184 4642/5244 4640/5242
f 4642/5244 4643/5245 4644/5246 4640/5242
f 4642/5244 4592/5184 4590/5181 4589/5180
f 4642/5244 4589/5180 4645/5247 4643/5245
f 4645/5247 4577/5248 4646/5249 4643/5245
f 4645/5247 4589/5180 4587/5177 4586/5176
f 4645/5247 4586/5176 4578/5167 4577/5248
f 4646/5250 4574/5251 4647/5252 4648/5253
f 4646/5249 4648/5253 4644/5246 4643/5245
f 4646/5249 4577/5248 4575/5164 4574/5251
f 4648/5253 4647/5252 4649/5254 4650/5255
f 4648/5253 4650/5255 4651/5256 4644/5246
f 4651/5256 4650/5255 4652/5257 4653/5258
f 4651/5256 4653/5258 4654/5259 4641/5260
f 4651/5256 4641/5260 4640/5242 4644/5246
f 4654/5259 4653/5258 4655/5261 4656/5262
f 4654/5259 4656/5262 4657/5263 4638/5264
f 4654/5259 4638/5264 4637/5239 4641/5260
f 4657/5263 4656/5262 4658/5265 4659/5266
f 4657/5263 4659/5266 4660/5267 4635/5268
f 4657/5263 4635/5268 4634/5236 4638/5264
f 4660/5267 4659/5266 4661/5269 4662/5270
f 4660/5267 4662/5270 4663/5271 4632/5272
f 4660/5267 4632/5272 4631/5233 4635/5268
f 4663/5271 4662/5270 4664/5273 4665/5274
f 4663/5271 4665/5274 4666/5275 4629/5276
f 4663/5271 4629/5276 4628/5230 4632/5272
f 4666/5275 4665/5274 4667/5277 4668/5278
f 4666/5275 4668/5278 4669/5279 4626/5280
f 4666/5275 4626/5280 4625/5227 4629/5276
f 4669/5279 4668/5278 2715/2987 2713/2985
f 4669/5279 2713/2985 2711/2983 4623/5281
f 4669/5279 4623/5281 4622/5224 4626/5280
f 4668/5278 4667/5277 2717/2989 2715/2987
f 4667/5277 4670/5282 2719/2991 2717/2989
f 4667/5277 4665/5274 4664/5273 4670/5282
f 4670/5282 122/127 126/131 2719/2991
f 4670/5282 4664/5273 123/128 122/127
f 4664/5273 4662/5270 4661/5269 123/128
f 4661/5269 4671/5283 124/129 123/128
f 4661/5269 4659/5266 4658/5265 4671/5283
f 4671/5283 4672/5284 131/136 124/129
f 4671/5283 4658/5265 4673/5285 4672/5284
f 4673/5285 4674/5286 4675/5287 4672/5284
f 4673/5285 4658/5265 4656/5262 4655/5261
f 4673/5285 4655/5261 4676/5288 4674/5286
f 4676/5288 4677/5289 4678/5290 4674/5286
f 4676/5288 4655/5261 4653/5258 4652/5257
f 4676/5288 4652/5257 4679/5291 4677/5289
f 4679/5291 4680/5292 4681/5293 4677/5289
f 4679/5291 4652/5257 4650/5255 4649/5254
f 4679/5291 4649/5254 4682/5294 4680/5292
f 4682/5294 4683/5295 4684/5296 4680/5292
f 4682/5294 4649/5254 4647/5252 4685/5297
f 4682/5294 4685/5297 4686/5298 4683/5295
f 4686/5298 4687/5299 4688/5300 4683/5295
f 4686/5298 4685/5297 4572/5161 4570/5159
f 4686/5298 4570/5159 4569/5158 4687/5299
f 4688/5301 2752/3026 2750/3024 2749/3023
f 4688/5300 2749/3023 4684/5296 4683/5295
f 4688/5300 4687/5299 4689/5302 2752/3026
f 4689/5302 2755/3029 2753/3027 2752/3026
f 4689/5302 4687/5299 4569/5158 4568/5157
f 4689/5302 4568/5157 4690/5303 2755/3029
f 4690/5303 2758/3032 2756/3030 2755/3029
f 4690/5303 4568/5157 4566/5155 4565/5154
f 4690/5303 4565/5154 4691/5304 2758/3032
f 4691/5304 2761/3035 2759/3033 2758/3032
f 4691/5304 4565/5154 4563/5152 4692/5305
f 4691/5304 4692/5305 4693/5306 2761/3035
f 4693/5306 2764/3038 2762/3036 2761/3035
f 4693/5306 4692/5305 4694/5307 4695/5308
f 4693/5306 4695/5308 4696/5309 2764/3038
f 4696/5309 2767/3041 2765/3039 2764/3038
f 4696/5309 4695/5308 4697/5310 4698/5311
f 4696/5309 4698/5311 4699/5312 2767/3041
f 4699/5312 2770/3044 2768/3042 2767/3041
f 4699/5312 4698/5311 4700/5313 4701/5314
f 4699/5312 4701/5314 4702/5315 2770/3044
f 4702/5315 2773/3047 2771/3045 2770/3044
f 4702/5315 4701/5314 4703/5316 4704/5317
f 4702/5315 4704/5317 4705/5318 2773/3047
f 4705/5318 2776/3050 2774/3048 2773/3047
f 4705/5318 4704/5317 4706/5319 4707/5320
f 4705/5318 4707/5320 4708/5321 2776/3050
f 4708/5321 2779/3053 2777/3051 2776/3050
f 4708/5321 4707/5320 4709/5322 4710/5323
f 4708/5321 4710/5323 4711/5324 2779/3053
f 4711/5324 2782/3056 2780/3054 2779/3053
f 4711/5324 4710/5323 4712/5325 4713/5326
f 4711/5324 4713/5326 4714/5327 2782/3056
f 4714/5327 2785/3059 2783/3057 2782/3056
f 4714/5327 4713/5326 4715/5328 4716/5329
f 4714/5327 4716/5329 4717/5330 2785/3059
f 4717/5330 2788/3062 2786/3060 2785/3059
f 4717/5330 4716/5329 4718/5331 4719/5332
f 4717/5330 4719/5332 4720/5333 2788/3062
f 4720/5333 2791/3065 2789/3063 2788/3062
f 4720/5333 4719/5332 4721/5334 4722/5335
f 4720/5333 4722/5335 4723/5336 2791/3065
f 4723/5336 2794/3068 2792/3066 2791/3065
f 4723/5336 4722/5335 4724/5337 4725/5338
f 4723/5336 4725/5338 4726/5339 2794/3068
f 4726/5339 2797/3071 2795/3069 2794/3068
f 4726/5339 4725/5338 4727/5340 4728/5341
f 4726/5339 4728/5341 4729/5342 2797/3071
f 4729/5342 2800/3074 2798/3072 2797/3071
f 4729/5342 4728/5341 4730/5343 4731/5344
f 4729/5342 4731/5344 4732/5345 2800/3074
f 4732/5345 2803/3077 2801/3075 2800/3074
f 4732/5345 4731/5344 4733/5346 4734/5347
f 4732/5345 4734/5347 4735/5348 2803/3077
f 4735/5348 2806/3080 2804/3078 2803/3077
f 4735/5349 4734/5350 4736/5351 4737/5352
f 4735/5349 4737/5352 4738/5353 2806/5354
f 4738/5353 2809/3085 2807/3084 2806/5354
f 4738/5353 4737/5352 4739/5355 4740/5356
f 4738/5353 4740/5356 4741/5357 2809/3085
f 4741/5357 2812/3089 2810/3086 2809/3085
f 4741/5357 4740/5356 4742/5358 4743/5359
f 4741/5357 4743/5359 4744/5360 2812/3089
f 4744/5360 2815/3092 2813/3090 2812/3089
f 4744/5360 4743/5359 4745/5361 4746/5362
f 4744/5360 4746/5362 4747/5363 2815/3092
f 4747/5363 2818/3095 2816/3093 2815/3092
f 4747/5363 4746/5362 4748/5364 4749/5365
f 4747/5363 4749/5365 4750/5366 2818/3095
f 4750/5366 2821/3098 2819/3096 2818/3095
f 4750/5366 4749/5365 4751/5367 4752/5368
f 4750/5366 4752/5368 4753/5369 2821/3098
f 4753/5369 2824/3101 2822/3099 2821/3098
f 4753/5369 4752/5368 4754/5370 4755/5371
f 4753/5369 4755/5371 4756/5372 2824/3101
f 4756/5372 2827/3104 2825/3102 2824/3101
f 4756/5372 4755/5371 4757/5373 4758/5374
f 4756/5372 4758/5374 4759/5375 2827/3104
f 4759/5375 2830/3107 2828/3105 2827/3104
f 4759/5375 4758/5374 4760/5376 4761/5377
f 4759/5375 4761/5377 4762/5378 2830/3107
f 4762/5378 2833/3110 2831/3108 2830/3107
f 4762/5378 4761/5377 4763/5379 4764/5380
f 4762/5378 4764/5380 4765/5381 2833/3110
f 4765/5381 2836/3113 2834/3111 2833/3110
f 4765/5381 4764/5380 4766/5382 4767/5383
f 4765/5381 4767/5383 4768/5384 2836/3113
f 4768/5384 2839/3116 2837/3114 2836/3113
f 4768/5384 4767/5383 4769/5385 4770/5386
f 4768/5384 4770/5386 4771/5387 2839/3116
f 4771/5387 2842/3119 2840/3117 2839/3116
f 4771/5387 4770/5386 4772/5388 4773/5389
f 4771/5387 4773/5389 4774/5390 2842/3119
f 4774/5390 2845/3122 2843/3120 2842/3119
f 4774/5390 4773/5389 4775/5391 4776/5392
f 4774/5390 4776/5392 4777/5393 2845/3122
f 4777/5393 2848/3125 2846/3123 2845/3122
f 4777/5393 4776/5392 4778/5394 4779/5395
f 4777/5393 4779/5395 4780/5396 2848/3125
f 4780/5396 2851/3128 2849/3126 2848/3125
f 4780/5396 4779/5395 4781/5397 4782/5398
f 4780/5396 4782/5398 4783/5399 2851/3128
f 4783/5399 2854/3131 2852/3129 2851/3128
f 4783/5399 4782/5398 4784/5400 4785/5401
f 4783/5399 4785/5401 4786/5402 2854/3131
f 4786/5402 2857/3134 2855/3132 2854/3131
f 4786/5402 4785/5401 4787/5403 4788/5404
f 4786/5402 4788/5404 4789/5405 2857/3134
f 4789/5405 2860/3137 2858/3135 2857/3134
f 4789/5405 4788/5404 4790/5406 4791/5407
f 4789/5405 4791/5407 4792/5408 2860/3137
f 4792/5408 2863/3140 2861/3138 2860/3137
f 4792/5408 4791/5407 4793/5409 4794/5410
f 4792/5408 4794/5410 4795/5411 2863/3140
f 4795/5411 2866/3143 2864/3141 2863/3140
f 4795/5411 4794/5410 4796/5412 4797/5413
f 4795/5411 4797/5413 4798/5414 2866/3143
f 4798/5414 2869/3146 2867/3144 2866/3143
f 4798/5414 4797/5413 4799/5415 4800/5416
f 4798/5414 4800/5416 4801/5417 2869/3146
f 4801/5417 2872/3149 2870/3147 2869/3146
f 4801/5417 4800/5416 4802/5418 4803/5419
f 4801/5417 4803/5419 4804/5420 2872/3149
f 4804/5420 2875/3152 2873/3150 2872/3149
f 4804/5420 4803/5419 4805/5421 4806/5422
f 4804/5420 4806/5422 4807/5423 2875/3152
f 4807/5423 2878/3155 2876/3153 2875/3152
f 4807/5423 4806/5422 4808/5424 4809/5425
f 4807/5423 4809/5425 4810/5426 2878/3155
f 4810/5426 2881/3158 2879/3156 2878/3155
f 4810/5426 4809/5425 4811/5427 4812/5428
f 4810/5426 4812/5428 4813/5429 2881/3158
f 4813/5429 2884/3161 2882/3159 2881/3158
f 4813/5429 4812/5428 4814/5430 4815/5431
f 4813/5429 4815/5431 4816/5432 2884/3161
f 4816/5432 2887/3164 2885/3162 2884/3161
f 4816/5432 4815/5431 4817/5433 4818/5434
f 4816/5432 4818/5434 4819/5435 2887/3164
f 4819/5435 2890/3167 2888/3165 2887/3164
f 4819/5435 4818/5434 4820/5436 4821/5437
f 4819/5435 4821/5437 4822/5438 2890/3167
f 4822/5438 2893/3170 2891/3168 2890/3167
f 4822/5438 4821/5437 4823/5439 4824/5440
f 4822/5438 4824/5440 4825/5441 2893/3170
f 4825/5441 2896/3173 2894/3171 2893/3170
f 4825/5441 4824/5440 4826/5442 4827/5443
f 4825/5441 4827/5443 4828/5444 2896/3173
f 4828/5444 2899/3176 2897/3174 2896/3173
f 4828/5444 4827/5443 4829/5445 4830/5446
f 4828/5444 4830/5446 4831/5447 2899/3176
f 4831/5447 2902/3180 2900/3177 2899/3176
f 4831/5448 4830/5449 4832/5450 4833/5451
f 4831/5448 4833/5451 4834/5452 2902/5453
f 4834/5452 2905/3186 2903/3185 2902/5453
f 4834/5452 4833/5451 4835/5454 4836/5455
f 4834/5452 4836/5455 4837/5456 2905/3186
f 4837/5456 2908/3189 2906/3187 2905/3186
f 4837/5456 4836/5455 4838/5457 4839/5458
f 4837/5456 4839/5458 4840/5459 2908/3189
f 4840/5459 2911/3192 2909/3190 2908/3189
f 4840/5459 4839/5458 4841/5460 4842/5461
f 4840/5459 4842/5461 2913/3194 2911/3192
f 4842/5461 4841/5460 4411/5462 4843/5463
f 4842/5461 4843/5463 2915/3196 2913/3194
f 4843/5463 4411/5462 4409/4943 4408/4942
f 4843/5463 4408/4942 2917/3198 2915/3196
f 4841/5460 4839/5458 4838/5457 4414/5464
f 4841/5460 4414/5464 4412/4947 4411/5462
f 4838/5457 4836/5455 4835/5454 4417/5465
f 4838/5457 4417/5465 4415/4951 4414/5464
f 4835/5454 4833/5451 4832/5450 4420/5466
f 4835/5454 4420/5466 4418/4955 4417/5465
f 4832/5450 4830/5449 4829/5467 4423/5468
f 4832/5450 4423/5468 4421/4959 4420/5466
f 4829/5445 4827/5443 4826/5442 4426/5469
f 4829/5467 4426/4966 4424/4963 4423/5468
f 4826/5442 4824/5440 4823/5439 4429/5470
f 4826/5442 4429/5470 4427/4971 4426/5469
f 4823/5439 4821/5437 4820/5436 4432/5471
f 4823/5439 4432/5471 4430/4973 4429/5470
f 4820/5436 4818/5434 4817/5433 4435/5472
f 4820/5436 4435/5472 4433/4977 4432/5471
f 4817/5433 4815/5431 4814/5430 4438/5473
f 4817/5433 4438/5473 4436/4981 4435/5472
f 4814/5430 4812/5428 4811/5427 4441/5474
f 4814/5430 4441/5474 4439/4985 4438/5473
f 4811/5427 4809/5425 4808/5424 4444/5475
f 4811/5427 4444/5475 4442/4989 4441/5474
f 4808/5424 4806/5422 4805/5421 4447/5476
f 4808/5424 4447/5476 4445/4993 4444/5475
f 4805/5421 4803/5419 4802/5418 4450/5477
f 4805/5421 4450/5477 4448/4997 4447/5476
f 4802/5418 4800/5416 4799/5415 4453/5478
f 4802/5418 4453/5478 4451/5001 4450/5477
f 4799/5415 4797/5413 4796/5412 4456/5479
f 4799/5415 4456/5479 4454/5005 4453/5478
f 4796/5412 4794/5410 4793/5409 4459/5480
f 4796/5412 4459/5480 4457/5009 4456/5479
f 4793/5409 4791/5407 4790/5406 4462/5481
f 4793/5409 4462/5481 4460/5013 4459/5480
f 4790/5406 4788/5404 4787/5403 4465/5482
f 4790/5406 4465/5482 4463/5017 4462/5481
f 4787/5403 4785/5401 4784/5400 4468/5483
f 4787/5403 4468/5483 4466/5021 4465/5482
f 4784/5400 4782/5398 4781/5397 4471/5484
f 4784/5400 4471/5484 4469/5025 4468/5483
f 4781/5397 4779/5395 4778/5394 4474/5485
f 4781/5397 4474/5485 4472/5029 4471/5484
f 4778/5394 4776/5392 4775/5391 4477/5486
f 4778/5394 4477/5486 4475/5033 4474/5485
f 4775/5391 4773/5389 4772/5388 4480/5487
f 4775/5391 4480/5487 4478/5037 4477/5486
f 4772/5388 4770/5386 4769/5385 4483/5488
f 4772/5388 4483/5488 4481/5041 4480/5487
f 4769/5385 4767/5383 4766/5382 4486/5489
f 4769/5385 4486/5489 4484/5045 4483/5488
f 4766/5382 4764/5380 4763/5379 4489/5490
f 4766/5382 4489/5490 4487/5049 4486/5489
f 4763/5379 4761/5377 4760/5376 4492/5491
f 4763/5379 4492/5491 4490/5053 4489/5490
f 4760/5376 4758/5374 4757/5373 4495/5492
f 4760/5376 4495/5492 4493/5057 4492/5491
f 4757/5373 4755/5371 4754/5370 4498/5493
f 4757/5373 4498/5493 4496/5061 4495/5492
f 4754/5370 4752/5368 4751/5367 4501/5494
f 4754/5370 4501/5494 4499/5065 4498/5493
f 4751/5367 4749/5365 4748/5364 4504/5495
f 4751/5367 4504/5495 4502/5069 4501/5494
f 4748/5364 4746/5362 4745/5361 4507/5496
f 4748/5364 4507/5496 4505/5073 4504/5495
f 4745/5361 4743/5359 4742/5358 4510/5497
f 4745/5361 4510/5497 4508/5077 4507/5496
f 4742/5358 4740/5356 4739/5355 4513/5498
f 4742/5358 4513/5498 4511/5081 4510/5497
f 4739/5355 4737/5352 4736/5351 4516/5499
f 4739/5355 4516/5499 4514/5085 4513/5498
f 4736/5351 4734/5350 4733/5500 4519/5501
f 4736/5351 4519/5501 4517/5089 4516/5499
f 4733/5346 4731/5344 4730/5343 4522/5502
f 4733/5500 4522/5096 4520/5093 4519/5501
f 4730/5343 4728/5341 4727/5340 4525/5503
f 4730/5343 4525/5503 4523/5101 4522/5502
f 4727/5340 4725/5338 4724/5337 4528/5504
f 4727/5340 4528/5504 4526/5103 4525/5503
f 4724/5337 4722/5335 4721/5334 4531/5505
f 4724/5337 4531/5505 4529/5107 4528/5504
f 4721/5334 4719/5332 4718/5331 4534/5506
f 4721/5334 4534/5506 4532/5111 4531/5505
f 4718/5331 4716/5329 4715/5328 4537/5507
f 4718/5331 4537/5507 4535/5115 4534/5506
f 4715/5328 4713/5326 4712/5325 4540/5508
f 4715/5328 4540/5508 4538/5119 4537/5507
f 4712/5325 4710/5323 4709/5322 4543/5509
f 4712/5325 4543/5509 4541/5123 4540/5508
f 4709/5322 4707/5320 4706/5319 4546/5510
f 4709/5322 4546/5510 4544/5127 4543/5509
f 4706/5319 4704/5317 4703/5316 4549/5511
f 4706/5319 4549/5511 4547/5131 4546/5510
f 4703/5316 4701/5314 4700/5313 4552/5512
f 4703/5316 4552/5512 4550/5135 4549/5511
f 4700/5313 4698/5311 4697/5310 4555/5513
f 4700/5313 4555/5513 4553/5139 4552/5512
f 4697/5310 4695/5308 4694/5307 4558/5514
f 4697/5310 4558/5514 4556/5143 4555/5513
f 4694/5307 4692/5305 4563/5152 4561/5150
f 4694/5307 4561/5150 4559/5147 4558/5514
f 4685/5297 4647/5252 4574/5251 4572/5161
f 4684/5296 2749/3023 2747/3021 2746/3020
f 4684/5296 2746/3020 4681/5293 4680/5292
f 4681/5293 2746/3020 2744/3018 2743/3017
f 4681/5293 2743/3017 4678/5290 4677/5289
f 4678/5290 2743/3017 2741/3015 2740/3014
f 4678/5290 2740/3014 4675/5287 4674/5286
f 4675/5287 2740/3014 2738/3012 2737/3011
f 4675/5287 2737/3011 131/136 4672/5284
f 4623/5225 2711/2983 2709/2981 4620/5222
f 4586/5176 4583/5172 4579/5168 4578/5167
f 4408/4942 4406/4939 2919/4938 2917/3198
f 4404/4935 2922/4934 2920/3201 2919/4938
f 4402/4931 2925/4930 2923/3204 2922/4934
f 4400/4928 2928/4927 2926/3207 2925/4930
f 4394/4920 2931/3212 2929/3210 2928/4927
f 4217/4734 4216/4733 135/4738 134/139
f 4173/4689 2699/2971 2697/2969 4170/4686
f 3938/4376 3934/4370 3932/4368 3931/4917
f 3925/4361 2940/3221 2938/3219 2937/3218
f 3925/4361 3923/4359 3922/4358 2940/3221
f 3922/4358 2943/3224 2941/3222 2940/3221
f 3922/4358 3920/4356 4844/5515 2943/3224
f 4844/5515 2946/3227 2944/3225 2943/3224
f 4844/5515 3920/4356 3918/4354 4845/5516
f 4844/5515 4845/5516 4846/5517 2946/3227
f 4846/5517 2949/3230 2947/3228 2946/3227
f 4846/5517 4845/5516 4847/5518 4848/5519
f 4846/5517 4848/5519 4849/5520 2949/3230
f 4849/5520 2952/3233 2950/3231 2949/3230
f 4849/5520 4848/5519 4850/5521 4851/5522
f 4849/5520 4851/5522 4852/5523 2952/3233
f 4852/5523 2955/3236 2953/3234 2952/3233
f 4852/5523 4851/5522 4853/5524 4854/5525
f 4852/5523 4854/5525 4855/5526 2955/3236
f 4855/5526 2958/3239 2956/3237 2955/3236
f 4855/5526 4854/5525 4856/5527 4857/5528
f 4855/5526 4857/5528 4858/5529 2958/3239
f 4858/5529 2961/3242 2959/3240 2958/3239
f 4858/5529 4857/5528 4859/5530 2967/5531
f 4858/5529 2967/5531 2963/3244 2961/3242
f 4859/5530 4857/5528 4856/5527 3904/5532
f 4859/5530 3904/5532 3902/4332 2970/3251
f 4859/5530 2970/3251 2968/3249 2967/5531
f 4856/5527 4854/5525 4853/5524 3907/5533
f 4856/5527 3907/5533 3905/4335 3904/5532
f 4853/5524 4851/5522 4850/5521 3910/5534
f 4853/5524 3910/5534 3908/4339 3907/5533
f 4850/5521 4848/5519 4847/5518 3913/5535
f 4850/5521 3913/5535 3911/4343 3910/5534
f 4847/5518 4845/5516 3918/4354 3916/4350
f 4847/5518 3916/4350 3914/4347 3913/5535
f 3873/4294 3869/4290 3868/4289 4860/5536
f 3873/4294 4860/5536 3026/5537 3025/4329
f 4860/5536 3868/4289 4861/5538 4862/5539
f 4860/5536 4862/5539 3027/5540 3026/5537
f 4862/5539 4861/5538 4863/5541 4864/5542
f 4862/5539 4864/5542 3029/5543 3027/5540
f 4864/5542 4863/5541 4865/5544 4866/5545
f 4864/5542 4866/5545 3031/5546 3029/5543
f 4866/5545 4865/5544 4867/5547 4868/5548
f 4866/5545 4868/5548 3033/5549 3031/5546
f 4868/5548 4867/5547 4869/5550 4870/5551
f 4868/5548 4870/5551 3035/5552 3033/5549
f 4870/5551 4869/5550 4871/5553 4872/5554
f 4870/5551 4872/5554 4873/5555 3035/5552
f 4873/5555 4872/5554 100/104 102/106
f 4873/5556 102/4236 3040/3330 3038/3328
f 4873/5556 3038/3328 3036/3326 3035/3325
f 4872/5554 4871/5553 101/105 100/104
f 4871/5553 4869/5550 4874/5557 4875/5558
f 4871/5553 4875/5558 4876/5559 101/105
f 4876/5559 4875/5558 4877/5560 4878/5561
f 4876/5559 4878/5561 3825/4239 3824/4238
f 4876/5559 3824/4238 97/101 101/105
f 4878/5561 4877/5560 4879/5562 4880/5563
f 4878/5561 4880/5563 3827/4242 3825/4239
f 4880/5563 4879/5562 4881/5564 3832/5565
f 4880/5563 3832/5565 3829/4245 3827/4242
f 4881/5566 4882/5567 3843/5568 3835/5569
f 4881/5566 3835/5569 3833/4250 3832/5565
f 4881/5566 4879/5562 4883/5570 4882/5567
f 4883/5570 4884/5571 3848/5572 4882/5567
f 4883/5570 4879/5562 4877/5560 4885/5573
f 4883/5570 4885/5573 4886/5574 4884/5571
f 4886/5574 4887/5575 3853/5576 4884/5571
f 4886/5574 4885/5573 4874/5577 4888/5578
f 4886/5574 4888/5578 4889/5579 4887/5575
f 4889/5579 4890/5580 3858/5581 4887/5575
f 4889/5579 4888/5578 4867/5547 4865/5544
f 4889/5579 4865/5544 4863/5541 4890/5580
f 4890/5580 3863/4284 3859/4280 3858/5581
f 4890/5580 4863/5541 4861/5538 3863/4284
f 4888/5578 4874/5577 4869/5550 4867/5547
f 4887/5575 3858/5581 3854/4275 3853/5576
f 4885/5573 4877/5560 4875/5558 4874/5577
f 4884/5571 3853/5576 3849/4270 3848/5572
f 4882/5567 3848/5572 3844/4265 3843/5568
f 4861/5538 3868/4289 3864/4285 3863/4284
f 3847/4268 58/4352 57/60 3842/4263
f 3843/5568 3838/4257 3836/4254 3835/5569
f 3820/4226 3046/4225 3044/3334 3043/4232
f 3819/4241 51/4244 50/53 3815/4216
f 3816/4220 3049/4219 3047/3338 3046/4225
f 3813/4218 3052/3345 3050/3342 3049/4219
f 3811/4211 3809/4209 4891/5582 3055/5583
f 3811/4211 3055/5583 3053/3350 3052/4213
f 4891/5582 3809/4209 3806/4205 3805/4204
f 4891/5582 3805/4204 4892/5584 3058/5585
f 4891/5582 3058/5585 3056/3352 3055/5583
f 4892/5584 3805/4204 3801/4200 3800/4199
f 4892/5584 3800/4199 4893/5586 3061/5587
f 4892/5584 3061/5587 3059/3356 3058/5585
f 4893/5586 3800/4199 3796/4195 3795/4194
f 4893/5586 3795/4194 4894/5588 3064/5589
f 4893/5586 3064/5589 3062/3360 3061/5587
f 4894/5588 3795/4194 3791/4190 3790/4189
f 4894/5588 3790/4189 4895/5590 3067/5591
f 4894/5588 3067/5591 3065/3364 3064/5589
f 4895/5590 3790/4189 3786/4185 3785/4184
f 4895/5590 3785/4184 4896/5592 3070/5593
f 4895/5590 3070/5593 3068/3368 3067/5591
f 4896/5592 3785/4184 3781/4180 3780/4179
f 4896/5592 3780/4179 4897/5594 3073/5595
f 4896/5592 3073/5595 3071/3372 3070/5593
f 4897/5594 3780/4179 3776/4175 3775/4174
f 4897/5594 3775/4174 4898/5596 3076/5597
f 4897/5594 3076/5597 3074/3376 3073/5595
f 4898/5596 3775/4174 3771/4170 3770/4169
f 4898/5596 3770/4169 4899/5598 3079/5599
f 4898/5596 3079/5599 3077/3380 3076/5597
f 4899/5598 3770/4169 3766/4165 3765/4164
f 4899/5598 3765/4164 4900/5600 3082/5601
f 4899/5598 3082/5601 3080/3384 3079/5599
f 4900/5600 3765/4164 3761/4160 3760/4159
f 4900/5600 3760/4159 4901/5602 3085/5603
f 4900/5600 3085/5603 3083/3388 3082/5601
f 4901/5602 3760/4159 3756/4155 3755/4154
f 4901/5602 3755/4154 4902/5604 3088/5605
f 4901/5602 3088/5605 3086/3392 3085/5603
f 4902/5604 3755/4154 3751/4150 3750/4149
f 4902/5604 3750/4149 4903/5606 3091/5607
f 4902/5604 3091/5607 3089/3396 3088/5605
f 4903/5606 3750/4149 3746/4145 3745/4144
f 4903/5606 3745/4144 4904/5608 3094/5609
f 4903/5606 3094/5609 3092/3400 3091/5607
f 4904/5608 3745/4144 3741/4140 3740/4139
f 4904/5608 3740/4139 4905/5610 3097/5611
f 4904/5608 3097/5611 3095/3404 3094/5609
f 4905/5610 3740/4139 3736/4135 3735/4134
f 4905/5610 3735/4134 4906/5612 3100/5613
f 4905/5610 3100/5613 3098/3408 3097/5611
f 4906/5612 3735/4134 3731/4130 3730/4129
f 4906/5612 3730/4129 4907/5614 3103/5615
f 4906/5612 3103/5615 3101/3412 3100/5613
f 4907/5614 3730/4129 3726/4125 3725/4124
f 4907/5614 3725/4124 4908/5616 3106/5617
f 4907/5614 3106/5617 3104/3416 3103/5615
f 4908/5616 3725/4124 3721/4120 3720/4119
f 4908/5616 3720/4119 4909/5618 3109/5619
f 4908/5616 3109/5619 3107/3420 3106/5617
f 4909/5618 3720/4119 3716/4115 3715/4114
f 4909/5618 3715/4114 4910/5620 3112/5621
f 4909/5618 3112/5621 3110/3424 3109/5619
f 4910/5620 3715/4114 3711/4110 3710/4109
f 4910/5620 3710/4109 4911/5622 3115/5623
f 4910/5620 3115/5623 3113/3428 3112/5621
f 4911/5622 3710/4109 3706/4105 3705/4104
f 4911/5622 3705/4104 4912/5624 3118/5625
f 4911/5622 3118/5625 3116/3432 3115/5623
f 4912/5624 3705/4104 3701/4100 3700/4099
f 4912/5624 3700/4099 4913/5626 3121/5627
f 4912/5624 3121/5627 3119/3436 3118/5625
f 4913/5626 3700/4099 3696/4095 3695/4094
f 4913/5626 3695/4094 4914/5628 3124/5629
f 4913/5626 3124/5629 3122/3440 3121/5627
f 4914/5628 3695/4094 3691/4089 3690/4088
f 4914/5628 3690/4088 4915/5630 3127/5631
f 4914/5628 3127/5631 3125/3444 3124/5629
f 4915/5630 3690/4088 3686/4087 3685/5632
f 4915/5630 3685/5632 4916/5633 3130/5634
f 4915/5630 3130/5634 3128/3448 3127/5631
f 4916/5635 3685/4081 3681/4077 3680/4076
f 4916/5635 3680/4076 4917/5636 3133/5637
f 4916/5633 3133/3455 3131/3452 3130/5634
f 4917/5636 3680/4076 3676/4072 3675/4071
f 4917/5636 3675/4071 4918/5638 3136/5639
f 4917/5636 3136/5639 3134/3460 3133/5637
f 4918/5638 3675/4071 3671/4067 3670/4066
f 4918/5638 3670/4066 4919/5640 3139/5641
f 4918/5638 3139/5641 3137/3462 3136/5639
f 4919/5640 3670/4066 3666/4062 3665/4061
f 4919/5640 3665/4061 4920/5642 3142/5643
f 4919/5640 3142/5643 3140/3466 3139/5641
f 4920/5642 3665/4061 3661/4057 3660/4056
f 4920/5642 3660/4056 4921/5644 3145/5645
f 4920/5642 3145/5645 3143/3470 3142/5643
f 4921/5644 3660/4056 3656/4052 3655/4051
f 4921/5644 3655/4051 4922/5646 3148/5647
f 4921/5644 3148/5647 3146/3474 3145/5645
f 4922/5646 3655/4051 3651/4047 3650/4046
f 4922/5646 3650/4046 4923/5648 3151/5649
f 4922/5646 3151/5649 3149/3478 3148/5647
f 4923/5648 3650/4046 3646/4042 3645/4041
f 4923/5648 3645/4041 4924/5650 3154/5651
f 4923/5648 3154/5651 3152/3482 3151/5649
f 4924/5650 3645/4041 3641/4037 3640/4036
f 4924/5650 3640/4036 4925/5652 3157/5653
f 4924/5650 3157/5653 3155/3486 3154/5651
f 4925/5652 3640/4036 3636/4032 3635/4031
f 4925/5652 3635/4031 4926/5654 3160/5655
f 4925/5652 3160/5655 3158/3490 3157/5653
f 4926/5654 3635/4031 3631/4027 3630/4026
f 4926/5654 3630/4026 4927/5656 3163/5657
f 4926/5654 3163/5657 3161/3494 3160/5655
f 4927/5656 3630/4026 3626/4022 3625/4021
f 4927/5656 3625/4021 4928/5658 3166/5659
f 4927/5656 3166/5659 3164/3498 3163/5657
f 4928/5658 3625/4021 3621/4017 3620/4016
f 4928/5658 3620/4016 4929/5660 3169/5661
f 4928/5658 3169/5661 3167/3502 3166/5659
f 4929/5660 3620/4016 3616/4012 3615/4011
f 4929/5660 3615/4011 4930/5662 3172/5663
f 4929/5660 3172/5663 3170/3506 3169/5661
f 4930/5662 3615/4011 3611/4007 3610/4006
f 4930/5662 3610/4006 4931/5664 3175/5665
f 4930/5662 3175/5665 3173/3510 3172/5663
f 4931/5664 3610/4006 3606/4002 3605/4001
f 4931/5664 3605/4001 4932/5666 3178/5667
f 4931/5664 3178/5667 3176/3514 3175/5665
f 4932/5666 3605/4001 3601/3997 3600/3996
f 4932/5666 3600/3996 4933/5668 3181/5669
f 4932/5666 3181/5669 3179/3518 3178/5667
f 4933/5668 3600/3996 3596/3992 3595/3991
f 4933/5668 3595/3991 4934/5670 3184/5671
f 4933/5668 3184/5671 3182/3522 3181/5669
f 4934/5670 3595/3991 3591/3987 3590/3986
f 4934/5670 3590/3986 4935/5672 3187/5673
f 4934/5670 3187/5673 3185/3526 3184/5671
f 4935/5672 3590/3986 3586/3982 3585/3981
f 4935/5672 3585/3981 4936/5674 3190/5675
f 4935/5672 3190/5675 3188/3530 3187/5673
f 4936/5674 3585/3981 3581/3977 3580/3976
f 4936/5674 3580/3976 4937/5676 3193/5677
f 4936/5674 3193/5677 3191/3534 3190/5675
f 4937/5676 3580/3976 3576/3972 3575/3971
f 4937/5676 3575/3971 4938/5678 3196/5679
f 4937/5676 3196/5679 3194/3538 3193/5677
f 4938/5678 3575/3971 3571/3967 3570/3966
f 4938/5678 3570/3966 4939/5680 3199/5681
f 4938/5678 3199/5681 3197/3542 3196/5679
f 4939/5680 3570/3966 3566/3962 3565/3961
f 4939/5680 3565/3961 4940/5682 3202/5683
f 4939/5680 3202/5683 3200/3546 3199/5681
f 4940/5682 3565/3961 3561/3957 3560/3956
f 4940/5682 3560/3956 4941/5684 3205/5685
f 4940/5682 3205/5685 3203/3550 3202/5683
f 4941/5684 3560/3956 3556/3952 3555/3951
f 4941/5684 3555/3951 4942/5686 3208/5687
f 4941/5684 3208/5687 3206/3554 3205/5685
f 4942/5686 3555/3951 3551/3947 3550/3946
f 4942/5686 3550/3946 4943/5688 3211/5689
f 4942/5686 3211/5689 3209/3558 3208/5687
f 4943/5688 3550/3946 3546/3942 3545/3941
f 4943/5688 3545/3941 4944/5690 3214/5691
f 4943/5688 3214/5691 3212/3562 3211/5689
f 4944/5690 3545/3941 3541/3937 3540/3936
f 4944/5690 3540/3936 4945/5692 3217/5693
f 4944/5690 3217/5693 3215/3566 3214/5691
f 4945/5692 3540/3936 3536/3932 3535/3931
f 4945/5692 3535/3931 4946/5694 3220/5695
f 4945/5692 3220/5695 3218/3570 3217/5693
f 4946/5694 3535/3931 3531/3926 3530/3925
f 4946/5694 3530/3925 4947/5696 3223/5697
f 4946/5694 3223/5697 3221/3574 3220/5695
f 4947/5696 3530/3925 3526/3924 3525/5698
f 4947/5696 3525/5698 4948/5699 3226/5700
f 4947/5696 3226/5700 3224/3578 3223/5697
f 4948/5701 3525/3918 3521/3914 3520/3913
f 4948/5701 3520/3913 4949/5702 3229/5703
f 4948/5699 3229/3585 3227/3582 3226/5700
f 4949/5702 3520/3913 3516/3909 3515/3908
f 4949/5702 3515/3908 3234/3593 3232/3591
f 4949/5702 3232/3591 3230/3590 3229/5703
f 3789/4261 62/65 3784/4183 3783/4182
f 3515/3908 3511/3904 3236/3903 3234/3593
f 3507/3899 3239/3898 3237/3596 3236/3903
f 3503/3894 3242/3602 3240/3599 3239/3898
f 3481/3869 3480/3868 3254/3614 3252/3612
f 3480/3868 3476/3864 3475/3863 4950/5704
f 3480/3868 4950/5704 3256/3616 3254/3614
f 4950/5704 3475/3863 4951/5705 4952/5706
f 4950/5704 4952/5706 3258/3618 3256/3616
f 4952/5706 4951/5705 4953/5707 3263/5708
f 4952/5706 3263/5708 3260/3620 3258/3618
f 4953/5707 4951/5705 3470/5709 4954/5710
f 4953/5707 4954/5710 4955/5711 3266/5712
f 4953/5707 3266/5712 3264/3625 3263/5708
f 4955/5711 4954/5710 3465/5713 4956/5714
f 4955/5711 4956/5714 4957/5715 3269/5716
f 4955/5711 3269/5716 3267/3629 3266/5712
f 4957/5715 4956/5714 3460/5717 4958/5718
f 4957/5715 4958/5718 4959/5719 3272/5720
f 4957/5715 3272/5720 3270/3633 3269/5716
f 4959/5719 4958/5718 3455/5721 4960/5722
f 4959/5719 4960/5722 4961/5723 3275/5724
f 4959/5719 3275/5724 3273/3637 3272/5720
f 4961/5723 4960/5722 3450/5725 4962/5726
f 4961/5723 4962/5726 4963/5727 3278/5728
f 4961/5723 3278/5728 3276/3641 3275/5724
f 4963/5727 4962/5726 3445/5729 4964/5730
f 4963/5727 4964/5730 4965/5731 3281/5732
f 4963/5727 3281/5732 3279/3645 3278/5728
f 4965/5731 4964/5730 3440/5733 4966/5734
f 4965/5731 4966/5734 4967/5735 3284/5736
f 4965/5731 3284/5736 3282/3649 3281/5732
f 4967/5735 4966/5734 3435/5737 4968/5738
f 4967/5735 4968/5738 4969/5739 3287/5740
f 4967/5735 3287/5740 3285/3653 3284/5736
f 4969/5739 4968/5738 3430/5741 4970/5742
f 4969/5739 4970/5742 4971/5743 3290/5744
f 4969/5739 3290/5744 3288/3657 3287/5740
f 4971/5743 4970/5742 3425/5745 4972/5746
f 4971/5743 4972/5746 4973/5747 3293/5748
f 4971/5743 3293/5748 3291/3661 3290/5744
f 4973/5747 4972/5746 3420/5749 4974/5750
f 4973/5747 4974/5750 3298/3670 3296/3668
f 4973/5747 3296/3668 3294/3665 3293/5748
f 4974/5750 3420/5749 3416/3804 3415/3803
f 4974/5750 3415/3803 3300/3672 3298/3670
f 4972/5746 3425/5745 3421/3809 3420/5749
f 4970/5742 3430/5741 3426/3814 3425/5745
f 4968/5738 3435/5737 3431/3819 3430/5741
f 4966/5734 3440/5733 3436/3824 3435/5737
f 4964/5730 3445/5729 3441/3829 3440/5733
f 4962/5726 3450/5725 3446/3834 3445/5729
f 4960/5722 3455/5721 3451/3839 3450/5725
f 4958/5718 3460/5717 3456/3844 3455/5721
f 4956/5714 3465/5713 3461/3849 3460/5717
f 4954/5710 3470/5709 3466/3854 3465/5713
f 4951/5705 3475/3863 3471/3859 3470/5709
f 3415/3803 3411/3799 3302/3674 3300/3672
f 3398/3786 3397/3785 2687/2959 2685/2957
f 3398/3786 2685/2957 2683/2955 3391/3778
f 3392/3779 3391/3778 2683/2955 2681/2953
f 3392/3779 2681/2953 2679/2951 3385/3771
f 3386/3772 3385/3771 2679/2951 2677/2949
f 3386/3772 2677/2949 2675/2947 3378/3762
f 3378/3762 2675/2947 2673/2945 3375/3759
f 3356/3736 2663/2935 2661/2933 3353/3733
f 2979/3260 730/5751 86/90 85/89
f 2737/3011 2735/3009 129/134 131/136
f 2732/3006 2724/2997 128/133 127/132
f 746/771 744/768 76/80 80/84
f 741/764 740/763 81/3278 78/82
f 739/762 719/740 45/744 42/45
f 730/5751 728/750 727/749 86/90
f 700/781 90/94 95/99 695/715
f 691/711 690/710 95/716 94/98
f 661/811 74/810 73/77 656/676
f 326/339 142/1092 139/334 321/333
f 313/1109 312/321 141/326 140/145
f 219/225 111/116 110/115 214/219
f 210/215 209/214 110/220 109/114
f 4975/5752 4976/5753 4977/5754 4978/5755
f 4975/5756 4979/5757 4980/5758 4981/5759
f 4975/5752 4981/5759 4982/5760 4976/5753
f 4983/5761 4984/5762 4985/5763 4986/5764
f 4983/5761 4986/5764 4987/5765 4988/5766
f 4983/5761 4988/5766 4989/5767 4990/5768
f 4983/5761 4990/5768 4991/5769 4992/5770
f 4983/5761 4992/5770 4993/5771 4984/5762
f 4994/5772 4995/5773 4996/5774 4997/5775
f 4994/5772 4998/5776 4999/5777 4995/5773
f 4994/5778 5000/5779 5001/5780 5002/5781
f 4994/5772 4997/5775 5003/5782 5000/5779
f 4994/5772 5002/5781 5004/5783 4998/5776
f 5005/5784 5006/5785 5007/5786 5008/5787
f 5005/5788 5009/5789 5010/5790 5011/5791
f 5005/5784 5008/5787 5012/5792 5009/5789
f 5013/5793 5014/5794 5015/5795 5016/5796
f 5013/5793 5016/5796 5017/5797 5018/5798
f 5013/5793 5018/5798 5019/5799 5014/5794
f 5020/5800 5021/5801 5022/5802 5023/5803
f 5020/5800 5023/5803 5024/5804 5025/5805
f 5020/5800 5025/5805 5026/5806 5021/5801
f 5027/5807 5028/5808 5029/5809 5030/5810
f 5027/5807 5030/5810 5031/5811 5032/5812
f 5027/5807 5032/5812 5033/5813 5034/5814
f 5027/5807 5034/5814 5035/5815 5036/5816
f 5027/5807 5036/5816 5037/5817 5028/5808
f 5038/5818 5039/5819 5040/5820 5041/5821
f 5038/5822 5042/5823 5043/5824 5044/5825
f 5038/5818 5044/5825 5045/5826 5039/5819
f 5038/5822 5046/5827 5047/5828 5042/5823
f 5038/5818 5041/5821 5048/5829 5046/5827
f 5049/5830 5050/5831 5051/5832 5052/5833
f 5049/5830 5052/5833 5053/5834 5054/5835
f 5049/5830 5054/5835 5055/5836 5050/5831
f 5056/5837 5057/5838 5058/5839 5059/5840
f 5056/5837 5060/5841 5061/5842 5057/5838
f 5056/5837 5059/5840 5062/5843 5060/5841
f 5063/5844 5064/5845 5065/5846 5066/5847
f 5063/5844 5067/5848 5068/5849 5064/5845
f 5063/5844 5066/5847 5069/5850 5067/5848
f 5070/5851 5071/5852 5072/5853 5073/5854
f 5070/5851 5073/5854 5074/5855 5075/5856
f 5070/5851 5075/5856 5076/5857 5071/5852
f 5077/5858 5078/5859 5079/5860 5080/5861
f 5077/5858 5081/5862 5082/5863 5078/5859
f 5077/5864 5083/5865 5084/5866 5085/5867
f 5077/5858 5080/5861 5086/5868 5083/5865
f 5077/5858 5085/5867 5087/5869 5081/5862
f 5088/5870 5089/5871 5090/5872 5091/5873
f 5088/5870 5092/5874 5093/5875 5089/5871
f 5088/5870 5091/5873 5094/5876 5092/5874
f 5095/5877 5096/5878 5097/5879 5098/5880
f 5095/5877 5098/5880 5099/5881 5100/5882
f 5095/5877 5100/5882 5101/5883 5102/5884
f 5095/5877 5102/5884 5103/5885 5104/5886
f 5095/5877 5104/5886 5105/5887 5096/5878
f 5106/5888 4986/5764 4985/5763 5107/5889
f 5106/5888 5107/5889 5108/5890 5109/5891
f 5106/5888 5109/5891 4987/5765 4986/5764
f 5110/5892 5111/5893 5112/5894 5113/5895
f 5110/5892 5113/5895 5114/5896 5115/5897
f 5110/5892 5116/5898 5117/5899 5111/5893
f 5118/5900 5119/5901 5120/5902 5121/5903
f 5118/5900 5122/5904 5123/5905 5119/5901
f 5118/5900 5124/5906 5125/5907 5122/5904
f 5118/5900 5126/5908 5127/5909 5124/5906
f 5118/5900 5121/5903 5128/5910 5126/5908
f 5128/5910 5129/5911 5130/5912 5126/5908
f 5128/5910 5131/5913 5132/5914 5129/5911
f 5128/5910 5121/5903 5133/5915 5131/5913
f 5133/5915 5121/5903 5120/5902 5134/5916
f 5133/5915 5135/5917 5136/5918 5131/5913
f 5133/5915 5134/5916 5137/5919 5135/5917
f 5137/5919 5134/5916 5138/5920 5139/5921
f 5137/5919 5140/5922 5141/5923 5135/5917
f 5137/5919 5139/5921 5142/5924 5140/5922
f 5142/5924 5139/5921 5143/5925 5144/5926
f 5142/5924 5145/5927 5146/5928 5140/5922
f 5142/5924 5144/5926 5147/5929 5145/5927
f 5147/5929 5144/5926 5148/5930 5149/5931
f 5147/5929 5150/5932 5151/5933 5145/5927
f 5147/5929 5149/5931 5152/5934 5150/5932
f 5152/5934 5149/5931 5153/5935 5154/5936
f 5152/5934 5155/5937 5156/5938 5150/5932
f 5152/5934 5154/5936 5157/5939 5155/5937
f 5157/5939 5154/5936 5158/5940 5159/5941
f 5157/5939 5160/5942 5161/5943 5155/5937
f 5157/5939 5159/5941 5162/5944 5160/5942
f 5162/5944 5159/5941 5163/5945 5164/5946
f 5162/5944 5165/5947 5166/5948 5160/5942
f 5162/5944 5164/5946 5167/5949 5165/5947
f 5167/5949 5164/5946 5168/5950 5169/5951
f 5167/5949 5170/5952 5171/5953 5165/5947
f 5167/5949 5169/5951 5172/5954 5170/5952
f 5172/5954 5169/5951 5173/5955 5174/5956
f 5172/5954 5175/5957 5176/5958 5170/5952
f 5172/5954 5174/5956 5177/5959 5175/5957
f 5177/5959 5174/5956 5178/5960 5179/5961
f 5177/5959 5180/5962 5181/5963 5175/5957
f 5177/5959 5179/5961 5182/5964 5180/5962
f 5182/5964 5179/5961 5183/5965 5184/5966
f 5182/5964 5185/5967 5186/5968 5180/5962
f 5182/5964 5184/5966 5187/5969 5185/5967
f 5187/5969 5184/5966 5084/5970 5188/5971
f 5187/5969 5189/5972 5190/5973 5185/5967
f 5187/5969 5188/5971 5191/5974 5189/5972
f 5191/5974 5188/5971 5192/5975 5193/5976
f 5191/5974 5194/5977 5195/5978 5189/5972
f 5191/5974 5193/5976 5196/5979 5194/5977
f 5196/5979 5193/5976 5197/5980 5198/5981
f 5196/5979 5199/5982 5200/5983 5194/5977
f 5196/5979 5198/5981 5201/5984 5199/5982
f 5201/5984 5198/5981 5202/5985 5203/5986
f 5201/5984 5204/5987 5205/5988 5199/5982
f 5201/5984 5203/5986 5206/5989 5204/5987
f 5206/5989 5203/5986 5207/5990 5208/5991
f 5206/5989 5209/5992 5210/5993 5204/5987
f 5206/5989 5208/5991 5211/5994 5209/5992
f 5211/5994 5208/5991 5212/5995 5213/5996
f 5211/5994 5214/5997 5215/5998 5209/5992
f 5211/5994 5213/5996 5216/5999 5214/5997
f 5216/5999 5213/5996 5217/6000 5218/6001
f 5216/5999 5219/6002 5220/6003 5214/5997
f 5216/5999 5218/6001 5221/6004 5219/6002
f 5221/6004 5218/6001 5222/6005 5223/6006
f 5221/6004 5224/6007 5225/6008 5219/6002
f 5221/6004 5223/6006 5226/6009 5224/6007
f 5226/6009 5223/6006 5227/6010 5228/6011
f 5226/6009 5229/6012 5230/6013 5224/6007
f 5226/6009 5228/6011 5231/6014 5229/6012
f 5231/6014 5228/6011 5232/6015 5233/6016
f 5231/6014 5234/6017 5235/6018 5229/6012
f 5231/6014 5233/6016 5236/6019 5234/6017
f 5236/6019 5233/6016 5237/6020 5238/6021
f 5236/6019 5239/6022 5240/6023 5234/6017
f 5236/6019 5238/6021 5241/6024 5239/6022
f 5241/6024 5238/6021 5242/6025 5243/6026
f 5241/6024 5244/6027 5245/6028 5239/6022
f 5241/6024 5243/6026 5246/6029 5244/6027
f 5246/6029 5243/6026 5247/6030 5248/6031
f 5246/6029 5249/6032 5250/6033 5244/6027
f 5246/6029 5248/6031 5251/6034 5249/6032
f 5251/6034 5248/6031 5252/6035 5253/6036
f 5251/6034 5254/6037 5255/6038 5249/6032
f 5251/6034 5253/6036 5256/6039 5254/6037
f 5256/6039 5253/6036 5257/6040 5258/6041
f 5256/6039 5259/6042 5260/6043 5254/6037
f 5256/6039 5258/6041 5261/6044 5259/6042
f 5261/6044 5258/6041 5262/6045 5263/6046
f 5261/6044 5264/6047 5265/6048 5259/6042
f 5261/6044 5263/6046 5266/6049 5264/6047
f 5266/6049 5263/6046 5267/6050 5268/6051
f 5266/6049 296/6052 295/6053 5264/6047
f 5266/6049 5268/6051 297/6054 296/6052
f 297/6054 5268/6051 5269/6055 298/6056
f 5269/6057 5270/6058 5271/6059 5272/6060
f 5269/6055 5268/6051 5267/6050 5270/6058
f 5269/6055 5272/6060 303/6061 298/6056
f 303/6061 5272/6060 5273/6062 304/6063
f 5273/6064 5274/6065 5275/6066 5276/6067
f 5273/6064 5272/6060 5271/6059 5274/6065
f 5273/6064 5276/6067 309/6068 304/6063
f 309/6068 5276/6067 5277/6069 310/6070
f 5277/6071 5278/6072 5279/6073 5280/6074
f 5277/6069 5276/6067 5275/6066 5278/6072
f 5277/6071 5280/6074 315/6075 310/6070
f 315/6075 5280/6074 5114/6076 316/6077
f 316/6077 5114/6076 5113/5895 317/6078
f 317/6078 5113/5895 5112/5894 318/6079
f 318/329 5112/6080 5281/6081 319/330
f 5281/6081 5112/6080 5111/6082 5282/6083
f 5281/6081 5283/6084 322/335 319/330
f 5281/6081 5282/6083 5284/6085 5283/6084
f 5284/6085 5282/6083 5285/6086 5286/6087
f 5284/6085 5287/6088 5288/6089 5283/6084
f 5284/6085 5286/6087 5289/6090 5287/6088
f 5289/6090 5286/6087 5290/6091 5291/6092
f 5289/6090 5292/6093 5293/6094 5287/6088
f 5289/6090 5291/6092 5294/6095 5292/6093
f 5294/6095 5291/6092 5295/6096 5296/6097
f 5294/6095 5297/6098 5298/6099 5292/6093
f 5294/6095 5296/6097 5299/6100 5297/6098
f 5299/6100 5296/6097 5300/6101 5301/6102
f 5299/6100 5302/6103 5303/6104 5297/6098
f 5299/6100 5301/6102 5304/6105 5302/6103
f 5304/6105 5301/6102 5305/6106 5306/6107
f 5304/6105 5307/6108 5308/6109 5302/6103
f 5304/6105 5306/6107 5309/6110 5307/6108
f 5309/6110 5306/6107 5310/6111 5311/6112
f 5309/6110 5312/6113 5313/6114 5307/6108
f 5309/6110 5311/6112 5314/6115 5312/6113
f 5314/6115 5311/6112 5315/6116 5316/6117
f 5314/6115 5317/6118 5318/6119 5312/6113
f 5314/6115 5316/6117 5319/6120 5317/6118
f 5319/6120 5316/6117 5320/6121 5321/6122
f 5319/6120 5322/6123 5323/6124 5317/6118
f 5319/6120 5321/6122 5324/6125 5322/6123
f 5324/6125 5321/6122 5325/6126 5326/6127
f 5324/6125 5327/6128 5328/6129 5322/6123
f 5324/6125 5326/6127 5329/6130 5327/6128
f 5329/6130 5326/6127 5330/6131 5331/6132
f 5329/6130 5332/6133 5333/6134 5327/6128
f 5329/6130 5331/6132 5334/6135 5332/6133
f 5334/6135 5331/6132 5335/6136 5336/6137
f 5334/6135 5337/6138 5338/6139 5332/6133
f 5334/6135 5336/6137 5339/6140 5337/6138
f 5339/6140 5336/6137 5340/6141 5341/6142
f 5339/6140 5342/6143 5343/6144 5337/6138
f 5339/6140 5341/6142 5344/6145 5342/6143
f 5344/6145 5341/6142 5345/6146 5346/6147
f 5344/6145 5347/6148 5348/6149 5342/6143
f 5344/6145 5346/6147 5349/6150 5347/6148
f 5349/6150 5346/6147 5350/6151 5351/6152
f 5349/6150 5352/6153 5353/6154 5347/6148
f 5349/6150 5351/6152 5354/6155 5352/6153
f 5354/6155 5351/6152 5355/6156 5356/6157
f 5354/6155 5357/6158 5358/6159 5352/6153
f 5354/6155 5356/6157 5359/6160 5357/6158
f 5359/6160 5356/6157 5360/6161 5361/6162
f 5359/6160 5362/6163 5363/6164 5357/6158
f 5359/6160 5361/6162 5364/6165 5362/6163
f 5364/6165 5361/6162 5365/6166 5366/6167
f 5364/6165 5367/6168 5368/6169 5362/6163
f 5364/6165 5366/6167 5369/6170 5367/6168
f 5369/6170 5366/6167 5370/6171 5371/6172
f 5369/6170 5372/6173 5373/6174 5367/6168
f 5369/6170 5371/6172 5374/6175 5372/6173
f 5374/6175 5371/6172 5375/6176 5376/6177
f 5374/6175 5377/6178 5378/6179 5372/6173
f 5374/6175 5376/6177 5379/6180 5377/6178
f 5379/6180 5376/6177 5380/6181 5381/6182
f 5379/6180 5382/6183 5383/6184 5377/6178
f 5379/6180 5381/6182 5384/6185 5382/6183
f 5384/6185 5381/6182 5385/6186 5386/6187
f 5384/6185 5387/6188 5388/6189 5382/6183
f 5384/6185 5386/6187 5389/6190 5387/6188
f 5389/6190 5386/6187 5390/6191 5391/6192
f 5389/6190 5392/6193 5393/6194 5387/6188
f 5389/6190 5391/6192 5394/6195 5392/6193
f 5394/6195 5391/6192 5395/6196 5396/6197
f 5394/6195 5397/6198 5398/6199 5392/6193
f 5394/6195 5396/6197 5399/6200 5397/6198
f 5399/6200 5396/6197 5400/6201 5401/6202
f 5399/6200 5402/6203 5403/6204 5397/6198
f 5399/6200 5401/6202 5404/6205 5402/6203
f 5404/6205 5401/6202 5405/6206 5406/6207
f 5404/6205 5407/6208 5408/6209 5402/6203
f 5404/6205 5406/6207 5409/6210 5407/6208
f 5409/6210 5406/6207 5410/6211 5411/6212
f 5409/6210 5412/6213 5413/6214 5407/6208
f 5409/6210 5411/6212 5414/6215 5412/6213
f 5414/6215 5411/6212 5415/6216 5416/6217
f 5414/6215 5417/6218 5418/6219 5412/6213
f 5414/6215 5416/6217 5419/6220 5417/6218
f 5419/6220 5416/6217 5420/6221 5421/6222
f 5419/6220 5422/6223 5423/6224 5417/6218
f 5419/6220 5421/6222 5424/6225 5422/6223
f 5424/6225 5421/6222 5425/6226 5426/6227
f 5424/6225 5427/6228 5428/6229 5422/6223
f 5424/6225 5426/6227 5429/6230 5427/6228
f 5429/6230 5426/6227 5430/6231 5431/6232
f 5429/6230 5432/6233 5433/6234 5427/6228
f 5429/6230 5431/6232 5434/6235 5432/6233
f 5434/6235 5431/6232 5435/6236 5436/6237
f 5434/6238 5437/6239 5438/6240 5432/6241
f 5434/6238 5436/6242 5439/6243 5437/6239
f 5439/6243 5436/6242 5440/6244 5441/6245
f 5439/6243 5442/6246 5443/6247 5437/6239
f 5439/6243 5441/6245 5444/6248 5442/6246
f 5444/6248 5441/6245 5445/6249 5446/6250
f 5444/6248 5447/6251 5448/6252 5442/6246
f 5444/6248 5446/6250 5449/6253 5447/6251
f 5449/6253 5446/6250 5450/6254 5451/6255
f 5449/6253 5452/6256 5453/6257 5447/6251
f 5449/6253 5451/6255 5454/6258 5452/6256
f 5454/6258 5451/6255 5455/6259 5456/6260
f 5454/6258 5457/6261 5458/6262 5452/6256
f 5454/6258 5456/6260 5459/6263 5457/6261
f 5459/6263 5456/6260 5460/6264 5461/6265
f 5459/6263 5462/6266 5463/6267 5457/6261
f 5459/6263 5461/6265 5464/6268 5462/6266
f 5464/6268 5461/6265 5465/6269 5466/6270
f 5464/6268 5467/6271 5468/6272 5462/6266
f 5464/6268 5466/6270 5469/6273 5467/6271
f 5469/6273 5466/6270 5470/6274 5471/6275
f 5469/6273 5472/6276 5473/6277 5467/6271
f 5469/6273 5471/6275 5474/6278 5472/6276
f 5474/6278 5471/6275 5475/6279 5476/6280
f 5474/6278 5477/6281 5478/6282 5472/6276
f 5474/6278 5476/6280 5479/6283 5477/6281
f 5479/6283 5476/6280 5480/6284 5481/6285
f 5479/6283 5482/6286 5483/6287 5477/6281
f 5479/6283 5481/6285 5484/6288 5482/6286
f 5484/6288 5481/6285 5485/6289 5486/6290
f 5484/6288 5487/6291 5488/6292 5482/6286
f 5484/6288 5486/6290 5489/6293 5487/6291
f 5489/6293 5486/6290 5490/6294 5491/6295
f 5489/6293 5492/6296 5493/6297 5487/6291
f 5489/6293 5491/6295 5494/6298 5492/6296
f 5494/6298 5491/6295 5495/6299 5496/6300
f 5494/6298 5497/6301 5498/6302 5492/6296
f 5494/6298 5496/6300 5499/6303 5497/6301
f 5499/6303 5496/6300 5500/6304 5501/6305
f 5499/6303 5502/6306 5503/6307 5497/6301
f 5499/6303 5501/6305 5504/6308 5502/6306
f 5504/6308 5501/6305 5505/6309 5506/6310
f 5504/6308 5507/6311 5508/6312 5502/6306
f 5504/6308 5506/6310 5509/6313 5507/6311
f 5509/6313 5506/6310 5510/6314 5511/6315
f 5509/6313 5512/6316 5513/6317 5507/6311
f 5509/6313 5511/6315 5514/6318 5512/6316
f 5514/6318 5511/6315 5515/6319 5516/6320
f 5514/6318 5517/6321 5518/6322 5512/6316
f 5514/6318 5516/6320 5519/6323 5517/6321
f 5519/6323 5516/6320 5520/6324 5521/6325
f 5519/6323 5522/6326 5523/6327 5517/6321
f 5519/6323 5521/6325 5524/6328 5522/6326
f 5524/6328 5521/6325 5525/6329 5526/6330
f 5524/6328 5527/6331 5528/6332 5522/6326
f 5524/6328 5526/6330 5529/6333 5527/6331
f 5529/6333 5526/6330 5530/6334 5531/6335
f 5529/6333 5532/6336 5533/6337 5527/6331
f 5529/6333 5531/6335 5534/6338 5532/6336
f 5534/6338 5531/6335 5535/6339 5536/6340
f 5534/6338 5537/6341 5538/6342 5532/6336
f 5534/6338 5536/6340 5539/6343 5537/6341
f 5539/6343 5536/6340 5540/6344 5541/6345
f 5539/6343 5542/6346 5543/6347 5537/6341
f 5539/6343 5541/6345 5544/6348 5542/6346
f 5544/6348 5541/6345 5545/6349 5546/6350
f 5544/6348 5547/6351 5548/6352 5542/6346
f 5544/6348 5546/6350 5549/6353 5547/6351
f 5549/6353 5546/6350 5550/6354 5551/6355
f 5549/6353 5552/6356 5553/6357 5547/6351
f 5549/6353 5551/6355 5554/6358 5552/6356
f 5554/6358 5551/6355 5555/6359 5556/6360
f 5554/6358 5557/6361 5558/6362 5552/6356
f 5554/6358 5556/6360 5559/6363 5557/6361
f 5559/6363 5556/6360 5560/6364 5561/6365
f 5559/6363 5562/6366 5563/6367 5557/6361
f 5559/6363 5561/6365 5564/6368 5562/6366
f 5564/6368 5561/6365 5565/6369 5566/6370
f 5564/6368 5567/6371 5568/6372 5562/6366
f 5564/6368 5566/6370 5569/6373 5567/6371
f 5569/6373 5566/6370 5570/6374 5571/6375
f 5569/6373 5572/6376 5573/6377 5567/6371
f 5569/6373 5571/6375 5574/6378 5572/6376
f 5574/6378 5571/6375 5575/6379 5576/6380
f 5574/6378 5577/6381 5578/6382 5572/6376
f 5574/6378 5576/6380 5579/6383 5577/6381
f 5579/6384 5576/6385 5580/6386 5581/6387
f 5579/6383 5582/6388 5583/6389 5577/6381
f 5579/6384 5581/6387 5584/6390 5582/6391
f 5584/6390 5581/6387 5585/6392 5586/6393
f 5584/6390 5587/6394 5588/6395 5582/6391
f 5584/6390 5586/6393 5589/6396 5587/6394
f 5589/6396 5586/6393 5590/6397 5591/6398
f 5589/6396 5592/6399 5593/6400 5587/6394
f 5589/6396 5591/6398 5594/6401 5592/6399
f 5594/6401 5591/6398 5595/6402 5596/6403
f 5594/6401 5597/6404 5598/6405 5592/6399
f 5594/6401 5596/6403 5599/6406 5597/6404
f 5599/6406 5596/6403 5600/6407 5601/6408
f 5599/6406 5602/6409 5603/6410 5597/6404
f 5599/6406 5601/6408 5604/6411 5602/6409
f 5604/6411 5601/6408 5605/6412 5606/6413
f 5604/6411 5043/6414 5607/6415 5602/6409
f 5604/6411 5606/6413 5044/5825 5043/6414
f 5607/6415 5608/6416 5603/6410 5602/6409
f 5607/6415 5609/6417 5610/6418 5608/6416
f 5607/6415 5043/6414 5042/5823 5609/6417
f 5609/6417 5611/6419 5612/6420 5610/6418
f 5609/6417 5042/5823 5047/5828 5611/6419
f 5611/6419 5613/6421 5614/6422 5612/6420
f 5611/6419 5047/5828 5615/6423 5613/6421
f 5615/6423 5047/5828 5046/5827 5616/6424
f 5615/6423 5617/6425 5618/6426 5613/6421
f 5615/6423 5616/6424 5619/6427 5617/6425
f 5619/6427 5616/6424 5620/6428 5621/6429
f 5619/6427 5622/6430 5623/6431 5617/6425
f 5619/6427 5621/6429 5624/6432 5622/6430
f 5624/6432 5621/6429 5625/6433 5626/6434
f 5624/6432 5627/6435 5628/6436 5622/6430
f 5624/6432 5626/6434 5629/6437 5627/6435
f 5629/6437 5626/6434 5630/6438 5631/6439
f 5629/6437 5632/6440 5633/6441 5627/6435
f 5629/6437 5631/6439 5634/6442 5632/6440
f 5634/6442 5631/6439 5635/6443 5636/6444
f 5634/6442 5637/6445 5638/6446 5632/6440
f 5634/6442 5636/6444 5639/6447 5637/6445
f 5639/6447 5636/6444 5640/6448 5641/6449
f 5639/6447 5642/6450 5643/6451 5637/6445
f 5639/6447 5641/6449 5644/6452 5642/6450
f 5644/6452 5641/6449 5645/6453 5646/6454
f 5644/6452 5647/6455 5648/6456 5642/6450
f 5644/6452 5646/6454 5649/6457 5647/6455
f 5649/6457 5646/6454 5650/6458 5651/6459
f 5649/6457 5652/6460 5653/6461 5647/6455
f 5649/6457 5651/6459 5654/6462 5652/6460
f 5654/6462 5651/6459 5069/6463 5655/6464
f 5654/6462 5656/6465 5657/6466 5652/6460
f 5654/6462 5655/6464 5658/6467 5656/6465
f 5658/6467 5655/6464 5659/6468 5660/6469
f 5658/6467 5661/6470 5662/6471 5656/6465
f 5658/6467 5660/6469 5663/6472 5661/6470
f 5663/6472 5660/6469 5664/6473 5665/6474
f 5663/6472 5666/6475 5667/6476 5661/6470
f 5663/6472 5665/6474 5668/6477 5666/6475
f 5668/6477 5665/6474 5669/6478 5670/6479
f 5668/6477 5671/6480 5672/6481 5666/6475
f 5668/6477 5670/6479 5673/6482 5671/6480
f 5673/6482 5670/6479 5674/6483 5675/6484
f 5673/6482 5676/6485 5677/6486 5671/6480
f 5673/6482 5675/6484 5678/6487 5676/6485
f 5678/6487 5675/6484 5679/6488 5680/6489
f 5678/6487 5681/6490 5682/6491 5676/6485
f 5678/6487 5680/6489 5019/6492 5681/6490
f 5681/6490 5683/6493 5684/6494 5682/6491
f 5681/6490 5019/6492 5018/5798 5683/6493
f 5683/6493 5685/6495 5686/6496 5684/6494
f 5683/6493 5018/5798 5017/5797 5685/6495
f 5685/6495 5687/6497 5688/6498 5686/6496
f 5685/6495 5017/5797 5689/6499 5687/6500
f 5689/6499 5690/6501 5691/6502 5687/6500
f 5689/6499 5692/6503 5693/6504 5690/6501
f 5689/6499 5017/5797 5016/5796 5692/6503
f 5692/6503 5694/6505 5695/6506 5693/6504
f 5692/6503 5016/5796 5015/5795 5694/6505
f 5694/6505 5696/6507 5697/6508 5695/6506
f 5694/6505 5015/5795 5698/6509 5696/6507
f 5698/6509 5015/5795 5014/5794 5699/6510
f 5698/6509 5700/6511 5701/6512 5696/6507
f 5698/6509 5699/6510 5702/6513 5700/6511
f 5702/6513 5051/5832 5050/5831 5700/6511
f 5702/6513 5679/6514 5703/6515 5051/5832
f 5702/6513 5699/6510 5680/6489 5679/6514
f 5703/6515 5704/6516 5052/5833 5051/5832
f 5703/6515 5674/6517 5705/6518 5704/6516
f 5703/6515 5679/6514 5675/6484 5674/6517
f 5705/6518 5706/6519 5707/6520 5704/6516
f 5705/6518 5669/6521 5708/6522 5706/6519
f 5705/6518 5674/6517 5670/6479 5669/6521
f 5708/6522 5709/6523 5710/6524 5706/6519
f 5708/6522 5664/6525 5711/6526 5709/6523
f 5708/6522 5669/6521 5665/6474 5664/6525
f 5711/6526 5065/6527 5712/6528 5709/6523
f 5711/6526 5659/6529 5066/5847 5065/6527
f 5711/6526 5664/6525 5660/6469 5659/6529
f 5712/6530 5713/6531 5714/6532 5715/6533
f 5712/6528 5065/6527 5064/5845 5713/6531
f 5712/6528 5715/6533 5710/6524 5709/6523
f 5713/6531 5716/6534 5717/6535 5714/6532
f 5713/6531 5064/5845 5068/5849 5716/6534
f 5716/6534 5718/6536 5719/6537 5717/6535
f 5716/6534 5068/5849 5720/6538 5718/6536
f 5720/6538 5645/6539 5721/6540 5718/6536
f 5720/6538 5650/6458 5646/6454 5645/6539
f 5720/6538 5068/5849 5067/5848 5650/6458
f 5721/6540 5722/6541 5719/6537 5718/6536
f 5721/6540 5640/6542 5723/6543 5722/6541
f 5721/6540 5645/6539 5641/6449 5640/6542
f 5723/6543 5724/6544 5725/6545 5722/6541
f 5723/6543 5635/6546 5726/6547 5724/6544
f 5723/6543 5640/6542 5636/6444 5635/6546
f 5726/6547 5727/6548 5728/6549 5724/6544
f 5726/6547 5630/6550 5729/6551 5727/6548
f 5726/6547 5635/6546 5631/6439 5630/6550
f 5729/6551 5730/6552 5731/6553 5727/6548
f 5729/6551 5625/6554 5732/6555 5730/6552
f 5729/6551 5630/6550 5626/6434 5625/6554
f 5732/6555 5733/6556 5734/6557 5730/6552
f 5732/6555 5620/6558 5048/6559 5733/6556
f 5732/6555 5625/6554 5621/6429 5620/6558
f 5733/6556 5735/6560 5736/6561 5734/6557
f 5733/6556 5048/6559 5041/5821 5735/6560
f 5735/6560 5737/6562 5738/6563 5736/6561
f 5735/6560 5041/5821 5040/5820 5737/6562
f 5737/6562 5739/6564 5740/6565 5738/6563
f 5737/6562 5040/5820 5741/6566 5739/6564
f 5741/6566 5742/6567 5743/6568 5739/6564
f 5741/6566 5744/6569 5745/6570 5742/6567
f 5741/6566 5040/5820 5039/5819 5744/6569
f 5744/6569 5746/6571 5747/6572 5745/6570
f 5744/6569 5039/5819 5045/5826 5746/6571
f 5746/6571 5748/6573 5749/6574 5747/6572
f 5746/6571 5045/5826 5750/6575 5748/6573
f 5750/6575 5751/6576 5752/6577 5748/6573
f 5750/6575 5606/6413 5605/6412 5751/6576
f 5750/6575 5045/5826 5044/5825 5606/6413
f 5751/6576 5753/6578 5754/6579 5752/6577
f 5751/6576 5605/6412 5755/6580 5753/6578
f 5755/6580 5756/6581 5757/6582 5753/6578
f 5755/6580 5600/6583 5758/6584 5756/6581
f 5755/6580 5605/6412 5601/6408 5600/6583
f 5758/6584 5759/6585 5760/6586 5756/6581
f 5758/6584 5595/6587 5761/6588 5759/6585
f 5758/6584 5600/6583 5596/6403 5595/6587
f 5761/6588 5762/6589 5763/6590 5759/6585
f 5761/6588 5590/6591 5764/6592 5762/6589
f 5761/6588 5595/6587 5591/6398 5590/6591
f 5764/6592 5765/6593 5766/6594 5762/6589
f 5764/6592 5585/6595 5767/6596 5765/6593
f 5764/6592 5590/6591 5586/6393 5585/6595
f 5767/6596 5768/6597 5769/6598 5765/6593
f 5767/6596 5580/6599 5770/6600 5768/6597
f 5767/6596 5585/6595 5581/6387 5580/6599
f 5770/6601 5771/6602 5772/6603 5768/6604
f 5770/6601 5575/6605 5773/6606 5771/6602
f 5770/6600 5580/6599 5576/6385 5575/6607
f 5773/6606 5774/6608 5775/6609 5771/6602
f 5773/6606 5570/6610 5776/6611 5774/6608
f 5773/6606 5575/6605 5571/6375 5570/6610
f 5776/6611 5777/6612 5778/6613 5774/6608
f 5776/6611 5565/6614 5779/6615 5777/6612
f 5776/6611 5570/6610 5566/6370 5565/6614
f 5779/6615 5780/6616 5781/6617 5777/6612
f 5779/6615 5560/6618 5782/6619 5780/6616
f 5779/6615 5565/6614 5561/6365 5560/6618
f 5782/6619 5783/6620 5784/6621 5780/6616
f 5782/6619 5555/6622 5785/6623 5783/6620
f 5782/6619 5560/6618 5556/6360 5555/6622
f 5785/6623 5786/6624 5787/6625 5783/6620
f 5785/6623 5550/6626 5788/6627 5786/6624
f 5785/6623 5555/6622 5551/6355 5550/6626
f 5788/6627 5789/6628 5790/6629 5786/6624
f 5788/6627 5545/6630 5791/6631 5789/6628
f 5788/6627 5550/6626 5546/6350 5545/6630
f 5791/6631 5792/6632 5793/6633 5789/6628
f 5791/6631 5540/6634 5794/6635 5792/6632
f 5791/6631 5545/6630 5541/6345 5540/6634
f 5794/6635 5795/6636 5796/6637 5792/6632
f 5794/6635 5535/6638 5797/6639 5795/6636
f 5794/6635 5540/6634 5536/6340 5535/6638
f 5797/6639 5798/6640 5799/6641 5795/6636
f 5797/6639 5530/6642 5800/6643 5798/6640
f 5797/6639 5535/6638 5531/6335 5530/6642
f 5800/6643 5801/6644 5802/6645 5798/6640
f 5800/6643 5525/6646 5803/6647 5801/6644
f 5800/6643 5530/6642 5526/6330 5525/6646
f 5803/6647 5804/6648 5805/6649 5801/6644
f 5803/6647 5520/6650 5806/6651 5804/6648
f 5803/6647 5525/6646 5521/6325 5520/6650
f 5806/6651 5807/6652 5808/6653 5804/6648
f 5806/6651 5515/6654 5809/6655 5807/6652
f 5806/6651 5520/6650 5516/6320 5515/6654
f 5809/6655 5810/6656 5811/6657 5807/6652
f 5809/6655 5510/6658 5812/6659 5810/6656
f 5809/6655 5515/6654 5511/6315 5510/6658
f 5812/6659 5813/6660 5814/6661 5810/6656
f 5812/6659 5505/6662 5815/6663 5813/6660
f 5812/6659 5510/6658 5506/6310 5505/6662
f 5815/6663 5816/6664 5817/6665 5813/6660
f 5815/6663 5500/6666 5818/6667 5816/6664
f 5815/6663 5505/6662 5501/6305 5500/6666
f 5818/6667 5819/6668 5820/6669 5816/6664
f 5818/6667 5495/6670 5821/6671 5819/6668
f 5818/6667 5500/6666 5496/6300 5495/6670
f 5821/6671 5822/6672 5823/6673 5819/6668
f 5821/6671 5490/6674 5824/6675 5822/6672
f 5821/6671 5495/6670 5491/6295 5490/6674
f 5824/6675 5825/6676 5826/6677 5822/6672
f 5824/6675 5485/6678 5827/6679 5825/6676
f 5824/6675 5490/6674 5486/6290 5485/6678
f 5827/6679 5828/6680 5829/6681 5825/6676
f 5827/6679 5480/6682 5830/6683 5828/6680
f 5827/6679 5485/6678 5481/6285 5480/6682
f 5830/6683 5831/6684 5832/6685 5828/6680
f 5830/6683 5475/6686 5833/6687 5831/6684
f 5830/6683 5480/6682 5476/6280 5475/6686
f 5833/6687 5834/6688 5835/6689 5831/6684
f 5833/6687 5470/6690 5836/6691 5834/6688
f 5833/6687 5475/6686 5471/6275 5470/6690
f 5836/6691 5837/6692 5838/6693 5834/6688
f 5836/6691 5465/6694 5839/6695 5837/6692
f 5836/6691 5470/6690 5466/6270 5465/6694
f 5839/6695 5840/6696 5841/6697 5837/6692
f 5839/6695 5460/6698 5842/6699 5840/6696
f 5839/6695 5465/6694 5461/6265 5460/6698
f 5842/6699 5843/6700 5844/6701 5840/6696
f 5842/6699 5455/6702 5845/6703 5843/6700
f 5842/6699 5460/6698 5456/6260 5455/6702
f 5845/6703 5846/6704 5847/6705 5843/6700
f 5845/6703 5450/6706 5848/6707 5846/6704
f 5845/6703 5455/6702 5451/6255 5450/6706
f 5848/6707 5849/6708 5850/6709 5846/6704
f 5848/6707 5445/6710 5851/6711 5849/6708
f 5848/6707 5450/6706 5446/6250 5445/6710
f 5851/6712 5852/6713 5853/6714 5849/6715
f 5851/6712 5440/6716 5854/6717 5852/6713
f 5851/6711 5445/6710 5441/6245 5440/6244
f 5854/6717 5855/6718 5856/6719 5852/6713
f 5854/6717 5435/6720 5857/6721 5855/6718
f 5854/6717 5440/6716 5436/6237 5435/6720
f 5857/6721 5858/6722 5859/6723 5855/6718
f 5857/6721 5430/6724 5860/6725 5858/6722
f 5857/6721 5435/6720 5431/6232 5430/6724
f 5860/6725 5861/6726 5862/6727 5858/6722
f 5860/6725 5425/6728 5863/6729 5861/6726
f 5860/6725 5430/6724 5426/6227 5425/6728
f 5863/6729 5864/6730 5865/6731 5861/6726
f 5863/6729 5420/6732 5866/6733 5864/6730
f 5863/6729 5425/6728 5421/6222 5420/6732
f 5866/6733 5867/6734 5868/6735 5864/6730
f 5866/6733 5415/6736 5869/6737 5867/6734
f 5866/6733 5420/6732 5416/6217 5415/6736
f 5869/6737 5870/6738 5871/6739 5867/6734
f 5869/6737 5410/6740 5872/6741 5870/6738
f 5869/6737 5415/6736 5411/6212 5410/6740
f 5872/6741 5873/6742 5874/6743 5870/6738
f 5872/6741 5405/6744 5875/6745 5873/6742
f 5872/6741 5410/6740 5406/6207 5405/6744
f 5875/6745 5876/6746 5877/6747 5873/6742
f 5875/6745 5400/6748 5878/6749 5876/6746
f 5875/6745 5405/6744 5401/6202 5400/6748
f 5878/6749 5879/6750 5880/6751 5876/6746
f 5878/6749 5395/6752 5881/6753 5879/6750
f 5878/6749 5400/6748 5396/6197 5395/6752
f 5881/6753 5882/6754 5883/6755 5879/6750
f 5881/6753 5390/6756 5884/6757 5882/6754
f 5881/6753 5395/6752 5391/6192 5390/6756
f 5884/6757 5885/6758 5886/6759 5882/6754
f 5884/6757 5385/6760 5887/6761 5885/6758
f 5884/6757 5390/6756 5386/6187 5385/6760
f 5887/6761 5888/6762 5889/6763 5885/6758
f 5887/6761 5380/6764 5890/6765 5888/6762
f 5887/6761 5385/6760 5381/6182 5380/6764
f 5890/6765 5891/6766 5892/6767 5888/6762
f 5890/6765 5375/6768 5893/6769 5891/6766
f 5890/6765 5380/6764 5376/6177 5375/6768
f 5893/6769 5894/6770 5895/6771 5891/6766
f 5893/6769 5370/6772 5896/6773 5894/6770
f 5893/6769 5375/6768 5371/6172 5370/6772
f 5896/6773 5897/6774 5898/6775 5894/6770
f 5896/6773 5365/6776 5899/6777 5897/6774
f 5896/6773 5370/6772 5366/6167 5365/6776
f 5899/6777 5900/6778 5901/6779 5897/6774
f 5899/6777 5360/6780 5902/6781 5900/6778
f 5899/6777 5365/6776 5361/6162 5360/6780
f 5902/6781 5903/6782 5904/6783 5900/6778
f 5902/6781 5355/6784 5905/6785 5903/6782
f 5902/6781 5360/6780 5356/6157 5355/6784
f 5905/6785 5906/6786 5907/6787 5903/6782
f 5905/6785 5350/6788 5908/6789 5906/6786
f 5905/6785 5355/6784 5351/6152 5350/6788
f 5908/6789 5909/6790 5910/6791 5906/6786
f 5908/6789 5345/6792 5911/6793 5909/6790
f 5908/6789 5350/6788 5346/6147 5345/6792
f 5911/6793 5912/6794 5913/6795 5909/6790
f 5911/6793 5340/6796 5914/6797 5912/6794
f 5911/6793 5345/6792 5341/6142 5340/6796
f 5914/6797 5915/6798 5916/6799 5912/6794
f 5914/6797 5335/6800 5917/6801 5915/6798
f 5914/6797 5340/6796 5336/6137 5335/6800
f 5917/6801 5918/6802 5919/6803 5915/6798
f 5917/6801 5330/6804 5920/6805 5918/6802
f 5917/6801 5335/6800 5331/6132 5330/6804
f 5920/6805 5921/6806 5922/6807 5918/6802
f 5920/6805 5325/6808 5923/6809 5921/6806
f 5920/6805 5330/6804 5326/6127 5325/6808
f 5923/6809 5924/6810 5925/6811 5921/6806
f 5923/6809 5320/6812 5926/6813 5924/6810
f 5923/6809 5325/6808 5321/6122 5320/6812
f 5926/6813 5927/6814 5928/6815 5924/6810
f 5926/6813 5315/6816 5929/6817 5927/6814
f 5926/6813 5320/6812 5316/6117 5315/6816
f 5929/6817 5930/6818 5931/6819 5927/6814
f 5929/6817 5310/6820 5932/6821 5930/6818
f 5929/6817 5315/6816 5311/6112 5310/6820
f 5932/6821 5933/6822 5934/6823 5930/6818
f 5932/6821 5305/6824 5935/6825 5933/6822
f 5932/6821 5310/6820 5306/6107 5305/6824
f 5935/6825 5936/6826 5937/6827 5933/6822
f 5935/6825 5300/6828 5938/6829 5936/6826
f 5935/6825 5305/6824 5301/6102 5300/6828
f 5938/6829 5939/6830 5940/6831 5936/6826
f 5938/6829 5295/6832 5941/6833 5939/6830
f 5938/6829 5300/6828 5296/6097 5295/6832
f 5941/6833 5942/6834 5943/6835 5939/6830
f 5941/6833 5290/6836 5944/6837 5942/6834
f 5941/6833 5295/6832 5291/6092 5290/6836
f 5944/6837 5945/6838 5946/6839 5942/6834
f 5944/6837 5285/6840 5117/6841 5945/6838
f 5944/6837 5290/6836 5286/6087 5285/6840
f 5945/6842 5947/6843 5948/6844 5946/6845
f 5945/6842 5117/5899 5116/5898 5947/6843
f 5947/6843 5949/6846 5950/6847 5948/6844
f 5947/6843 5116/5898 5951/6848 5949/6846
f 5951/6848 5952/6849 5953/6850 5949/6846
f 5951/6848 5954/6851 5955/6852 5952/6849
f 5951/6848 5116/5898 5110/5892 5954/6851
f 5954/6851 5956/6853 5957/6854 5955/6852
f 5954/6851 5110/5892 5115/5897 5956/6853
f 5956/6853 5958/6855 5959/6856 5957/6854
f 5956/6853 5115/5897 5279/6857 5958/6855
f 5958/6855 5960/6858 5961/6859 5959/6856
f 5958/6855 5279/6857 5278/6072 5960/6858
f 5960/6858 5962/6860 5963/6861 5961/6859
f 5960/6858 5278/6072 5275/6066 5962/6860
f 5962/6860 5964/6862 5965/6863 5963/6861
f 5962/6860 5275/6066 5274/6065 5964/6862
f 5964/6862 5966/6864 5967/6865 5965/6863
f 5964/6862 5274/6065 5271/6059 5966/6864
f 5966/6864 5968/6866 5969/6867 5967/6865
f 5966/6864 5271/6059 5270/6058 5968/6866
f 5968/6866 5970/6868 5971/6869 5969/6867
f 5968/6866 5270/6058 5267/6050 5970/6868
f 5970/6868 5262/6870 5972/6871 5971/6869
f 5970/6868 5267/6050 5263/6046 5262/6870
f 5972/6871 5973/6872 5974/6873 5971/6869
f 5972/6871 5257/6874 5975/6875 5973/6872
f 5972/6871 5262/6870 5258/6041 5257/6874
f 5975/6875 5976/6876 5977/6877 5973/6872
f 5975/6875 5252/6878 5978/6879 5976/6876
f 5975/6875 5257/6874 5253/6036 5252/6878
f 5978/6879 5979/6880 5980/6881 5976/6876
f 5978/6879 5247/6882 5981/6883 5979/6880
f 5978/6879 5252/6878 5248/6031 5247/6882
f 5981/6883 5982/6884 5983/6885 5979/6880
f 5981/6883 5242/6886 5984/6887 5982/6884
f 5981/6883 5247/6882 5243/6026 5242/6886
f 5984/6887 5985/6888 5986/6889 5982/6884
f 5984/6887 5237/6890 5987/6891 5985/6888
f 5984/6887 5242/6886 5238/6021 5237/6890
f 5987/6891 5988/6892 5989/6893 5985/6888
f 5987/6891 5232/6894 5990/6895 5988/6892
f 5987/6891 5237/6890 5233/6016 5232/6894
f 5990/6895 5991/6896 5992/6897 5988/6892
f 5990/6895 5227/6898 5993/6899 5991/6896
f 5990/6895 5232/6894 5228/6011 5227/6898
f 5993/6899 5994/6900 5995/6901 5991/6896
f 5993/6899 5222/6902 5996/6903 5994/6900
f 5993/6899 5227/6898 5223/6006 5222/6902
f 5996/6903 5997/6904 5998/6905 5994/6900
f 5996/6903 5217/6906 5999/6907 5997/6904
f 5996/6903 5222/6902 5218/6001 5217/6906
f 5999/6907 6000/6908 6001/6909 5997/6904
f 5999/6907 5212/6910 6002/6911 6000/6908
f 5999/6907 5217/6906 5213/5996 5212/6910
f 6002/6911 6003/6912 6004/6913 6000/6908
f 6002/6911 5207/6914 6005/6915 6003/6912
f 6002/6911 5212/6910 5208/5991 5207/6914
f 6005/6915 6006/6916 6007/6917 6003/6912
f 6005/6915 5202/6918 6008/6919 6006/6916
f 6005/6915 5207/6914 5203/5986 5202/6918
f 6008/6919 6009/6920 6010/6921 6006/6916
f 6008/6919 5197/6922 6011/6923 6009/6920
f 6008/6919 5202/6918 5198/5981 5197/6922
f 6011/6923 5086/6924 6012/6925 6009/6920
f 6011/6923 5192/6926 5083/5865 5086/6924
f 6011/6923 5197/6922 5193/5976 5192/6926
f 6012/6927 6013/6928 6014/6929 6015/6930
f 6012/6927 5086/6924 5080/5861 6013/6928
f 6012/6925 6015/6930 6010/6921 6009/6920
f 6013/6928 6016/6931 6017/6932 6014/6929
f 6013/6928 5080/5861 5079/5860 6016/6931
f 6016/6931 6018/6933 6019/6934 6017/6932
f 6016/6931 5079/5860 6020/6935 6018/6933
f 6020/6935 6021/6936 6022/6937 6018/6933
f 6020/6935 6023/6938 6024/6939 6021/6936
f 6020/6935 5079/5860 5078/5859 6023/6938
f 6023/6938 6025/6940 6026/6941 6024/6939
f 6023/6938 5078/5859 5082/5863 6025/6940
f 6025/6940 6027/6942 6028/6943 6026/6941
f 6025/6940 5082/5863 6029/6944 6027/6942
f 6029/6944 5091/5873 5090/5872 6027/6942
f 6029/6944 6030/6945 5094/5876 5091/5873
f 6029/6944 5082/5863 5081/5862 6030/6945
f 6030/6945 6031/6946 6032/6947 5094/5876
f 6030/6945 5081/5862 5087/5869 6031/6946
f 6031/6946 6033/6948 6034/6949 6032/6947
f 6031/6946 5087/5869 6035/6950 6033/6948
f 6035/6950 5178/6951 6036/6952 6033/6948
f 6035/6950 5183/5965 5179/5961 5178/6951
f 6035/6950 5087/5869 5085/5867 5183/5965
f 6036/6952 6037/6953 6034/6949 6033/6948
f 6036/6952 5173/6954 6038/6955 6037/6953
f 6036/6952 5178/6951 5174/5956 5173/6954
f 6038/6955 6039/6956 6040/6957 6037/6953
f 6038/6955 5168/6958 6041/6959 6039/6956
f 6038/6955 5173/6954 5169/5951 5168/6958
f 6041/6959 6042/6960 6043/6961 6039/6956
f 6041/6959 5163/6962 6044/6963 6042/6960
f 6041/6959 5168/6958 5164/5946 5163/6962
f 6044/6963 6045/6964 6046/6965 6042/6960
f 6044/6963 5158/6966 6047/6967 6045/6964
f 6044/6963 5163/6962 5159/5941 5158/6966
f 6047/6967 6048/6968 6049/6969 6045/6964
f 6047/6967 5153/6970 6050/6971 6048/6968
f 6047/6967 5158/6966 5154/5936 5153/6970
f 6050/6971 6051/6972 6052/6973 6048/6968
f 6050/6971 5148/6974 6053/6975 6051/6972
f 6050/6971 5153/6970 5149/5931 5148/6974
f 6053/6975 6054/6976 6055/6977 6051/6972
f 6053/6975 5143/6978 6056/6979 6054/6976
f 6053/6975 5148/6974 5144/5926 5143/6978
f 6056/6979 6057/6980 6058/6981 6054/6976
f 6056/6979 5138/6982 6059/6983 6057/6980
f 6056/6979 5143/6978 5139/5921 5138/6982
f 6059/6983 6060/6984 6061/6985 6057/6980
f 6059/6983 5120/5902 5119/5901 6060/6984
f 6059/6983 5138/6982 5134/5916 5120/5902
f 6060/6984 6062/6986 6063/6987 6061/6985
f 6060/6984 5119/5901 5123/5905 6062/6986
f 6062/6986 1105/1241 1104/1240 6063/6987
f 6062/6986 5123/5905 1106/1242 1105/1241
f 1106/1242 5123/5905 5122/5904 1107/1243
f 1107/1243 5122/5904 5125/5907 1108/1244
f 1108/1244 5125/5907 6064/6988 1109/1245
f 6064/6989 6065/6990 6066/6991 6067/6992
f 6064/6988 5125/5907 5124/5906 6065/6990
f 6064/6988 6067/6992 1114/1251 1109/1245
f 1114/1251 6067/6992 6068/6993 1115/1252
f 6068/6994 6069/6995 6070/6996 6071/6997
f 6068/6993 6067/6992 6066/6991 6069/6995
f 6068/6993 6071/6997 1120/1258 1115/1252
f 1120/1258 6071/6997 6072/6998 1121/1259
f 6072/6998 6071/6997 6070/6996 6073/6999
f 6073/6999 6070/6996 6074/7000 6075/7001
f 6074/7000 6076/7002 6077/7003 6075/7001
f 6074/7000 6078/7004 6079/7005 6076/7002
f 6074/7000 6070/6996 6069/6995 6078/7004
f 6078/7004 6080/7006 6081/7007 6079/7005
f 6078/7004 6069/6995 6066/6991 6080/7006
f 6080/7006 6082/7008 6083/7009 6081/7007
f 6080/7006 6066/6991 6065/6990 6082/7008
f 6082/7008 5127/7010 6084/7011 6083/7009
f 6082/7008 6065/6990 5124/5906 5127/7010
f 6084/7011 6085/7012 6086/7013 6083/7009
f 6084/7011 5130/7014 6087/7015 6085/7012
f 6084/7011 5127/7010 5126/5908 5130/7014
f 6087/7015 6088/7016 6089/7017 6085/7012
f 6087/7015 6090/7018 6091/7019 6088/7016
f 6087/7015 5130/7014 5129/5911 6090/7018
f 6090/7018 6092/7020 6093/7021 6091/7019
f 6090/7018 5129/5911 5132/5914 6092/7020
f 6092/7020 6094/7022 6095/7023 6093/7021
f 6092/7020 5132/5914 6096/7024 6094/7022
f 6096/7024 6097/7025 6098/7026 6094/7022
f 6096/7024 5136/7027 6099/7028 6097/7025
f 6096/7024 5132/5914 5131/5913 5136/7027
f 6099/7028 5136/7027 5135/5917 5141/5923
f 6099/7028 4977/5754 4976/5753 6097/7025
f 6099/7028 5141/5923 6100/7029 4977/5754
f 6100/7029 5141/5923 5140/5922 5146/5928
f 6100/7029 6101/7030 4978/5755 4977/5754
f 6100/7029 5146/5928 6102/7031 6101/7030
f 6102/7031 5146/5928 5145/5927 5151/5933
f 6102/7031 6103/7032 6104/7033 6101/7030
f 6102/7031 5151/5933 6105/7034 6103/7032
f 6105/7034 5151/5933 5150/5932 5156/5938
f 6105/7034 6106/7035 6107/7036 6103/7032
f 6105/7034 5156/5938 6108/7037 6106/7035
f 6108/7037 5156/5938 5155/5937 5161/5943
f 6108/7037 6109/7038 6110/7039 6106/7035
f 6108/7037 5161/5943 6111/7040 6109/7038
f 6111/7040 5161/5943 5160/5942 5166/5948
f 6111/7040 6112/7041 6113/7042 6109/7038
f 6111/7040 5166/5948 6114/7043 6112/7041
f 6114/7043 5166/5948 5165/5947 5171/5953
f 6114/7043 6115/7044 6116/7045 6112/7041
f 6114/7043 5171/5953 6117/7046 6115/7044
f 6117/7046 5171/5953 5170/5952 5176/5958
f 6117/7046 6118/7047 6119/7048 6115/7044
f 6117/7046 5176/5958 6120/7049 6118/7047
f 6120/7049 5176/5958 5175/5957 5181/5963
f 6120/7049 6121/7050 6122/7051 6118/7047
f 6120/7049 5181/5963 6123/7052 6121/7050
f 6123/7052 5181/5963 5180/5962 5186/5968
f 6123/7052 6124/7053 6125/7054 6121/7050
f 6123/7052 5186/5968 6126/7055 6124/7053
f 6126/7055 5186/5968 5185/5967 5190/5973
f 6126/7055 6127/7056 6128/7057 6124/7053
f 6126/7055 5190/5973 6129/7058 6127/7056
f 6129/7058 5190/5973 5189/5972 5195/5978
f 6129/7058 6130/7059 6131/7060 6127/7056
f 6129/7058 5195/5978 6132/7061 6130/7059
f 6132/7061 5195/5978 5194/5977 5200/5983
f 6132/7061 6133/7062 6134/7063 6130/7059
f 6132/7061 5200/5983 6135/7064 6133/7062
f 6135/7064 5200/5983 5199/5982 5205/5988
f 6135/7064 6136/7065 6137/7066 6133/7062
f 6135/7064 5205/5988 6138/7067 6136/7065
f 6138/7067 5205/5988 5204/5987 5210/5993
f 6138/7067 6139/7068 6140/7069 6136/7065
f 6138/7067 5210/5993 6141/7070 6139/7068
f 6141/7070 5210/5993 5209/5992 5215/5998
f 6141/7070 6142/7071 6143/7072 6139/7068
f 6141/7070 5215/5998 6144/7073 6142/7071
f 6144/7073 5215/5998 5214/5997 5220/6003
f 6144/7073 6145/7074 6146/7075 6142/7071
f 6144/7073 5220/6003 6147/7076 6145/7074
f 6147/7076 5220/6003 5219/6002 5225/6008
f 6147/7076 6148/7077 6149/7078 6145/7074
f 6147/7076 5225/6008 6150/7079 6148/7077
f 6150/7079 5225/6008 5224/6007 5230/6013
f 6150/7079 6151/7080 6152/7081 6148/7077
f 6150/7079 5230/6013 6153/7082 6151/7080
f 6153/7082 5230/6013 5229/6012 5235/6018
f 6153/7082 6154/7083 6155/7084 6151/7080
f 6153/7082 5235/6018 6156/7085 6154/7083
f 6156/7085 5235/6018 5234/6017 5240/6023
f 6156/7085 6157/7086 6158/7087 6154/7083
f 6156/7085 5240/6023 6159/7088 6157/7086
f 6159/7088 5240/6023 5239/6022 5245/6028
f 6159/7088 6160/7089 6161/7090 6157/7086
f 6159/7088 5245/6028 6162/7091 6160/7089
f 6162/7091 5245/6028 5244/6027 5250/6033
f 6162/7091 6163/7092 6164/7093 6160/7089
f 6162/7091 5250/6033 6165/7094 6163/7092
f 6165/7094 5250/6033 5249/6032 5255/6038
f 6165/7094 6166/7095 6167/7096 6163/7092
f 6165/7094 5255/6038 6168/7097 6166/7095
f 6168/7097 5255/6038 5254/6037 5260/6043
f 6168/7097 6169/7098 6170/7099 6166/7095
f 6168/7097 5260/6043 6171/7100 6169/7098
f 6171/7100 5260/6043 5259/6042 5265/6048
f 6171/7100 1223/7101 1222/7102 6169/7098
f 6171/7100 5265/6048 1224/7103 1223/7101
f 1224/7103 5265/6048 5264/6047 295/6053
f 1222/7102 1225/7104 6170/7099 6169/7098
f 1225/7104 1227/7105 6172/7106 6170/7099
f 1227/7105 1229/7107 6173/7108 6172/7106
f 1229/7107 1231/7109 6174/7110 6173/7108
f 1231/7109 1233/7111 6175/7112 6174/7110
f 1233/7111 1235/7113 6176/7114 6175/7112
f 1235/7113 1237/7115 6177/7116 6176/7114
f 1237/7115 1239/7117 6178/7118 6177/7116
f 1239/7117 1241/7119 6179/7120 6178/7118
f 1241/7119 1243/7121 6180/7122 6179/7120
f 1243/7121 1245/7123 6181/7124 6180/7122
f 1245/7123 1247/7125 6182/7126 6181/7124
f 1247/7125 1249/7127 6183/7128 6182/7126
f 1249/7127 1251/7129 6184/7130 6183/7128
f 1251/7129 1253/7131 6185/7132 6184/7130
f 1253/7131 1255/7133 6186/7134 6185/7132
f 1255/7133 1257/7135 6187/7136 6186/7134
f 1257/7135 1259/7137 6188/7138 6187/7136
f 1259/7137 1261/7139 6189/7140 6188/7138
f 1261/7139 1263/7141 6190/7142 6189/7140
f 1263/7141 1265/7143 6191/7144 6190/7142
f 1265/7143 1267/7145 6192/7146 6191/7144
f 1267/7145 1269/7147 6193/7148 6192/7146
f 1269/7147 1271/7149 6194/7150 6193/7148
f 1271/7149 1272/7151 5003/7152 6194/7150
f 1272/7151 1273/7153 5000/5779 5003/7152
f 1273/7153 1274/7154 5001/5780 5000/5779
f 1274/7154 1276/7155 6195/7156 5001/5780
f 1276/7155 1278/7157 6196/7158 6195/7156
f 1278/7157 1280/7159 6197/7160 6196/7158
f 1280/7159 1282/7161 6198/7162 6197/7160
f 1282/7161 1284/7163 6199/7164 6198/7162
f 6199/7164 6200/7165 6201/7166 6198/7162
f 6200/7165 6202/7167 6203/7168 6201/7166
f 6202/7167 6204/7169 6205/7170 6203/7168
f 6204/7169 6206/7171 6207/7172 6205/7170
f 6206/7171 6208/7173 6209/7174 6207/7172
f 6208/7173 6210/7175 6211/7176 6209/7174
f 6210/7177 6212/7178 6213/7179 6211/7180
f 6212/7178 6214/7181 6215/7182 6213/7179
f 6214/7181 6216/7183 6217/7184 6215/7182
f 6216/7183 6077/7003 6076/7002 6217/7184
f 6217/7184 6218/7185 6219/7186 6215/7182
f 6217/7184 6076/7002 6079/7005 6218/7185
f 6218/7185 6220/7187 6221/7188 6219/7186
f 6218/7185 6079/7005 6081/7007 6220/7187
f 6220/7187 6086/7189 6222/7190 6221/7188
f 6220/7187 6081/7007 6083/7009 6086/7189
f 6222/7190 6223/7191 6224/7192 6221/7188
f 6222/7190 6089/7193 6225/7194 6223/7191
f 6222/7190 6086/7189 6085/7012 6089/7193
f 6225/7194 6226/7195 6227/7196 6223/7191
f 6225/7194 6228/7197 6229/7198 6226/7195
f 6225/7194 6089/7193 6088/7016 6228/7197
f 6228/7197 6230/7199 6231/7200 6229/7198
f 6228/7197 6088/7016 6091/7019 6230/7199
f 6230/7199 6232/7201 6233/7202 6231/7200
f 6230/7199 6091/7019 6093/7021 6232/7201
f 6232/7201 6234/7203 6235/7204 6233/7202
f 6232/7201 6093/7021 6095/7023 6234/7203
f 6234/7203 6236/7205 6237/7206 6235/7204
f 6234/7203 6095/7023 6238/7207 6236/7205
f 6238/7207 6239/7208 6240/7209 6236/7205
f 6238/7207 6098/7210 4982/7211 6239/7208
f 6238/7207 6095/7023 6094/7022 6098/7210
f 6239/7208 6241/7212 6242/7213 6240/7209
f 6239/7208 4982/7211 4981/5759 6241/7212
f 6241/7212 6243/7214 6244/7215 6242/7213
f 6241/7212 4981/5759 4980/5758 6243/7214
f 6243/7214 6245/7216 6246/7217 6244/7215
f 6243/7214 4980/5758 6247/7218 6245/7216
f 6247/7218 6248/7219 6249/7220 6245/7216
f 6247/7218 6250/7221 6251/7222 6248/7219
f 6247/7218 4980/5758 4979/5757 6250/7221
f 6250/7221 6252/7223 6253/7224 6251/7222
f 6250/7221 4979/5757 6254/7225 6252/7223
f 6254/7225 4979/5757 4975/5756 6255/7226
f 6254/7225 6256/7227 6257/7228 6252/7223
f 6254/7225 6255/7226 6258/7229 6256/7227
f 6258/7229 6255/7226 6259/7230 6260/7231
f 6258/7229 6261/7232 6262/7233 6256/7227
f 6258/7229 6260/7231 6263/7234 6261/7232
f 6263/7234 6260/7231 6264/7235 6265/7236
f 6263/7234 6266/7237 6267/7238 6261/7232
f 6263/7234 6265/7236 6268/7239 6266/7237
f 6268/7239 6265/7236 6269/7240 6270/7241
f 6268/7239 6271/7242 6272/7243 6266/7237
f 6268/7239 6270/7241 6273/7244 6271/7242
f 6273/7244 6270/7241 6274/7245 6275/7246
f 6273/7244 6276/7247 6277/7248 6271/7242
f 6273/7244 6275/7246 6278/7249 6276/7247
f 6278/7249 6275/7246 6279/7250 6280/7251
f 6278/7249 6281/7252 6282/7253 6276/7247
f 6278/7249 6280/7251 6283/7254 6281/7252
f 6283/7254 6280/7251 6284/7255 6285/7256
f 6283/7254 6286/7257 6287/7258 6281/7252
f 6283/7254 6285/7256 6288/7259 6286/7257
f 6288/7259 6285/7256 6289/7260 6290/7261
f 6288/7259 6291/7262 6292/7263 6286/7257
f 6288/7259 6290/7261 6293/7264 6291/7262
f 6293/7264 6290/7261 6294/7265 6295/7266
f 6293/7264 6296/7267 6297/7268 6291/7262
f 6293/7264 6295/7266 6298/7269 6296/7267
f 6298/7269 6295/7266 6299/7270 6300/7271
f 6298/7269 6301/7272 6302/7273 6296/7267
f 6298/7269 6300/7271 6303/7274 6301/7272
f 6303/7274 6300/7271 6304/7275 6305/7276
f 6303/7274 6306/7277 6307/7278 6301/7272
f 6303/7274 6305/7276 6308/7279 6306/7277
f 6308/7279 6305/7276 6309/7280 6310/7281
f 6308/7279 6311/7282 6312/7283 6306/7277
f 6308/7279 6310/7281 6313/7284 6311/7282
f 6313/7284 6310/7281 6314/7285 6315/7286
f 6313/7284 6316/7287 6317/7288 6311/7282
f 6313/7284 6315/7286 6318/7289 6316/7287
f 6318/7289 6315/7286 6319/7290 6320/7291
f 6318/7289 6321/7292 6322/7293 6316/7287
f 6318/7289 6320/7291 6323/7294 6321/7292
f 6323/7294 6320/7291 6324/7295 6325/7296
f 6323/7294 6326/7297 6327/7298 6321/7292
f 6323/7294 6325/7296 6328/7299 6326/7297
f 6328/7299 6325/7296 6329/7300 6330/7301
f 6328/7299 6331/7302 6332/7303 6326/7297
f 6328/7299 6330/7301 6333/7304 6331/7302
f 6333/7304 6330/7301 6334/7305 6335/7306
f 6333/7304 6336/7307 6337/7308 6331/7302
f 6333/7304 6335/7306 6338/7309 6336/7307
f 6338/7309 6335/7306 6339/7310 6340/7311
f 6338/7309 6341/7312 6342/7313 6336/7307
f 6338/7309 6340/7311 6343/7314 6341/7312
f 6343/7314 6340/7311 6344/7315 6345/7316
f 6343/7314 6346/7317 6347/7318 6341/7312
f 6343/7314 6345/7316 6348/7319 6346/7317
f 6348/7319 6345/7316 6349/7320 6350/7321
f 6348/7319 6351/7322 6352/7323 6346/7317
f 6348/7319 6350/7321 6353/7324 6351/7322
f 6353/7324 6350/7321 6354/7325 6355/7326
f 6353/7324 6356/7327 6357/7328 6351/7322
f 6353/7324 6355/7326 6358/7329 6356/7327
f 6358/7329 6355/7326 6359/7330 6360/7331
f 6358/7329 6175/7112 6176/7114 6356/7327
f 6358/7329 6360/7331 6174/7110 6175/7112
f 6359/7332 6161/7090 6160/7089 6164/7093
f 6359/7332 6355/7326 6354/7325 6161/7090
f 6359/7332 6164/7093 6361/7333 6360/7331
f 6361/7333 6164/7093 6163/7092 6167/7096
f 6361/7333 6173/7108 6174/7110 6360/7331
f 6361/7333 6167/7096 6172/7106 6173/7108
f 6356/7327 6176/7114 6177/7116 6357/7328
f 6357/7328 6362/7334 6352/7323 6351/7322
f 6357/7328 6177/7116 6178/7118 6362/7334
f 6362/7334 6363/7335 6364/7336 6352/7323
f 6362/7334 6178/7118 6179/7120 6363/7335
f 6363/7335 6365/7337 6366/7338 6364/7336
f 6363/7335 6179/7120 6180/7122 6365/7337
f 6365/7337 6367/7339 6368/7340 6366/7338
f 6365/7337 6180/7122 6181/7124 6367/7339
f 6367/7339 6369/7341 6370/7342 6368/7340
f 6367/7339 6181/7124 6182/7126 6369/7341
f 6369/7341 6371/7343 6372/7344 6370/7342
f 6369/7341 6182/7126 6183/7128 6371/7343
f 6371/7343 6373/7345 6374/7346 6372/7344
f 6371/7343 6183/7128 6184/7130 6373/7345
f 6373/7345 6375/7347 6376/7348 6374/7346
f 6373/7345 6184/7130 6185/7132 6375/7347
f 6375/7347 6377/7349 6378/7350 6376/7348
f 6375/7347 6185/7132 6186/7134 6377/7349
f 6377/7349 6379/7351 6380/7352 6378/7350
f 6377/7349 6186/7134 6187/7136 6379/7351
f 6379/7351 6381/7353 6382/7354 6380/7352
f 6379/7351 6187/7136 6188/7138 6381/7353
f 6381/7353 6383/7355 6384/7356 6382/7354
f 6381/7353 6188/7138 6189/7140 6383/7355
f 6383/7355 6385/7357 6386/7358 6384/7356
f 6383/7355 6189/7140 6190/7142 6385/7357
f 6385/7357 6387/7359 6388/7360 6386/7358
f 6385/7357 6190/7142 6191/7144 6387/7359
f 6387/7359 6389/7361 6390/7362 6388/7360
f 6387/7359 6191/7144 6192/7146 6389/7361
f 6389/7361 6391/7363 6392/7364 6390/7362
f 6389/7361 6192/7146 6193/7148 6391/7363
f 6391/7363 6393/7365 6394/7366 6392/7364
f 6391/7363 6193/7148 6194/7150 6393/7365
f 6393/7365 4997/5775 4996/5774 6394/7366
f 6393/7365 6194/7150 5003/7152 4997/5775
f 6394/7366 6395/7367 6396/7368 6392/7364
f 6394/7366 4996/5774 6397/7369 6395/7367
f 6397/7369 6398/7370 6399/7371 6395/7367
f 6397/7369 6400/7372 6401/7373 6398/7370
f 6397/7369 4996/5774 4995/5773 6400/7372
f 6400/7372 6402/7374 6403/7375 6401/7373
f 6400/7372 4995/5773 4999/5777 6402/7374
f 6402/7374 6404/7376 6405/7377 6403/7375
f 6402/7374 4999/5777 6406/7378 6404/7376
f 6406/7378 4999/5777 4998/5776 6407/7379
f 6406/7378 6408/7380 6409/7381 6404/7376
f 6406/7378 6407/7379 6410/7382 6408/7380
f 6410/7382 6407/7379 6411/7383 6412/7384
f 6410/7382 6413/7385 6414/7386 6408/7380
f 6410/7382 6412/7384 6415/7387 6413/7385
f 6415/7387 6412/7384 6416/7388 6417/7389
f 6415/7387 6226/7390 6229/7391 6413/7385
f 6415/7387 6417/7389 6227/7392 6226/7390
f 6416/7393 6418/7394 6419/7395 6420/7396
f 6416/7388 6412/7384 6411/7383 6418/7394
f 6416/7388 6420/7396 6421/7397 6417/7389
f 6421/7397 6420/7396 6422/7398 6423/7399
f 6421/7397 6424/7400 6227/7392 6417/7389
f 6421/7397 6423/7399 6425/7401 6424/7400
f 6425/7401 6423/7399 6209/7174 6211/7176
f 6425/7402 6426/7403 6224/7404 6424/7405
f 6425/7402 6211/7180 6213/7179 6426/7403
f 6426/7403 6219/7186 6221/7188 6224/7404
f 6426/7403 6213/7179 6215/7182 6219/7186
f 6424/7405 6224/7404 6223/7191 6227/7196
f 6422/7406 6427/7407 6205/7170 6207/7172
f 6422/7398 6420/7396 6419/7395 6427/7407
f 6422/7398 6207/7172 6209/7174 6423/7399
f 6427/7407 6428/7408 6203/7168 6205/7170
f 6427/7407 6419/7395 6429/7409 6428/7408
f 6429/7409 6430/7410 6431/7411 6428/7408
f 6429/7409 6432/7412 6433/7413 6430/7410
f 6429/7409 6419/7395 6418/7394 6432/7412
f 6432/7412 5004/5783 5002/5781 6433/7413
f 6432/7412 6418/7394 6411/7383 5004/5783
f 6433/7413 6195/7156 6196/7158 6430/7410
f 6433/7413 5002/5781 5001/5780 6195/7156
f 6430/7410 6196/7158 6197/7160 6431/7411
f 6431/7411 6197/7160 6198/7162 6201/7166
f 6431/7411 6201/7166 6203/7168 6428/7408
f 6413/7385 6229/7391 6231/7414 6414/7386
f 6414/7386 6434/7415 6409/7381 6408/7380
f 6414/7386 6231/7414 6233/7416 6434/7415
f 6434/7415 6435/7417 6436/7418 6409/7381
f 6434/7415 6233/7416 6235/7419 6435/7417
f 6435/7417 6437/7420 6438/7421 6436/7418
f 6435/7417 6235/7419 6237/7422 6437/7420
f 6437/7420 6439/7423 6440/7424 6438/7421
f 6437/7420 6237/7422 6441/7425 6439/7423
f 6441/7425 6442/7426 6443/7427 6439/7423
f 6441/7428 6240/7209 6242/7213 6442/7429
f 6441/7428 6237/7206 6236/7205 6240/7209
f 6442/7426 6444/7430 6445/7431 6443/7427
f 6442/7429 6242/7213 6244/7215 6444/7432
f 6444/7430 6446/7433 6447/7434 6445/7431
f 6444/7432 6244/7215 6246/7217 6446/7435
f 6446/7433 6448/7436 6449/7437 6447/7434
f 6446/7435 6246/7217 6450/7438 6448/7439
f 6450/7438 6451/7440 6452/7441 6448/7439
f 6450/7438 6249/7442 6453/7443 6451/7440
f 6450/7438 6246/7217 6245/7216 6249/7442
f 6453/7443 6454/7444 6455/7445 6451/7440
f 6453/7443 6456/7446 6457/7447 6454/7444
f 6453/7443 6249/7442 6248/7219 6456/7446
f 6456/7446 6458/7448 6459/7449 6457/7447
f 6456/7446 6248/7219 6251/7222 6458/7448
f 6458/7448 6460/7450 6461/7451 6459/7449
f 6458/7448 6251/7222 6253/7224 6460/7450
f 6460/7450 6462/7452 6463/7453 6461/7451
f 6460/7450 6253/7224 6464/7454 6462/7452
f 6464/7454 6253/7224 6252/7223 6257/7228
f 6464/7454 6465/7455 6466/7456 6462/7452
f 6464/7454 6257/7228 6467/7457 6465/7455
f 6467/7457 6257/7228 6256/7227 6262/7233
f 6467/7457 6468/7458 6469/7459 6465/7455
f 6467/7457 6262/7233 6470/7460 6468/7458
f 6470/7460 6262/7233 6261/7232 6267/7238
f 6470/7460 6471/7461 6472/7462 6468/7458
f 6470/7460 6267/7238 6473/7463 6471/7461
f 6473/7463 6267/7238 6266/7237 6272/7243
f 6473/7463 6474/7464 6475/7465 6471/7461
f 6473/7463 6272/7243 6476/7466 6474/7464
f 6476/7466 6272/7243 6271/7242 6277/7248
f 6476/7466 6477/7467 6478/7468 6474/7464
f 6476/7466 6277/7248 6479/7469 6477/7467
f 6479/7469 6277/7248 6276/7247 6282/7253
f 6479/7469 6480/7470 6481/7471 6477/7467
f 6479/7469 6282/7253 6482/7472 6480/7470
f 6482/7472 6282/7253 6281/7252 6287/7258
f 6482/7472 6483/7473 6484/7474 6480/7470
f 6482/7472 6287/7258 6485/7475 6483/7473
f 6485/7475 6287/7258 6286/7257 6292/7263
f 6485/7475 6486/7476 6487/7477 6483/7473
f 6485/7475 6292/7263 6488/7478 6486/7476
f 6488/7478 6292/7263 6291/7262 6297/7268
f 6488/7478 6489/7479 6490/7480 6486/7476
f 6488/7478 6297/7268 6491/7481 6489/7479
f 6491/7481 6297/7268 6296/7267 6302/7273
f 6491/7481 6492/7482 6493/7483 6489/7479
f 6491/7481 6302/7273 6494/7484 6492/7482
f 6494/7484 6302/7273 6301/7272 6307/7278
f 6494/7484 6495/7485 6496/7486 6492/7482
f 6494/7484 6307/7278 6497/7487 6495/7485
f 6497/7487 6307/7278 6306/7277 6312/7283
f 6497/7487 6498/7488 6499/7489 6495/7485
f 6497/7487 6312/7283 6500/7490 6498/7488
f 6500/7490 6312/7283 6311/7282 6317/7288
f 6500/7490 6501/7491 6502/7492 6498/7488
f 6500/7490 6317/7288 6503/7493 6501/7491
f 6503/7493 6317/7288 6316/7287 6322/7293
f 6503/7493 6504/7494 6505/7495 6501/7491
f 6503/7493 6322/7293 6506/7496 6504/7494
f 6506/7496 6322/7293 6321/7292 6327/7298
f 6506/7496 6507/7497 6508/7498 6504/7494
f 6506/7496 6327/7298 6509/7499 6507/7497
f 6509/7499 6327/7298 6326/7297 6332/7303
f 6509/7499 6510/7500 6511/7501 6507/7497
f 6509/7499 6332/7303 6512/7502 6510/7500
f 6512/7502 6332/7303 6331/7302 6337/7308
f 6512/7502 6513/7503 6514/7504 6510/7500
f 6512/7502 6337/7308 6515/7505 6513/7503
f 6515/7505 6337/7308 6336/7307 6342/7313
f 6515/7505 6516/7506 6517/7507 6513/7503
f 6515/7505 6342/7313 6518/7508 6516/7506
f 6518/7508 6342/7313 6341/7312 6347/7318
f 6518/7508 6366/7338 6368/7340 6516/7506
f 6518/7508 6347/7318 6364/7336 6366/7338
f 6516/7506 6368/7340 6370/7342 6517/7507
f 6517/7507 6519/7509 6514/7504 6513/7503
f 6517/7507 6370/7342 6372/7344 6519/7509
f 6519/7509 6520/7510 6521/7511 6514/7504
f 6519/7509 6372/7344 6374/7346 6520/7510
f 6520/7510 6522/7512 6523/7513 6521/7511
f 6520/7510 6374/7346 6376/7348 6522/7512
f 6522/7512 6524/7514 6525/7515 6523/7513
f 6522/7512 6376/7348 6378/7350 6524/7514
f 6524/7514 6526/7516 6527/7517 6525/7515
f 6524/7514 6378/7350 6380/7352 6526/7516
f 6526/7516 6528/7518 6529/7519 6527/7517
f 6526/7516 6380/7352 6382/7354 6528/7518
f 6528/7518 6530/7520 6531/7521 6529/7519
f 6528/7518 6382/7354 6384/7356 6530/7520
f 6530/7520 6532/7522 6533/7523 6531/7521
f 6530/7520 6384/7356 6386/7358 6532/7522
f 6532/7522 6534/7524 6535/7525 6533/7523
f 6532/7522 6386/7358 6388/7360 6534/7524
f 6534/7524 6536/7526 6537/7527 6535/7525
f 6534/7524 6388/7360 6390/7362 6536/7526
f 6536/7526 6396/7528 6538/7529 6537/7527
f 6536/7526 6390/7362 6392/7364 6396/7528
f 6538/7529 6539/7530 6540/7531 6537/7527
f 6538/7529 6399/7532 6541/7533 6539/7530
f 6538/7529 6396/7528 6395/7367 6399/7532
f 6541/7533 6542/7534 6543/7535 6539/7530
f 6541/7533 6544/7536 6545/7537 6542/7534
f 6541/7533 6399/7532 6398/7370 6544/7536
f 6544/7536 6546/7538 6547/7539 6545/7537
f 6544/7536 6398/7370 6401/7373 6546/7538
f 6546/7538 6548/7540 6549/7541 6547/7539
f 6546/7538 6401/7373 6403/7375 6548/7540
f 6548/7540 6550/7542 6551/7543 6549/7541
f 6548/7540 6403/7375 6405/7377 6550/7542
f 6550/7542 6438/7421 6440/7424 6551/7543
f 6550/7542 6405/7377 6436/7418 6438/7421
f 6551/7543 6552/7544 5010/7545 6549/7541
f 6551/7543 6440/7424 6553/7546 6552/7544
f 6553/7546 6554/7547 6555/7548 6552/7544
f 6553/7546 6443/7427 6445/7431 6554/7547
f 6553/7546 6440/7424 6439/7423 6443/7427
f 6554/7547 6556/7549 6557/7550 6555/7548
f 6554/7547 6445/7431 6447/7434 6556/7549
f 6556/7549 6558/7551 6559/7552 6557/7550
f 6556/7549 6447/7434 6449/7437 6558/7551
f 6558/7551 6560/7553 6561/7554 6559/7552
f 6558/7551 6449/7437 6562/7555 6560/7553
f 6562/7555 6563/7556 6564/7557 6560/7553
f 6562/7555 6452/7558 6565/7559 6563/7556
f 6562/7555 6449/7437 6448/7436 6452/7558
f 6565/7559 6566/7560 6567/7561 6563/7556
f 6565/7562 6455/7563 6568/7564 6566/7565
f 6565/7562 6452/7441 6451/7440 6455/7563
f 6568/7564 6569/7566 6570/7567 6566/7565
f 6568/7564 6571/7568 6572/7569 6569/7566
f 6568/7564 6455/7563 6454/7444 6571/7568
f 6571/7568 6573/7570 6574/7571 6572/7569
f 6571/7568 6454/7444 6457/7447 6573/7570
f 6573/7570 6575/7572 6576/7573 6574/7571
f 6573/7570 6457/7447 6459/7449 6575/7572
f 6575/7572 6577/7574 6578/7575 6576/7573
f 6575/7572 6459/7449 6461/7451 6577/7574
f 6577/7574 6579/7576 6580/7577 6578/7575
f 6577/7574 6461/7451 6463/7453 6579/7576
f 6579/7576 6581/7578 6582/7579 6580/7577
f 6579/7576 6463/7453 6583/7580 6581/7578
f 6583/7580 6463/7453 6462/7452 6466/7456
f 6583/7580 6584/7581 6585/7582 6581/7578
f 6583/7580 6466/7456 6586/7583 6584/7581
f 6586/7583 6466/7456 6465/7455 6469/7459
f 6586/7583 6587/7584 6588/7585 6584/7581
f 6586/7583 6469/7459 6589/7586 6587/7584
f 6589/7586 6469/7459 6468/7458 6472/7462
f 6589/7586 6590/7587 6591/7588 6587/7584
f 6589/7586 6472/7462 6592/7589 6590/7587
f 6592/7589 6472/7462 6471/7461 6475/7465
f 6592/7589 6593/7590 6594/7591 6590/7587
f 6592/7589 6475/7465 6595/7592 6593/7590
f 6595/7592 6475/7465 6474/7464 6478/7468
f 6595/7592 6596/7593 6597/7594 6593/7590
f 6595/7592 6478/7468 6598/7595 6596/7593
f 6598/7595 6478/7468 6477/7467 6481/7471
f 6598/7595 6599/7596 6600/7597 6596/7593
f 6598/7595 6481/7471 6601/7598 6599/7596
f 6601/7598 6481/7471 6480/7470 6484/7474
f 6601/7598 6602/7599 6603/7600 6599/7596
f 6601/7598 6484/7474 6604/7601 6602/7599
f 6604/7601 6484/7474 6483/7473 6487/7477
f 6604/7601 6605/7602 6606/7603 6602/7599
f 6604/7601 6487/7477 6607/7604 6605/7602
f 6607/7604 6487/7477 6486/7476 6490/7480
f 6607/7604 6608/7605 6609/7606 6605/7602
f 6607/7604 6490/7480 6610/7607 6608/7605
f 6610/7607 6490/7480 6489/7479 6493/7483
f 6610/7607 6611/7608 6612/7609 6608/7605
f 6610/7607 6493/7483 6613/7610 6611/7608
f 6613/7610 6493/7483 6492/7482 6496/7486
f 6613/7610 6614/7611 6615/7612 6611/7608
f 6613/7610 6496/7486 6616/7613 6614/7611
f 6616/7613 6496/7486 6495/7485 6499/7489
f 6616/7613 6617/7614 6618/7615 6614/7611
f 6616/7613 6499/7489 6619/7616 6617/7614
f 6619/7616 6499/7489 6498/7488 6502/7492
f 6619/7616 6620/7617 6621/7618 6617/7614
f 6619/7616 6502/7492 6622/7619 6620/7617
f 6622/7619 6502/7492 6501/7491 6505/7495
f 6622/7619 6623/7620 6624/7621 6620/7617
f 6622/7619 6505/7495 6625/7622 6623/7620
f 6625/7622 6505/7495 6504/7494 6508/7498
f 6625/7622 6626/7623 6627/7624 6623/7620
f 6625/7622 6508/7498 6628/7625 6626/7623
f 6628/7625 6508/7498 6507/7497 6511/7501
f 6628/7625 6523/7513 6525/7515 6626/7623
f 6628/7625 6511/7501 6521/7511 6523/7513
f 6626/7623 6525/7515 6527/7517 6627/7624
f 6627/7624 6629/7626 6624/7621 6623/7620
f 6627/7624 6527/7517 6529/7519 6629/7626
f 6629/7626 6630/7627 6631/7628 6624/7621
f 6629/7626 6529/7519 6531/7521 6630/7627
f 6630/7627 6632/7629 6633/7630 6631/7628
f 6630/7627 6531/7521 6533/7523 6632/7629
f 6632/7629 6634/7631 6635/7632 6633/7630
f 6632/7629 6533/7523 6535/7525 6634/7631
f 6634/7631 6540/7633 6636/7634 6635/7632
f 6634/7631 6535/7525 6537/7527 6540/7633
f 6636/7634 6637/7635 6638/7636 6635/7632
f 6636/7634 6543/7637 6639/7638 6637/7635
f 6636/7634 6540/7633 6539/7530 6543/7637
f 6639/7638 6640/7639 6641/7640 6637/7635
f 6639/7638 6642/7641 6643/7642 6640/7639
f 6639/7638 6543/7637 6542/7534 6642/7641
f 6642/7641 5012/5792 5008/5787 6643/7642
f 6642/7641 6542/7534 6545/7537 5012/5792
f 6643/7642 6644/7643 6645/7644 6640/7639
f 6643/7642 5008/5787 5007/5786 6644/7643
f 6644/7643 6646/7645 6647/7646 6645/7644
f 6644/7643 5007/5786 6648/7647 6646/7645
f 6648/7647 6649/7648 6650/7649 6646/7645
f 6648/7647 6651/7650 6652/7651 6649/7648
f 6648/7647 5007/5786 5006/5785 6651/7650
f 6651/7650 6653/7652 6654/7653 6652/7651
f 6651/7650 5006/5785 6655/7654 6653/7652
f 6655/7654 6656/7655 6657/7656 6653/7652
f 6655/7654 6658/7657 6659/7658 6656/7655
f 6655/7654 5006/5785 5005/5784 6658/7657
f 6658/7657 6660/7659 6661/7660 6659/7658
f 6658/7657 5005/5784 5011/5791 6660/7659
f 6660/7659 6557/7550 6559/7552 6661/7660
f 6660/7659 5011/5791 6555/7548 6557/7550
f 6661/7660 6662/7661 6663/7662 6659/7658
f 6661/7660 6559/7552 6561/7554 6662/7661
f 6662/7661 6664/7663 6665/7664 6663/7662
f 6662/7661 6561/7554 6666/7665 6664/7663
f 6666/7665 6667/7666 6668/7667 6664/7663
f 6666/7665 6564/7668 6669/7669 6667/7666
f 6666/7665 6561/7554 6560/7553 6564/7668
f 6669/7669 6670/7670 6671/7671 6667/7666
f 6669/7669 6567/7672 6672/7673 6670/7670
f 6669/7669 6564/7668 6563/7556 6567/7672
f 6672/7673 6673/7674 6674/7675 6670/7670
f 6672/7673 6570/7676 6675/7677 6673/7674
f 6672/7673 6567/7672 6566/7560 6570/7676
f 6675/7677 6676/7678 6677/7679 6673/7674
f 6675/7680 6678/7681 6679/7682 6676/7683
f 6675/7680 6570/7567 6569/7566 6678/7681
f 6678/7681 6680/7684 6681/7685 6679/7682
f 6678/7681 6569/7566 6572/7569 6680/7684
f 6680/7684 6682/7686 6683/7687 6681/7685
f 6680/7684 6572/7569 6574/7571 6682/7686
f 6682/7686 6684/7688 6685/7689 6683/7687
f 6682/7686 6574/7571 6576/7573 6684/7688
f 6684/7688 6686/7690 6687/7691 6685/7689
f 6684/7688 6576/7573 6578/7575 6686/7690
f 6686/7690 6688/7692 6689/7693 6687/7691
f 6686/7690 6578/7575 6580/7577 6688/7692
f 6688/7692 6690/7694 6691/7695 6689/7693
f 6688/7692 6580/7577 6582/7579 6690/7694
f 6690/7694 6692/7696 6693/7697 6691/7695
f 6690/7694 6582/7579 6694/7698 6692/7696
f 6694/7698 6582/7579 6581/7578 6585/7582
f 6694/7698 6695/7699 6696/7700 6692/7696
f 6694/7698 6585/7582 6697/7701 6695/7699
f 6697/7701 6585/7582 6584/7581 6588/7585
f 6697/7701 6698/7702 6699/7703 6695/7699
f 6697/7701 6588/7585 6700/7704 6698/7702
f 6700/7704 6588/7585 6587/7584 6591/7588
f 6700/7704 6701/7705 6702/7706 6698/7702
f 6700/7704 6591/7588 6703/7707 6701/7705
f 6703/7707 6591/7588 6590/7587 6594/7591
f 6703/7707 6704/7708 6705/7709 6701/7705
f 6703/7707 6594/7591 6706/7710 6704/7708
f 6706/7710 6594/7591 6593/7590 6597/7594
f 6706/7710 6707/7711 6708/7712 6704/7708
f 6706/7710 6597/7594 6709/7713 6707/7711
f 6709/7713 6597/7594 6596/7593 6600/7597
f 6709/7713 6710/7714 6711/7715 6707/7711
f 6709/7713 6600/7597 6712/7716 6710/7714
f 6712/7716 6600/7597 6599/7596 6603/7600
f 6712/7716 6713/7717 6714/7718 6710/7714
f 6712/7716 6603/7600 6715/7719 6713/7717
f 6715/7719 6603/7600 6602/7599 6606/7603
f 6715/7719 6649/7648 6652/7651 6713/7717
f 6715/7719 6606/7603 6650/7649 6649/7648
f 6713/7717 6652/7651 6654/7653 6714/7718
f 6714/7718 6716/7720 6711/7715 6710/7714
f 6714/7718 6654/7653 6717/7721 6716/7720
f 6717/7721 6718/7722 6719/7723 6716/7720
f 6717/7721 6657/7724 6720/7725 6718/7722
f 6717/7721 6654/7653 6653/7652 6657/7724
f 6720/7725 6721/7726 6722/7727 6718/7722
f 6720/7725 6723/7728 6724/7729 6721/7726
f 6720/7725 6657/7724 6656/7655 6723/7728
f 6723/7728 6663/7662 6665/7664 6724/7729
f 6723/7728 6656/7655 6659/7658 6663/7662
f 6724/7729 6725/7730 6726/7731 6721/7726
f 6724/7729 6665/7664 6727/7732 6725/7730
f 6727/7732 6728/7733 6729/7734 6725/7730
f 6727/7732 6668/7735 6730/7736 6728/7733
f 6727/7732 6665/7664 6664/7663 6668/7735
f 6730/7736 6731/7737 6732/7738 6728/7733
f 6730/7736 6671/7739 6733/7740 6731/7737
f 6730/7736 6668/7735 6667/7666 6671/7739
f 6733/7740 6734/7741 6735/7742 6731/7737
f 6733/7740 6674/7743 6736/7744 6734/7741
f 6733/7740 6671/7739 6670/7670 6674/7743
f 6736/7744 6737/7745 6738/7746 6734/7741
f 6736/7744 6677/7747 6739/7748 6737/7745
f 6736/7744 6674/7743 6673/7674 6677/7747
f 6739/7748 6740/7749 6741/7750 6737/7745
f 6739/7748 6742/7751 6743/7752 6740/7749
f 6739/7748 6677/7747 6676/7678 6742/7751
f 6742/7753 6744/7754 6745/7755 6743/7756
f 6742/7753 6676/7683 6679/7682 6744/7754
f 6744/7754 6746/7757 6747/7758 6745/7755
f 6744/7754 6679/7682 6681/7685 6746/7757
f 6746/7757 6748/7759 6749/7760 6747/7758
f 6746/7757 6681/7685 6683/7687 6748/7759
f 6748/7759 6750/7761 6751/7762 6749/7760
f 6748/7759 6683/7687 6685/7689 6750/7761
f 6750/7761 6752/7763 6753/7764 6751/7762
f 6750/7761 6685/7689 6687/7691 6752/7763
f 6752/7763 6754/7765 6755/7766 6753/7764
f 6752/7763 6687/7691 6689/7693 6754/7765
f 6754/7765 6756/7767 6757/7768 6755/7766
f 6754/7765 6689/7693 6691/7695 6756/7767
f 6756/7767 6758/7769 6759/7770 6757/7768
f 6756/7767 6691/7695 6693/7697 6758/7769
f 6758/7769 6760/7771 6761/7772 6759/7770
f 6758/7769 6693/7697 6762/7773 6760/7771
f 6762/7773 6693/7697 6692/7696 6696/7700
f 6762/7773 6763/7774 6764/7775 6760/7771
f 6762/7773 6696/7700 6765/7776 6763/7774
f 6765/7776 6696/7700 6695/7699 6699/7703
f 6765/7776 6766/7777 6767/7778 6763/7774
f 6765/7776 6699/7703 6768/7779 6766/7777
f 6768/7779 6699/7703 6698/7702 6702/7706
f 6768/7779 6769/7780 6770/7781 6766/7777
f 6768/7779 6702/7706 6771/7782 6769/7780
f 6771/7782 6702/7706 6701/7705 6705/7709
f 6771/7782 6772/7783 6773/7784 6769/7780
f 6771/7782 6705/7709 6774/7785 6772/7783
f 6774/7785 6705/7709 6704/7708 6708/7712
f 6774/7785 6775/7786 6776/7787 6772/7783
f 6774/7785 6708/7712 6777/7788 6775/7786
f 6777/7788 6708/7712 6707/7711 6711/7715
f 6777/7788 6719/7789 6778/7790 6775/7786
f 6777/7788 6711/7715 6716/7720 6719/7789
f 6778/7790 6779/7791 6776/7787 6775/7786
f 6778/7790 6722/7792 6780/7793 6779/7791
f 6778/7790 6719/7789 6718/7722 6722/7792
f 6780/7793 6781/7794 6782/7795 6779/7791
f 6780/7793 6726/7796 6783/7797 6781/7794
f 6780/7793 6722/7792 6721/7726 6726/7796
f 6783/7797 6784/7798 6785/7799 6781/7794
f 6783/7797 6729/7800 6786/7801 6784/7798
f 6783/7797 6726/7796 6725/7730 6729/7800
f 6786/7801 6787/7802 6788/7803 6784/7798
f 6786/7801 6732/7804 6789/7805 6787/7802
f 6786/7801 6729/7800 6728/7733 6732/7804
f 6789/7805 6790/7806 6791/7807 6787/7802
f 6789/7805 6735/7808 6792/7809 6790/7806
f 6789/7805 6732/7804 6731/7737 6735/7808
f 6792/7809 6793/7810 6794/7811 6790/7806
f 6792/7809 6738/7812 6795/7813 6793/7810
f 6792/7809 6735/7808 6734/7741 6738/7812
f 6795/7813 6796/7814 6797/7815 6793/7810
f 6795/7813 6741/7816 6798/7817 6796/7814
f 6795/7813 6738/7812 6737/7745 6741/7816
f 6798/7817 6799/7818 6800/7819 6796/7814
f 6798/7817 6801/7820 6802/7821 6799/7818
f 6798/7817 6741/7816 6740/7749 6801/7820
f 6801/7820 6803/7822 6804/7823 6802/7821
f 6801/7820 6740/7749 6743/7752 6803/7822
f 6803/7824 6805/7825 6806/7826 6804/7827
f 6803/7824 6743/7756 6745/7755 6805/7825
f 6805/7825 6807/7828 6808/7829 6806/7826
f 6805/7825 6745/7755 6747/7758 6807/7828
f 6807/7828 6809/7830 6810/7831 6808/7829
f 6807/7828 6747/7758 6749/7760 6809/7830
f 6809/7830 6811/7832 6812/7833 6810/7831
f 6809/7830 6749/7760 6751/7762 6811/7832
f 6811/7832 6813/7834 6814/7835 6812/7833
f 6811/7832 6751/7762 6753/7764 6813/7834
f 6813/7834 6815/7836 6816/7837 6814/7835
f 6813/7834 6753/7764 6755/7766 6815/7836
f 6815/7836 6817/7838 6818/7839 6816/7837
f 6815/7836 6755/7766 6757/7768 6817/7838
f 6817/7838 6819/7840 6820/7841 6818/7839
f 6817/7838 6757/7768 6759/7770 6819/7840
f 6819/7840 6821/7842 6822/7843 6820/7841
f 6819/7840 6759/7770 6761/7772 6821/7842
f 6821/7842 6823/7844 6824/7845 6822/7843
f 6821/7842 6761/7772 6825/7846 6823/7844
f 6825/7846 6761/7772 6760/7771 6764/7775
f 6825/7846 6826/7847 6827/7848 6823/7844
f 6825/7846 6764/7775 6828/7849 6826/7847
f 6828/7849 6764/7775 6763/7774 6767/7778
f 6828/7849 6829/7850 6830/7851 6826/7847
f 6828/7849 6767/7778 6831/7852 6829/7850
f 6831/7852 6767/7778 6766/7777 6770/7781
f 6831/7852 6832/7853 6833/7854 6829/7850
f 6831/7852 6770/7781 6834/7855 6832/7853
f 6834/7855 6770/7781 6769/7780 6773/7784
f 6834/7855 6835/7856 6836/7857 6832/7853
f 6834/7855 6773/7784 6837/7858 6835/7856
f 6837/7858 6773/7784 6772/7783 6776/7787
f 6837/7858 6782/7859 6838/7860 6835/7856
f 6837/7858 6776/7787 6779/7791 6782/7859
f 6838/7860 6839/7861 6836/7857 6835/7856
f 6838/7860 6785/7862 6840/7863 6839/7861
f 6838/7860 6782/7859 6781/7794 6785/7862
f 6840/7863 6841/7864 6842/7865 6839/7861
f 6840/7863 6788/7866 6843/7867 6841/7864
f 6840/7863 6785/7862 6784/7798 6788/7866
f 6843/7867 6844/7868 6845/7869 6841/7864
f 6843/7867 6791/7870 6846/7871 6844/7868
f 6843/7867 6788/7866 6787/7802 6791/7870
f 6846/7871 6847/7872 6848/7873 6844/7868
f 6846/7871 6794/7874 6849/7875 6847/7872
f 6846/7871 6791/7870 6790/7806 6794/7874
f 6849/7875 6850/7876 6851/7877 6847/7872
f 6849/7875 6797/7878 6852/7879 6850/7876
f 6849/7875 6794/7874 6793/7810 6797/7878
f 6852/7879 6853/7880 6854/7881 6850/7876
f 6852/7879 6800/7882 6855/7883 6853/7880
f 6852/7879 6797/7878 6796/7814 6800/7882
f 6855/7883 6856/7884 6857/7885 6853/7880
f 6855/7883 6858/7886 6859/7887 6856/7884
f 6855/7883 6800/7882 6799/7818 6858/7886
f 6858/7886 6860/7888 6861/7889 6859/7887
f 6858/7886 6799/7818 6802/7821 6860/7888
f 6860/7888 6862/7890 6863/7891 6861/7889
f 6860/7888 6802/7821 6804/7823 6862/7890
f 6862/7892 6864/7893 6865/7894 6863/7895
f 6862/7892 6804/7827 6806/7826 6864/7893
f 6864/7893 6866/7896 6867/7897 6865/7894
f 6864/7893 6806/7826 6808/7829 6866/7896
f 6866/7896 6868/7898 6869/7899 6867/7897
f 6866/7896 6808/7829 6810/7831 6868/7898
f 6868/7898 6870/7900 6871/7901 6869/7899
f 6868/7898 6810/7831 6812/7833 6870/7900
f 6870/7900 6872/7902 6873/7903 6871/7901
f 6870/7900 6812/7833 6814/7835 6872/7902
f 6872/7902 6874/7904 6875/7905 6873/7903
f 6872/7902 6814/7835 6816/7837 6874/7904
f 6874/7904 6876/7906 6877/7907 6875/7905
f 6874/7904 6816/7837 6818/7839 6876/7906
f 6876/7906 6878/7908 6879/7909 6877/7907
f 6876/7906 6818/7839 6820/7841 6878/7908
f 6878/7908 6880/7910 6881/7911 6879/7909
f 6878/7908 6820/7841 6822/7843 6880/7910
f 6880/7910 6882/7912 6883/7913 6881/7911
f 6880/7910 6822/7843 6824/7845 6882/7912
f 6882/7912 6884/7914 6885/7915 6883/7913
f 6882/7912 6824/7845 6886/7916 6884/7914
f 6886/7916 6824/7845 6823/7844 6827/7848
f 6886/7916 6887/7917 6888/7918 6884/7914
f 6886/7916 6827/7848 6889/7919 6887/7917
f 6889/7919 6827/7848 6826/7847 6830/7851
f 6889/7919 6890/7920 6891/7921 6887/7917
f 6889/7919 6830/7851 6892/7922 6890/7920
f 6892/7922 6830/7851 6829/7850 6833/7854
f 6892/7922 6893/7923 6894/7924 6890/7920
f 6892/7922 6833/7854 6895/7925 6893/7923
f 6895/7925 6833/7854 6832/7853 6836/7857
f 6895/7925 6842/7926 6896/7927 6893/7923
f 6895/7925 6836/7857 6839/7861 6842/7926
f 6896/7927 6897/7928 6894/7924 6893/7923
f 6896/7927 6845/7929 6898/7930 6897/7928
f 6896/7927 6842/7926 6841/7864 6845/7929
f 6898/7930 6899/7931 6900/7932 6897/7928
f 6898/7930 6848/7933 6901/7934 6899/7931
f 6898/7930 6845/7929 6844/7868 6848/7933
f 6901/7934 6902/7935 6903/7936 6899/7931
f 6901/7934 6851/7937 6904/7938 6902/7935
f 6901/7934 6848/7933 6847/7872 6851/7937
f 6904/7938 6905/7939 6906/7940 6902/7935
f 6904/7938 6854/7941 6907/7942 6905/7939
f 6904/7938 6851/7937 6850/7876 6854/7941
f 6907/7942 6908/7943 6909/7944 6905/7939
f 6907/7942 6857/7945 6910/7946 6908/7943
f 6907/7942 6854/7941 6853/7880 6857/7945
f 6910/7946 6911/7947 6912/7948 6908/7943
f 6910/7946 6913/7949 6914/7950 6911/7947
f 6910/7946 6857/7945 6856/7884 6913/7949
f 6913/7949 6915/7951 6916/7952 6914/7950
f 6913/7949 6856/7884 6859/7887 6915/7951
f 6915/7951 6917/7953 6918/7954 6916/7952
f 6915/7951 6859/7887 6861/7889 6917/7953
f 6917/7953 6919/7955 6920/7956 6918/7954
f 6917/7953 6861/7889 6863/7891 6919/7955
f 6919/7957 6921/7958 6922/7959 6920/7960
f 6919/7957 6863/7895 6865/7894 6921/7958
f 6921/7958 6923/7961 6924/7962 6922/7959
f 6921/7958 6865/7894 6867/7897 6923/7961
f 6923/7961 6925/7963 6926/7964 6924/7962
f 6923/7961 6867/7897 6869/7899 6925/7963
f 6925/7963 6927/7965 6928/7966 6926/7964
f 6925/7963 6869/7899 6871/7901 6927/7965
f 6927/7965 6929/7967 6930/7968 6928/7966
f 6927/7965 6871/7901 6873/7903 6929/7967
f 6929/7967 6931/7969 6932/7970 6930/7968
f 6929/7967 6873/7903 6875/7905 6931/7969
f 6931/7969 6933/7971 6934/7972 6932/7970
f 6931/7969 6875/7905 6877/7907 6933/7971
f 6933/7971 6935/7973 6936/7974 6934/7972
f 6933/7971 6877/7907 6879/7909 6935/7973
f 6935/7973 6937/7975 6938/7976 6936/7974
f 6935/7973 6879/7909 6881/7911 6937/7975
f 6937/7975 6939/7977 6940/7978 6938/7976
f 6937/7975 6881/7911 6883/7913 6939/7977
f 6939/7977 6941/7979 6942/7980 6940/7978
f 6939/7977 6883/7913 6885/7915 6941/7979
f 6941/7979 6943/7981 6944/7982 6942/7980
f 6941/7979 6885/7915 6945/7983 6943/7981
f 6945/7983 6885/7915 6884/7914 6888/7918
f 6945/7983 6946/7984 6947/7985 6943/7981
f 6945/7983 6888/7918 6948/7986 6946/7984
f 6948/7986 6888/7918 6887/7917 6891/7921
f 6948/7986 6949/7987 6950/7988 6946/7984
f 6948/7986 6891/7921 6951/7989 6949/7987
f 6951/7989 6891/7921 6890/7920 6894/7924
f 6951/7989 6900/7990 6952/7991 6949/7987
f 6951/7989 6894/7924 6897/7928 6900/7990
f 6952/7991 6953/7992 6950/7988 6949/7987
f 6952/7991 6903/7993 6954/7994 6953/7992
f 6952/7991 6900/7990 6899/7931 6903/7993
f 6954/7994 6955/7995 6956/7996 6953/7992
f 6954/7994 6906/7997 6957/7998 6955/7995
f 6954/7994 6903/7993 6902/7935 6906/7997
f 6957/7998 6958/7999 6959/8000 6955/7995
f 6957/7998 6909/8001 6960/8002 6958/7999
f 6957/7998 6906/7997 6905/7939 6909/8001
f 6960/8002 6961/8003 6962/8004 6958/7999
f 6960/8002 6912/8005 6963/8006 6961/8003
f 6960/8002 6909/8001 6908/7943 6912/8005
f 6963/8006 6964/8007 6965/8008 6961/8003
f 6963/8006 6966/8009 6967/8010 6964/8007
f 6963/8006 6912/8005 6911/7947 6966/8009
f 6966/8009 6968/8011 6969/8012 6967/8010
f 6966/8009 6911/7947 6914/7950 6968/8011
f 6968/8011 6970/8013 6971/8014 6969/8012
f 6968/8011 6914/7950 6916/7952 6970/8013
f 6970/8013 6972/8015 6973/8016 6971/8014
f 6970/8013 6916/7952 6918/7954 6972/8015
f 6972/8015 6974/8017 6975/8018 6973/8016
f 6972/8015 6918/7954 6920/7956 6974/8017
f 6974/8019 6976/8020 6977/8021 6975/8022
f 6974/8019 6920/7960 6922/7959 6976/8020
f 6976/8020 6978/8023 6979/8024 6977/8021
f 6976/8020 6922/7959 6924/7962 6978/8023
f 6978/8023 6980/8025 6981/8026 6979/8024
f 6978/8023 6924/7962 6926/7964 6980/8025
f 6980/8025 6982/8027 6983/8028 6981/8026
f 6980/8025 6926/7964 6928/7966 6982/8027
f 6982/8027 6984/8029 6985/8030 6983/8028
f 6982/8027 6928/7966 6930/7968 6984/8029
f 6984/8029 6986/8031 6987/8032 6985/8030
f 6984/8029 6930/7968 6932/7970 6986/8031
f 6986/8031 6988/8033 6989/8034 6987/8032
f 6986/8031 6932/7970 6934/7972 6988/8033
f 6988/8033 6990/8035 6991/8036 6989/8034
f 6988/8033 6934/7972 6936/7974 6990/8035
f 6990/8035 6992/8037 6993/8038 6991/8036
f 6990/8035 6936/7974 6938/7976 6992/8037
f 6992/8037 6994/8039 6995/8040 6993/8038
f 6992/8037 6938/7976 6940/7978 6994/8039
f 6994/8039 6996/8041 6997/8042 6995/8040
f 6994/8039 6940/7978 6942/7980 6996/8041
f 6996/8041 6998/8043 6999/8044 6997/8042
f 6996/8041 6942/7980 6944/7982 6998/8043
f 6998/8043 7000/8045 7001/8046 6999/8044
f 6998/8043 6944/7982 7002/8047 7000/8045
f 7002/8047 6944/7982 6943/7981 6947/7985
f 7002/8047 7003/8048 7004/8049 7000/8045
f 7002/8047 6947/7985 7005/8050 7003/8048
f 7005/8050 6947/7985 6946/7984 6950/7988
f 7005/8050 6956/8051 7006/8052 7003/8048
f 7005/8050 6950/7988 6953/7992 6956/8051
f 7006/8052 7007/8053 7004/8049 7003/8048
f 7006/8052 6959/8054 7008/8055 7007/8053
f 7006/8052 6956/8051 6955/7995 6959/8054
f 7008/8055 7009/8056 7010/8057 7007/8053
f 7008/8055 6962/8058 7011/8059 7009/8056
f 7008/8055 6959/8054 6958/7999 6962/8058
f 7011/8059 7012/8060 7013/8061 7009/8056
f 7011/8059 6965/8062 7014/8063 7012/8060
f 7011/8059 6962/8058 6961/8003 6965/8062
f 7014/8063 7015/8064 7016/8065 7012/8060
f 7014/8063 7017/8066 7018/8067 7015/8064
f 7014/8063 6965/8062 6964/8007 7017/8066
f 7017/8066 7019/8068 7020/8069 7018/8067
f 7017/8066 6964/8007 6967/8010 7019/8068
f 7019/8068 7021/8070 7022/8071 7020/8069
f 7019/8068 6967/8010 6969/8012 7021/8070
f 7021/8070 7023/8072 7024/8073 7022/8071
f 7021/8070 6969/8012 6971/8014 7023/8072
f 7023/8072 7025/8074 7026/8075 7024/8073
f 7023/8072 6971/8014 6973/8016 7025/8074
f 7025/8074 7027/8076 7028/8077 7026/8075
f 7025/8074 6973/8016 6975/8018 7027/8076
f 7027/8078 7029/8079 7030/8080 7028/8081
f 7027/8078 6975/8022 6977/8021 7029/8079
f 7029/8079 7031/8082 7032/8083 7030/8080
f 7029/8079 6977/8021 6979/8024 7031/8082
f 7031/8082 7033/8084 7034/8085 7032/8083
f 7031/8082 6979/8024 6981/8026 7033/8084
f 7033/8084 7035/8086 7036/8087 7034/8085
f 7033/8084 6981/8026 6983/8028 7035/8086
f 7035/8086 7037/8088 7038/8089 7036/8087
f 7035/8086 6983/8028 6985/8030 7037/8088
f 7037/8088 7039/8090 7040/8091 7038/8089
f 7037/8088 6985/8030 6987/8032 7039/8090
f 7039/8090 7041/8092 7042/8093 7040/8091
f 7039/8090 6987/8032 6989/8034 7041/8092
f 7041/8092 7043/8094 7044/8095 7042/8093
f 7041/8092 6989/8034 6991/8036 7043/8094
f 7043/8094 7045/8096 7046/8097 7044/8095
f 7043/8094 6991/8036 6993/8038 7045/8096
f 7045/8096 7047/8098 7048/8099 7046/8097
f 7045/8096 6993/8038 6995/8040 7047/8098
f 7047/8098 7049/8100 7050/8101 7048/8099
f 7047/8098 6995/8040 6997/8042 7049/8100
f 7049/8100 7051/8102 7052/8103 7050/8101
f 7049/8100 6997/8042 6999/8044 7051/8102
f 7051/8102 7053/8104 7054/8105 7052/8103
f 7051/8102 6999/8044 7001/8046 7053/8104
f 7053/8104 7055/8106 7056/8107 7054/8105
f 7053/8104 7001/8046 7057/8108 7055/8106
f 7057/8108 7001/8046 7000/8045 7004/8049
f 7057/8108 7010/8109 7058/8110 7055/8106
f 7057/8108 7004/8049 7007/8053 7010/8109
f 7058/8110 7059/8111 7056/8107 7055/8106
f 7058/8110 7013/8112 7060/8113 7059/8111
f 7058/8110 7010/8109 7009/8056 7013/8112
f 7060/8113 7061/8114 7062/8115 7059/8111
f 7060/8113 7016/8116 7063/8117 7061/8114
f 7060/8113 7013/8112 7012/8060 7016/8116
f 7063/8117 7064/8118 7065/8119 7061/8114
f 7063/8117 7066/8120 7067/8121 7064/8118
f 7063/8117 7016/8116 7015/8064 7066/8120
f 7066/8120 7068/8122 7069/8123 7067/8121
f 7066/8120 7015/8064 7018/8067 7068/8122
f 7068/8122 7070/8124 7071/8125 7069/8123
f 7068/8122 7018/8067 7020/8069 7070/8124
f 7070/8124 7072/8126 7073/8127 7071/8125
f 7070/8124 7020/8069 7022/8071 7072/8126
f 7072/8126 7074/8128 7075/8129 7073/8127
f 7072/8126 7022/8071 7024/8073 7074/8128
f 7074/8128 7076/8130 7077/8131 7075/8129
f 7074/8128 7024/8073 7026/8075 7076/8130
f 7076/8130 7078/8132 7079/8133 7077/8131
f 7076/8130 7026/8075 7028/8077 7078/8132
f 7078/8134 7080/8135 7081/8136 7079/8137
f 7078/8134 7028/8081 7030/8080 7080/8135
f 7080/8135 7082/8138 7083/8139 7081/8136
f 7080/8135 7030/8080 7032/8083 7082/8138
f 7082/8138 7084/8140 7085/8141 7083/8139
f 7082/8138 7032/8083 7034/8085 7084/8140
f 7084/8140 7086/8142 7087/8143 7085/8141
f 7084/8140 7034/8085 7036/8087 7086/8142
f 7086/8142 7088/8144 7089/8145 7087/8143
f 7086/8142 7036/8087 7038/8089 7088/8144
f 7088/8144 7090/8146 7091/8147 7089/8145
f 7088/8144 7038/8089 7040/8091 7090/8146
f 7090/8146 7092/8148 7093/8149 7091/8147
f 7090/8146 7040/8091 7042/8093 7092/8148
f 7092/8148 7094/8150 7095/8151 7093/8149
f 7092/8148 7042/8093 7044/8095 7094/8150
f 7094/8150 7096/8152 7097/8153 7095/8151
f 7094/8150 7044/8095 7046/8097 7096/8152
f 7096/8152 7098/8154 7099/8155 7097/8153
f 7096/8152 7046/8097 7048/8099 7098/8154
f 7098/8154 7100/8156 7101/8157 7099/8155
f 7098/8154 7048/8099 7050/8101 7100/8156
f 7100/8156 7102/8158 7103/8159 7101/8157
f 7100/8156 7050/8101 7052/8103 7102/8158
f 7102/8158 7104/8160 7105/8161 7103/8159
f 7102/8158 7052/8103 7054/8105 7104/8160
f 7104/8160 7106/8162 7107/8163 7105/8161
f 7104/8160 7054/8105 7056/8107 7106/8162
f 7106/8162 7062/8164 7108/8165 7107/8163
f 7106/8162 7056/8107 7059/8111 7062/8164
f 7108/8165 7109/8166 7110/8167 7107/8163
f 7108/8165 7065/8168 7111/8169 7109/8166
f 7108/8165 7062/8164 7061/8114 7065/8168
f 7111/8169 7112/8170 7113/8171 7109/8166
f 7111/8169 7114/8172 7115/8173 7112/8170
f 7111/8169 7065/8168 7064/8118 7114/8172
f 7114/8172 7116/8174 7117/8175 7115/8173
f 7114/8172 7064/8118 7067/8121 7116/8174
f 7116/8174 7118/8176 7119/8177 7117/8175
f 7116/8174 7067/8121 7069/8123 7118/8176
f 7118/8176 7120/8178 7121/8179 7119/8177
f 7118/8176 7069/8123 7071/8125 7120/8178
f 7120/8178 7122/8180 7123/8181 7121/8179
f 7120/8178 7071/8125 7073/8127 7122/8180
f 7122/8180 7124/8182 7125/8183 7123/8181
f 7122/8180 7073/8127 7075/8129 7124/8182
f 7124/8182 7126/8184 7127/8185 7125/8183
f 7124/8182 7075/8129 7077/8131 7126/8184
f 7126/8184 7128/8186 7129/8187 7127/8185
f 7126/8184 7077/8131 7079/8133 7128/8186
f 7128/8188 7130/8189 7131/8190 7129/8191
f 7128/8188 7079/8137 7081/8136 7130/8189
f 7130/8189 7132/8192 7133/8193 7131/8190
f 7130/8189 7081/8136 7083/8139 7132/8192
f 7132/8192 7134/8194 7135/8195 7133/8193
f 7132/8192 7083/8139 7085/8141 7134/8194
f 7134/8194 7136/8196 7137/8197 7135/8195
f 7134/8194 7085/8141 7087/8143 7136/8196
f 7136/8196 7138/8198 7139/8199 7137/8197
f 7136/8196 7087/8143 7089/8145 7138/8198
f 7138/8198 7140/8200 7141/8201 7139/8199
f 7138/8198 7089/8145 7091/8147 7140/8200
f 7140/8200 7142/8202 7143/8203 7141/8201
f 7140/8200 7091/8147 7093/8149 7142/8202
f 7142/8202 7144/8204 7145/8205 7143/8203
f 7142/8202 7093/8149 7095/8151 7144/8204
f 7144/8204 7146/8206 7147/8207 7145/8205
f 7144/8204 7095/8151 7097/8153 7146/8206
f 7146/8206 7148/8208 7149/8209 7147/8207
f 7146/8206 7097/8153 7099/8155 7148/8208
f 7148/8208 7150/8210 7151/8211 7149/8209
f 7148/8208 7099/8155 7101/8157 7150/8210
f 7150/8210 7152/8212 7153/8213 7151/8211
f 7150/8210 7101/8157 7103/8159 7152/8212
f 7152/8212 7154/8214 7155/8215 7153/8213
f 7152/8212 7103/8159 7105/8161 7154/8214
f 7154/8214 7110/8216 7156/8217 7155/8215
f 7154/8214 7105/8161 7107/8163 7110/8216
f 7156/8217 7157/8218 7158/8219 7155/8215
f 7156/8217 7113/8220 7159/8221 7157/8218
f 7156/8217 7110/8216 7109/8166 7113/8220
f 7159/8221 7160/8222 7161/8223 7157/8218
f 7159/8221 7162/8224 7163/8225 7160/8222
f 7159/8221 7113/8220 7112/8170 7162/8224
f 7162/8224 7164/8226 7165/8227 7163/8225
f 7162/8224 7112/8170 7115/8173 7164/8226
f 7164/8226 7166/8228 7167/8229 7165/8227
f 7164/8226 7115/8173 7117/8175 7166/8228
f 7166/8228 7168/8230 7169/8231 7167/8229
f 7166/8228 7117/8175 7119/8177 7168/8230
f 7168/8230 7170/8232 7171/8233 7169/8231
f 7168/8230 7119/8177 7121/8179 7170/8232
f 7170/8232 7172/8234 7173/8235 7171/8233
f 7170/8232 7121/8179 7123/8181 7172/8234
f 7172/8234 7174/8236 7175/8237 7173/8235
f 7172/8234 7123/8181 7125/8183 7174/8236
f 7174/8236 7176/8238 7177/8239 7175/8237
f 7174/8236 7125/8183 7127/8185 7176/8238
f 7176/8238 7178/8240 7179/8241 7177/8239
f 7176/8238 7127/8185 7129/8187 7178/8240
f 7178/8242 7180/8243 7181/8244 7179/8245
f 7178/8242 7129/8191 7131/8190 7180/8243
f 7180/8243 7182/8246 7183/8247 7181/8244
f 7180/8243 7131/8190 7133/8193 7182/8246
f 7182/8246 7184/8248 7185/8249 7183/8247
f 7182/8246 7133/8193 7135/8195 7184/8248
f 7184/8248 7186/8250 7187/8251 7185/8249
f 7184/8248 7135/8195 7137/8197 7186/8250
f 7186/8250 7188/8252 7189/8253 7187/8251
f 7186/8250 7137/8197 7139/8199 7188/8252
f 7188/8252 7190/8254 7191/8255 7189/8253
f 7188/8252 7139/8199 7141/8201 7190/8254
f 7190/8254 7192/8256 7193/8257 7191/8255
f 7190/8254 7141/8201 7143/8203 7192/8256
f 7192/8256 7194/8258 7195/8259 7193/8257
f 7192/8256 7143/8203 7145/8205 7194/8258
f 7194/8258 7196/8260 7197/8261 7195/8259
f 7194/8258 7145/8205 7147/8207 7196/8260
f 7196/8260 7198/8262 7199/8263 7197/8261
f 7196/8260 7147/8207 7149/8209 7198/8262
f 7198/8262 7200/8264 7201/8265 7199/8263
f 7198/8262 7149/8209 7151/8211 7200/8264
f 7200/8264 7202/8266 7203/8267 7201/8265
f 7200/8264 7151/8211 7153/8213 7202/8266
f 7202/8266 7158/8268 7204/8269 7203/8267
f 7202/8266 7153/8213 7155/8215 7158/8268
f 7204/8269 7205/8270 7206/8271 7203/8267
f 7204/8269 7161/8272 7207/8273 7205/8270
f 7204/8269 7158/8268 7157/8218 7161/8272
f 7207/8273 7208/8274 7209/8275 7205/8270
f 7207/8273 7210/8276 7211/8277 7208/8274
f 7207/8273 7161/8272 7160/8222 7210/8276
f 7210/8276 7212/8278 7213/8279 7211/8277
f 7210/8276 7160/8222 7163/8225 7212/8278
f 7212/8278 7214/8280 7215/8281 7213/8279
f 7212/8278 7163/8225 7165/8227 7214/8280
f 7214/8280 7216/8282 7217/8283 7215/8281
f 7214/8280 7165/8227 7167/8229 7216/8282
f 7216/8282 7218/8284 7219/8285 7217/8283
f 7216/8282 7167/8229 7169/8231 7218/8284
f 7218/8284 7220/8286 7221/8287 7219/8285
f 7218/8284 7169/8231 7171/8233 7220/8286
f 7220/8286 7222/8288 7223/8289 7221/8287
f 7220/8286 7171/8233 7173/8235 7222/8288
f 7222/8288 7224/8290 7225/8291 7223/8289
f 7222/8288 7173/8235 7175/8237 7224/8290
f 7224/8290 7226/8292 7227/8293 7225/8291
f 7224/8290 7175/8237 7177/8239 7226/8292
f 7226/8292 7228/8294 7229/8295 7227/8293
f 7226/8292 7177/8239 7179/8241 7228/8294
f 7228/8296 7230/8297 7231/8298 7229/8299
f 7228/8296 7179/8245 7181/8244 7230/8297
f 7230/8297 7232/8300 7233/8301 7231/8298
f 7230/8297 7181/8244 7183/8247 7232/8300
f 7232/8300 7234/8302 7235/8303 7233/8301
f 7232/8300 7183/8247 7185/8249 7234/8302
f 7234/8302 7236/8304 7237/8305 7235/8303
f 7234/8302 7185/8249 7187/8251 7236/8304
f 7236/8304 7238/8306 7239/8307 7237/8305
f 7236/8304 7187/8251 7189/8253 7238/8306
f 7238/8306 7240/8308 7241/8309 7239/8307
f 7238/8306 7189/8253 7191/8255 7240/8308
f 7240/8308 7242/8310 7243/8311 7241/8309
f 7240/8308 7191/8255 7193/8257 7242/8310
f 7242/8310 7244/8312 7245/8313 7243/8311
f 7242/8310 7193/8257 7195/8259 7244/8312
f 7244/8312 7246/8314 7247/8315 7245/8313
f 7244/8312 7195/8259 7197/8261 7246/8314
f 7246/8314 7248/8316 7249/8317 7247/8315
f 7246/8314 7197/8261 7199/8263 7248/8316
f 7248/8316 7250/8318 7251/8319 7249/8317
f 7248/8316 7199/8263 7201/8265 7250/8318
f 7250/8318 7206/8320 7252/8321 7251/8319
f 7250/8318 7201/8265 7203/8267 7206/8320
f 7252/8321 7253/8322 7254/8323 7251/8319
f 7252/8321 7209/8324 7255/8325 7253/8322
f 7252/8321 7206/8320 7205/8270 7209/8324
f 7255/8325 7256/8326 7257/8327 7253/8322
f 7255/8325 7258/8328 7259/8329 7256/8326
f 7255/8325 7209/8324 7208/8274 7258/8328
f 7258/8328 7260/8330 7261/8331 7259/8329
f 7258/8328 7208/8274 7211/8277 7260/8330
f 7260/8330 7262/8332 7263/8333 7261/8331
f 7260/8330 7211/8277 7213/8279 7262/8332
f 7262/8332 7264/8334 7265/8335 7263/8333
f 7262/8332 7213/8279 7215/8281 7264/8334
f 7264/8334 7266/8336 7267/8337 7265/8335
f 7264/8334 7215/8281 7217/8283 7266/8336
f 7266/8336 7268/8338 7269/8339 7267/8337
f 7266/8336 7217/8283 7219/8285 7268/8338
f 7268/8338 7270/8340 7271/8341 7269/8339
f 7268/8338 7219/8285 7221/8287 7270/8340
f 7270/8340 7272/8342 7273/8343 7271/8341
f 7270/8340 7221/8287 7223/8289 7272/8342
f 7272/8342 7274/8344 7275/8345 7273/8343
f 7272/8342 7223/8289 7225/8291 7274/8344
f 7274/8344 7276/8346 7277/8347 7275/8345
f 7274/8344 7225/8291 7227/8293 7276/8346
f 7276/8346 7278/8348 7279/8349 7277/8347
f 7276/8346 7227/8293 7229/8295 7278/8348
f 7278/8350 7280/8351 7281/8352 7279/8353
f 7278/8350 7229/8299 7231/8298 7280/8351
f 7280/8351 7282/8354 7283/8355 7281/8352
f 7280/8351 7231/8298 7233/8301 7282/8354
f 7282/8354 7284/8356 7285/8357 7283/8355
f 7282/8354 7233/8301 7235/8303 7284/8356
f 7284/8356 7286/8358 7287/8359 7285/8357
f 7284/8356 7235/8303 7237/8305 7286/8358
f 7286/8358 7288/8360 7289/8361 7287/8359
f 7286/8358 7237/8305 7239/8307 7288/8360
f 7288/8360 7290/8362 7291/8363 7289/8361
f 7288/8360 7239/8307 7241/8309 7290/8362
f 7290/8362 7292/8364 7293/8365 7291/8363
f 7290/8362 7241/8309 7243/8311 7292/8364
f 7292/8364 7294/8366 7295/8367 7293/8365
f 7292/8364 7243/8311 7245/8313 7294/8366
f 7294/8366 7296/8368 7297/8369 7295/8367
f 7294/8366 7245/8313 7247/8315 7296/8368
f 7296/8368 7298/8370 7299/8371 7297/8369
f 7296/8368 7247/8315 7249/8317 7298/8370
f 7298/8370 7254/8372 7300/8373 7299/8371
f 7298/8370 7249/8317 7251/8319 7254/8372
f 7300/8373 7301/8374 7302/8375 7299/8371
f 7300/8373 7257/8376 7303/8377 7301/8374
f 7300/8373 7254/8372 7253/8322 7257/8376
f 7303/8377 7304/8378 7305/8379 7301/8374
f 7303/8377 7306/8380 7307/8381 7304/8378
f 7303/8377 7257/8376 7256/8326 7306/8380
f 7306/8380 7308/8382 7309/8383 7307/8381
f 7306/8380 7256/8326 7259/8329 7308/8382
f 7308/8382 7310/8384 7311/8385 7309/8383
f 7308/8382 7259/8329 7261/8331 7310/8384
f 7310/8384 7312/8386 7313/8387 7311/8385
f 7310/8384 7261/8331 7263/8333 7312/8386
f 7312/8386 7314/8388 7315/8389 7313/8387
f 7312/8386 7263/8333 7265/8335 7314/8388
f 7314/8388 7316/8390 7317/8391 7315/8389
f 7314/8388 7265/8335 7267/8337 7316/8390
f 7316/8390 7318/8392 7319/8393 7317/8391
f 7316/8390 7267/8337 7269/8339 7318/8392
f 7318/8392 7320/8394 7321/8395 7319/8393
f 7318/8392 7269/8339 7271/8341 7320/8394
f 7320/8394 7322/8396 7323/8397 7321/8395
f 7320/8394 7271/8341 7273/8343 7322/8396
f 7322/8396 7324/8398 7325/8399 7323/8397
f 7322/8396 7273/8343 7275/8345 7324/8398
f 7324/8398 7326/8400 7327/8401 7325/8399
f 7324/8398 7275/8345 7277/8347 7326/8400
f 7326/8400 7328/8402 7329/8403 7327/8401
f 7326/8400 7277/8347 7279/8349 7328/8402
f 7328/8404 7330/8405 7331/8406 7329/8407
f 7328/8404 7279/8353 7281/8352 7330/8405
f 7330/8405 7332/8408 7333/8409 7331/8406
f 7330/8405 7281/8352 7283/8355 7332/8408
f 7332/8408 7334/8410 7335/8411 7333/8409
f 7332/8408 7283/8355 7285/8357 7334/8410
f 7334/8410 7336/8412 7337/8413 7335/8411
f 7334/8410 7285/8357 7287/8359 7336/8412
f 7336/8412 7338/8414 7339/8415 7337/8413
f 7336/8412 7287/8359 7289/8361 7338/8414
f 7338/8414 7340/8416 7341/8417 7339/8415
f 7338/8414 7289/8361 7291/8363 7340/8416
f 7340/8416 7342/8418 7343/8419 7341/8417
f 7340/8416 7291/8363 7293/8365 7342/8418
f 7342/8418 7344/8420 7345/8421 7343/8419
f 7342/8418 7293/8365 7295/8367 7344/8420
f 7344/8420 7346/8422 7347/8423 7345/8421
f 7344/8420 7295/8367 7297/8369 7346/8422
f 7346/8422 7302/8424 7348/8425 7347/8423
f 7346/8422 7297/8369 7299/8371 7302/8424
f 7348/8425 7349/8426 7350/8427 7347/8423
f 7348/8425 7305/8428 7351/8429 7349/8426
f 7348/8425 7302/8424 7301/8374 7305/8428
f 7351/8429 7352/8430 7353/8431 7349/8426
f 7351/8429 7354/8432 7355/8433 7352/8430
f 7351/8429 7305/8428 7304/8378 7354/8432
f 7354/8432 7356/8434 7357/8435 7355/8433
f 7354/8432 7304/8378 7307/8381 7356/8434
f 7356/8434 7358/8436 7359/8437 7357/8435
f 7356/8434 7307/8381 7309/8383 7358/8436
f 7358/8436 7360/8438 7361/8439 7359/8437
f 7358/8436 7309/8383 7311/8385 7360/8438
f 7360/8438 7362/8440 7363/8441 7361/8439
f 7360/8438 7311/8385 7313/8387 7362/8440
f 7362/8440 7364/8442 7365/8443 7363/8441
f 7362/8440 7313/8387 7315/8389 7364/8442
f 7364/8442 7366/8444 7367/8445 7365/8443
f 7364/8442 7315/8389 7317/8391 7366/8444
f 7366/8444 7368/8446 7369/8447 7367/8445
f 7366/8444 7317/8391 7319/8393 7368/8446
f 7368/8446 7370/8448 7371/8449 7369/8447
f 7368/8446 7319/8393 7321/8395 7370/8448
f 7370/8448 7372/8450 7373/8451 7371/8449
f 7370/8448 7321/8395 7323/8397 7372/8450
f 7372/8450 7374/8452 7375/8453 7373/8451
f 7372/8450 7323/8397 7325/8399 7374/8452
f 7374/8452 7376/8454 7377/8455 7375/8453
f 7374/8452 7325/8399 7327/8401 7376/8454
f 7376/8454 7378/8456 7379/8457 7377/8455
f 7376/8454 7327/8401 7329/8403 7378/8456
f 7378/8458 7380/8459 7381/8460 7379/8461
f 7378/8458 7329/8407 7331/8406 7380/8459
f 7380/8459 7382/8462 7383/8463 7381/8460
f 7380/8459 7331/8406 7333/8409 7382/8462
f 7382/8462 7384/8464 7385/8465 7383/8463
f 7382/8462 7333/8409 7335/8411 7384/8464
f 7384/8464 7386/8466 7387/8467 7385/8465
f 7384/8464 7335/8411 7337/8413 7386/8466
f 7386/8466 7388/8468 7389/8469 7387/8467
f 7386/8466 7337/8413 7339/8415 7388/8468
f 7388/8468 7390/8470 7391/8471 7389/8469
f 7388/8468 7339/8415 7341/8417 7390/8470
f 7390/8470 7392/8472 7393/8473 7391/8471
f 7390/8470 7341/8417 7343/8419 7392/8472
f 7392/8472 7394/8474 7395/8475 7393/8473
f 7392/8472 7343/8419 7345/8421 7394/8474
f 7394/8474 7350/8476 7396/8477 7395/8475
f 7394/8474 7345/8421 7347/8423 7350/8476
f 7396/8477 7397/8478 7398/8479 7395/8475
f 7396/8477 7353/8480 7399/8481 7397/8478
f 7396/8477 7350/8476 7349/8426 7353/8480
f 7399/8481 7400/8482 7401/8483 7397/8478
f 7399/8481 7402/8484 7403/8485 7400/8482
f 7399/8481 7353/8480 7352/8430 7402/8484
f 7402/8484 7404/8486 7405/8487 7403/8485
f 7402/8484 7352/8430 7355/8433 7404/8486
f 7404/8486 7406/8488 7407/8489 7405/8487
f 7404/8486 7355/8433 7357/8435 7406/8488
f 7406/8488 7408/8490 7409/8491 7407/8489
f 7406/8488 7357/8435 7359/8437 7408/8490
f 7408/8490 7410/8492 7411/8493 7409/8491
f 7408/8490 7359/8437 7361/8439 7410/8492
f 7410/8492 7412/8494 7413/8495 7411/8493
f 7410/8492 7361/8439 7363/8441 7412/8494
f 7412/8494 7414/8496 7415/8497 7413/8495
f 7412/8494 7363/8441 7365/8443 7414/8496
f 7414/8496 7416/8498 7417/8499 7415/8497
f 7414/8496 7365/8443 7367/8445 7416/8498
f 7416/8498 7418/8500 7419/8501 7417/8499
f 7416/8498 7367/8445 7369/8447 7418/8500
f 7418/8500 7420/8502 7421/8503 7419/8501
f 7418/8500 7369/8447 7371/8449 7420/8502
f 7420/8502 7422/8504 7423/8505 7421/8503
f 7420/8502 7371/8449 7373/8451 7422/8504
f 7422/8504 7424/8506 7425/8507 7423/8505
f 7422/8504 7373/8451 7375/8453 7424/8506
f 7424/8506 7426/8508 7427/8509 7425/8507
f 7424/8506 7375/8453 7377/8455 7426/8508
f 7426/8508 7428/8510 7429/8511 7427/8509
f 7426/8508 7377/8455 7379/8457 7428/8510
f 7428/8512 7430/8513 7431/8514 7429/8515
f 7428/8512 7379/8461 7381/8460 7430/8513
f 7430/8513 7432/8516 7433/8517 7431/8514
f 7430/8513 7381/8460 7383/8463 7432/8516
f 7432/8516 7434/8518 7435/8519 7433/8517
f 7432/8516 7383/8463 7385/8465 7434/8518
f 7434/8518 7436/8520 7437/8521 7435/8519
f 7434/8518 7385/8465 7387/8467 7436/8520
f 7436/8520 7438/8522 7439/8523 7437/8521
f 7436/8520 7387/8467 7389/8469 7438/8522
f 7438/8522 7440/8524 7441/8525 7439/8523
f 7438/8522 7389/8469 7391/8471 7440/8524
f 7440/8524 7442/8526 7443/8527 7441/8525
f 7440/8524 7391/8471 7393/8473 7442/8526
f 7442/8526 7398/8528 7444/8529 7443/8527
f 7442/8526 7393/8473 7395/8475 7398/8528
f 7444/8529 7445/8530 7446/8531 7443/8527
f 7444/8529 7401/8532 7447/8533 7445/8530
f 7444/8529 7398/8528 7397/8478 7401/8532
f 7447/8533 7448/8534 7449/8535 7445/8530
f 7447/8533 7450/8536 7451/8537 7448/8534
f 7447/8533 7401/8532 7400/8482 7450/8536
f 7450/8536 7452/8538 7453/8539 7451/8537
f 7450/8536 7400/8482 7403/8485 7452/8538
f 7452/8538 7454/8540 7455/8541 7453/8539
f 7452/8538 7403/8485 7405/8487 7454/8540
f 7454/8540 7456/8542 7457/8543 7455/8541
f 7454/8540 7405/8487 7407/8489 7456/8542
f 7456/8542 7458/8544 7459/8545 7457/8543
f 7456/8542 7407/8489 7409/8491 7458/8544
f 7458/8544 7460/8546 7461/8547 7459/8545
f 7458/8544 7409/8491 7411/8493 7460/8546
f 7460/8546 7462/8548 7463/8549 7461/8547
f 7460/8546 7411/8493 7413/8495 7462/8548
f 7462/8548 7464/8550 7465/8551 7463/8549
f 7462/8548 7413/8495 7415/8497 7464/8550
f 7464/8550 7466/8552 7467/8553 7465/8551
f 7464/8550 7415/8497 7417/8499 7466/8552
f 7466/8552 7468/8554 7469/8555 7467/8553
f 7466/8552 7417/8499 7419/8501 7468/8554
f 7468/8554 7470/8556 7471/8557 7469/8555
f 7468/8554 7419/8501 7421/8503 7470/8556
f 7470/8556 7472/8558 7473/8559 7471/8557
f 7470/8556 7421/8503 7423/8505 7472/8558
f 7472/8558 7474/8560 7475/8561 7473/8559
f 7472/8558 7423/8505 7425/8507 7474/8560
f 7474/8560 7476/8562 7477/8563 7475/8561
f 7474/8560 7425/8507 7427/8509 7476/8562
f 7476/8562 7478/8564 7479/8565 7477/8563
f 7476/8562 7427/8509 7429/8511 7478/8564
f 7478/8566 7480/8567 7481/8568 7479/8569
f 7478/8566 7429/8515 7431/8514 7480/8567
f 7480/8567 7482/8570 7483/8571 7481/8568
f 7480/8567 7431/8514 7433/8517 7482/8570
f 7482/8570 7484/8572 7485/8573 7483/8571
f 7482/8570 7433/8517 7435/8519 7484/8572
f 7484/8572 7486/8574 7487/8575 7485/8573
f 7484/8572 7435/8519 7437/8521 7486/8574
f 7486/8574 7488/8576 7489/8577 7487/8575
f 7486/8574 7437/8521 7439/8523 7488/8576
f 7488/8576 7490/8578 7491/8579 7489/8577
f 7488/8576 7439/8523 7441/8525 7490/8578
f 7490/8578 7446/8580 7492/8581 7491/8579
f 7490/8578 7441/8525 7443/8527 7446/8580
f 7492/8581 7493/8582 7494/8583 7491/8579
f 7492/8581 7449/8584 7495/8585 7493/8582
f 7492/8581 7446/8580 7445/8530 7449/8584
f 7495/8585 7496/8586 7497/8587 7493/8582
f 7495/8585 7498/8588 7499/8589 7496/8586
f 7495/8585 7449/8584 7448/8534 7498/8588
f 7498/8588 7500/8590 7501/8591 7499/8589
f 7498/8588 7448/8534 7451/8537 7500/8590
f 7500/8590 7502/8592 7503/8593 7501/8591
f 7500/8590 7451/8537 7453/8539 7502/8592
f 7502/8592 7504/8594 7505/8595 7503/8593
f 7502/8592 7453/8539 7455/8541 7504/8594
f 7504/8594 7506/8596 7507/8597 7505/8595
f 7504/8594 7455/8541 7457/8543 7506/8596
f 7506/8596 7508/8598 7509/8599 7507/8597
f 7506/8596 7457/8543 7459/8545 7508/8598
f 7508/8598 7510/8600 7511/8601 7509/8599
f 7508/8598 7459/8545 7461/8547 7510/8600
f 7510/8600 7512/8602 7513/8603 7511/8601
f 7510/8600 7461/8547 7463/8549 7512/8602
f 7512/8602 7514/8604 7515/8605 7513/8603
f 7512/8602 7463/8549 7465/8551 7514/8604
f 7514/8604 7516/8606 7517/8607 7515/8605
f 7514/8604 7465/8551 7467/8553 7516/8606
f 7516/8606 7518/8608 7519/8609 7517/8607
f 7516/8606 7467/8553 7469/8555 7518/8608
f 7518/8608 7520/8610 7521/8611 7519/8609
f 7518/8608 7469/8555 7471/8557 7520/8610
f 7520/8610 7522/8612 7523/8613 7521/8611
f 7520/8610 7471/8557 7473/8559 7522/8612
f 7522/8612 7524/8614 7525/8615 7523/8613
f 7522/8612 7473/8559 7475/8561 7524/8614
f 7524/8614 7526/8616 7527/8617 7525/8615
f 7524/8614 7475/8561 7477/8563 7526/8616
f 7526/8616 7528/8618 7529/8619 7527/8617
f 7526/8616 7477/8563 7479/8565 7528/8618
f 7528/8620 7530/8621 7531/8622 7529/8623
f 7528/8620 7479/8569 7481/8568 7530/8621
f 7530/8621 7532/8624 7533/8625 7531/8622
f 7530/8621 7481/8568 7483/8571 7532/8624
f 7532/8624 7534/8626 7535/8627 7533/8625
f 7532/8624 7483/8571 7485/8573 7534/8626
f 7534/8626 7536/8628 7537/8629 7535/8627
f 7534/8626 7485/8573 7487/8575 7536/8628
f 7536/8628 7538/8630 7539/8631 7537/8629
f 7536/8628 7487/8575 7489/8577 7538/8630
f 7538/8630 7494/8632 7540/8633 7539/8631
f 7538/8630 7489/8577 7491/8579 7494/8632
f 7540/8633 7541/8634 7542/8635 7539/8631
f 7540/8633 7497/8636 7543/8637 7541/8634
f 7540/8633 7494/8632 7493/8582 7497/8636
f 7543/8637 7497/8636 7496/8586 7544/8638
f 7544/8638 7496/8586 7499/8589 7545/8639
f 7545/8639 7499/8589 7501/8591 7546/8640
f 7546/8640 7501/8591 7503/8593 7547/8641
f 7547/8641 7503/8593 7505/8595 7548/8642
f 7548/8642 7505/8595 7507/8597 7549/8643
f 7549/8643 7507/8597 7509/8599 7550/8644
f 7550/8644 7509/8599 7511/8601 7551/8645
f 7551/8645 7511/8601 7513/8603 7552/8646
f 7552/8646 7513/8603 7515/8605 7553/8647
f 7553/8647 7515/8605 7517/8607 7554/8648
f 7554/8648 7517/8607 7519/8609 7555/8649
f 7555/8649 7519/8609 7521/8611 7556/8650
f 7556/8650 7521/8611 7523/8613 7557/8651
f 7557/8651 7523/8613 7525/8615 7558/8652
f 7558/8652 7525/8615 7527/8617 7559/8653
f 7559/8653 7527/8617 7529/8619 7560/8654
f 7560/8655 7529/8623 7531/8622 7561/8656
f 7561/8656 7531/8622 7533/8625 7562/8657
f 7562/8657 7533/8625 7535/8627 7563/8658
f 7563/8658 7535/8627 7537/8629 7564/8659
f 7564/8659 7537/8629 7539/8631 7542/8635
f 6650/7649 6606/7603 6605/7602 6609/7606
f 6650/7649 6609/7606 6647/7646 6646/7645
f 6647/7646 6609/7606 6608/7605 6612/7609
f 6647/7646 6612/7609 7565/8660 6645/7644
f 7565/8660 6612/7609 6611/7608 6615/7612
f 7565/8660 6641/7640 6640/7639 6645/7644
f 7565/8660 6615/7612 7566/8661 6641/7640
f 7566/8661 6615/7612 6614/7611 6618/7615
f 7566/8661 6638/7636 6637/7635 6641/7640
f 7566/8661 6618/7615 7567/8662 6638/7636
f 7567/8662 6618/7615 6617/7614 6621/7618
f 7567/8662 6633/7630 6635/7632 6638/7636
f 7567/8662 6621/7618 6631/7628 6633/7630
f 6631/7628 6621/7618 6620/7617 6624/7621
f 6555/7548 5011/5791 5010/5790 6552/7544
f 6549/7541 5010/7545 5009/5789 6547/7539
f 6547/7539 5009/5789 5012/5792 6545/7537
f 6521/7511 6511/7501 6510/7500 6514/7504
f 6436/7418 6405/7377 6404/7376 6409/7381
f 6411/7383 6407/7379 4998/5776 5004/5783
f 6364/7336 6347/7318 6346/7317 6352/7323
f 6354/7325 6158/7087 6157/7086 6161/7090
f 6354/7325 6350/7321 6349/7320 6158/7087
f 6349/7320 6155/7084 6154/7083 6158/7087
f 6349/7320 6345/7316 6344/7315 6155/7084
f 6344/7315 6152/7081 6151/7080 6155/7084
f 6344/7315 6340/7311 6339/7310 6152/7081
f 6339/7310 6149/7078 6148/7077 6152/7081
f 6339/7310 6335/7306 6334/7305 6149/7078
f 6334/7305 6146/7075 6145/7074 6149/7078
f 6334/7305 6330/7301 6329/7300 6146/7075
f 6329/7300 6143/7072 6142/7071 6146/7075
f 6329/7300 6325/7296 6324/7295 6143/7072
f 6324/7295 6140/7069 6139/7068 6143/7072
f 6324/7295 6320/7291 6319/7290 6140/7069
f 6319/7290 6137/7066 6136/7065 6140/7069
f 6319/7290 6315/7286 6314/7285 6137/7066
f 6314/7285 6134/7063 6133/7062 6137/7066
f 6314/7285 6310/7281 6309/7280 6134/7063
f 6309/7280 6131/7060 6130/7059 6134/7063
f 6309/7280 6305/7276 6304/7275 6131/7060
f 6304/7275 6128/7057 6127/7056 6131/7060
f 6304/7275 6300/7271 6299/7270 6128/7057
f 6299/7270 6125/7054 6124/7053 6128/7057
f 6299/7270 6295/7266 6294/7265 6125/7054
f 6294/7265 6122/7051 6121/7050 6125/7054
f 6294/7265 6290/7261 6289/7260 6122/7051
f 6289/7260 6119/7048 6118/7047 6122/7051
f 6289/7260 6285/7256 6284/7255 6119/7048
f 6284/7255 6116/7045 6115/7044 6119/7048
f 6284/7255 6280/7251 6279/7250 6116/7045
f 6279/7250 6113/7042 6112/7041 6116/7045
f 6279/7250 6275/7246 6274/7245 6113/7042
f 6274/7245 6110/7039 6109/7038 6113/7042
f 6274/7245 6270/7241 6269/7240 6110/7039
f 6269/7240 6107/7036 6106/7035 6110/7039
f 6269/7240 6265/7236 6264/7235 6107/7036
f 6264/7235 6104/7033 6103/7032 6107/7036
f 6264/7235 6260/7231 6259/7230 6104/7033
f 6259/7230 4978/5755 6101/7030 6104/7033
f 6259/7230 6255/7226 4975/5756 4978/5755
f 6172/7106 6167/7096 6166/7095 6170/7099
f 6097/7025 4976/5753 4982/5760 6098/7026
f 1104/1240 2654/2926 7568/8663 6063/6987
f 2654/2926 2656/2928 7569/8664 7568/8663
f 2656/2928 2658/2930 7570/8665 7569/8664
f 2658/2930 2660/2932 7571/8666 7570/8665
f 2660/2932 2662/2934 7572/8667 7571/8666
f 2662/2934 2664/2936 7573/8668 7572/8667
f 2664/2936 2666/2938 7574/8669 7573/8668
f 2666/2938 2668/2940 7575/8670 7574/8669
f 2668/2940 2670/2942 7576/8671 7575/8670
f 2670/2942 2672/2944 7577/8672 7576/8671
f 2672/2944 2674/2946 7578/8673 7577/8672
f 2674/2946 2676/2948 7579/8674 7578/8673
f 2676/2948 2678/2950 7580/8675 7579/8674
f 2678/2950 2680/2952 7581/8676 7580/8675
f 2680/2952 2682/2954 7582/8677 7581/8676
f 2682/2954 2684/2956 7583/8678 7582/8677
f 2684/2956 2686/2958 7584/8679 7583/8678
f 2686/2958 2688/2960 7585/8680 7584/8679
f 2688/2960 2690/2962 7586/8681 7585/8680
f 2690/2962 2692/2964 7587/8682 7586/8681
f 2692/2964 2694/2966 7588/8683 7587/8682
f 2694/2966 2696/2968 7589/8684 7588/8683
f 2696/2968 2698/2970 7590/8685 7589/8684
f 2698/2970 2700/2972 7591/8686 7590/8685
f 2700/2972 2702/2974 7592/8687 7591/8686
f 2702/2974 2704/2976 7593/8688 7592/8687
f 2704/2976 2706/2978 7594/8689 7593/8688
f 2706/2978 2708/2980 7595/8690 7594/8689
f 2708/2980 2710/2982 7596/8691 7595/8690
f 2710/2982 2712/2984 7597/8692 7596/8691
f 2712/2984 2714/2986 7598/8693 7597/8692
f 2714/2986 2716/2988 7599/8694 7598/8693
f 2716/2988 2718/2990 7600/8695 7599/8694
f 2718/2990 2720/2992 7601/8696 7600/8695
f 2720/2992 2721/2994 5099/8697 7601/8696
f 2721/2994 2722/2995 5100/5882 5099/8697
f 2722/2995 2723/2996 5101/5883 5100/5882
f 2723/2996 2725/2998 7602/8698 5101/5883
f 2725/2998 2727/3000 7603/8699 7602/8698
f 2727/3000 2729/3002 7604/8700 7603/8699
f 2729/3002 2730/3004 5288/8701 7604/8700
f 2730/3004 322/335 5283/6084 5288/8701
f 7604/8700 5288/8701 5287/6088 5293/6094
f 7604/8700 5293/6094 7605/8702 7603/8699
f 7605/8702 5293/6094 5292/6093 5298/6099
f 7605/8702 7606/8703 7602/8698 7603/8699
f 7605/8702 5298/6099 7607/8704 7606/8703
f 7607/8704 5298/6099 5297/6098 5303/6104
f 7607/8704 5103/5885 5102/5884 7606/8703
f 7607/8704 5303/6104 7608/8705 5103/5885
f 7608/8705 5303/6104 5302/6103 5308/6109
f 7608/8705 7609/8706 5104/5886 5103/5885
f 7608/8705 5308/6109 7610/8707 7609/8706
f 7610/8707 5308/6109 5307/6108 5313/6114
f 7610/8707 7611/8708 7612/8709 7609/8706
f 7610/8707 5313/6114 7613/8710 7611/8708
f 7613/8710 5313/6114 5312/6113 5318/6119
f 7613/8710 7614/8711 7615/8712 7611/8708
f 7613/8710 5318/6119 7616/8713 7614/8711
f 7616/8713 5318/6119 5317/6118 5323/6124
f 7616/8713 7617/8714 7618/8715 7614/8711
f 7616/8713 5323/6124 7619/8716 7617/8714
f 7619/8716 5323/6124 5322/6123 5328/6129
f 7619/8716 7620/8717 7621/8718 7617/8714
f 7619/8716 5328/6129 7622/8719 7620/8717
f 7622/8719 5328/6129 5327/6128 5333/6134
f 7622/8719 7623/8720 7624/8721 7620/8717
f 7622/8719 5333/6134 7625/8722 7623/8720
f 7625/8722 5333/6134 5332/6133 5338/6139
f 7625/8722 7626/8723 7627/8724 7623/8720
f 7625/8722 5338/6139 7628/8725 7626/8723
f 7628/8725 5338/6139 5337/6138 5343/6144
f 7628/8725 7629/8726 7630/8727 7626/8723
f 7628/8725 5343/6144 7631/8728 7629/8726
f 7631/8728 5343/6144 5342/6143 5348/6149
f 7631/8728 7632/8729 7633/8730 7629/8726
f 7631/8728 5348/6149 7634/8731 7632/8729
f 7634/8731 5348/6149 5347/6148 5353/6154
f 7634/8731 7635/8732 7636/8733 7632/8729
f 7634/8731 5353/6154 7637/8734 7635/8732
f 7637/8734 5353/6154 5352/6153 5358/6159
f 7637/8734 7638/8735 7639/8736 7635/8732
f 7637/8734 5358/6159 7640/8737 7638/8735
f 7640/8737 5358/6159 5357/6158 5363/6164
f 7640/8737 7641/8738 7642/8739 7638/8735
f 7640/8737 5363/6164 7643/8740 7641/8738
f 7643/8740 5363/6164 5362/6163 5368/6169
f 7643/8740 7644/8741 7645/8742 7641/8738
f 7643/8740 5368/6169 7646/8743 7644/8741
f 7646/8743 5368/6169 5367/6168 5373/6174
f 7646/8743 7647/8744 7648/8745 7644/8741
f 7646/8743 5373/6174 7649/8746 7647/8744
f 7649/8746 5373/6174 5372/6173 5378/6179
f 7649/8746 7650/8747 7651/8748 7647/8744
f 7649/8746 5378/6179 7652/8749 7650/8747
f 7652/8749 5378/6179 5377/6178 5383/6184
f 7652/8749 7653/8750 7654/8751 7650/8747
f 7652/8749 5383/6184 7655/8752 7653/8750
f 7655/8752 5383/6184 5382/6183 5388/6189
f 7655/8752 7656/8753 7657/8754 7653/8750
f 7655/8752 5388/6189 7658/8755 7656/8753
f 7658/8755 5388/6189 5387/6188 5393/6194
f 7658/8755 7659/8756 7660/8757 7656/8753
f 7658/8755 5393/6194 7661/8758 7659/8756
f 7661/8758 5393/6194 5392/6193 5398/6199
f 7661/8758 7662/8759 7663/8760 7659/8756
f 7661/8758 5398/6199 7664/8761 7662/8759
f 7664/8761 5398/6199 5397/6198 5403/6204
f 7664/8761 7665/8762 7666/8763 7662/8759
f 7664/8761 5403/6204 7667/8764 7665/8762
f 7667/8764 5403/6204 5402/6203 5408/6209
f 7667/8764 7668/8765 7669/8766 7665/8762
f 7667/8764 5408/6209 7670/8767 7668/8765
f 7670/8767 5408/6209 5407/6208 5413/6214
f 7670/8767 7671/8768 7672/8769 7668/8765
f 7670/8767 5413/6214 7673/8770 7671/8768
f 7673/8770 5413/6214 5412/6213 5418/6219
f 7673/8770 7674/8771 7675/8772 7671/8768
f 7673/8770 5418/6219 7676/8773 7674/8771
f 7676/8773 5418/6219 5417/6218 5423/6224
f 7676/8773 7677/8774 7678/8775 7674/8771
f 7676/8773 5423/6224 7679/8776 7677/8774
f 7679/8776 5423/6224 5422/6223 5428/6229
f 7679/8776 7680/8777 7681/8778 7677/8774
f 7679/8776 5428/6229 7682/8779 7680/8777
f 7682/8779 5428/6229 5427/6228 5433/6234
f 7682/8780 7683/8781 7684/8782 7680/8783
f 7682/8780 5433/8784 7685/8785 7683/8781
f 7685/8785 5433/8784 5432/6241 5438/6240
f 7685/8785 7686/8786 7687/8787 7683/8781
f 7685/8785 5438/6240 7688/8788 7686/8786
f 7688/8788 5438/6240 5437/6239 5443/6247
f 7688/8788 7689/8789 7690/8790 7686/8786
f 7688/8788 5443/6247 7691/8791 7689/8789
f 7691/8791 5443/6247 5442/6246 5448/6252
f 7691/8791 7692/8792 7693/8793 7689/8789
f 7691/8791 5448/6252 7694/8794 7692/8792
f 7694/8794 5448/6252 5447/6251 5453/6257
f 7694/8794 7695/8795 7696/8796 7692/8792
f 7694/8794 5453/6257 7697/8797 7695/8795
f 7697/8797 5453/6257 5452/6256 5458/6262
f 7697/8797 7698/8798 7699/8799 7695/8795
f 7697/8797 5458/6262 7700/8800 7698/8798
f 7700/8800 5458/6262 5457/6261 5463/6267
f 7700/8800 7701/8801 7702/8802 7698/8798
f 7700/8800 5463/6267 7703/8803 7701/8801
f 7703/8803 5463/6267 5462/6266 5468/6272
f 7703/8803 7704/8804 7705/8805 7701/8801
f 7703/8803 5468/6272 7706/8806 7704/8804
f 7706/8806 5468/6272 5467/6271 5473/6277
f 7706/8806 7707/8807 7708/8808 7704/8804
f 7706/8806 5473/6277 7709/8809 7707/8807
f 7709/8809 5473/6277 5472/6276 5478/6282
f 7709/8809 7710/8810 7711/8811 7707/8807
f 7709/8809 5478/6282 7712/8812 7710/8810
f 7712/8812 5478/6282 5477/6281 5483/6287
f 7712/8812 7713/8813 7714/8814 7710/8810
f 7712/8812 5483/6287 7715/8815 7713/8813
f 7715/8815 5483/6287 5482/6286 5488/6292
f 7715/8815 7716/8816 7717/8817 7713/8813
f 7715/8815 5488/6292 7718/8818 7716/8816
f 7718/8818 5488/6292 5487/6291 5493/6297
f 7718/8818 7719/8819 7720/8820 7716/8816
f 7718/8818 5493/6297 7721/8821 7719/8819
f 7721/8821 5493/6297 5492/6296 5498/6302
f 7721/8821 7722/8822 7723/8823 7719/8819
f 7721/8821 5498/6302 7724/8824 7722/8822
f 7724/8824 5498/6302 5497/6301 5503/6307
f 7724/8824 7725/8825 7726/8826 7722/8822
f 7724/8824 5503/6307 7727/8827 7725/8825
f 7727/8827 5503/6307 5502/6306 5508/6312
f 7727/8827 7728/8828 7729/8829 7725/8825
f 7727/8827 5508/6312 7730/8830 7728/8828
f 7730/8830 5508/6312 5507/6311 5513/6317
f 7730/8830 7731/8831 7732/8832 7728/8828
f 7730/8830 5513/6317 7733/8833 7731/8831
f 7733/8833 5513/6317 5512/6316 5518/6322
f 7733/8833 7734/8834 7735/8835 7731/8831
f 7733/8833 5518/6322 7736/8836 7734/8834
f 7736/8836 5518/6322 5517/6321 5523/6327
f 7736/8836 7737/8837 7738/8838 7734/8834
f 7736/8836 5523/6327 7739/8839 7737/8837
f 7739/8839 5523/6327 5522/6326 5528/6332
f 7739/8839 7740/8840 7741/8841 7737/8837
f 7739/8839 5528/6332 7742/8842 7740/8840
f 7742/8842 5528/6332 5527/6331 5533/6337
f 7742/8842 7743/8843 7744/8844 7740/8840
f 7742/8842 5533/6337 7745/8845 7743/8843
f 7745/8845 5533/6337 5532/6336 5538/6342
f 7745/8845 7746/8846 7747/8847 7743/8843
f 7745/8845 5538/6342 7748/8848 7746/8846
f 7748/8848 5538/6342 5537/6341 5543/6347
f 7748/8848 7749/8849 7750/8850 7746/8846
f 7748/8848 5543/6347 7751/8851 7749/8849
f 7751/8851 5543/6347 5542/6346 5548/6352
f 7751/8851 7752/8852 7753/8853 7749/8849
f 7751/8851 5548/6352 7754/8854 7752/8852
f 7754/8854 5548/6352 5547/6351 5553/6357
f 7754/8854 7755/8855 7756/8856 7752/8852
f 7754/8854 5553/6357 7757/8857 7755/8855
f 7757/8857 5553/6357 5552/6356 5558/6362
f 7757/8857 7758/8858 7759/8859 7755/8855
f 7757/8857 5558/6362 7760/8860 7758/8858
f 7760/8860 5558/6362 5557/6361 5563/6367
f 7760/8860 7761/8861 7762/8862 7758/8858
f 7760/8860 5563/6367 7763/8863 7761/8861
f 7763/8863 5563/6367 5562/6366 5568/6372
f 7763/8863 7764/8864 7765/8865 7761/8861
f 7763/8863 5568/6372 7766/8866 7764/8864
f 7766/8866 5568/6372 5567/6371 5573/6377
f 7766/8866 7767/8867 7768/8868 7764/8864
f 7766/8866 5573/6377 7769/8869 7767/8867
f 7769/8869 5573/6377 5572/6376 5578/6382
f 7769/8869 7770/8870 7771/8871 7767/8867
f 7769/8869 5578/6382 7772/8872 7770/8870
f 7772/8872 5578/6382 5577/6381 5583/6389
f 7772/8872 7773/8873 7774/8874 7770/8870
f 7772/8872 5583/6389 7775/8875 7773/8873
f 7775/8875 5583/6389 5582/6388 5588/8876
f 7775/8875 7776/8877 7777/8878 7773/8873
f 7775/8875 5588/8876 7778/8879 7776/8877
f 7778/8880 5588/6395 5587/6394 5593/6400
f 7778/8881 7779/8882 7780/8883 7776/8884
f 7778/8880 5593/6400 7781/8885 7779/8882
f 7781/8885 5593/6400 5592/6399 5598/6405
f 7781/8885 7782/8886 7783/8887 7779/8882
f 7781/8885 5598/6405 7784/8888 7782/8886
f 7784/8888 5598/6405 5597/6404 5603/6410
f 7784/8888 7785/8889 7786/8890 7782/8886
f 7784/8888 5603/6410 5608/6416 7785/8889
f 7785/8889 7787/8891 7788/8892 7786/8890
f 7785/8889 5608/6416 5610/6418 7787/8891
f 7787/8891 7789/8893 7790/8894 7788/8892
f 7787/8891 5610/6418 5612/6420 7789/8893
f 7789/8893 7791/8895 7792/8896 7790/8894
f 7789/8893 5612/6420 5614/6422 7791/8895
f 7791/8895 7793/8897 7794/8898 7792/8896
f 7791/8895 5614/6422 7795/8899 7793/8897
f 7795/8899 5614/6422 5613/6421 5618/6426
f 7795/8899 7796/8900 7797/8901 7793/8897
f 7795/8899 5618/6426 7798/8902 7796/8900
f 7798/8902 5618/6426 5617/6425 5623/6431
f 7798/8902 7799/8903 7800/8904 7796/8900
f 7798/8902 5623/6431 7801/8905 7799/8903
f 7801/8905 5623/6431 5622/6430 5628/6436
f 7801/8905 7802/8906 7803/8907 7799/8903
f 7801/8905 5628/6436 7804/8908 7802/8906
f 7804/8908 5628/6436 5627/6435 5633/6441
f 7804/8908 7805/8909 7806/8910 7802/8906
f 7804/8908 5633/6441 7807/8911 7805/8909
f 7807/8911 5633/6441 5632/6440 5638/6446
f 7807/8911 7808/8912 7809/8913 7805/8909
f 7807/8911 5638/6446 7810/8914 7808/8912
f 7810/8914 5638/6446 5637/6445 5643/6451
f 7810/8914 7811/8915 7812/8916 7808/8912
f 7810/8914 5643/6451 7813/8917 7811/8915
f 7813/8917 5643/6451 5642/6450 5648/6456
f 7813/8917 7814/8918 7815/8919 7811/8915
f 7813/8917 5648/6456 7816/8920 7814/8918
f 7816/8920 5648/6456 5647/6455 5653/6461
f 7816/8920 7817/8921 7818/8922 7814/8918
f 7816/8920 5653/6461 7819/8923 7817/8921
f 7819/8923 5653/6461 5652/6460 5657/6466
f 7819/8923 7820/8924 7821/8925 7817/8921
f 7819/8923 5657/6466 7822/8926 7820/8924
f 7822/8926 5657/6466 5656/6465 5662/6471
f 7822/8926 7823/8927 7824/8928 7820/8924
f 7822/8926 5662/6471 7825/8929 7823/8927
f 7825/8929 5662/6471 5661/6470 5667/6476
f 7825/8929 7826/8930 7827/8931 7823/8927
f 7825/8929 5667/6476 7828/8932 7826/8930
f 7828/8932 5667/6476 5666/6475 5672/6481
f 7828/8932 7829/8933 7830/8934 7826/8930
f 7828/8932 5672/6481 7831/8935 7829/8933
f 7831/8935 5672/6481 5671/6480 5677/6486
f 7831/8935 7832/8936 7833/8937 7829/8933
f 7831/8935 5677/6486 7834/8938 7832/8936
f 7834/8938 5677/6486 5676/6485 5682/6491
f 7834/8938 7835/8939 7836/8940 7832/8936
f 7834/8938 5682/6491 5684/6494 7835/8939
f 7835/8939 7837/8941 7838/8942 7836/8940
f 7835/8939 5684/6494 5686/6496 7837/8941
f 7837/8941 7839/8943 7840/8944 7838/8942
f 7837/8941 5686/6496 5688/6498 7839/8943
f 7839/8943 5060/5841 5062/5843 7840/8944
f 7839/8943 5688/6498 5061/5842 5060/5841
f 7840/8944 7841/8945 7842/8946 7838/8942
f 7840/8944 5062/5843 7843/8947 7841/8945
f 7843/8947 7844/8948 7845/8949 7841/8945
f 7843/8947 7846/8950 7847/8951 7844/8948
f 7843/8947 5062/5843 5059/5840 7846/8950
f 7846/8950 7848/8952 7849/8953 7847/8951
f 7846/8950 5059/5840 5058/5839 7848/8952
f 7848/8952 7850/8954 7851/8955 7849/8953
f 7848/8952 5058/5839 7852/8956 7850/8954
f 7852/8956 5058/5839 5057/5838 7853/8957
f 7852/8958 7854/8959 7855/8960 7850/8961
f 7852/8958 7853/8962 7856/8963 7854/8959
f 7856/8963 7853/8962 5691/6502 5690/6501
f 7856/8963 7857/8964 7858/8965 7854/8959
f 7856/8963 5690/6501 5693/6504 7857/8964
f 7857/8964 7859/8966 7860/8967 7858/8965
f 7857/8964 5693/6504 5695/6506 7859/8966
f 7859/8966 7861/8968 7862/8969 7860/8967
f 7859/8966 5695/6506 5697/6508 7861/8968
f 7861/8968 7863/8970 7864/8971 7862/8969
f 7861/8968 5697/6508 7865/8972 7863/8970
f 7865/8972 5697/6508 5696/6507 5701/6512
f 7865/8972 7866/8973 7867/8974 7863/8970
f 7865/8972 5701/6512 5055/8975 7866/8973
f 7866/8973 7868/8976 7869/8977 7867/8974
f 7866/8973 5055/8975 5054/5835 7868/8976
f 7868/8976 7870/8978 7871/8979 7869/8977
f 7868/8976 5054/5835 5053/5834 7870/8978
f 7870/8978 7872/8980 7873/8981 7871/8979
f 7870/8978 5053/5834 5707/8982 7872/8980
f 7872/8980 5710/6524 5715/6533 7873/8981
f 7872/8980 5707/8982 5706/6519 5710/6524
f 7873/8981 7874/8983 7875/8984 7871/8979
f 7873/8981 5715/6533 5714/6532 7874/8983
f 7874/8983 7876/8985 7877/8986 7875/8984
f 7874/8983 5714/6532 5717/6535 7876/8985
f 7876/8985 7878/8987 7879/8988 7877/8986
f 7876/8985 5717/6535 5719/6537 7878/8987
f 7878/8987 5725/8989 7880/8990 7879/8988
f 7878/8987 5719/6537 5722/6541 5725/8989
f 7880/8990 7881/8991 7882/8992 7879/8988
f 7880/8990 5728/8993 7883/8994 7881/8991
f 7880/8990 5725/8989 5724/6544 5728/8993
f 7883/8994 7884/8995 7885/8996 7881/8991
f 7883/8994 5731/8997 7886/8998 7884/8995
f 7883/8994 5728/8993 5727/6548 5731/8997
f 7886/8998 7887/8999 7888/9000 7884/8995
f 7886/8998 5734/6557 5736/6561 7887/8999
f 7886/8998 5731/8997 5730/6552 5734/6557
f 7887/8999 7889/9001 7890/9002 7888/9000
f 7887/8999 5736/6561 5738/6563 7889/9001
f 7889/9001 7891/9003 7892/9004 7890/9002
f 7889/9001 5738/6563 5740/6565 7891/9003
f 7891/9003 7893/9005 7894/9006 7892/9004
f 7891/9003 5740/6565 7895/9007 7893/9005
f 7895/9007 7896/9008 7897/9009 7893/9005
f 7895/9007 5743/9010 7898/9011 7896/9008
f 7895/9007 5740/6565 5739/6564 5743/9010
f 7898/9011 7899/9012 7900/9013 7896/9008
f 7898/9011 7901/9014 7902/9015 7899/9012
f 7898/9011 5743/9010 5742/6567 7901/9014
f 7901/9014 7903/9016 7904/9017 7902/9015
f 7901/9014 5742/6567 5745/6570 7903/9016
f 7903/9016 7905/9018 7906/9019 7904/9017
f 7903/9016 5745/6570 5747/6572 7905/9018
f 7905/9018 7907/9020 7908/9021 7906/9019
f 7905/9018 5747/6572 5749/6574 7907/9020
f 7907/9020 7909/9022 7910/9023 7908/9021
f 7907/9020 5749/6574 7911/9024 7909/9022
f 7911/9024 7912/9025 7913/9026 7909/9022
f 7911/9024 5752/6577 5754/6579 7912/9025
f 7911/9024 5749/6574 5748/6573 5752/6577
f 7912/9025 7914/9027 7915/9028 7913/9026
f 7912/9025 5754/6579 7916/9029 7914/9027
f 7916/9029 7917/9030 7918/9031 7914/9027
f 7916/9029 5757/9032 7919/9033 7917/9030
f 7916/9029 5754/6579 5753/6578 5757/9032
f 7919/9033 7920/9034 7921/9035 7917/9030
f 7919/9033 5760/9036 7922/9037 7920/9034
f 7919/9033 5757/9032 5756/6581 5760/9036
f 7922/9037 7923/9038 7924/9039 7920/9034
f 7922/9037 5763/9040 7925/9041 7923/9038
f 7922/9037 5760/9036 5759/6585 5763/9040
f 7925/9041 7926/9042 7927/9043 7923/9038
f 7925/9041 5766/9044 7928/9045 7926/9042
f 7925/9041 5763/9040 5762/6589 5766/9044
f 7928/9046 7929/9047 7930/9048 7926/9049
f 7928/9046 5769/9050 7931/9051 7929/9047
f 7928/9045 5766/9044 5765/6593 5769/6598
f 7931/9051 7932/9052 7933/9053 7929/9047
f 7931/9051 5772/9054 7934/9055 7932/9052
f 7931/9051 5769/9050 5768/6604 5772/9054
f 7934/9055 7935/9056 7936/9057 7932/9052
f 7934/9055 5775/9058 7937/9059 7935/9056
f 7934/9055 5772/9054 5771/6602 5775/9058
f 7937/9059 7938/9060 7939/9061 7935/9056
f 7937/9059 5778/9062 7940/9063 7938/9060
f 7937/9059 5775/9058 5774/6608 5778/9062
f 7940/9063 7941/9064 7942/9065 7938/9060
f 7940/9063 5781/9066 7943/9067 7941/9064
f 7940/9063 5778/9062 5777/6612 5781/9066
f 7943/9067 7944/9068 7945/9069 7941/9064
f 7943/9067 5784/9070 7946/9071 7944/9068
f 7943/9067 5781/9066 5780/6616 5784/9070
f 7946/9071 7947/9072 7948/9073 7944/9068
f 7946/9071 5787/9074 7949/9075 7947/9072
f 7946/9071 5784/9070 5783/6620 5787/9074
f 7949/9075 7950/9076 7951/9077 7947/9072
f 7949/9075 5790/9078 7952/9079 7950/9076
f 7949/9075 5787/9074 5786/6624 5790/9078
f 7952/9079 7953/9080 7954/9081 7950/9076
f 7952/9079 5793/9082 7955/9083 7953/9080
f 7952/9079 5790/9078 5789/6628 5793/9082
f 7955/9083 7956/9084 7957/9085 7953/9080
f 7955/9083 5796/9086 7958/9087 7956/9084
f 7955/9083 5793/9082 5792/6632 5796/9086
f 7958/9087 7959/9088 7960/9089 7956/9084
f 7958/9087 5799/9090 7961/9091 7959/9088
f 7958/9087 5796/9086 5795/6636 5799/9090
f 7961/9091 7962/9092 7963/9093 7959/9088
f 7961/9091 5802/9094 7964/9095 7962/9092
f 7961/9091 5799/9090 5798/6640 5802/9094
f 7964/9095 7965/9096 7966/9097 7962/9092
f 7964/9095 5805/9098 7967/9099 7965/9096
f 7964/9095 5802/9094 5801/6644 5805/9098
f 7967/9099 7968/9100 7969/9101 7965/9096
f 7967/9099 5808/9102 7970/9103 7968/9100
f 7967/9099 5805/9098 5804/6648 5808/9102
f 7970/9103 7971/9104 7972/9105 7968/9100
f 7970/9103 5811/9106 7973/9107 7971/9104
f 7970/9103 5808/9102 5807/6652 5811/9106
f 7973/9107 7974/9108 7975/9109 7971/9104
f 7973/9107 5814/9110 7976/9111 7974/9108
f 7973/9107 5811/9106 5810/6656 5814/9110
f 7976/9111 7977/9112 7978/9113 7974/9108
f 7976/9111 5817/9114 7979/9115 7977/9112
f 7976/9111 5814/9110 5813/6660 5817/9114
f 7979/9115 7980/9116 7981/9117 7977/9112
f 7979/9115 5820/9118 7982/9119 7980/9116
f 7979/9115 5817/9114 5816/6664 5820/9118
f 7982/9119 7983/9120 7984/9121 7980/9116
f 7982/9119 5823/9122 7985/9123 7983/9120
f 7982/9119 5820/9118 5819/6668 5823/9122
f 7985/9123 7986/9124 7987/9125 7983/9120
f 7985/9123 5826/9126 7988/9127 7986/9124
f 7985/9123 5823/9122 5822/6672 5826/9126
f 7988/9127 7989/9128 7990/9129 7986/9124
f 7988/9127 5829/9130 7991/9131 7989/9128
f 7988/9127 5826/9126 5825/6676 5829/9130
f 7991/9131 7992/9132 7993/9133 7989/9128
f 7991/9131 5832/9134 7994/9135 7992/9132
f 7991/9131 5829/9130 5828/6680 5832/9134
f 7994/9135 7995/9136 7996/9137 7992/9132
f 7994/9135 5835/9138 7997/9139 7995/9136
f 7994/9135 5832/9134 5831/6684 5835/9138
f 7997/9139 7998/9140 7999/9141 7995/9136
f 7997/9139 5838/9142 8000/9143 7998/9140
f 7997/9139 5835/9138 5834/6688 5838/9142
f 8000/9143 8001/9144 8002/9145 7998/9140
f 8000/9143 5841/9146 8003/9147 8001/9144
f 8000/9143 5838/9142 5837/6692 5841/9146
f 8003/9147 8004/9148 8005/9149 8001/9144
f 8003/9147 5844/9150 8006/9151 8004/9148
f 8003/9147 5841/9146 5840/6696 5844/9150
f 8006/9151 8007/9152 8008/9153 8004/9148
f 8006/9151 5847/9154 8009/9155 8007/9152
f 8006/9151 5844/9150 5843/6700 5847/9154
f 8009/9156 8010/9157 8011/9158 8007/9159
f 8009/9156 5850/9160 8012/9161 8010/9157
f 8009/9155 5847/9154 5846/6704 5850/6709
f 8012/9161 8013/9162 8014/9163 8010/9157
f 8012/9161 5853/9164 8015/9165 8013/9162
f 8012/9161 5850/9160 5849/6715 5853/9164
f 8015/9165 8016/9166 8017/9167 8013/9162
f 8015/9165 5856/9168 8018/9169 8016/9166
f 8015/9165 5853/9164 5852/6713 5856/9168
f 8018/9169 8019/9170 8020/9171 8016/9166
f 8018/9169 5859/9172 8021/9173 8019/9170
f 8018/9169 5856/9168 5855/6718 5859/9172
f 8021/9173 8022/9174 8023/9175 8019/9170
f 8021/9173 5862/9176 8024/9177 8022/9174
f 8021/9173 5859/9172 5858/6722 5862/9176
f 8024/9177 8025/9178 8026/9179 8022/9174
f 8024/9177 5865/9180 8027/9181 8025/9178
f 8024/9177 5862/9176 5861/6726 5865/9180
f 8027/9181 8028/9182 8029/9183 8025/9178
f 8027/9181 5868/9184 8030/9185 8028/9182
f 8027/9181 5865/9180 5864/6730 5868/9184
f 8030/9185 8031/9186 8032/9187 8028/9182
f 8030/9185 5871/9188 8033/9189 8031/9186
f 8030/9185 5868/9184 5867/6734 5871/9188
f 8033/9189 8034/9190 8035/9191 8031/9186
f 8033/9189 5874/9192 8036/9193 8034/9190
f 8033/9189 5871/9188 5870/6738 5874/9192
f 8036/9193 8037/9194 8038/9195 8034/9190
f 8036/9193 5877/9196 8039/9197 8037/9194
f 8036/9193 5874/9192 5873/6742 5877/9196
f 8039/9197 8040/9198 8041/9199 8037/9194
f 8039/9197 5880/9200 8042/9201 8040/9198
f 8039/9197 5877/9196 5876/6746 5880/9200
f 8042/9201 8043/9202 8044/9203 8040/9198
f 8042/9201 5883/9204 8045/9205 8043/9202
f 8042/9201 5880/9200 5879/6750 5883/9204
f 8045/9205 8046/9206 8047/9207 8043/9202
f 8045/9205 5886/9208 8048/9209 8046/9206
f 8045/9205 5883/9204 5882/6754 5886/9208
f 8048/9209 8049/9210 8050/9211 8046/9206
f 8048/9209 5889/9212 8051/9213 8049/9210
f 8048/9209 5886/9208 5885/6758 5889/9212
f 8051/9213 8052/9214 8053/9215 8049/9210
f 8051/9213 5892/9216 8054/9217 8052/9214
f 8051/9213 5889/9212 5888/6762 5892/9216
f 8054/9217 8055/9218 8056/9219 8052/9214
f 8054/9217 5895/9220 8057/9221 8055/9218
f 8054/9217 5892/9216 5891/6766 5895/9220
f 8057/9221 8058/9222 8059/9223 8055/9218
f 8057/9221 5898/9224 8060/9225 8058/9222
f 8057/9221 5895/9220 5894/6770 5898/9224
f 8060/9225 8061/9226 8062/9227 8058/9222
f 8060/9225 5901/9228 8063/9229 8061/9226
f 8060/9225 5898/9224 5897/6774 5901/9228
f 8063/9229 8064/9230 8065/9231 8061/9226
f 8063/9229 5904/9232 8066/9233 8064/9230
f 8063/9229 5901/9228 5900/6778 5904/9232
f 8066/9233 8067/9234 8068/9235 8064/9230
f 8066/9233 5907/9236 8069/9237 8067/9234
f 8066/9233 5904/9232 5903/6782 5907/9236
f 8069/9237 8070/9238 8071/9239 8067/9234
f 8069/9237 5910/9240 8072/9241 8070/9238
f 8069/9237 5907/9236 5906/6786 5910/9240
f 8072/9241 8073/9242 8074/9243 8070/9238
f 8072/9241 5913/9244 8075/9245 8073/9242
f 8072/9241 5910/9240 5909/6790 5913/9244
f 8075/9245 8076/9246 8077/9247 8073/9242
f 8075/9245 5916/9248 8078/9249 8076/9246
f 8075/9245 5913/9244 5912/6794 5916/9248
f 8078/9249 8079/9250 8080/9251 8076/9246
f 8078/9249 5919/9252 8081/9253 8079/9250
f 8078/9249 5916/9248 5915/6798 5919/9252
f 8081/9253 8082/9254 8083/9255 8079/9250
f 8081/9253 5922/9256 8084/9257 8082/9254
f 8081/9253 5919/9252 5918/6802 5922/9256
f 8084/9257 8085/9258 8086/9259 8082/9254
f 8084/9257 5925/9260 8087/9261 8085/9258
f 8084/9257 5922/9256 5921/6806 5925/9260
f 8087/9261 8088/9262 8089/9263 8085/9258
f 8087/9261 5928/9264 8090/9265 8088/9262
f 8087/9261 5925/9260 5924/6810 5928/9264
f 8090/9265 8091/9266 8092/9267 8088/9262
f 8090/9265 5931/9268 8093/9269 8091/9266
f 8090/9265 5928/9264 5927/6814 5931/9268
f 8093/9269 8094/9270 8095/9271 8091/9266
f 8093/9269 5934/9272 8096/9273 8094/9270
f 8093/9269 5931/9268 5930/6818 5934/9272
f 8096/9273 8097/9274 8098/9275 8094/9270
f 8096/9273 5937/9276 8099/9277 8097/9274
f 8096/9273 5934/9272 5933/6822 5937/9276
f 8099/9277 8100/9278 8101/9279 8097/9274
f 8099/9277 5940/9280 8102/9281 8100/9278
f 8099/9277 5937/9276 5936/6826 5940/9280
f 8102/9281 8103/9282 8104/9283 8100/9278
f 8102/9281 5943/9284 8105/9285 8103/9282
f 8102/9281 5940/9280 5939/6830 5943/9284
f 8105/9286 8106/9287 8107/9288 8103/9289
f 8105/9286 5946/6845 5948/6844 8106/9287
f 8105/9285 5943/9284 5942/6834 5946/6839
f 8106/9287 8108/9290 8109/9291 8107/9288
f 8106/9287 5948/6844 5950/6847 8108/9290
f 8108/9290 8110/9292 8111/9293 8109/9291
f 8108/9290 5950/6847 8112/9294 8110/9292
f 8112/9294 8113/9295 8114/9296 8110/9292
f 8112/9294 5953/9297 8115/9298 8113/9295
f 8112/9294 5950/6847 5949/6846 5953/9297
f 8115/9298 8116/9299 8117/9300 8113/9295
f 8115/9298 8118/9301 8119/9302 8116/9299
f 8115/9298 5953/9297 5952/6849 8118/9301
f 8118/9301 8120/9303 8121/9304 8119/9302
f 8118/9301 5952/6849 5955/6852 8120/9303
f 8120/9303 8122/9305 8123/9306 8121/9304
f 8120/9303 5955/6852 5957/6854 8122/9305
f 8122/9305 8124/9307 8125/9308 8123/9306
f 8122/9305 5957/6854 5959/6856 8124/9307
f 8124/9307 8126/9309 8127/9310 8125/9308
f 8124/9307 5959/6856 5961/6859 8126/9309
f 8126/9309 8128/9311 8129/9312 8127/9310
f 8126/9309 5961/6859 5963/6861 8128/9311
f 8128/9311 8130/9313 8131/9314 8129/9312
f 8128/9311 5963/6861 5965/6863 8130/9313
f 8130/9313 8132/9315 8133/9316 8131/9314
f 8130/9313 5965/6863 5967/6865 8132/9315
f 8132/9315 8134/9317 8135/9318 8133/9316
f 8132/9315 5967/6865 5969/6867 8134/9317
f 8134/9317 5974/9319 8136/9320 8135/9318
f 8134/9317 5969/6867 5971/6869 5974/9319
f 8136/9320 8137/9321 8138/9322 8135/9318
f 8136/9320 5977/9323 8139/9324 8137/9321
f 8136/9320 5974/9319 5973/6872 5977/9323
f 8139/9324 8140/9325 8141/9326 8137/9321
f 8139/9324 5980/9327 8142/9328 8140/9325
f 8139/9324 5977/9323 5976/6876 5980/9327
f 8142/9328 8143/9329 8144/9330 8140/9325
f 8142/9328 5983/9331 8145/9332 8143/9329
f 8142/9328 5980/9327 5979/6880 5983/9331
f 8145/9332 8146/9333 8147/9334 8143/9329
f 8145/9332 5986/9335 8148/9336 8146/9333
f 8145/9332 5983/9331 5982/6884 5986/9335
f 8148/9336 8149/9337 8150/9338 8146/9333
f 8148/9336 5989/9339 8151/9340 8149/9337
f 8148/9336 5986/9335 5985/6888 5989/9339
f 8151/9340 8152/9341 8153/9342 8149/9337
f 8151/9340 5992/9343 8154/9344 8152/9341
f 8151/9340 5989/9339 5988/6892 5992/9343
f 8154/9344 8155/9345 8156/9346 8152/9341
f 8154/9344 5995/9347 8157/9348 8155/9345
f 8154/9344 5992/9343 5991/6896 5995/9347
f 8157/9348 8158/9349 8159/9350 8155/9345
f 8157/9348 5998/9351 8160/9352 8158/9349
f 8157/9348 5995/9347 5994/6900 5998/9351
f 8160/9352 8161/9353 8162/9354 8158/9349
f 8160/9352 6001/9355 8163/9356 8161/9353
f 8160/9352 5998/9351 5997/6904 6001/9355
f 8163/9356 8164/9357 8165/9358 8161/9353
f 8163/9356 6004/9359 8166/9360 8164/9357
f 8163/9356 6001/9355 6000/6908 6004/9359
f 8166/9360 8167/9361 8168/9362 8164/9357
f 8166/9360 6007/9363 8169/9364 8167/9361
f 8166/9360 6004/9359 6003/6912 6007/9363
f 8169/9364 8170/9365 8171/9366 8167/9361
f 8169/9364 6010/6921 6015/6930 8170/9365
f 8169/9364 6007/9363 6006/6916 6010/6921
f 8170/9365 8172/9367 8173/9368 8171/9366
f 8170/9365 6015/6930 6014/6929 8172/9367
f 8172/9367 8174/9369 8175/9370 8173/9368
f 8172/9367 6014/6929 6017/6932 8174/9369
f 8174/9369 8176/9371 8177/9372 8175/9370
f 8174/9369 6017/6932 6019/6934 8176/9371
f 8176/9371 8178/9373 8179/9374 8177/9372
f 8176/9371 6019/6934 8180/9375 8178/9373
f 8180/9375 8181/9376 8182/9377 8178/9373
f 8180/9375 6022/9378 8183/9379 8181/9376
f 8180/9375 6019/6934 6018/6933 6022/9378
f 8183/9379 8184/9380 8185/9381 8181/9376
f 8183/9379 8186/9382 8187/9383 8184/9380
f 8183/9379 6022/9378 6021/6936 8186/9382
f 8186/9382 8188/9384 8189/9385 8187/9383
f 8186/9382 6021/6936 6024/6939 8188/9384
f 8188/9384 8190/9386 8191/9387 8189/9385
f 8188/9384 6024/6939 6026/6941 8190/9386
f 8190/9386 8192/9388 8193/9389 8191/9387
f 8190/9386 6026/6941 6028/6943 8192/9388
f 8192/9388 8194/9390 8195/9391 8193/9389
f 8192/9388 6028/6943 8196/9392 8194/9390
f 8196/9392 8197/9393 8198/9394 8194/9390
f 8196/9392 5090/5872 5089/5871 8197/9393
f 8196/9392 6028/6943 6027/6942 5090/5872
f 8197/9393 8199/9395 8200/9396 8198/9394
f 8197/9393 5089/5871 5093/5875 8199/9395
f 8199/9395 8201/9397 8202/9398 8200/9396
f 8199/9395 5093/5875 8203/9399 8201/9397
f 8203/9399 8204/9400 8205/9401 8201/9397
f 8203/9399 8206/9402 8207/9403 8204/9400
f 8203/9399 5093/5875 5092/5874 8206/9402
f 8206/9402 6032/6947 6034/6949 8207/9403
f 8206/9402 5092/5874 5094/5876 6032/6947
f 8207/9403 6040/9404 8208/9405 8204/9400
f 8207/9403 6034/6949 6037/6953 6040/9404
f 8208/9405 8209/9406 8205/9401 8204/9400
f 8208/9405 6043/9407 8210/9408 8209/9406
f 8208/9405 6040/9404 6039/6956 6043/9407
f 8210/9408 8211/9409 8212/9410 8209/9406
f 8210/9408 6046/9411 8213/9412 8211/9409
f 8210/9408 6043/9407 6042/6960 6046/9411
f 8213/9412 8214/9413 8215/9414 8211/9409
f 8213/9412 6049/9415 8216/9416 8214/9413
f 8213/9412 6046/9411 6045/6964 6049/9415
f 8216/9416 8217/9417 8218/9418 8214/9413
f 8216/9416 6052/9419 8219/9420 8217/9417
f 8216/9416 6049/9415 6048/6968 6052/9419
f 8219/9420 8220/9421 8221/9422 8217/9417
f 8219/9420 6055/9423 8222/9424 8220/9421
f 8219/9420 6052/9419 6051/6972 6055/9423
f 8222/9424 8223/9425 8224/9426 8220/9421
f 8222/9424 6058/9427 8225/9428 8223/9425
f 8222/9424 6055/9423 6054/6976 6058/9427
f 8225/9428 7568/8663 7569/8664 8223/9425
f 8225/9428 6061/6985 6063/6987 7568/8663
f 8225/9428 6058/9427 6057/6980 6061/6985
f 8223/9425 7569/8664 7570/8665 8224/9426
f 8224/9426 7570/8665 7571/8666 8226/9429
f 8224/9426 8226/9429 8221/9422 8220/9421
f 8226/9429 7571/8666 7572/8667 8227/9430
f 8226/9429 8227/9430 8228/9431 8221/9422
f 8228/9431 8227/9430 8229/9432 8230/9433
f 8228/9431 8218/9418 8217/9417 8221/9422
f 8228/9431 8230/9433 8231/9434 8218/9418
f 8231/9434 8230/9433 8232/9435 8233/9436
f 8231/9434 8215/9414 8214/9413 8218/9418
f 8231/9434 8233/9436 8234/9437 8215/9414
f 8234/9437 8233/9436 8235/9438 8236/9439
f 8234/9437 8212/9410 8211/9409 8215/9414
f 8234/9437 8236/9439 8237/9440 8212/9410
f 8237/9440 8236/9439 8238/9441 8202/9442
f 8237/9440 8205/9401 8209/9406 8212/9410
f 8237/9440 8202/9442 8201/9397 8205/9401
f 8238/9443 8239/9444 8240/9445 8241/9446
f 8238/9441 8236/9439 8235/9438 8239/9444
f 8238/9441 8241/9446 8200/9396 8202/9442
f 8239/9444 8242/9447 8243/9448 8240/9445
f 8239/9444 8235/9438 8244/9449 8242/9447
f 8244/9449 8245/9450 8246/9451 8242/9447
f 8244/9449 8232/9452 8247/9453 8245/9450
f 8244/9449 8235/9438 8233/9436 8232/9452
f 8247/9453 7574/8669 7575/8670 8245/9450
f 8247/9453 8229/9454 7573/8668 7574/8669
f 8247/9453 8232/9452 8230/9433 8229/9454
f 8245/9450 7575/8670 7576/8671 8246/9451
f 8246/9451 7576/8671 7577/8672 8248/9455
f 8246/9451 8248/9455 8243/9448 8242/9447
f 8248/9455 7577/8672 7578/8673 8249/9456
f 8248/9455 8249/9456 8250/9457 8243/9448
f 8250/9457 8249/9456 8251/9458 8252/9459
f 8250/9457 8253/9460 8240/9445 8243/9448
f 8250/9457 8252/9459 8254/9461 8253/9460
f 8254/9461 8252/9459 8255/9462 8256/9463
f 8254/9461 8195/9464 8257/9465 8253/9460
f 8254/9461 8256/9463 8193/9389 8195/9464
f 8257/9465 8241/9446 8240/9445 8253/9460
f 8257/9465 8198/9394 8200/9396 8241/9446
f 8257/9465 8195/9464 8194/9390 8198/9394
f 8255/9466 8258/9467 8259/9468 8260/9469
f 8255/9462 8252/9459 8251/9458 8258/9467
f 8255/9462 8260/9469 8261/9470 8256/9463
f 8261/9470 8260/9469 8262/9471 8263/9472
f 8261/9470 8191/9387 8193/9389 8256/9463
f 8261/9470 8263/9472 8189/9385 8191/9387
f 8262/9473 8264/9474 8265/9475 8266/9476
f 8262/9471 8260/9469 8259/9468 8264/9474
f 8262/9471 8266/9476 8267/9477 8263/9472
f 8267/9477 8266/9476 8268/9478 8269/9479
f 8267/9477 8187/9383 8189/9385 8263/9472
f 8267/9477 8269/9479 8184/9380 8187/9383
f 8268/9480 8270/9481 8271/9482 8272/9483
f 8268/9478 8266/9476 8265/9475 8270/9481
f 8268/9478 8272/9483 8273/9484 8269/9479
f 8273/9484 8272/9483 8274/9485 8275/9486
f 8273/9484 8185/9381 8184/9380 8269/9479
f 8273/9484 8275/9486 8276/9487 8185/9381
f 8276/9487 8275/9486 8277/9488 8278/9489
f 8276/9487 8182/9377 8181/9376 8185/9381
f 8276/9487 8278/9489 8279/9490 8182/9377
f 8279/9490 8278/9489 8280/9491 8281/9492
f 8279/9490 8179/9374 8178/9373 8182/9377
f 8279/9490 8281/9492 8282/9493 8179/9374
f 8282/9493 8281/9492 8283/9494 8284/9495
f 8282/9493 8285/9496 8177/9372 8179/9374
f 8282/9493 8284/9495 8286/9497 8285/9496
f 8286/9497 8284/9495 8287/9498 8288/9499
f 8286/9497 8289/9500 8290/9501 8285/9496
f 8286/9497 8288/9499 8291/9502 8289/9500
f 8291/9502 8288/9499 8292/9503 8293/9504
f 8291/9502 8294/9505 8295/9506 8289/9500
f 8291/9502 8293/9504 8296/9507 8294/9505
f 8296/9507 8293/9504 8297/9508 8298/9509
f 8296/9507 8299/9510 8300/9511 8294/9505
f 8296/9507 8298/9509 8301/9512 8299/9510
f 8301/9512 8298/9509 8302/9513 8303/9514
f 8301/9512 8304/9515 8305/9516 8299/9510
f 8301/9512 8303/9514 8306/9517 8304/9515
f 8306/9517 8303/9514 8307/9518 8308/9519
f 8306/9517 8309/9520 8310/9521 8304/9515
f 8306/9517 8308/9519 8311/9522 8309/9520
f 8311/9522 8308/9519 8312/9523 8313/9524
f 8311/9522 8314/9525 8315/9526 8309/9520
f 8311/9522 8313/9524 8316/9527 8314/9525
f 8316/9527 8313/9524 8317/9528 8318/9529
f 8316/9527 8319/9530 8320/9531 8314/9525
f 8316/9527 8318/9529 8321/9532 8319/9530
f 8321/9532 8318/9529 8322/9533 8323/9534
f 8321/9532 8324/9535 8325/9536 8319/9530
f 8321/9532 8323/9534 8326/9537 8324/9535
f 8326/9537 8323/9534 8327/9538 8328/9539
f 8326/9537 8329/9540 8330/9541 8324/9535
f 8326/9537 8328/9539 8331/9542 8329/9540
f 8331/9542 8328/9539 8332/9543 8333/9544
f 8331/9542 8334/9545 8335/9546 8329/9540
f 8331/9542 8333/9544 8336/9547 8334/9545
f 8336/9547 8333/9544 8337/9548 8338/9549
f 8336/9547 8339/9550 8340/9551 8334/9545
f 8336/9547 8338/9549 8341/9552 8339/9550
f 8341/9552 8338/9549 8342/9553 8343/9554
f 8341/9552 8344/9555 8345/9556 8339/9550
f 8341/9552 8343/9554 8346/9557 8344/9555
f 8346/9557 8343/9554 8347/9558 8348/9559
f 8346/9557 8349/9560 8350/9561 8344/9555
f 8346/9557 8348/9559 8351/9562 8349/9560
f 8351/9562 8348/9559 8352/9563 8353/9564
f 8351/9562 8354/9565 8355/9566 8349/9560
f 8351/9562 8353/9564 8356/9567 8354/9565
f 8356/9567 8353/9564 8357/9568 8358/9569
f 8356/9567 8125/9308 8127/9310 8354/9565
f 8356/9567 8358/9569 8123/9306 8125/9308
f 8357/9570 8359/9571 8360/9572 8361/9573
f 8357/9568 8353/9564 8352/9563 8359/9571
f 8357/9568 8361/9573 8362/9574 8358/9569
f 8362/9574 8361/9573 8363/9575 8364/9576
f 8362/9574 8121/9304 8123/9306 8358/9569
f 8362/9574 8364/9576 8119/9302 8121/9304
f 8363/9577 8365/9578 8366/9579 8367/9580
f 8363/9575 8361/9573 8360/9572 8365/9578
f 8363/9577 8367/9580 8368/9581 8364/9576
f 8368/9581 8367/9580 8369/9582 8370/9583
f 8368/9581 8116/9299 8119/9302 8364/9576
f 8368/9581 8370/9583 8117/9300 8116/9299
f 8369/9584 8371/9585 8372/9586 8373/9587
f 8369/9584 8367/9580 8366/9579 8371/9585
f 8369/9584 8373/9587 8374/9588 8370/9583
f 8374/9588 8373/9587 8375/9589 8376/9590
f 8374/9588 8377/9591 8117/9300 8370/9583
f 8374/9588 8376/9590 8378/9592 8377/9591
f 8378/9592 8376/9590 8379/9593 8380/9594
f 8378/9592 8381/9595 8114/9596 8377/9591
f 8378/9592 8380/9594 8382/9597 8381/9595
f 8382/9597 8380/9594 8383/9598 8384/9599
f 8382/9597 8385/9600 8111/9601 8381/9595
f 8382/9597 8384/9599 8386/9602 8385/9600
f 8386/9602 8384/9599 8387/9603 8388/9604
f 8386/9602 8389/9605 8390/9606 8385/9600
f 8386/9602 8388/9604 8391/9607 8389/9605
f 8391/9607 8388/9604 8392/9608 8393/9609
f 8391/9607 8394/9610 8395/9611 8389/9605
f 8391/9607 8393/9609 8396/9612 8394/9610
f 8396/9612 8393/9609 8397/9613 8398/9614
f 8396/9612 8399/9615 8400/9616 8394/9610
f 8396/9612 8398/9614 8401/9617 8399/9615
f 8401/9617 8398/9614 8402/9618 8403/9619
f 8401/9620 8404/9621 8405/9622 8399/9623
f 8401/9620 8403/9624 8406/9625 8404/9621
f 8406/9625 8403/9624 8407/9626 8408/9627
f 8406/9625 8409/9628 8410/9629 8404/9621
f 8406/9625 8408/9627 8411/9630 8409/9628
f 8411/9630 8408/9627 8412/9631 8413/9632
f 8411/9630 8414/9633 8415/9634 8409/9628
f 8411/9630 8413/9632 8416/9635 8414/9633
f 8416/9635 8413/9632 8417/9636 8418/9637
f 8416/9635 8419/9638 8420/9639 8414/9633
f 8416/9635 8418/9637 8421/9640 8419/9638
f 8421/9640 8418/9637 8422/9641 8423/9642
f 8421/9640 8424/9643 8425/9644 8419/9638
f 8421/9640 8423/9642 8426/9645 8424/9643
f 8426/9645 8423/9642 8427/9646 8428/9647
f 8426/9645 8429/9648 8430/9649 8424/9643
f 8426/9645 8428/9647 8431/9650 8429/9648
f 8431/9650 8428/9647 8432/9651 8433/9652
f 8431/9650 8434/9653 8435/9654 8429/9648
f 8431/9650 8433/9652 8436/9655 8434/9653
f 8436/9655 8433/9652 8437/9656 8438/9657
f 8436/9655 8439/9658 8440/9659 8434/9653
f 8436/9655 8438/9657 8441/9660 8439/9658
f 8441/9660 8438/9657 8442/9661 8443/9662
f 8441/9660 8444/9663 8445/9664 8439/9658
f 8441/9660 8443/9662 8446/9665 8444/9663
f 8446/9665 8443/9662 8447/9666 8448/9667
f 8446/9665 8449/9668 8450/9669 8444/9663
f 8446/9665 8448/9667 8451/9670 8449/9668
f 8451/9670 8448/9667 8452/9671 8453/9672
f 8451/9670 8454/9673 8455/9674 8449/9668
f 8451/9670 8453/9672 8456/9675 8454/9673
f 8456/9675 8453/9672 8457/9676 8458/9677
f 8456/9675 8459/9678 8460/9679 8454/9673
f 8456/9675 8458/9677 8461/9680 8459/9678
f 8461/9680 8458/9677 8462/9681 8463/9682
f 8461/9680 8464/9683 8465/9684 8459/9678
f 8461/9680 8463/9682 8466/9685 8464/9683
f 8466/9685 8463/9682 8467/9686 8468/9687
f 8466/9685 8469/9688 8470/9689 8464/9683
f 8466/9685 8468/9687 8471/9690 8469/9688
f 8471/9690 8468/9687 8472/9691 8473/9692
f 8471/9690 8474/9693 8475/9694 8469/9688
f 8471/9690 8473/9692 8476/9695 8474/9693
f 8476/9695 8473/9692 8477/9696 8478/9697
f 8476/9695 8479/9698 8480/9699 8474/9693
f 8476/9695 8478/9697 8481/9700 8479/9698
f 8481/9700 8478/9697 8482/9701 8483/9702
f 8481/9700 8484/9703 8485/9704 8479/9698
f 8481/9700 8483/9702 8486/9705 8484/9703
f 8486/9705 8483/9702 8487/9706 8488/9707
f 8486/9705 8489/9708 8490/9709 8484/9703
f 8486/9705 8488/9707 8491/9710 8489/9708
f 8491/9710 8488/9707 8492/9711 8493/9712
f 8491/9710 8494/9713 8495/9714 8489/9708
f 8491/9710 8493/9712 8496/9715 8494/9713
f 8496/9715 8493/9712 8497/9716 8498/9717
f 8496/9715 8499/9718 8500/9719 8494/9713
f 8496/9715 8498/9717 8501/9720 8499/9718
f 8501/9720 8498/9717 8502/9721 8503/9722
f 8501/9720 8504/9723 8505/9724 8499/9718
f 8501/9720 8503/9722 8506/9725 8504/9723
f 8506/9725 8503/9722 8507/9726 8508/9727
f 8506/9725 8509/9728 8510/9729 8504/9723
f 8506/9725 8508/9727 8511/9730 8509/9728
f 8511/9730 8508/9727 8512/9731 8513/9732
f 8511/9730 8514/9733 8515/9734 8509/9728
f 8511/9730 8513/9732 8516/9735 8514/9733
f 8516/9735 8513/9732 8517/9736 8518/9737
f 8516/9735 8519/9738 8520/9739 8514/9733
f 8516/9735 8518/9737 8521/9740 8519/9738
f 8521/9740 8518/9737 8522/9741 8523/9742
f 8521/9740 8524/9743 8525/9744 8519/9738
f 8521/9740 8523/9742 8526/9745 8524/9743
f 8526/9745 8523/9742 8527/9746 8528/9747
f 8526/9745 8529/9748 8530/9749 8524/9743
f 8526/9745 8528/9747 8531/9750 8529/9748
f 8531/9750 8528/9747 8532/9751 8533/9752
f 8531/9750 8534/9753 8535/9754 8529/9748
f 8531/9750 8533/9752 8536/9755 8534/9753
f 8536/9755 8533/9752 8537/9756 8538/9757
f 8536/9755 8539/9758 8540/9759 8534/9753
f 8536/9755 8538/9757 8541/9760 8539/9758
f 8541/9760 8538/9757 8542/9761 8543/9762
f 8541/9760 8544/9763 8545/9764 8539/9758
f 8541/9760 8543/9762 8546/9765 8544/9763
f 8546/9765 8543/9762 8547/9766 8548/9767
f 8546/9765 8549/9768 8550/9769 8544/9763
f 8546/9765 8548/9767 8551/9770 8549/9768
f 8551/9770 8548/9767 8552/9771 8553/9772
f 8551/9770 8554/9773 8555/9774 8549/9768
f 8551/9770 8553/9772 8556/9775 8554/9773
f 8556/9775 8553/9772 8557/9776 8558/9777
f 8556/9775 8559/9778 8560/9779 8554/9773
f 8556/9775 8558/9777 8561/9780 8559/9778
f 8561/9780 8558/9777 8562/9781 8563/9782
f 8561/9783 8564/9784 8565/9785 8559/9786
f 8561/9783 8563/9787 8566/9788 8564/9784
f 8566/9788 8563/9787 8567/9789 8568/9790
f 8566/9788 8569/9791 8570/9792 8564/9784
f 8566/9788 8568/9790 8571/9793 8569/9791
f 8571/9793 8568/9790 8572/9794 8573/9795
f 8571/9793 8574/9796 8575/9797 8569/9791
f 8571/9793 8573/9795 8576/9798 8574/9796
f 8576/9798 8573/9795 8577/9799 8578/9800
f 8576/9798 8579/9801 8580/9802 8574/9796
f 8576/9798 8578/9800 8581/9803 8579/9801
f 8581/9803 8578/9800 8582/9804 8583/9805
f 8581/9803 8584/9806 8585/9807 8579/9801
f 8581/9803 8583/9805 8586/9808 8584/9806
f 8586/9808 8583/9805 8587/9809 8588/9810
f 8586/9808 8589/9811 8590/9812 8584/9806
f 8586/9808 8588/9810 8591/9813 8589/9811
f 8591/9813 8588/9810 8592/9814 8593/9815
f 8591/9813 8594/9816 8595/9817 8589/9811
f 8591/9813 8593/9815 8596/9818 8594/9816
f 8596/9818 8593/9815 8597/9819 8598/9820
f 8596/9818 8599/9821 8600/9822 8594/9816
f 8596/9818 8598/9820 8601/9823 8599/9821
f 8601/9823 8598/9820 8602/9824 8603/9825
f 8601/9823 8604/9826 8605/9827 8599/9821
f 8601/9823 8603/9825 8606/9828 8604/9826
f 8606/9828 8603/9825 8607/9829 8608/9830
f 8606/9828 8609/9831 8610/9832 8604/9826
f 8606/9828 8608/9830 8611/9833 8609/9831
f 8611/9833 8608/9830 8612/9834 8613/9835
f 8611/9833 8614/9836 8615/9837 8609/9831
f 8611/9833 8613/9835 8616/9838 8614/9836
f 8616/9838 8613/9835 8617/9839 8618/9840
f 8616/9838 8619/9841 8620/9842 8614/9836
f 8616/9838 8618/9840 8621/9843 8619/9841
f 8621/9843 8618/9840 8622/9844 8623/9845
f 8621/9843 8624/9846 8625/9847 8619/9841
f 8621/9843 8623/9845 8626/9848 8624/9846
f 8626/9848 8623/9845 8627/9849 8628/9850
f 8626/9848 8629/9851 8630/9852 8624/9846
f 8626/9848 8628/9850 8631/9853 8629/9851
f 8631/9853 8628/9850 8632/9854 8633/9855
f 8631/9853 8634/9856 8635/9857 8629/9851
f 8631/9853 8633/9855 8636/9858 8634/9856
f 8636/9858 8633/9855 8637/9859 8638/9860
f 8636/9858 8639/9861 8640/9862 8634/9856
f 8636/9858 8638/9860 8641/9863 8639/9861
f 8641/9863 8638/9860 8642/9864 8643/9865
f 8641/9863 8644/9866 8645/9867 8639/9861
f 8641/9863 8643/9865 8646/9868 8644/9866
f 8646/9868 8643/9865 8647/9869 8648/9870
f 8646/9868 8649/9871 8650/9872 8644/9866
f 8646/9868 8648/9870 8651/9873 8649/9871
f 8651/9873 8648/9870 8652/9874 8653/9875
f 8651/9873 8654/9876 8655/9877 8649/9871
f 8651/9873 8653/9875 8656/9878 8654/9876
f 8656/9878 8653/9875 8657/9879 8658/9880
f 8656/9878 8659/9881 8660/9882 8654/9876
f 8656/9878 8658/9880 8661/9883 8659/9881
f 8661/9883 8658/9880 8662/9884 8663/9885
f 8661/9883 8664/9886 8665/9887 8659/9881
f 8661/9883 8663/9885 8666/9888 8664/9886
f 8666/9888 8663/9885 8667/9889 8668/9890
f 8666/9888 8669/9891 8670/9892 8664/9886
f 8666/9888 8668/9890 8671/9893 8669/9891
f 8671/9893 8668/9890 8672/9894 8673/9895
f 8671/9893 8674/9896 8675/9897 8669/9891
f 8671/9893 8673/9895 8676/9898 8674/9896
f 8676/9898 8673/9895 8677/9899 8678/9900
f 8676/9898 8679/9901 8680/9902 8674/9896
f 8676/9898 8678/9900 8681/9903 8679/9901
f 8681/9903 8678/9900 8682/9904 5022/9905
f 8681/9903 8683/9906 8684/9907 8679/9901
f 8681/9903 5022/9905 5021/5801 8683/9906
f 8683/9906 8685/9908 8686/9909 8684/9907
f 8683/9906 5021/5801 5026/5806 8685/9908
f 8685/9908 8687/9910 7927/9911 8686/9909
f 8685/9908 5026/5806 8688/9912 8687/9910
f 8688/9912 5026/5806 5025/5805 8689/9913
f 8688/9914 8690/9915 7924/9916 8687/9917
f 8688/9914 8689/9918 8691/9919 8690/9915
f 8691/9919 8689/9918 8692/9920 8693/9921
f 8691/9919 8694/9922 7921/9923 8690/9915
f 8691/9919 8693/9921 8695/9924 8694/9922
f 8695/9925 8693/9926 8696/9927 5072/9928
f 8695/9924 8697/9929 7918/9930 8694/9922
f 8695/9924 5072/9931 5071/9932 8697/9929
f 8697/9929 7915/9028 7914/9027 7918/9930
f 8697/9929 5071/9932 5076/9933 7915/9028
f 8696/9934 8698/9935 8699/9936 8700/9937
f 8696/9927 8693/9926 8692/9938 8698/9935
f 8696/9934 8700/9937 5073/5854 5072/9928
f 8698/9935 8701/9939 8702/9940 8699/9936
f 8698/9935 8692/9938 5024/9941 8701/9939
f 8701/9939 8703/9942 8704/9943 8702/9940
f 8701/9939 5024/9941 5023/5803 8703/9942
f 8703/9942 8682/9944 8705/9945 8704/9943
f 8703/9942 5023/5803 5022/5802 8682/9944
f 8705/9945 8706/9946 8707/9947 8704/9943
f 8705/9945 8677/9948 8708/9949 8706/9946
f 8705/9945 8682/9944 8678/9900 8677/9948
f 8708/9949 8709/9950 8710/9951 8706/9946
f 8708/9949 8672/9952 8711/9953 8709/9950
f 8708/9949 8677/9948 8673/9895 8672/9952
f 8711/9953 8712/9954 8713/9955 8709/9950
f 8711/9953 8667/9956 8714/9957 8712/9954
f 8711/9953 8672/9952 8668/9890 8667/9956
f 8714/9957 5034/5814 5033/5813 8712/9954
f 8714/9957 8662/9958 5035/5815 5034/5814
f 8714/9957 8667/9956 8663/9885 8662/9958
f 8712/9954 5033/5813 8715/9959 8713/9955
f 8715/9959 5033/5813 5032/5812 8716/9960
f 8715/9959 8717/9961 8718/9962 8713/9955
f 8715/9959 8716/9960 8719/9963 8717/9961
f 8719/9963 8716/9960 8720/9964 8721/9965
f 8719/9963 8722/9966 8723/9967 8717/9961
f 8719/9963 8721/9965 8724/9968 8722/9966
f 8724/9968 8721/9965 8725/9969 8726/9970
f 8724/9968 8727/9971 8728/9972 8722/9966
f 8724/9968 8726/9970 8729/9973 8727/9971
f 8729/9973 8726/9970 8730/9974 8731/9975
f 8729/9973 8732/9976 8733/9977 8727/9971
f 8729/9973 8731/9975 8734/9978 8732/9976
f 8734/9978 8731/9975 8735/9979 8736/9980
f 8734/9978 8737/9981 8738/9982 8732/9976
f 8734/9978 8736/9980 8739/9983 8737/9981
f 8739/9983 8736/9980 8740/9984 8741/9985
f 8739/9983 8742/9986 8743/9987 8737/9981
f 8739/9983 8741/9985 8744/9988 8742/9986
f 8744/9988 8741/9985 8745/9989 8746/9990
f 8744/9988 8747/9991 8748/9992 8742/9986
f 8744/9988 8746/9990 8749/9993 8747/9991
f 8749/9993 8746/9990 8750/9994 8751/9995
f 8749/9993 8752/9996 8753/9997 8747/9991
f 8749/9993 8751/9995 8754/9998 8752/9996
f 8754/9998 8751/9995 7849/8953 7851/8955
f 8754/9999 8755/10000 8756/10001 8752/10002
f 8754/9999 7851/10003 8757/10004 8755/10000
f 8757/10004 7851/10003 7850/8961 7855/8960
f 8757/10004 8758/10005 8759/10006 8755/10000
f 8757/10004 7855/8960 8760/10007 8758/10005
f 8760/10007 7855/8960 7854/8959 7858/8965
f 8760/10007 8761/10008 8762/10009 8758/10005
f 8760/10007 7858/8965 7860/8967 8761/10008
f 8761/10008 8763/10010 8764/10011 8762/10009
f 8761/10008 7860/8967 7862/8969 8763/10010
f 8763/10010 8765/10012 8766/10013 8764/10011
f 8763/10010 7862/8969 7864/8971 8765/10012
f 8765/10012 8767/10014 8768/10015 8766/10013
f 8765/10012 7864/8971 8769/10016 8767/10014
f 8769/10016 7864/8971 7863/8970 7867/8974
f 8769/10016 8770/10017 8771/10018 8767/10014
f 8769/10016 7867/8974 7869/8977 8770/10017
f 8770/10017 7875/8984 7877/8986 8771/10018
f 8770/10017 7869/8977 7871/8979 7875/8984
f 8771/10018 7882/10019 8768/10015 8767/10014
f 8771/10018 7877/8986 7879/8988 7882/10019
f 8768/10015 7885/10020 8772/10021 8766/10013
f 8768/10015 7882/10019 7881/8991 7885/10020
f 8772/10021 8773/10022 8764/10011 8766/10013
f 8772/10021 7888/9000 7890/9002 8773/10022
f 8772/10021 7885/10020 7884/8995 7888/9000
f 8773/10022 8774/10023 8762/10009 8764/10011
f 8773/10022 7890/9002 7892/9004 8774/10023
f 8774/10023 8759/10006 8758/10005 8762/10009
f 8774/10023 7892/9004 7894/9006 8759/10006
f 8759/10006 7894/9006 8756/10001 8755/10000
f 8756/10001 7897/10024 8753/10025 8752/10002
f 8756/10001 7894/9006 7893/9005 7897/10024
f 8753/9997 7900/10026 8748/9992 8747/9991
f 8753/10025 7897/10024 7896/9008 7900/9013
f 8750/10027 8775/10028 7844/8948 7847/8951
f 8750/9994 8746/9990 8745/9989 8775/10028
f 8750/9994 7847/8951 7849/8953 8751/9995
f 8775/10028 8776/10029 7845/8949 7844/8948
f 8775/10028 8745/9989 8777/10030 8776/10029
f 8777/10030 8778/10031 8779/10032 8776/10029
f 8777/10030 8740/10033 8780/10034 8778/10031
f 8777/10030 8745/9989 8741/9985 8740/10033
f 8780/10034 8781/10035 8782/10036 8778/10031
f 8780/10034 8735/10037 8783/10038 8781/10035
f 8780/10034 8740/10033 8736/9980 8735/10037
f 8783/10038 8784/10039 8785/10040 8781/10035
f 8783/10038 8730/10041 8786/10042 8784/10039
f 8783/10038 8735/10037 8731/9975 8730/10041
f 8786/10042 8787/10043 8788/10044 8784/10039
f 8786/10042 8725/10045 8789/10046 8787/10043
f 8786/10042 8730/10041 8726/9970 8725/10045
f 8789/10046 8790/10047 8791/10048 8787/10043
f 8789/10046 8720/10049 5031/10050 8790/10047
f 8789/10046 8725/10045 8721/9965 8720/10049
f 8790/10047 8792/10051 8793/10052 8791/10048
f 8790/10047 5031/10050 5030/5810 8792/10051
f 8792/10051 8794/10053 8795/10054 8793/10052
f 8792/10051 5030/5810 5029/5809 8794/10053
f 8794/10053 8796/10055 8797/10056 8795/10054
f 8794/10053 5029/5809 8798/10057 8796/10055
f 8798/10057 8799/10058 8800/10059 8796/10055
f 8798/10057 8801/10060 8802/10061 8799/10058
f 8798/10057 5029/5809 5028/5808 8801/10060
f 8801/10060 8803/10062 8804/10063 8802/10061
f 8801/10060 5028/5808 5037/5817 8803/10062
f 8803/10062 8805/10064 8806/10065 8804/10063
f 8803/10062 5037/5817 8807/10066 8805/10064
f 8807/10066 8808/10067 8809/10068 8805/10064
f 8807/10066 8810/10069 8652/10070 8808/10067
f 8807/10066 5037/5817 5036/5816 8810/10069
f 8810/10069 8657/9879 8653/9875 8652/10070
f 8810/10069 5036/5816 5035/5815 8657/9879
f 8808/10067 8647/10071 8811/10072 8809/10068
f 8808/10067 8652/10070 8648/9870 8647/10071
f 8811/10072 8812/10073 8813/10074 8809/10068
f 8811/10072 8642/10075 8814/10076 8812/10073
f 8811/10072 8647/10071 8643/9865 8642/10075
f 8814/10076 8815/10077 8816/10078 8812/10073
f 8814/10076 8637/10079 8817/10080 8815/10077
f 8814/10076 8642/10075 8638/9860 8637/10079
f 8817/10080 8818/10081 8819/10082 8815/10077
f 8817/10080 8632/10083 8820/10084 8818/10081
f 8817/10080 8637/10079 8633/9855 8632/10083
f 8820/10084 8821/10085 8822/10086 8818/10081
f 8820/10084 8627/10087 8823/10088 8821/10085
f 8820/10084 8632/10083 8628/9850 8627/10087
f 8823/10088 8824/10089 8825/10090 8821/10085
f 8823/10088 8622/10091 8826/10092 8824/10089
f 8823/10088 8627/10087 8623/9845 8622/10091
f 8826/10092 8827/10093 8828/10094 8824/10089
f 8826/10092 8617/10095 8829/10096 8827/10093
f 8826/10092 8622/10091 8618/9840 8617/10095
f 8829/10096 8830/10097 8831/10098 8827/10093
f 8829/10096 8612/10099 8832/10100 8830/10097
f 8829/10096 8617/10095 8613/9835 8612/10099
f 8832/10100 8833/10101 8834/10102 8830/10097
f 8832/10100 8607/10103 8835/10104 8833/10101
f 8832/10100 8612/10099 8608/9830 8607/10103
f 8835/10104 8836/10105 8837/10106 8833/10101
f 8835/10104 8602/10107 8838/10108 8836/10105
f 8835/10104 8607/10103 8603/9825 8602/10107
f 8838/10108 8839/10109 8840/10110 8836/10105
f 8838/10108 8597/10111 8841/10112 8839/10109
f 8838/10108 8602/10107 8598/9820 8597/10111
f 8841/10112 8842/10113 8843/10114 8839/10109
f 8841/10112 8592/10115 8844/10116 8842/10113
f 8841/10112 8597/10111 8593/9815 8592/10115
f 8844/10116 8845/10117 8846/10118 8842/10113
f 8844/10116 8587/10119 8847/10120 8845/10117
f 8844/10116 8592/10115 8588/9810 8587/10119
f 8847/10120 8848/10121 8849/10122 8845/10117
f 8847/10120 8582/10123 8850/10124 8848/10121
f 8847/10120 8587/10119 8583/9805 8582/10123
f 8850/10124 8851/10125 8852/10126 8848/10121
f 8850/10124 8577/10127 8853/10128 8851/10125
f 8850/10124 8582/10123 8578/9800 8577/10127
f 8853/10128 8854/10129 8855/10130 8851/10125
f 8853/10128 8572/10131 8856/10132 8854/10129
f 8853/10128 8577/10127 8573/9795 8572/10131
f 8856/10133 8857/10134 8858/10135 8854/10136
f 8856/10133 8567/10137 8859/10138 8857/10134
f 8856/10132 8572/10131 8568/9790 8567/9789
f 8859/10138 8860/10139 8861/10140 8857/10134
f 8859/10138 8562/10141 8862/10142 8860/10139
f 8859/10138 8567/10137 8563/9782 8562/10141
f 8862/10142 8863/10143 8864/10144 8860/10139
f 8862/10142 8557/10145 8865/10146 8863/10143
f 8862/10142 8562/10141 8558/9777 8557/10145
f 8865/10146 8866/10147 8867/10148 8863/10143
f 8865/10146 8552/10149 8868/10150 8866/10147
f 8865/10146 8557/10145 8553/9772 8552/10149
f 8868/10150 8869/10151 8870/10152 8866/10147
f 8868/10150 8547/10153 8871/10154 8869/10151
f 8868/10150 8552/10149 8548/9767 8547/10153
f 8871/10154 8872/10155 8873/10156 8869/10151
f 8871/10154 8542/10157 8874/10158 8872/10155
f 8871/10154 8547/10153 8543/9762 8542/10157
f 8874/10158 8875/10159 8876/10160 8872/10155
f 8874/10158 8537/10161 8877/10162 8875/10159
f 8874/10158 8542/10157 8538/9757 8537/10161
f 8877/10162 8878/10163 8879/10164 8875/10159
f 8877/10162 8532/10165 8880/10166 8878/10163
f 8877/10162 8537/10161 8533/9752 8532/10165
f 8880/10166 8881/10167 8882/10168 8878/10163
f 8880/10166 8527/10169 8883/10170 8881/10167
f 8880/10166 8532/10165 8528/9747 8527/10169
f 8883/10170 8884/10171 8885/10172 8881/10167
f 8883/10170 8522/10173 8886/10174 8884/10171
f 8883/10170 8527/10169 8523/9742 8522/10173
f 8886/10174 8887/10175 8888/10176 8884/10171
f 8886/10174 8517/10177 8889/10178 8887/10175
f 8886/10174 8522/10173 8518/9737 8517/10177
f 8889/10178 8890/10179 8891/10180 8887/10175
f 8889/10178 8512/10181 8892/10182 8890/10179
f 8889/10178 8517/10177 8513/9732 8512/10181
f 8892/10182 8893/10183 8894/10184 8890/10179
f 8892/10182 8507/10185 8895/10186 8893/10183
f 8892/10182 8512/10181 8508/9727 8507/10185
f 8895/10186 8896/10187 8897/10188 8893/10183
f 8895/10186 8502/10189 8898/10190 8896/10187
f 8895/10186 8507/10185 8503/9722 8502/10189
f 8898/10190 8899/10191 8900/10192 8896/10187
f 8898/10190 8497/10193 8901/10194 8899/10191
f 8898/10190 8502/10189 8498/9717 8497/10193
f 8901/10194 8902/10195 8903/10196 8899/10191
f 8901/10194 8492/10197 8904/10198 8902/10195
f 8901/10194 8497/10193 8493/9712 8492/10197
f 8904/10198 8905/10199 8906/10200 8902/10195
f 8904/10198 8487/10201 8907/10202 8905/10199
f 8904/10198 8492/10197 8488/9707 8487/10201
f 8907/10202 8908/10203 8909/10204 8905/10199
f 8907/10202 8482/10205 8910/10206 8908/10203
f 8907/10202 8487/10201 8483/9702 8482/10205
f 8910/10206 8911/10207 8912/10208 8908/10203
f 8910/10206 8477/10209 8913/10210 8911/10207
f 8910/10206 8482/10205 8478/9697 8477/10209
f 8913/10210 8914/10211 8915/10212 8911/10207
f 8913/10210 8472/10213 8916/10214 8914/10211
f 8913/10210 8477/10209 8473/9692 8472/10213
f 8916/10214 8917/10215 8918/10216 8914/10211
f 8916/10214 8467/10217 8919/10218 8917/10215
f 8916/10214 8472/10213 8468/9687 8467/10217
f 8919/10218 8920/10219 8921/10220 8917/10215
f 8919/10218 8462/10221 8922/10222 8920/10219
f 8919/10218 8467/10217 8463/9682 8462/10221
f 8922/10222 8923/10223 8924/10224 8920/10219
f 8922/10222 8457/10225 8925/10226 8923/10223
f 8922/10222 8462/10221 8458/9677 8457/10225
f 8925/10226 8926/10227 8927/10228 8923/10223
f 8925/10226 8452/10229 8928/10230 8926/10227
f 8925/10226 8457/10225 8453/9672 8452/10229
f 8928/10230 8929/10231 8930/10232 8926/10227
f 8928/10230 8447/10233 8931/10234 8929/10231
f 8928/10230 8452/10229 8448/9667 8447/10233
f 8931/10234 8932/10235 8933/10236 8929/10231
f 8931/10234 8442/10237 8934/10238 8932/10235
f 8931/10234 8447/10233 8443/9662 8442/10237
f 8934/10238 8935/10239 8936/10240 8932/10235
f 8934/10238 8437/10241 8937/10242 8935/10239
f 8934/10238 8442/10237 8438/9657 8437/10241
f 8937/10242 8938/10243 8939/10244 8935/10239
f 8937/10242 8432/10245 8940/10246 8938/10243
f 8937/10242 8437/10241 8433/9652 8432/10245
f 8940/10246 8941/10247 8942/10248 8938/10243
f 8940/10246 8427/10249 8943/10250 8941/10247
f 8940/10246 8432/10245 8428/9647 8427/10249
f 8943/10250 8944/10251 8945/10252 8941/10247
f 8943/10250 8422/10253 8946/10254 8944/10251
f 8943/10250 8427/10249 8423/9642 8422/10253
f 8946/10254 8947/10255 8948/10256 8944/10251
f 8946/10254 8417/10257 8949/10258 8947/10255
f 8946/10254 8422/10253 8418/9637 8417/10257
f 8949/10258 8950/10259 8951/10260 8947/10255
f 8949/10258 8412/10261 8952/10262 8950/10259
f 8949/10258 8417/10257 8413/9632 8412/10261
f 8952/10263 8953/10264 8954/10265 8950/10266
f 8952/10263 8407/10267 8955/10268 8953/10264
f 8952/10262 8412/10261 8408/9627 8407/9626
f 8955/10268 8956/10269 8957/10270 8953/10264
f 8955/10268 8402/10271 8958/10272 8956/10269
f 8955/10268 8407/10267 8403/9619 8402/10271
f 8958/10272 8959/10273 8960/10274 8956/10269
f 8958/10272 8397/10275 8961/10276 8959/10273
f 8958/10272 8402/10271 8398/9614 8397/10275
f 8961/10276 8962/10277 8963/10278 8959/10273
f 8961/10276 8392/10279 8964/10280 8962/10277
f 8961/10276 8397/10275 8393/9609 8392/10279
f 8964/10280 8965/10281 8966/10282 8962/10277
f 8964/10280 8387/10283 8967/10284 8965/10281
f 8964/10280 8392/10279 8388/9604 8387/10283
f 8967/10284 8968/10285 8969/10286 8965/10281
f 8967/10284 8383/10287 8970/10288 8968/10285
f 8967/10284 8387/10283 8384/9599 8383/10287
f 8970/10288 8971/10289 8972/10290 8968/10285
f 8970/10288 8379/10291 8973/10292 8971/10289
f 8970/10288 8383/10287 8380/9594 8379/10291
f 8973/10292 8974/10293 8975/10294 8971/10289
f 8973/10292 8375/10295 8976/10296 8974/10293
f 8973/10292 8379/10291 8376/9590 8375/10295
f 8976/10296 8977/10297 8978/10298 8974/10293
f 8976/10296 8372/10299 8979/10300 8977/10297
f 8976/10296 8375/10295 8373/9587 8372/10299
f 8979/10300 8980/10301 8981/10302 8977/10297
f 8979/10300 8982/10303 8983/10304 8980/10301
f 8979/10300 8372/10299 8371/9585 8982/10303
f 8982/10303 8984/10305 8985/10306 8983/10304
f 8982/10303 8371/9585 8366/9579 8984/10305
f 8984/10305 8986/10307 8987/10308 8985/10306
f 8984/10305 8366/9579 8365/9578 8986/10307
f 8986/10307 8988/10309 8989/10310 8987/10308
f 8986/10307 8365/9578 8360/9572 8988/10309
f 8988/10309 8990/10311 8991/10312 8989/10310
f 8988/10309 8360/9572 8359/9571 8990/10311
f 8990/10311 8992/10313 8993/10314 8991/10312
f 8990/10311 8359/9571 8352/9563 8992/10313
f 8992/10313 8347/10315 8994/10316 8993/10314
f 8992/10313 8352/9563 8348/9559 8347/10315
f 8994/10316 8995/10317 8996/10318 8993/10314
f 8994/10316 8342/10319 8997/10320 8995/10317
f 8994/10316 8347/10315 8343/9554 8342/10319
f 8997/10320 8998/10321 8999/10322 8995/10317
f 8997/10320 8337/10323 9000/10324 8998/10321
f 8997/10320 8342/10319 8338/9549 8337/10323
f 9000/10324 9001/10325 9002/10326 8998/10321
f 9000/10324 8332/10327 9003/10328 9001/10325
f 9000/10324 8337/10323 8333/9544 8332/10327
f 9003/10328 9004/10329 9005/10330 9001/10325
f 9003/10328 8327/10331 9006/10332 9004/10329
f 9003/10328 8332/10327 8328/9539 8327/10331
f 9006/10332 9007/10333 9008/10334 9004/10329
f 9006/10332 8322/10335 9009/10336 9007/10333
f 9006/10332 8327/10331 8323/9534 8322/10335
f 9009/10336 9010/10337 9011/10338 9007/10333
f 9009/10336 8317/10339 9012/10340 9010/10337
f 9009/10336 8322/10335 8318/9529 8317/10339
f 9012/10340 9013/10341 9014/10342 9010/10337
f 9012/10340 8312/10343 9015/10344 9013/10341
f 9012/10340 8317/10339 8313/9524 8312/10343
f 9015/10344 9016/10345 9017/10346 9013/10341
f 9015/10344 8307/10347 9018/10348 9016/10345
f 9015/10344 8312/10343 8308/9519 8307/10347
f 9018/10348 9019/10349 9020/10350 9016/10345
f 9018/10348 8302/10351 9021/10352 9019/10349
f 9018/10348 8307/10347 8303/9514 8302/10351
f 9021/10352 9022/10353 9023/10354 9019/10349
f 9021/10352 8297/10355 9024/10356 9022/10353
f 9021/10352 8302/10351 8298/9509 8297/10355
f 9024/10356 9025/10357 9026/10358 9022/10353
f 9024/10356 8292/10359 9027/10360 9025/10357
f 9024/10356 8297/10355 8293/9504 8292/10359
f 9027/10360 9028/10361 9029/10362 9025/10357
f 9027/10360 8287/10363 9030/10364 9028/10361
f 9027/10360 8292/10359 8288/9499 8287/10363
f 9030/10364 9031/10365 9032/10366 9028/10361
f 9030/10364 8283/10367 9033/10368 9031/10365
f 9030/10364 8287/10363 8284/9495 8283/10367
f 9033/10368 9034/10369 9035/10370 9031/10365
f 9033/10368 8280/10371 9036/10372 9034/10369
f 9033/10368 8283/10367 8281/9492 8280/10371
f 9036/10372 9037/10373 9038/10374 9034/10369
f 9036/10372 8277/10375 9039/10376 9037/10373
f 9036/10372 8280/10371 8278/9489 8277/10375
f 9039/10376 9040/10377 9041/10378 9037/10373
f 9039/10376 8274/10379 9042/10380 9040/10377
f 9039/10376 8277/10375 8275/9486 8274/10379
f 9042/10380 7586/8681 7587/8682 9040/10377
f 9042/10380 8271/10381 7585/8680 7586/8681
f 9042/10380 8274/10379 8272/9483 8271/10381
f 9040/10377 7587/8682 7588/8683 9041/10378
f 9041/10378 7588/8683 7589/8684 9043/10382
f 9041/10378 9043/10382 9038/10374 9037/10373
f 9043/10382 7589/8684 7590/8685 9044/10383
f 9043/10382 9044/10383 9045/10384 9038/10374
f 9045/10384 9044/10383 9046/10385 9047/10386
f 9045/10384 9035/10370 9034/10369 9038/10374
f 9045/10384 9047/10386 9048/10387 9035/10370
f 9048/10387 9047/10386 9049/10388 9050/10389
f 9048/10387 9032/10366 9031/10365 9035/10370
f 9048/10387 9050/10389 9051/10390 9032/10366
f 9051/10390 9050/10389 9052/10391 9053/10392
f 9051/10390 9029/10362 9028/10361 9032/10366
f 9051/10390 9053/10392 9054/10393 9029/10362
f 9054/10393 9053/10392 9055/10394 9056/10395
f 9054/10393 9026/10358 9025/10357 9029/10362
f 9054/10393 9056/10395 9057/10396 9026/10358
f 9057/10396 9056/10395 9058/10397 9059/10398
f 9057/10396 9023/10354 9022/10353 9026/10358
f 9057/10396 9059/10398 9060/10399 9023/10354
f 9060/10399 9059/10398 9061/10400 9062/10401
f 9060/10399 9020/10350 9019/10349 9023/10354
f 9060/10399 9062/10401 9063/10402 9020/10350
f 9063/10402 9062/10401 9064/10403 9065/10404
f 9063/10402 9017/10346 9016/10345 9020/10350
f 9063/10402 9065/10404 9066/10405 9017/10346
f 9066/10405 9065/10404 9067/10406 9068/10407
f 9066/10405 9014/10342 9013/10341 9017/10346
f 9066/10405 9068/10407 9069/10408 9014/10342
f 9069/10408 9068/10407 9070/10409 9071/10410
f 9069/10408 9011/10338 9010/10337 9014/10342
f 9069/10408 9071/10410 9072/10411 9011/10338
f 9072/10411 9071/10410 9073/10412 9074/10413
f 9072/10411 9008/10334 9007/10333 9011/10338
f 9072/10411 9074/10413 9075/10414 9008/10334
f 9075/10414 9074/10413 9076/10415 9077/10416
f 9075/10414 9005/10330 9004/10329 9008/10334
f 9075/10414 9077/10416 9078/10417 9005/10330
f 9078/10417 9077/10416 9079/10418 9080/10419
f 9078/10417 9002/10326 9001/10325 9005/10330
f 9078/10417 9080/10419 9081/10420 9002/10326
f 9081/10420 9080/10419 9082/10421 9083/10422
f 9081/10420 8999/10322 8998/10321 9002/10326
f 9081/10420 9083/10422 9084/10423 8999/10322
f 9084/10423 9083/10422 9085/10424 9086/10425
f 9084/10423 8996/10318 8995/10317 8999/10322
f 9084/10423 9086/10425 9087/10426 8996/10318
f 9087/10426 9086/10425 9088/10427 9089/10428
f 9087/10426 8991/10312 8993/10314 8996/10318
f 9087/10426 9089/10428 8989/10310 8991/10312
f 9088/10429 9090/10430 9091/10431 9092/10432
f 9088/10427 9086/10425 9085/10424 9090/10430
f 9088/10427 9092/10432 9093/10433 9089/10428
f 9093/10433 9092/10432 5108/10434 9094/10435
f 9093/10433 8987/10308 8989/10310 9089/10428
f 9093/10433 9094/10435 8985/10306 8987/10308
f 9094/10435 5108/10434 5107/5889 9095/10436
f 9094/10435 9095/10436 8983/10304 8985/10306
f 9095/10436 5107/5889 4985/5763 9096/10437
f 9095/10436 9096/10437 8980/10301 8983/10304
f 9096/10437 4985/5763 4984/5762 9097/10438
f 9096/10437 9097/10438 8981/10302 8980/10301
f 9097/10438 4984/5762 4993/5771 9098/10439
f 9097/10438 9098/10439 9099/10440 8981/10302
f 9099/10440 9098/10439 9100/10441 9101/10442
f 9099/10440 8978/10298 8977/10297 8981/10302
f 9099/10440 9101/10442 9102/10443 8978/10298
f 9102/10443 9101/10442 9103/10444 9104/10445
f 9102/10443 8975/10294 8974/10293 8978/10298
f 9102/10443 9104/10445 9105/10446 8975/10294
f 9105/10446 9104/10445 9106/10447 9107/10448
f 9105/10446 8972/10290 8971/10289 8975/10294
f 9105/10446 9107/10448 9108/10449 8972/10290
f 9108/10449 9107/10448 9109/10450 9110/10451
f 9108/10449 8969/10286 8968/10285 8972/10290
f 9108/10449 9110/10451 9111/10452 8969/10286
f 9111/10452 9110/10451 9112/10453 9113/10454
f 9111/10452 8966/10282 8965/10281 8969/10286
f 9111/10452 9113/10454 9114/10455 8966/10282
f 9114/10455 9113/10454 9115/10456 9116/10457
f 9114/10455 8963/10278 8962/10277 8966/10282
f 9114/10455 9116/10457 9117/10458 8963/10278
f 9117/10458 9116/10457 9118/10459 9119/10460
f 9117/10458 8960/10274 8959/10273 8963/10278
f 9117/10458 9119/10460 9120/10461 8960/10274
f 9120/10461 9119/10460 9121/10462 9122/10463
f 9120/10461 8957/10270 8956/10269 8960/10274
f 9120/10461 9122/10463 9123/10464 8957/10270
f 9123/10464 9122/10463 9124/10465 9125/10466
f 9123/10464 8954/10265 8953/10264 8957/10270
f 9123/10464 9125/10466 9126/10467 8954/10265
f 9126/10467 9125/10466 9127/10468 9128/10469
f 9126/10467 8951/10470 8950/10266 8954/10265
f 9126/10467 9128/10469 9129/10471 8951/10470
f 9129/10471 9128/10469 9130/10472 9131/10473
f 9129/10474 8948/10256 8947/10255 8951/10260
f 9129/10474 9131/10475 9132/10476 8948/10256
f 9132/10476 9131/10475 9133/10477 9134/10478
f 9132/10476 8945/10252 8944/10251 8948/10256
f 9132/10476 9134/10478 9135/10479 8945/10252
f 9135/10479 9134/10478 9136/10480 9137/10481
f 9135/10479 8942/10248 8941/10247 8945/10252
f 9135/10479 9137/10481 9138/10482 8942/10248
f 9138/10482 9137/10481 9139/10483 9140/10484
f 9138/10482 8939/10244 8938/10243 8942/10248
f 9138/10482 9140/10484 9141/10485 8939/10244
f 9141/10485 9140/10484 9142/10486 9143/10487
f 9141/10485 8936/10240 8935/10239 8939/10244
f 9141/10485 9143/10487 9144/10488 8936/10240
f 9144/10488 9143/10487 9145/10489 9146/10490
f 9144/10488 8933/10236 8932/10235 8936/10240
f 9144/10488 9146/10490 9147/10491 8933/10236
f 9147/10491 9146/10490 9148/10492 9149/10493
f 9147/10491 8930/10232 8929/10231 8933/10236
f 9147/10491 9149/10493 9150/10494 8930/10232
f 9150/10494 9149/10493 9151/10495 9152/10496
f 9150/10494 8927/10228 8926/10227 8930/10232
f 9150/10494 9152/10496 9153/10497 8927/10228
f 9153/10497 9152/10496 9154/10498 9155/10499
f 9153/10497 8924/10224 8923/10223 8927/10228
f 9153/10497 9155/10499 9156/10500 8924/10224
f 9156/10500 9155/10499 9157/10501 9158/10502
f 9156/10500 8921/10220 8920/10219 8924/10224
f 9156/10500 9158/10502 9159/10503 8921/10220
f 9159/10503 9158/10502 9160/10504 9161/10505
f 9159/10503 8918/10216 8917/10215 8921/10220
f 9159/10503 9161/10505 9162/10506 8918/10216
f 9162/10506 9161/10505 9163/10507 9164/10508
f 9162/10506 8915/10212 8914/10211 8918/10216
f 9162/10506 9164/10508 9165/10509 8915/10212
f 9165/10509 9164/10508 9166/10510 9167/10511
f 9165/10509 8912/10208 8911/10207 8915/10212
f 9165/10509 9167/10511 9168/10512 8912/10208
f 9168/10512 9167/10511 9169/10513 9170/10514
f 9168/10512 8909/10204 8908/10203 8912/10208
f 9168/10512 9170/10514 9171/10515 8909/10204
f 9171/10515 9170/10514 9172/10516 9173/10517
f 9171/10515 8906/10200 8905/10199 8909/10204
f 9171/10515 9173/10517 9174/10518 8906/10200
f 9174/10518 9173/10517 9175/10519 9176/10520
f 9174/10518 8903/10196 8902/10195 8906/10200
f 9174/10518 9176/10520 9177/10521 8903/10196
f 9177/10521 9176/10520 9178/10522 9179/10523
f 9177/10521 8900/10192 8899/10191 8903/10196
f 9177/10521 9179/10523 9180/10524 8900/10192
f 9180/10524 9179/10523 9181/10525 9182/10526
f 9180/10524 8897/10188 8896/10187 8900/10192
f 9180/10524 9182/10526 9183/10527 8897/10188
f 9183/10527 9182/10526 9184/10528 9185/10529
f 9183/10527 8894/10184 8893/10183 8897/10188
f 9183/10527 9185/10529 9186/10530 8894/10184
f 9186/10530 9185/10529 9187/10531 9188/10532
f 9186/10530 8891/10180 8890/10179 8894/10184
f 9186/10530 9188/10532 9189/10533 8891/10180
f 9189/10533 9188/10532 9190/10534 9191/10535
f 9189/10533 8888/10176 8887/10175 8891/10180
f 9189/10533 9191/10535 9192/10536 8888/10176
f 9192/10536 9191/10535 9193/10537 9194/10538
f 9192/10536 8885/10172 8884/10171 8888/10176
f 9192/10536 9194/10538 9195/10539 8885/10172
f 9195/10539 9194/10538 9196/10540 9197/10541
f 9195/10539 8882/10168 8881/10167 8885/10172
f 9195/10539 9197/10541 9198/10542 8882/10168
f 9198/10542 9197/10541 9199/10543 9200/10544
f 9198/10542 8879/10164 8878/10163 8882/10168
f 9198/10542 9200/10544 9201/10545 8879/10164
f 9201/10545 9200/10544 9202/10546 9203/10547
f 9201/10545 8876/10160 8875/10159 8879/10164
f 9201/10545 9203/10547 9204/10548 8876/10160
f 9204/10548 9203/10547 9205/10549 9206/10550
f 9204/10548 8873/10156 8872/10155 8876/10160
f 9204/10548 9206/10550 9207/10551 8873/10156
f 9207/10551 9206/10550 9208/10552 9209/10553
f 9207/10551 8870/10152 8869/10151 8873/10156
f 9207/10551 9209/10553 9210/10554 8870/10152
f 9210/10554 9209/10553 9211/10555 9212/10556
f 9210/10554 8867/10148 8866/10147 8870/10152
f 9210/10554 9212/10556 9213/10557 8867/10148
f 9213/10557 9212/10556 9214/10558 9215/10559
f 9213/10557 8864/10144 8863/10143 8867/10148
f 9213/10557 9215/10559 9216/10560 8864/10144
f 9216/10560 9215/10559 9217/10561 9218/10562
f 9216/10560 8861/10140 8860/10139 8864/10144
f 9216/10560 9218/10562 9219/10563 8861/10140
f 9219/10563 9218/10562 9220/10564 9221/10565
f 9219/10563 8858/10135 8857/10134 8861/10140
f 9219/10563 9221/10565 9222/10566 8858/10135
f 9222/10566 9221/10565 9223/10567 9224/10568
f 9222/10566 8855/10569 8854/10136 8858/10135
f 9222/10566 9224/10568 9225/10570 8855/10569
f 9225/10570 9224/10568 9226/10571 9227/10572
f 9225/10573 8852/10126 8851/10125 8855/10130
f 9225/10573 9227/10574 9228/10575 8852/10126
f 9228/10575 9227/10574 9229/10576 9230/10577
f 9228/10575 8849/10122 8848/10121 8852/10126
f 9228/10575 9230/10577 9231/10578 8849/10122
f 9231/10578 9230/10577 9232/10579 9233/10580
f 9231/10578 8846/10118 8845/10117 8849/10122
f 9231/10578 9233/10580 9234/10581 8846/10118
f 9234/10581 9233/10580 9235/10582 9236/10583
f 9234/10581 8843/10114 8842/10113 8846/10118
f 9234/10581 9236/10583 9237/10584 8843/10114
f 9237/10584 9236/10583 9238/10585 9239/10586
f 9237/10584 8840/10110 8839/10109 8843/10114
f 9237/10584 9239/10586 9240/10587 8840/10110
f 9240/10587 9239/10586 9241/10588 9242/10589
f 9240/10587 8837/10106 8836/10105 8840/10110
f 9240/10587 9242/10589 9243/10590 8837/10106
f 9243/10590 9242/10589 9244/10591 9245/10592
f 9243/10590 8834/10102 8833/10101 8837/10106
f 9243/10590 9245/10592 9246/10593 8834/10102
f 9246/10593 9245/10592 9247/10594 9248/10595
f 9246/10593 8831/10098 8830/10097 8834/10102
f 9246/10593 9248/10595 9249/10596 8831/10098
f 9249/10596 9248/10595 9250/10597 9251/10598
f 9249/10596 8828/10094 8827/10093 8831/10098
f 9249/10596 9251/10598 9252/10599 8828/10094
f 9252/10599 9251/10598 9253/10600 9254/10601
f 9252/10599 8825/10090 8824/10089 8828/10094
f 9252/10599 9254/10601 9255/10602 8825/10090
f 9255/10602 9254/10601 9256/10603 9257/10604
f 9255/10602 8822/10086 8821/10085 8825/10090
f 9255/10602 9257/10604 9258/10605 8822/10086
f 9258/10605 9257/10604 9259/10606 9260/10607
f 9258/10605 8819/10082 8818/10081 8822/10086
f 9258/10605 9260/10607 9261/10608 8819/10082
f 9261/10608 9260/10607 9262/10609 9263/10610
f 9261/10608 8816/10078 8815/10077 8819/10082
f 9261/10608 9263/10610 9264/10611 8816/10078
f 9264/10611 9263/10610 9265/10612 9266/10613
f 9264/10611 8813/10074 8812/10073 8816/10078
f 9264/10611 9266/10613 8806/10614 8813/10074
f 9265/10615 9267/10616 9268/10617 9269/10618
f 9265/10615 9263/10610 9262/10609 9267/10616
f 9265/10615 9269/10618 9270/10619 9266/10613
f 9270/10619 9269/10618 9271/10620 9272/10621
f 9270/10619 8804/10063 8806/10065 9266/10613
f 9270/10619 9272/10621 8802/10061 8804/10063
f 9271/10622 7806/8910 7805/8909 7809/8913
f 9271/10620 9269/10618 9268/10617 7806/8910
f 9271/10622 7809/8913 9273/10623 9272/10621
f 9273/10623 7809/8913 7808/8912 7812/8916
f 9273/10623 8799/10058 8802/10061 9272/10621
f 9273/10623 7812/8916 8800/10059 8799/10058
f 9267/10616 9274/10624 7803/10625 9268/10617
f 9267/10616 9262/10609 9275/10626 9274/10624
f 9275/10626 9276/10627 7800/10628 9274/10624
f 9275/10626 9259/10629 9277/10630 9276/10627
f 9275/10626 9262/10609 9260/10607 9259/10629
f 9277/10630 9278/10631 7797/10632 9276/10627
f 9277/10630 9256/10633 9279/10634 9278/10631
f 9277/10630 9259/10629 9257/10604 9256/10633
f 9279/10634 9280/10635 7794/10636 9278/10631
f 9279/10634 9253/10637 9281/10638 9280/10635
f 9279/10634 9256/10633 9254/10601 9253/10637
f 9281/10638 9282/10639 9283/10640 9280/10635
f 9281/10638 9250/10641 9284/10642 9282/10639
f 9281/10638 9253/10637 9251/10598 9250/10641
f 9284/10642 9285/10643 9286/10644 9282/10639
f 9284/10642 9247/10645 9287/10646 9285/10643
f 9284/10642 9250/10641 9248/10595 9247/10645
f 9287/10646 9288/10647 9289/10648 9285/10643
f 9287/10646 9244/10649 9290/10650 9288/10647
f 9287/10646 9247/10645 9245/10592 9244/10649
f 9290/10650 9291/10651 9292/10652 9288/10647
f 9290/10650 9241/10653 9293/10654 9291/10651
f 9290/10650 9244/10649 9242/10589 9241/10653
f 9293/10654 9294/10655 9295/10656 9291/10651
f 9293/10654 9238/10657 9296/10658 9294/10655
f 9293/10654 9241/10653 9239/10586 9238/10657
f 9296/10658 9297/10659 9298/10660 9294/10655
f 9296/10658 9235/10661 9299/10662 9297/10659
f 9296/10658 9238/10657 9236/10583 9235/10661
f 9299/10662 9300/10663 9301/10664 9297/10659
f 9299/10662 9232/10665 9302/10666 9300/10663
f 9299/10662 9235/10661 9233/10580 9232/10665
f 9302/10667 9303/10668 9304/10669 9300/10670
f 9302/10667 9229/10671 9305/10672 9303/10668
f 9302/10666 9232/10665 9230/10577 9229/10576
f 9305/10672 9306/10673 9307/10674 9303/10668
f 9305/10672 9226/10675 9308/10676 9306/10673
f 9305/10672 9229/10671 9227/10572 9226/10675
f 9308/10676 9309/10677 9310/10678 9306/10673
f 9308/10676 9223/10679 9311/10680 9309/10677
f 9308/10676 9226/10675 9224/10568 9223/10679
f 9311/10680 9312/10681 9313/10682 9309/10677
f 9311/10680 9220/10683 9314/10684 9312/10681
f 9311/10680 9223/10679 9221/10565 9220/10683
f 9314/10684 9315/10685 9316/10686 9312/10681
f 9314/10684 9217/10687 9317/10688 9315/10685
f 9314/10684 9220/10683 9218/10562 9217/10687
f 9317/10688 9318/10689 9319/10690 9315/10685
f 9317/10688 9214/10691 9320/10692 9318/10689
f 9317/10688 9217/10687 9215/10559 9214/10691
f 9320/10692 9321/10693 9322/10694 9318/10689
f 9320/10692 9211/10695 9323/10696 9321/10693
f 9320/10692 9214/10691 9212/10556 9211/10695
f 9323/10696 9324/10697 9325/10698 9321/10693
f 9323/10696 9208/10699 9326/10700 9324/10697
f 9323/10696 9211/10695 9209/10553 9208/10699
f 9326/10700 9327/10701 9328/10702 9324/10697
f 9326/10700 9205/10703 9329/10704 9327/10701
f 9326/10700 9208/10699 9206/10550 9205/10703
f 9329/10704 9330/10705 9331/10706 9327/10701
f 9329/10704 9202/10707 9332/10708 9330/10705
f 9329/10704 9205/10703 9203/10547 9202/10707
f 9332/10708 9333/10709 9334/10710 9330/10705
f 9332/10708 9199/10711 9335/10712 9333/10709
f 9332/10708 9202/10707 9200/10544 9199/10711
f 9335/10712 9336/10713 9337/10714 9333/10709
f 9335/10712 9196/10715 9338/10716 9336/10713
f 9335/10712 9199/10711 9197/10541 9196/10715
f 9338/10716 9339/10717 9340/10718 9336/10713
f 9338/10716 9193/10719 9341/10720 9339/10717
f 9338/10716 9196/10715 9194/10538 9193/10719
f 9341/10720 9342/10721 9343/10722 9339/10717
f 9341/10720 9190/10723 9344/10724 9342/10721
f 9341/10720 9193/10719 9191/10535 9190/10723
f 9344/10724 9345/10725 9346/10726 9342/10721
f 9344/10724 9187/10727 9347/10728 9345/10725
f 9344/10724 9190/10723 9188/10532 9187/10727
f 9347/10728 9348/10729 9349/10730 9345/10725
f 9347/10728 9184/10731 9350/10732 9348/10729
f 9347/10728 9187/10727 9185/10529 9184/10731
f 9350/10732 9351/10733 9352/10734 9348/10729
f 9350/10732 9181/10735 9353/10736 9351/10733
f 9350/10732 9184/10731 9182/10526 9181/10735
f 9353/10736 9354/10737 9355/10738 9351/10733
f 9353/10736 9178/10739 9356/10740 9354/10737
f 9353/10736 9181/10735 9179/10523 9178/10739
f 9356/10740 9357/10741 9358/10742 9354/10737
f 9356/10740 9175/10743 9359/10744 9357/10741
f 9356/10740 9178/10739 9176/10520 9175/10743
f 9359/10744 9360/10745 9361/10746 9357/10741
f 9359/10744 9172/10747 9362/10748 9360/10745
f 9359/10744 9175/10743 9173/10517 9172/10747
f 9362/10748 9363/10749 9364/10750 9360/10745
f 9362/10748 9169/10751 9365/10752 9363/10749
f 9362/10748 9172/10747 9170/10514 9169/10751
f 9365/10752 9366/10753 9367/10754 9363/10749
f 9365/10752 9166/10755 9368/10756 9366/10753
f 9365/10752 9169/10751 9167/10511 9166/10755
f 9368/10756 9369/10757 9370/10758 9366/10753
f 9368/10756 9163/10759 9371/10760 9369/10757
f 9368/10756 9166/10755 9164/10508 9163/10759
f 9371/10760 9372/10761 9373/10762 9369/10757
f 9371/10760 9160/10763 9374/10764 9372/10761
f 9371/10760 9163/10759 9161/10505 9160/10763
f 9374/10764 9375/10765 9376/10766 9372/10761
f 9374/10764 9157/10767 9377/10768 9375/10765
f 9374/10764 9160/10763 9158/10502 9157/10767
f 9377/10768 9378/10769 9379/10770 9375/10765
f 9377/10768 9154/10771 9380/10772 9378/10769
f 9377/10768 9157/10767 9155/10499 9154/10771
f 9380/10772 9381/10773 9382/10774 9378/10769
f 9380/10772 9151/10775 9383/10776 9381/10773
f 9380/10772 9154/10771 9152/10496 9151/10775
f 9383/10776 9384/10777 9385/10778 9381/10773
f 9383/10776 9148/10779 9386/10780 9384/10777
f 9383/10776 9151/10775 9149/10493 9148/10779
f 9386/10780 9387/10781 9388/10782 9384/10777
f 9386/10780 9145/10783 9389/10784 9387/10781
f 9386/10780 9148/10779 9146/10490 9145/10783
f 9389/10784 9390/10785 9391/10786 9387/10781
f 9389/10784 9142/10787 9392/10788 9390/10785
f 9389/10784 9145/10783 9143/10487 9142/10787
f 9392/10788 9393/10789 9394/10790 9390/10785
f 9392/10788 9139/10791 9395/10792 9393/10789
f 9392/10788 9142/10787 9140/10484 9139/10791
f 9395/10792 9396/10793 9397/10794 9393/10789
f 9395/10792 9136/10795 9398/10796 9396/10793
f 9395/10792 9139/10791 9137/10481 9136/10795
f 9398/10797 9399/10798 9400/10799 9396/10800
f 9398/10797 9133/10801 9401/10802 9399/10798
f 9398/10796 9136/10795 9134/10478 9133/10477
f 9401/10802 9402/10803 9403/10804 9399/10798
f 9401/10802 9130/10805 9404/10806 9402/10803
f 9401/10802 9133/10801 9131/10473 9130/10805
f 9404/10806 9405/10807 9406/10808 9402/10803
f 9404/10806 9127/10809 9407/10810 9405/10807
f 9404/10806 9130/10805 9128/10469 9127/10809
f 9407/10810 9408/10811 9409/10812 9405/10807
f 9407/10810 9124/10813 9410/10814 9408/10811
f 9407/10810 9127/10809 9125/10466 9124/10813
f 9410/10814 9411/10815 9412/10816 9408/10811
f 9410/10814 9121/10817 9413/10818 9411/10815
f 9410/10814 9124/10813 9122/10463 9121/10817
f 9413/10818 9414/10819 9415/10820 9411/10815
f 9413/10818 9118/10821 9416/10822 9414/10819
f 9413/10818 9121/10817 9119/10460 9118/10821
f 9416/10822 9417/10823 9418/10824 9414/10819
f 9416/10822 9115/10825 9419/10826 9417/10823
f 9416/10822 9118/10821 9116/10457 9115/10825
f 9419/10826 9420/10827 9421/10828 9417/10823
f 9419/10826 9112/10829 9422/10830 9420/10827
f 9419/10826 9115/10825 9113/10454 9112/10829
f 9422/10830 9423/10831 9424/10832 9420/10827
f 9422/10830 9109/10833 9425/10834 9423/10831
f 9422/10830 9112/10829 9110/10451 9109/10833
f 9425/10834 9426/10835 9427/10836 9423/10831
f 9425/10834 9106/10837 9428/10838 9426/10835
f 9425/10834 9109/10833 9107/10448 9106/10837
f 9428/10838 9429/10839 9430/10840 9426/10835
f 9428/10838 9103/10841 9431/10842 9429/10839
f 9428/10838 9106/10837 9104/10445 9103/10841
f 9431/10842 9432/10843 9433/10844 9429/10839
f 9431/10842 9100/10845 9434/10846 9432/10843
f 9431/10842 9103/10841 9101/10442 9100/10845
f 9434/10846 9435/10847 9436/10848 9432/10843
f 9434/10846 4993/5771 4992/5770 9435/10847
f 9434/10846 9100/10845 9098/10439 4993/5771
f 9435/10847 9437/10849 9438/10850 9436/10848
f 9435/10847 4992/5770 4991/5769 9437/10849
f 9437/10849 9439/10851 9440/10852 9438/10850
f 9437/10849 4991/5769 9441/10853 9439/10851
f 9441/10853 9442/10854 9443/10855 9439/10851
f 9441/10853 9444/10856 9445/10857 9442/10854
f 9441/10853 4991/5769 4990/5768 9444/10856
f 9444/10856 9446/10858 9447/10859 9445/10857
f 9444/10856 4990/5768 4989/5767 9446/10858
f 9446/10858 9448/10860 9449/10861 9447/10859
f 9446/10858 4989/5767 9450/10862 9448/10860
f 9450/10862 9451/10863 9452/10864 9448/10860
f 9450/10862 9453/10865 9454/10866 9451/10863
f 9450/10862 4989/5767 4988/5766 9453/10865
f 9453/10865 9455/10867 9456/10868 9454/10866
f 9453/10865 4988/5766 4987/5765 9455/10867
f 9455/10867 9091/10431 9090/10430 9456/10868
f 9455/10867 4987/5765 5109/5891 9091/10431
f 9456/10868 9457/10869 9458/10870 9454/10866
f 9456/10868 9090/10430 9085/10424 9457/10869
f 9457/10869 9082/10871 9459/10872 9458/10870
f 9457/10869 9085/10424 9083/10422 9082/10871
f 9459/10872 9460/10873 9461/10874 9458/10870
f 9459/10872 9079/10875 9462/10876 9460/10873
f 9459/10872 9082/10871 9080/10419 9079/10875
f 9462/10876 9463/10877 9464/10878 9460/10873
f 9462/10876 9076/10879 9465/10880 9463/10877
f 9462/10876 9079/10875 9077/10416 9076/10879
f 9465/10880 9466/10881 9467/10882 9463/10877
f 9465/10880 9073/10883 9468/10884 9466/10881
f 9465/10880 9076/10879 9074/10413 9073/10883
f 9468/10884 9469/10885 9470/10886 9466/10881
f 9468/10884 9070/10887 9471/10888 9469/10885
f 9468/10884 9073/10883 9071/10410 9070/10887
f 9471/10888 9472/10889 9473/10890 9469/10885
f 9471/10888 9067/10891 9474/10892 9472/10889
f 9471/10888 9070/10887 9068/10407 9067/10891
f 9474/10892 9475/10893 9476/10894 9472/10889
f 9474/10892 9064/10895 9477/10896 9475/10893
f 9474/10892 9067/10891 9065/10404 9064/10895
f 9477/10896 9478/10897 9479/10898 9475/10893
f 9477/10896 9061/10899 9480/10900 9478/10897
f 9477/10896 9064/10895 9062/10401 9061/10899
f 9480/10900 9481/10901 9482/10902 9478/10897
f 9480/10900 9058/10903 9483/10904 9481/10901
f 9480/10900 9061/10899 9059/10398 9058/10903
f 9483/10904 9484/10905 9485/10906 9481/10901
f 9483/10904 9055/10907 9486/10908 9484/10905
f 9483/10904 9058/10903 9056/10395 9055/10907
f 9486/10908 9487/10909 9488/10910 9484/10905
f 9486/10908 9052/10911 9489/10912 9487/10909
f 9486/10908 9055/10907 9053/10392 9052/10911
f 9489/10912 9490/10913 9491/10914 9487/10909
f 9489/10912 9049/10915 9492/10916 9490/10913
f 9489/10912 9052/10911 9050/10389 9049/10915
f 9492/10916 7592/8687 7593/8688 9490/10913
f 9492/10916 9046/10917 7591/8686 7592/8687
f 9492/10916 9049/10915 9047/10386 9046/10917
f 9490/10913 7593/8688 7594/8689 9491/10914
f 9491/10914 7594/8689 7595/8690 9493/10918
f 9491/10914 9493/10918 9488/10910 9487/10909
f 9493/10918 7595/8690 7596/8691 9494/10919
f 9493/10918 9494/10919 9495/10920 9488/10910
f 9495/10920 9494/10919 9496/10921 9497/10922
f 9495/10920 9485/10906 9484/10905 9488/10910
f 9495/10920 9497/10922 9498/10923 9485/10906
f 9498/10923 9497/10922 9499/10924 9500/10925
f 9498/10923 9482/10902 9481/10901 9485/10906
f 9498/10923 9500/10925 9501/10926 9482/10902
f 9501/10926 9500/10925 9502/10927 9503/10928
f 9501/10926 9479/10898 9478/10897 9482/10902
f 9501/10926 9503/10928 9504/10929 9479/10898
f 9504/10929 9503/10928 9505/10930 9506/10931
f 9504/10929 9476/10894 9475/10893 9479/10898
f 9504/10929 9506/10931 9507/10932 9476/10894
f 9507/10932 9506/10931 9508/10933 9509/10934
f 9507/10932 9473/10890 9472/10889 9476/10894
f 9507/10932 9509/10934 9510/10935 9473/10890
f 9510/10935 9509/10934 9511/10936 9512/10937
f 9510/10935 9470/10886 9469/10885 9473/10890
f 9510/10935 9512/10937 9513/10938 9470/10886
f 9513/10938 9512/10937 9514/10939 9515/10940
f 9513/10938 9467/10882 9466/10881 9470/10886
f 9513/10938 9515/10940 9516/10941 9467/10882
f 9516/10941 9515/10940 9517/10942 9518/10943
f 9516/10941 9464/10878 9463/10877 9467/10882
f 9516/10941 9518/10943 9519/10944 9464/10878
f 9519/10944 9518/10943 9520/10945 9452/10946
f 9519/10944 9461/10874 9460/10873 9464/10878
f 9519/10944 9452/10946 9451/10863 9461/10874
f 9520/10947 9521/10948 9522/10949 9449/10950
f 9520/10945 9518/10943 9517/10942 9521/10948
f 9520/10947 9449/10950 9448/10860 9452/10946
f 9521/10948 9523/10951 9524/10952 9522/10949
f 9521/10948 9517/10942 9525/10953 9523/10951
f 9525/10953 9526/10954 9527/10955 9523/10951
f 9525/10953 9514/10956 9528/10957 9526/10954
f 9525/10953 9517/10942 9515/10940 9514/10956
f 9528/10957 9529/10958 9530/10959 9526/10954
f 9528/10957 9511/10960 9531/10961 9529/10958
f 9528/10957 9514/10956 9512/10937 9511/10960
f 9531/10961 9532/10962 9533/10963 9529/10958
f 9531/10961 9508/10964 9534/10965 9532/10962
f 9531/10961 9511/10960 9509/10934 9508/10964
f 9534/10965 9535/10966 9536/10967 9532/10962
f 9534/10965 9505/10968 9537/10969 9535/10966
f 9534/10965 9508/10964 9506/10931 9505/10968
f 9537/10969 9538/10970 9539/10971 9535/10966
f 9537/10969 9502/10972 9540/10973 9538/10970
f 9537/10969 9505/10968 9503/10928 9502/10972
f 9540/10973 9541/10974 9542/10975 9538/10970
f 9540/10973 9499/10976 9543/10977 9541/10974
f 9540/10973 9502/10972 9500/10925 9499/10976
f 9543/10977 7598/8693 7599/8694 9541/10974
f 9543/10977 9496/10978 7597/8692 7598/8693
f 9543/10977 9499/10976 9497/10922 9496/10978
f 9541/10974 7599/8694 7600/8695 9542/10975
f 9542/10975 7600/8695 7601/8696 9544/10979
f 9542/10975 9544/10979 9539/10971 9538/10970
f 9544/10979 7601/8696 5099/8697 5098/5880
f 9544/10979 5098/5880 5097/5879 9539/10971
f 9539/10971 5097/5879 9536/10967 9535/10966
f 9536/10967 5097/5879 5096/5878 9545/10980
f 9536/10967 9545/10980 9533/10963 9532/10962
f 9545/10980 5096/5878 5105/5887 9546/10981
f 9545/10980 9546/10981 9547/10982 9533/10963
f 9547/10982 9546/10981 9548/10983 9549/10984
f 9547/10982 9530/10959 9529/10958 9533/10963
f 9547/10982 9549/10984 9550/10985 9530/10959
f 9550/10985 9549/10984 9551/10986 9552/10987
f 9550/10985 9527/10955 9526/10954 9530/10959
f 9550/10985 9552/10987 9553/10988 9527/10955
f 9553/10988 9552/10987 9554/10989 9555/10990
f 9553/10988 9524/10952 9523/10951 9527/10955
f 9553/10988 9555/10990 9556/10991 9524/10952
f 9556/10991 9555/10990 9557/10992 9558/10993
f 9556/10991 9559/10994 9522/10949 9524/10952
f 9556/10991 9558/10993 9560/10995 9559/10994
f 9560/10995 9558/10993 9561/10996 9562/10997
f 9560/10995 9445/10857 9447/10859 9559/10994
f 9560/10995 9562/10997 9442/10854 9445/10857
f 9561/10998 7624/8721 7623/8720 7627/8724
f 9561/10996 9558/10993 9557/10992 7624/8721
f 9561/10996 7627/8724 9563/10999 9562/10997
f 9563/10999 7627/8724 7626/8723 7630/8727
f 9563/10999 9443/10855 9442/10854 9562/10997
f 9563/10999 7630/8727 9564/11000 9443/10855
f 9564/11000 7630/8727 7629/8726 7633/8730
f 9564/11000 9440/10852 9439/10851 9443/10855
f 9564/11000 7633/8730 9565/11001 9440/10852
f 9565/11001 7633/8730 7632/8729 7636/8733
f 9565/11001 9566/11002 9438/10850 9440/10852
f 9565/11001 7636/8733 9567/11003 9566/11002
f 9567/11003 7636/8733 7635/8732 7639/8736
f 9567/11003 9568/11004 9569/11005 9566/11002
f 9567/11003 7639/8736 9570/11006 9568/11004
f 9570/11006 7639/8736 7638/8735 7642/8739
f 9570/11006 9571/11007 9572/11008 9568/11004
f 9570/11006 7642/8739 9573/11009 9571/11007
f 9573/11009 7642/8739 7641/8738 7645/8742
f 9573/11009 9574/11010 9575/11011 9571/11007
f 9573/11009 7645/8742 9576/11012 9574/11010
f 9576/11012 7645/8742 7644/8741 7648/8745
f 9576/11012 9577/11013 9578/11014 9574/11010
f 9576/11012 7648/8745 9579/11015 9577/11013
f 9579/11015 7648/8745 7647/8744 7651/8748
f 9579/11015 9580/11016 9581/11017 9577/11013
f 9579/11015 7651/8748 9582/11018 9580/11016
f 9582/11018 7651/8748 7650/8747 7654/8751
f 9582/11018 9583/11019 9584/11020 9580/11016
f 9582/11018 7654/8751 9585/11021 9583/11019
f 9585/11021 7654/8751 7653/8750 7657/8754
f 9585/11021 9586/11022 9587/11023 9583/11019
f 9585/11021 7657/8754 9588/11024 9586/11022
f 9588/11024 7657/8754 7656/8753 7660/8757
f 9588/11024 9589/11025 9590/11026 9586/11022
f 9588/11024 7660/8757 9591/11027 9589/11025
f 9591/11027 7660/8757 7659/8756 7663/8760
f 9591/11027 9592/11028 9593/11029 9589/11025
f 9591/11027 7663/8760 9594/11030 9592/11028
f 9594/11030 7663/8760 7662/8759 7666/8763
f 9594/11030 9595/11031 9596/11032 9592/11028
f 9594/11030 7666/8763 9597/11033 9595/11031
f 9597/11033 7666/8763 7665/8762 7669/8766
f 9597/11033 9598/11034 9599/11035 9595/11031
f 9597/11033 7669/8766 9600/11036 9598/11034
f 9600/11036 7669/8766 7668/8765 7672/8769
f 9600/11036 9601/11037 9602/11038 9598/11034
f 9600/11036 7672/8769 9603/11039 9601/11037
f 9603/11039 7672/8769 7671/8768 7675/8772
f 9603/11039 9604/11040 9605/11041 9601/11037
f 9603/11039 7675/8772 9606/11042 9604/11040
f 9606/11042 7675/8772 7674/8771 7678/8775
f 9606/11042 9607/11043 9608/11044 9604/11040
f 9606/11042 7678/8775 9609/11045 9607/11043
f 9609/11045 7678/8775 7677/8774 7681/8778
f 9609/11046 9610/11047 9611/11048 9607/11049
f 9609/11046 7681/11050 9612/11051 9610/11047
f 9612/11051 7681/11050 7680/8783 7684/8782
f 9612/11051 9613/11052 9614/11053 9610/11047
f 9612/11051 7684/8782 9615/11054 9613/11052
f 9615/11054 7684/8782 7683/8781 7687/8787
f 9615/11054 9616/11055 9617/11056 9613/11052
f 9615/11054 7687/8787 9618/11057 9616/11055
f 9618/11057 7687/8787 7686/8786 7690/8790
f 9618/11057 9619/11058 9620/11059 9616/11055
f 9618/11057 7690/8790 9621/11060 9619/11058
f 9621/11060 7690/8790 7689/8789 7693/8793
f 9621/11060 9622/11061 9623/11062 9619/11058
f 9621/11060 7693/8793 9624/11063 9622/11061
f 9624/11063 7693/8793 7692/8792 7696/8796
f 9624/11063 9625/11064 9626/11065 9622/11061
f 9624/11063 7696/8796 9627/11066 9625/11064
f 9627/11066 7696/8796 7695/8795 7699/8799
f 9627/11066 9628/11067 9629/11068 9625/11064
f 9627/11066 7699/8799 9630/11069 9628/11067
f 9630/11069 7699/8799 7698/8798 7702/8802
f 9630/11069 9631/11070 9632/11071 9628/11067
f 9630/11069 7702/8802 9633/11072 9631/11070
f 9633/11072 7702/8802 7701/8801 7705/8805
f 9633/11072 9634/11073 9635/11074 9631/11070
f 9633/11072 7705/8805 9636/11075 9634/11073
f 9636/11075 7705/8805 7704/8804 7708/8808
f 9636/11075 9637/11076 9638/11077 9634/11073
f 9636/11075 7708/8808 9639/11078 9637/11076
f 9639/11078 7708/8808 7707/8807 7711/8811
f 9639/11078 9640/11079 9641/11080 9637/11076
f 9639/11078 7711/8811 9642/11081 9640/11079
f 9642/11081 7711/8811 7710/8810 7714/8814
f 9642/11081 9643/11082 9644/11083 9640/11079
f 9642/11081 7714/8814 9645/11084 9643/11082
f 9645/11084 7714/8814 7713/8813 7717/8817
f 9645/11084 9646/11085 9647/11086 9643/11082
f 9645/11084 7717/8817 9648/11087 9646/11085
f 9648/11087 7717/8817 7716/8816 7720/8820
f 9648/11087 9649/11088 9650/11089 9646/11085
f 9648/11087 7720/8820 9651/11090 9649/11088
f 9651/11090 7720/8820 7719/8819 7723/8823
f 9651/11090 9652/11091 9653/11092 9649/11088
f 9651/11090 7723/8823 9654/11093 9652/11091
f 9654/11093 7723/8823 7722/8822 7726/8826
f 9654/11093 9655/11094 9656/11095 9652/11091
f 9654/11093 7726/8826 9657/11096 9655/11094
f 9657/11096 7726/8826 7725/8825 7729/8829
f 9657/11096 9658/11097 9659/11098 9655/11094
f 9657/11096 7729/8829 9660/11099 9658/11097
f 9660/11099 7729/8829 7728/8828 7732/8832
f 9660/11099 9661/11100 9662/11101 9658/11097
f 9660/11099 7732/8832 9663/11102 9661/11100
f 9663/11102 7732/8832 7731/8831 7735/8835
f 9663/11102 9664/11103 9665/11104 9661/11100
f 9663/11102 7735/8835 9666/11105 9664/11103
f 9666/11105 7735/8835 7734/8834 7738/8838
f 9666/11105 9667/11106 9668/11107 9664/11103
f 9666/11105 7738/8838 9669/11108 9667/11106
f 9669/11108 7738/8838 7737/8837 7741/8841
f 9669/11108 9670/11109 9671/11110 9667/11106
f 9669/11108 7741/8841 9672/11111 9670/11109
f 9672/11111 7741/8841 7740/8840 7744/8844
f 9672/11111 9673/11112 9674/11113 9670/11109
f 9672/11111 7744/8844 9675/11114 9673/11112
f 9675/11114 7744/8844 7743/8843 7747/8847
f 9675/11114 9676/11115 9677/11116 9673/11112
f 9675/11114 7747/8847 9678/11117 9676/11115
f 9678/11117 7747/8847 7746/8846 7750/8850
f 9678/11117 9679/11118 9680/11119 9676/11115
f 9678/11117 7750/8850 9681/11120 9679/11118
f 9681/11120 7750/8850 7749/8849 7753/8853
f 9681/11120 9682/11121 9683/11122 9679/11118
f 9681/11120 7753/8853 9684/11123 9682/11121
f 9684/11123 7753/8853 7752/8852 7756/8856
f 9684/11123 9685/11124 9686/11125 9682/11121
f 9684/11123 7756/8856 9687/11126 9685/11124
f 9687/11126 7756/8856 7755/8855 7759/8859
f 9687/11126 9688/11127 9689/11128 9685/11124
f 9687/11126 7759/8859 9690/11129 9688/11127
f 9690/11129 7759/8859 7758/8858 7762/8862
f 9690/11129 9691/11130 9692/11131 9688/11127
f 9690/11129 7762/8862 9693/11132 9691/11130
f 9693/11132 7762/8862 7761/8861 7765/8865
f 9693/11132 9694/11133 9695/11134 9691/11130
f 9693/11132 7765/8865 9696/11135 9694/11133
f 9696/11135 7765/8865 7764/8864 7768/8868
f 9696/11135 9697/11136 9698/11137 9694/11133
f 9696/11135 7768/8868 9699/11138 9697/11136
f 9699/11138 7768/8868 7767/8867 7771/8871
f 9699/11138 9700/11139 9701/11140 9697/11136
f 9699/11138 7771/8871 9702/11141 9700/11139
f 9702/11141 7771/8871 7770/8870 7774/8874
f 9702/11141 9703/11142 9704/11143 9700/11139
f 9702/11141 7774/8874 9705/11144 9703/11142
f 9705/11144 7774/8874 7773/8873 7777/8878
f 9705/11145 9706/11146 9707/11147 9703/11148
f 9705/11145 7777/11149 9708/11150 9706/11146
f 9708/11150 7777/11149 7776/8884 7780/8883
f 9708/11150 9709/11151 9710/11152 9706/11146
f 9708/11150 7780/8883 9711/11153 9709/11151
f 9711/11153 7780/8883 7779/8882 7783/8887
f 9711/11153 9712/11154 9713/11155 9709/11151
f 9711/11153 7783/8887 9714/11156 9712/11154
f 9714/11156 7783/8887 7782/8886 7786/8890
f 9714/11156 9715/11157 9716/11158 9712/11154
f 9714/11156 7786/8890 7788/8892 9715/11157
f 9715/11157 9717/11159 9286/11160 9716/11158
f 9715/11157 7788/8892 7790/8894 9717/11159
f 9717/11159 9283/10640 9282/10639 9286/11160
f 9717/11159 7790/8894 7792/8896 9283/10640
f 9716/11158 9289/11161 9713/11155 9712/11154
f 9716/11158 9286/11160 9285/10643 9289/11161
f 9713/11155 9292/11162 9710/11152 9709/11151
f 9713/11155 9289/11161 9288/10647 9292/11162
f 9710/11152 9295/11163 9707/11147 9706/11146
f 9710/11152 9292/11162 9291/10651 9295/11163
f 9707/11147 9298/11164 9704/11165 9703/11148
f 9707/11147 9295/11163 9294/10655 9298/11164
f 9704/11143 9301/11166 9701/11140 9700/11139
f 9704/11165 9298/11164 9297/10659 9301/10664
f 9701/11140 9304/11167 9698/11137 9697/11136
f 9701/11140 9301/11166 9300/10670 9304/11167
f 9698/11137 9307/11168 9695/11134 9694/11133
f 9698/11137 9304/11167 9303/10668 9307/11168
f 9695/11134 9310/11169 9692/11131 9691/11130
f 9695/11134 9307/11168 9306/10673 9310/11169
f 9692/11131 9313/11170 9689/11128 9688/11127
f 9692/11131 9310/11169 9309/10677 9313/11170
f 9689/11128 9316/11171 9686/11125 9685/11124
f 9689/11128 9313/11170 9312/10681 9316/11171
f 9686/11125 9319/11172 9683/11122 9682/11121
f 9686/11125 9316/11171 9315/10685 9319/11172
f 9683/11122 9322/11173 9680/11119 9679/11118
f 9683/11122 9319/11172 9318/10689 9322/11173
f 9680/11119 9325/11174 9677/11116 9676/11115
f 9680/11119 9322/11173 9321/10693 9325/11174
f 9677/11116 9328/11175 9674/11113 9673/11112
f 9677/11116 9325/11174 9324/10697 9328/11175
f 9674/11113 9331/11176 9671/11110 9670/11109
f 9674/11113 9328/11175 9327/10701 9331/11176
f 9671/11110 9334/11177 9668/11107 9667/11106
f 9671/11110 9331/11176 9330/10705 9334/11177
f 9668/11107 9337/11178 9665/11104 9664/11103
f 9668/11107 9334/11177 9333/10709 9337/11178
f 9665/11104 9340/11179 9662/11101 9661/11100
f 9665/11104 9337/11178 9336/10713 9340/11179
f 9662/11101 9343/11180 9659/11098 9658/11097
f 9662/11101 9340/11179 9339/10717 9343/11180
f 9659/11098 9346/11181 9656/11095 9655/11094
f 9659/11098 9343/11180 9342/10721 9346/11181
f 9656/11095 9349/11182 9653/11092 9652/11091
f 9656/11095 9346/11181 9345/10725 9349/11182
f 9653/11092 9352/11183 9650/11089 9649/11088
f 9653/11092 9349/11182 9348/10729 9352/11183
f 9650/11089 9355/11184 9647/11086 9646/11085
f 9650/11089 9352/11183 9351/10733 9355/11184
f 9647/11086 9358/11185 9644/11083 9643/11082
f 9647/11086 9355/11184 9354/10737 9358/11185
f 9644/11083 9361/11186 9641/11080 9640/11079
f 9644/11083 9358/11185 9357/10741 9361/11186
f 9641/11080 9364/11187 9638/11077 9637/11076
f 9641/11080 9361/11186 9360/10745 9364/11187
f 9638/11077 9367/11188 9635/11074 9634/11073
f 9638/11077 9364/11187 9363/10749 9367/11188
f 9635/11074 9370/11189 9632/11071 9631/11070
f 9635/11074 9367/11188 9366/10753 9370/11189
f 9632/11071 9373/11190 9629/11068 9628/11067
f 9632/11071 9370/11189 9369/10757 9373/11190
f 9629/11068 9376/11191 9626/11065 9625/11064
f 9629/11068 9373/11190 9372/10761 9376/11191
f 9626/11065 9379/11192 9623/11062 9622/11061
f 9626/11065 9376/11191 9375/10765 9379/11192
f 9623/11062 9382/11193 9620/11059 9619/11058
f 9623/11062 9379/11192 9378/10769 9382/11193
f 9620/11059 9385/11194 9617/11056 9616/11055
f 9620/11059 9382/11193 9381/10773 9385/11194
f 9617/11056 9388/11195 9614/11053 9613/11052
f 9617/11056 9385/11194 9384/10777 9388/11195
f 9614/11053 9391/11196 9611/11048 9610/11047
f 9614/11053 9388/11195 9387/10781 9391/11196
f 9611/11048 9394/11197 9608/11198 9607/11049
f 9611/11048 9391/11196 9390/10785 9394/11197
f 9608/11044 9397/11199 9605/11041 9604/11040
f 9608/11198 9394/11197 9393/10789 9397/10794
f 9605/11041 9400/11200 9602/11038 9601/11037
f 9605/11041 9397/11199 9396/10800 9400/11200
f 9602/11038 9403/11201 9599/11035 9598/11034
f 9602/11038 9400/11200 9399/10798 9403/11201
f 9599/11035 9406/11202 9596/11032 9595/11031
f 9599/11035 9403/11201 9402/10803 9406/11202
f 9596/11032 9409/11203 9593/11029 9592/11028
f 9596/11032 9406/11202 9405/10807 9409/11203
f 9593/11029 9412/11204 9590/11026 9589/11025
f 9593/11029 9409/11203 9408/10811 9412/11204
f 9590/11026 9415/11205 9587/11023 9586/11022
f 9590/11026 9412/11204 9411/10815 9415/11205
f 9587/11023 9418/11206 9584/11020 9583/11019
f 9587/11023 9415/11205 9414/10819 9418/11206
f 9584/11020 9421/11207 9581/11017 9580/11016
f 9584/11020 9418/11206 9417/10823 9421/11207
f 9581/11017 9424/11208 9578/11014 9577/11013
f 9581/11017 9421/11207 9420/10827 9424/11208
f 9578/11014 9427/11209 9575/11011 9574/11010
f 9578/11014 9424/11208 9423/10831 9427/11209
f 9575/11011 9430/11210 9572/11008 9571/11007
f 9575/11011 9427/11209 9426/10835 9430/11210
f 9572/11008 9433/11211 9569/11005 9568/11004
f 9572/11008 9430/11210 9429/10839 9433/11211
f 9569/11005 9436/10848 9438/10850 9566/11002
f 9569/11005 9433/11211 9432/10843 9436/10848
f 9559/10994 9447/10859 9449/10861 9522/10949
f 9557/10992 7621/8718 7620/8717 7624/8721
f 9557/10992 9555/10990 9554/10989 7621/8718
f 9554/10989 7618/8715 7617/8714 7621/8718
f 9554/10989 9552/10987 9551/10986 7618/8715
f 9551/10986 7615/8712 7614/8711 7618/8715
f 9551/10986 9549/10984 9548/10983 7615/8712
f 9548/10983 7612/8709 7611/8708 7615/8712
f 9548/10983 9546/10981 5105/5887 7612/8709
f 9496/10978 9494/10919 7596/8691 7597/8692
f 9461/10874 9451/10863 9454/10866 9458/10870
f 9283/10640 7792/8896 7794/8898 9280/10635
f 9278/10631 7794/10636 7793/8897 7797/10632
f 9276/10627 7797/10632 7796/8900 7800/10628
f 9274/10624 7800/10628 7799/8903 7803/10625
f 9268/10617 7803/10625 7802/8906 7806/8910
f 9091/10431 5109/5891 5108/5890 9092/10432
f 9046/10385 9044/10383 7590/8685 7591/8686
f 8813/10074 8806/10614 8805/10064 8809/10068
f 8800/10059 7812/8916 7811/8915 7815/8919
f 8800/10059 7815/8919 8797/10056 8796/10055
f 8797/10056 7815/8919 7814/8918 7818/8922
f 8797/10056 7818/8922 9718/11212 8795/10054
f 9718/11212 7818/8922 7817/8921 7821/8925
f 9718/11212 9719/11213 8793/10052 8795/10054
f 9718/11212 7821/8925 9720/11214 9719/11213
f 9720/11214 7821/8925 7820/8924 7824/8928
f 9720/11214 9721/11215 9722/11216 9719/11213
f 9720/11214 7824/8928 9723/11217 9721/11215
f 9723/11217 7824/8928 7823/8927 7827/8931
f 9723/11217 9724/11218 9725/11219 9721/11215
f 9723/11217 7827/8931 9726/11220 9724/11218
f 9726/11220 7827/8931 7826/8930 7830/8934
f 9726/11220 9727/11221 9728/11222 9724/11218
f 9726/11220 7830/8934 9729/11223 9727/11221
f 9729/11223 7830/8934 7829/8933 7833/8937
f 9729/11223 9730/11224 9731/11225 9727/11221
f 9729/11223 7833/8937 9732/11226 9730/11224
f 9732/11226 7833/8937 7832/8936 7836/8940
f 9732/11226 7842/11227 9733/11228 9730/11224
f 9732/11226 7836/8940 7838/8942 7842/11227
f 9733/11228 8779/11229 9731/11225 9730/11224
f 9733/11228 7845/8949 8776/10029 8779/11229
f 9733/11228 7842/11227 7841/8945 7845/8949
f 9731/11225 8782/11230 9728/11222 9727/11221
f 9731/11225 8779/11229 8778/10031 8782/11230
f 9728/11222 8785/11231 9725/11219 9724/11218
f 9728/11222 8782/11230 8781/10035 8785/11231
f 9725/11219 8788/11232 9722/11216 9721/11215
f 9725/11219 8785/11231 8784/10039 8788/11232
f 9722/11216 8791/10048 8793/10052 9719/11213
f 9722/11216 8788/11232 8787/10043 8791/10048
f 8748/9992 9734/11233 8743/9987 8742/9986
f 8748/9992 7900/10026 7899/11234 9734/11233
f 9734/11233 9735/11235 9736/11236 8743/9987
f 9734/11233 7899/11234 7902/11237 9735/11235
f 9735/11235 9737/11238 9738/11239 9736/11236
f 9735/11235 7902/11237 7904/11240 9737/11238
f 9737/11238 9739/11241 9740/11242 9738/11239
f 9737/11238 7904/11240 7906/11243 9739/11241
f 9739/11241 9741/11244 9742/11245 9740/11242
f 9739/11241 7906/11243 7908/11246 9741/11244
f 9741/11244 9743/11247 9744/11248 9742/11245
f 9741/11244 7908/11246 7910/11249 9743/11247
f 9743/11247 9745/11250 9746/11251 9744/11248
f 9743/11247 7910/11249 9747/11252 9745/11250
f 9747/11252 5076/5857 5075/5856 9745/11250
f 9747/11253 7913/9026 7915/9028 5076/9933
f 9747/11253 7910/9023 7909/9022 7913/9026
f 9745/11250 5075/5856 5074/5855 9746/11251
f 9746/11251 9748/11254 9749/11255 9744/11248
f 9746/11251 5074/5855 9750/11256 9748/11254
f 9750/11256 9751/11257 9752/11258 9748/11254
f 9750/11256 8700/9937 8699/9936 9751/11257
f 9750/11256 5074/5855 5073/5854 8700/9937
f 9751/11257 9753/11259 9754/11260 9752/11258
f 9751/11257 8699/9936 8702/9940 9753/11259
f 9753/11259 8707/11261 9755/11262 9754/11260
f 9753/11259 8702/9940 8704/9943 8707/11261
f 9755/11263 8710/11264 8718/11265 9756/11266
f 9755/11262 8707/11261 8706/9946 8710/11264
f 9755/11262 9756/11266 9757/11267 9754/11260
f 9757/11267 9756/11266 8723/11268 9758/11269
f 9757/11267 9759/11270 9752/11258 9754/11260
f 9757/11267 9758/11269 9760/11271 9759/11270
f 9760/11271 9758/11269 8728/11272 9761/11273
f 9760/11271 9762/11274 9749/11275 9759/11270
f 9760/11271 9761/11273 9763/11276 9762/11274
f 9763/11276 9761/11273 8733/11277 9764/11278
f 9763/11276 9740/11242 9742/11245 9762/11274
f 9763/11276 9764/11278 9738/11239 9740/11242
f 9764/11278 8733/11277 8732/9976 8738/9982
f 9764/11278 8738/9982 9736/11236 9738/11239
f 9762/11274 9742/11245 9744/11248 9749/11275
f 9761/11273 8728/11272 8727/9971 8733/11277
f 9759/11270 9749/11275 9748/11254 9752/11258
f 9758/11269 8723/11268 8722/9966 8728/11272
f 9756/11266 8718/11265 8717/9961 8723/11268
f 9736/11236 8738/9982 8737/9981 8743/9987
f 8720/9964 8716/9960 5032/5812 5031/10050
f 8718/9962 8710/11264 8709/9950 8713/9955
f 8694/9922 7918/9930 7917/9030 7921/9923
f 8692/9938 8689/9913 5025/5805 5024/9941
f 8690/9915 7921/9923 7920/9034 7924/9916
f 8687/9917 7924/9916 7923/9038 7927/9043
f 8686/9909 7930/11279 9765/11280 8684/9907
f 8686/9909 7927/9911 7926/9049 7930/11279
f 9765/11280 8680/9902 8679/9901 8684/9907
f 9765/11280 7933/11281 9766/11282 8680/9902
f 9765/11280 7930/11279 7929/9047 7933/11281
f 9766/11282 8675/9897 8674/9896 8680/9902
f 9766/11282 7936/11283 9767/11284 8675/9897
f 9766/11282 7933/11281 7932/9052 7936/11283
f 9767/11284 8670/9892 8669/9891 8675/9897
f 9767/11284 7939/11285 9768/11286 8670/9892
f 9767/11284 7936/11283 7935/9056 7939/11285
f 9768/11286 8665/9887 8664/9886 8670/9892
f 9768/11286 7942/11287 9769/11288 8665/9887
f 9768/11286 7939/11285 7938/9060 7942/11287
f 9769/11288 8660/9882 8659/9881 8665/9887
f 9769/11288 7945/11289 9770/11290 8660/9882
f 9769/11288 7942/11287 7941/9064 7945/11289
f 9770/11290 8655/9877 8654/9876 8660/9882
f 9770/11290 7948/11291 9771/11292 8655/9877
f 9770/11290 7945/11289 7944/9068 7948/11291
f 9771/11292 8650/9872 8649/9871 8655/9877
f 9771/11292 7951/11293 9772/11294 8650/9872
f 9771/11292 7948/11291 7947/9072 7951/11293
f 9772/11294 8645/9867 8644/9866 8650/9872
f 9772/11294 7954/11295 9773/11296 8645/9867
f 9772/11294 7951/11293 7950/9076 7954/11295
f 9773/11296 8640/9862 8639/9861 8645/9867
f 9773/11296 7957/11297 9774/11298 8640/9862
f 9773/11296 7954/11295 7953/9080 7957/11297
f 9774/11298 8635/9857 8634/9856 8640/9862
f 9774/11298 7960/11299 9775/11300 8635/9857
f 9774/11298 7957/11297 7956/9084 7960/11299
f 9775/11300 8630/9852 8629/9851 8635/9857
f 9775/11300 7963/11301 9776/11302 8630/9852
f 9775/11300 7960/11299 7959/9088 7963/11301
f 9776/11302 8625/9847 8624/9846 8630/9852
f 9776/11302 7966/11303 9777/11304 8625/9847
f 9776/11302 7963/11301 7962/9092 7966/11303
f 9777/11304 8620/9842 8619/9841 8625/9847
f 9777/11304 7969/11305 9778/11306 8620/9842
f 9777/11304 7966/11303 7965/9096 7969/11305
f 9778/11306 8615/9837 8614/9836 8620/9842
f 9778/11306 7972/11307 9779/11308 8615/9837
f 9778/11306 7969/11305 7968/9100 7972/11307
f 9779/11308 8610/9832 8609/9831 8615/9837
f 9779/11308 7975/11309 9780/11310 8610/9832
f 9779/11308 7972/11307 7971/9104 7975/11309
f 9780/11310 8605/9827 8604/9826 8610/9832
f 9780/11310 7978/11311 9781/11312 8605/9827
f 9780/11310 7975/11309 7974/9108 7978/11311
f 9781/11312 8600/9822 8599/9821 8605/9827
f 9781/11312 7981/11313 9782/11314 8600/9822
f 9781/11312 7978/11311 7977/9112 7981/11313
f 9782/11314 8595/9817 8594/9816 8600/9822
f 9782/11314 7984/11315 9783/11316 8595/9817
f 9782/11314 7981/11313 7980/9116 7984/11315
f 9783/11316 8590/9812 8589/9811 8595/9817
f 9783/11316 7987/11317 9784/11318 8590/9812
f 9783/11316 7984/11315 7983/9120 7987/11317
f 9784/11318 8585/9807 8584/9806 8590/9812
f 9784/11318 7990/11319 9785/11320 8585/9807
f 9784/11318 7987/11317 7986/9124 7990/11319
f 9785/11320 8580/9802 8579/9801 8585/9807
f 9785/11320 7993/11321 9786/11322 8580/9802
f 9785/11320 7990/11319 7989/9128 7993/11321
f 9786/11322 8575/9797 8574/9796 8580/9802
f 9786/11322 7996/11323 9787/11324 8575/9797
f 9786/11322 7993/11321 7992/9132 7996/11323
f 9787/11324 8570/9792 8569/9791 8575/9797
f 9787/11324 7999/11325 9788/11326 8570/9792
f 9787/11324 7996/11323 7995/9136 7999/11325
f 9788/11326 8565/9785 8564/9784 8570/9792
f 9788/11326 8002/11327 9789/11328 8565/9785
f 9788/11326 7999/11325 7998/9140 8002/11327
f 9789/11328 8560/11329 8559/9786 8565/9785
f 9789/11328 8005/11330 9790/11331 8560/11329
f 9789/11328 8002/11327 8001/9144 8005/11330
f 9790/11332 8555/9774 8554/9773 8560/9779
f 9790/11332 8008/11333 9791/11334 8555/9774
f 9790/11331 8005/11330 8004/9148 8008/9153
f 9791/11334 8550/9769 8549/9768 8555/9774
f 9791/11334 8011/11335 9792/11336 8550/9769
f 9791/11334 8008/11333 8007/9159 8011/11335
f 9792/11336 8545/9764 8544/9763 8550/9769
f 9792/11336 8014/11337 9793/11338 8545/9764
f 9792/11336 8011/11335 8010/9157 8014/11337
f 9793/11338 8540/9759 8539/9758 8545/9764
f 9793/11338 8017/11339 9794/11340 8540/9759
f 9793/11338 8014/11337 8013/9162 8017/11339
f 9794/11340 8535/9754 8534/9753 8540/9759
f 9794/11340 8020/11341 9795/11342 8535/9754
f 9794/11340 8017/11339 8016/9166 8020/11341
f 9795/11342 8530/9749 8529/9748 8535/9754
f 9795/11342 8023/11343 9796/11344 8530/9749
f 9795/11342 8020/11341 8019/9170 8023/11343
f 9796/11344 8525/9744 8524/9743 8530/9749
f 9796/11344 8026/11345 9797/11346 8525/9744
f 9796/11344 8023/11343 8022/9174 8026/11345
f 9797/11346 8520/9739 8519/9738 8525/9744
f 9797/11346 8029/11347 9798/11348 8520/9739
f 9797/11346 8026/11345 8025/9178 8029/11347
f 9798/11348 8515/9734 8514/9733 8520/9739
f 9798/11348 8032/11349 9799/11350 8515/9734
f 9798/11348 8029/11347 8028/9182 8032/11349
f 9799/11350 8510/9729 8509/9728 8515/9734
f 9799/11350 8035/11351 9800/11352 8510/9729
f 9799/11350 8032/11349 8031/9186 8035/11351
f 9800/11352 8505/9724 8504/9723 8510/9729
f 9800/11352 8038/11353 9801/11354 8505/9724
f 9800/11352 8035/11351 8034/9190 8038/11353
f 9801/11354 8500/9719 8499/9718 8505/9724
f 9801/11354 8041/11355 9802/11356 8500/9719
f 9801/11354 8038/11353 8037/9194 8041/11355
f 9802/11356 8495/9714 8494/9713 8500/9719
f 9802/11356 8044/11357 9803/11358 8495/9714
f 9802/11356 8041/11355 8040/9198 8044/11357
f 9803/11358 8490/9709 8489/9708 8495/9714
f 9803/11358 8047/11359 9804/11360 8490/9709
f 9803/11358 8044/11357 8043/9202 8047/11359
f 9804/11360 8485/9704 8484/9703 8490/9709
f 9804/11360 8050/11361 9805/11362 8485/9704
f 9804/11360 8047/11359 8046/9206 8050/11361
f 9805/11362 8480/9699 8479/9698 8485/9704
f 9805/11362 8053/11363 9806/11364 8480/9699
f 9805/11362 8050/11361 8049/9210 8053/11363
f 9806/11364 8475/9694 8474/9693 8480/9699
f 9806/11364 8056/11365 9807/11366 8475/9694
f 9806/11364 8053/11363 8052/9214 8056/11365
f 9807/11366 8470/9689 8469/9688 8475/9694
f 9807/11366 8059/11367 9808/11368 8470/9689
f 9807/11366 8056/11365 8055/9218 8059/11367
f 9808/11368 8465/9684 8464/9683 8470/9689
f 9808/11368 8062/11369 9809/11370 8465/9684
f 9808/11368 8059/11367 8058/9222 8062/11369
f 9809/11370 8460/9679 8459/9678 8465/9684
f 9809/11370 8065/11371 9810/11372 8460/9679
f 9809/11370 8062/11369 8061/9226 8065/11371
f 9810/11372 8455/9674 8454/9673 8460/9679
f 9810/11372 8068/11373 9811/11374 8455/9674
f 9810/11372 8065/11371 8064/9230 8068/11373
f 9811/11374 8450/9669 8449/9668 8455/9674
f 9811/11374 8071/11375 9812/11376 8450/9669
f 9811/11374 8068/11373 8067/9234 8071/11375
f 9812/11376 8445/9664 8444/9663 8450/9669
f 9812/11376 8074/11377 9813/11378 8445/9664
f 9812/11376 8071/11375 8070/9238 8074/11377
f 9813/11378 8440/9659 8439/9658 8445/9664
f 9813/11378 8077/11379 9814/11380 8440/9659
f 9813/11378 8074/11377 8073/9242 8077/11379
f 9814/11380 8435/9654 8434/9653 8440/9659
f 9814/11380 8080/11381 9815/11382 8435/9654
f 9814/11380 8077/11379 8076/9246 8080/11381
f 9815/11382 8430/9649 8429/9648 8435/9654
f 9815/11382 8083/11383 9816/11384 8430/9649
f 9815/11382 8080/11381 8079/9250 8083/11383
f 9816/11384 8425/9644 8424/9643 8430/9649
f 9816/11384 8086/11385 9817/11386 8425/9644
f 9816/11384 8083/11383 8082/9254 8086/11385
f 9817/11386 8420/9639 8419/9638 8425/9644
f 9817/11386 8089/11387 9818/11388 8420/9639
f 9817/11386 8086/11385 8085/9258 8089/11387
f 9818/11388 8415/9634 8414/9633 8420/9639
f 9818/11388 8092/11389 9819/11390 8415/9634
f 9818/11388 8089/11387 8088/9262 8092/11389
f 9819/11390 8410/9629 8409/9628 8415/9634
f 9819/11390 8095/11391 9820/11392 8410/9629
f 9819/11390 8092/11389 8091/9266 8095/11391
f 9820/11392 8405/9622 8404/9621 8410/9629
f 9820/11392 8098/11393 9821/11394 8405/9622
f 9820/11392 8095/11391 8094/9270 8098/11393
f 9821/11394 8400/11395 8399/9623 8405/9622
f 9821/11394 8101/11396 9822/11397 8400/11395
f 9821/11394 8098/11393 8097/9274 8101/11396
f 9822/11398 8395/9611 8394/9610 8400/9616
f 9822/11398 8104/11399 9823/11400 8395/9611
f 9822/11397 8101/11396 8100/9278 8104/9283
f 9823/11400 8390/9606 8389/9605 8395/9611
f 9823/11400 8107/9288 8109/9291 8390/9606
f 9823/11400 8104/11399 8103/9289 8107/9288
f 8662/9884 8658/9880 8657/9879 5035/5815
f 8390/9606 8109/9291 8111/9293 8385/9600
f 8381/9595 8111/9601 8110/9292 8114/9596
f 8377/9591 8114/9596 8113/9295 8117/9300
f 8354/9565 8127/9310 8129/9312 8355/9566
f 8355/9566 9824/11401 8350/9561 8349/9560
f 8355/9566 8129/9312 8131/9314 9824/11401
f 9824/11401 9825/11402 9826/11403 8350/9561
f 9824/11401 8131/9314 8133/9316 9825/11402
f 9825/11402 8138/11404 9827/11405 9826/11403
f 9825/11402 8133/9316 8135/9318 8138/11404
f 9827/11405 9828/11406 8345/11407 9826/11403
f 9827/11405 8141/11408 9829/11409 9828/11406
f 9827/11405 8138/11404 8137/9321 8141/11408
f 9829/11409 9830/11410 8340/11411 9828/11406
f 9829/11409 8144/11412 9831/11413 9830/11410
f 9829/11409 8141/11408 8140/9325 8144/11412
f 9831/11413 9832/11414 8335/11415 9830/11410
f 9831/11413 8147/11416 9833/11417 9832/11414
f 9831/11413 8144/11412 8143/9329 8147/11416
f 9833/11417 9834/11418 8330/11419 9832/11414
f 9833/11417 8150/11420 9835/11421 9834/11418
f 9833/11417 8147/11416 8146/9333 8150/11420
f 9835/11421 9836/11422 8325/11423 9834/11418
f 9835/11421 8153/11424 9837/11425 9836/11422
f 9835/11421 8150/11420 8149/9337 8153/11424
f 9837/11425 9838/11426 8320/11427 9836/11422
f 9837/11425 8156/11428 9839/11429 9838/11426
f 9837/11425 8153/11424 8152/9341 8156/11428
f 9839/11429 9840/11430 8315/11431 9838/11426
f 9839/11429 8159/11432 9841/11433 9840/11430
f 9839/11429 8156/11428 8155/9345 8159/11432
f 9841/11433 9842/11434 8310/11435 9840/11430
f 9841/11433 8162/11436 9843/11437 9842/11434
f 9841/11433 8159/11432 8158/9349 8162/11436
f 9843/11437 9844/11438 8305/11439 9842/11434
f 9843/11437 8165/11440 9845/11441 9844/11438
f 9843/11437 8162/11436 8161/9353 8165/11440
f 9845/11441 9846/11442 8300/11443 9844/11438
f 9845/11441 8168/11444 9847/11445 9846/11442
f 9845/11441 8165/11440 8164/9357 8168/11444
f 9847/11445 9848/11446 8295/11447 9846/11442
f 9847/11445 8171/9366 8173/9368 9848/11446
f 9847/11445 8168/11444 8167/9361 8171/9366
f 9848/11446 8290/9501 8289/9500 8295/11447
f 9848/11446 8173/9368 8175/9370 8290/9501
f 9846/11442 8295/11447 8294/9505 8300/11443
f 9844/11438 8300/11443 8299/9510 8305/11439
f 9842/11434 8305/11439 8304/9515 8310/11435
f 9840/11430 8310/11435 8309/9520 8315/11431
f 9838/11426 8315/11431 8314/9525 8320/11427
f 9836/11422 8320/11427 8319/9530 8325/11423
f 9834/11418 8325/11423 8324/9535 8330/11419
f 9832/11414 8330/11419 8329/9540 8335/11415
f 9830/11410 8335/11415 8334/9545 8340/11411
f 9828/11406 8340/11411 8339/9550 8345/11407
f 9826/11403 8345/11407 8344/9555 8350/9561
f 8290/9501 8175/9370 8177/9372 8285/9496
f 8270/9481 7584/8679 7585/8680 8271/9482
f 8270/9481 8265/9475 7583/8678 7584/8679
f 8264/9474 7582/8677 7583/8678 8265/9475
f 8264/9474 8259/9468 7581/8676 7582/8677
f 8258/9467 7580/8675 7581/8676 8259/9468
f 8258/9467 8251/9458 7579/8674 7580/8675
f 8251/9458 8249/9456 7578/8673 7579/8674
f 8229/9432 8227/9430 7572/8667 7573/8668
f 7853/8957 5057/5838 5061/5842 5691/11448
f 7612/8709 5105/5887 5104/5886 7609/8706
f 7606/8703 5102/5884 5101/5883 7602/8698
f 5707/8982 5053/5834 5052/5833 5704/6516
f 5700/6511 5050/5831 5055/5836 5701/6512
f 5699/6510 5014/5794 5019/5799 5680/6489
f 5691/11448 5061/5842 5688/6498 5687/6497
f 5659/6529 5655/6464 5069/6463 5066/5847
f 5650/6458 5067/5848 5069/5850 5651/6459
f 5620/6558 5616/6424 5046/5827 5048/6559
f 5285/6086 5282/6083 5111/6082 5117/6841
f 5279/6857 5115/5897 5114/5896 5280/6074
f 5192/6926 5188/5971 5084/5970 5083/5865
f 5183/5965 5085/5867 5084/5866 5184/5966
