# Exported from MakeClothes (TM)
# author punkduck
# license CC BY 3.0
# homepage http://www.makehuman.org/
v -0.0451 1.1913 1.5841
v 0.0095 1.1913 1.5296
v 0.0640 1.1913 1.5841
v 0.0095 1.1913 1.6386
v 0.0095 1.1368 1.5841
v 0.0095 1.2458 1.5841
v -0.0314 1.1504 1.5841
v -0.0314 1.1913 1.6250
v -0.0314 1.2322 1.5841
v -0.0314 1.1913 1.5432
v 0.0095 1.1504 1.5432
v 0.0095 1.2322 1.5432
v 0.0503 1.1913 1.5432
v 0.0503 1.1504 1.5841
v 0.0503 1.2322 1.5841
v 0.0503 1.1913 1.6250
v 0.0095 1.1504 1.6250
v 0.0095 1.2322 1.6250
v -0.0208 1.1610 1.6144
v -0.0208 1.2216 1.6144
v -0.0208 1.1610 1.5538
v -0.0208 1.2216 1.5538
v 0.0397 1.1610 1.6144
v 0.0397 1.2216 1.6144
v 0.0397 1.1610 1.5538
v 0.0397 1.2216 1.5538
v -1.2220 0.9695 -0.3555
v -1.0661 1.3065 -0.2809
v 0.0000 1.1802 1.5115
v -1.1863 1.3065 1.0751
v -0.3254 1.1976 1.4938
v -0.5147 1.2160 1.4260
v -1.4269 1.4361 0.2218
v -1.4038 1.4437 0.5786
v -1.3089 1.3781 0.8786
v -0.9707 1.2576 1.2081
v -0.7395 1.2254 1.3168
v -1.3197 1.3745 -0.0766
v -0.7072 1.2637 -0.3879
v -0.5804 1.2637 -0.4050
v -0.4500 1.2637 -0.4267
v -0.2914 1.2588 -0.4518
v 0.0000 1.2472 -0.4593
v -0.7873 0.9481 -0.5644
v -0.6380 0.9549 -0.5940
v -0.5041 0.9612 -0.6114
v -0.3578 0.9662 -0.6254
v -0.8533 1.2742 -0.3601
v -0.9824 0.9002 1.2633
v -0.7703 0.8737 1.3727
v -0.3624 0.8572 1.4817
v -1.1860 0.9424 1.1134
v -0.5587 0.8619 1.4411
v -0.9757 0.9516 -0.5060
v -1.4615 1.0105 -0.1030
v -1.5685 1.0345 0.2334
v -1.3764 1.0081 0.9110
v -1.5290 1.0492 0.6105
v -0.1352 1.2536 -0.4633
v -0.1837 0.9674 -0.6296
v -0.1822 0.8501 1.4974
v -0.1745 1.1827 1.5053
v 1.2220 0.9695 -0.3555
v 1.0661 1.3065 -0.2809
v 1.1863 1.3065 1.0751
v 0.3254 1.1976 1.4938
v 0.5147 1.2160 1.4260
v 1.4269 1.4361 0.2218
v 1.4038 1.4437 0.5786
v 1.3089 1.3781 0.8786
v 0.9707 1.2576 1.2081
v 0.7395 1.2254 1.3168
v 1.3197 1.3745 -0.0766
v 0.7072 1.2637 -0.3879
v 0.5804 1.2637 -0.4050
v 0.4500 1.2637 -0.4267
v 0.2914 1.2588 -0.4518
v 0.7873 0.9481 -0.5644
v 0.6380 0.9549 -0.5940
v 0.5041 0.9612 -0.6114
v 0.3578 0.9662 -0.6254
v 0.0000 0.9619 -0.6305
v 0.8533 1.2742 -0.3601
v 0.9824 0.9002 1.2633
v 0.7703 0.8737 1.3727
v 0.3624 0.8572 1.4817
v 0.0000 0.8488 1.5049
v 1.1860 0.9424 1.1134
v 0.5587 0.8619 1.4411
v 0.9757 0.9516 -0.5060
v 1.4615 1.0105 -0.1030
v 1.5685 1.0345 0.2334
v 1.3764 1.0081 0.9110
v 1.5290 1.0492 0.6105
v 0.1352 1.2536 -0.4633
v 0.1837 0.9674 -0.6296
v 0.1822 0.8501 1.4974
v 0.1745 1.1827 1.5053
v -1.3759 0.5980 -0.4058
v -0.8844 0.5853 -0.7671
v -0.7063 0.5893 -0.8216
v -0.5557 0.5928 -0.8332
v -0.4026 0.5957 -0.8284
v -0.9974 0.5276 1.3073
v -0.7918 0.5108 1.3955
v -0.3890 0.5038 1.4775
v -1.2051 0.5541 1.1646
v -0.5873 0.5041 1.4542
v -1.1075 0.5877 -0.6393
v -1.6053 0.6100 -0.0852
v -1.6697 0.6139 0.2780
v -1.4202 0.5857 0.9606
v -1.6042 0.6107 0.6578
v -0.2155 0.5959 -0.8126
v -0.1956 0.5043 1.4907
v 1.3759 0.5980 -0.4058
v 0.8844 0.5853 -0.7671
v 0.7063 0.5893 -0.8216
v 0.5557 0.5928 -0.8332
v 0.4026 0.5957 -0.8284
v 0.0000 0.5921 -0.8015
v 0.9974 0.5276 1.3073
v 0.7918 0.5108 1.3955
v 0.3890 0.5038 1.4775
v 0.0000 0.5047 1.4992
v 1.2051 0.5541 1.1646
v 0.5873 0.5041 1.4542
v 1.1075 0.5877 -0.6393
v 1.6053 0.6100 -0.0852
v 1.6697 0.6139 0.2780
v 1.4202 0.5857 0.9606
v 1.6042 0.6107 0.6578
v 0.2155 0.5959 -0.8126
v 0.1956 0.5043 1.4907
v -1.4914 0.2036 -0.4308
v -0.9559 0.1914 -0.8934
v -0.7497 0.1924 -0.9734
v -0.5772 0.1942 -0.9847
v -0.4115 0.1963 -0.9701
v -1.0266 0.1446 1.3490
v -0.8201 0.1361 1.4183
v -0.4186 0.1361 1.4841
v -1.2427 0.1602 1.2178
v -0.6188 0.1340 1.4565
v -1.2041 0.1943 -0.7154
v -1.7254 0.2179 -0.0710
v -1.7910 0.2190 0.3353
v -1.4646 0.1842 1.0171
v -1.6623 0.2077 0.7156
v -0.2207 0.1971 -0.9537
v -0.2132 0.1386 1.4920
v 1.4914 0.2036 -0.4308
v 0.9559 0.1914 -0.8934
v 0.7497 0.1924 -0.9734
v 0.5772 0.1942 -0.9847
v 0.4115 0.1963 -0.9701
v 0.0000 0.1962 -0.9478
v 1.0266 0.1446 1.3490
v 0.8201 0.1361 1.4183
v 0.4186 0.1361 1.4841
v 0.0000 0.1395 1.5000
v 1.2427 0.1602 1.2178
v 0.6188 0.1340 1.4565
v 1.2041 0.1943 -0.7154
v 1.7254 0.2179 -0.0710
v 1.7910 0.2190 0.3353
v 1.4646 0.1842 1.0171
v 1.6623 0.2077 0.7156
v 0.2207 0.1971 -0.9537
v 0.2132 0.1386 1.4920
v -1.5415 -0.2295 -0.4273
v -1.0012 -0.2340 -0.8700
v -0.7785 -0.2339 -0.9547
v -0.5853 -0.2334 -0.9951
v -0.4030 -0.2325 -0.9941
v -1.0781 -0.2564 1.4075
v -0.8661 -0.2595 1.4714
v -0.4525 -0.2584 1.5073
v -1.3019 -0.2486 1.2744
v -0.6608 -0.2599 1.4960
v -1.2609 -0.2331 -0.6972
v -1.8147 -0.2266 -0.0888
v -1.8954 -0.2264 0.3800
v -1.5385 -0.2265 1.0692
v -1.7511 -0.2267 0.7710
v -0.2101 -0.2323 -0.9994
v -0.2323 -0.2570 1.5209
v 1.5415 -0.2295 -0.4273
v 1.0012 -0.2340 -0.8700
v 0.7785 -0.2339 -0.9547
v 0.5853 -0.2334 -0.9951
v 0.4030 -0.2325 -0.9941
v 0.0000 -0.2324 -1.0109
v 1.0781 -0.2564 1.4075
v 0.8661 -0.2595 1.4714
v 0.4525 -0.2584 1.5073
v 0.0000 -0.2565 1.5238
v 1.3019 -0.2486 1.2744
v 0.6608 -0.2599 1.4960
v 1.2609 -0.2331 -0.6972
v 1.8147 -0.2266 -0.0888
v 1.8954 -0.2264 0.3800
v 1.5385 -0.2265 1.0692
v 1.7511 -0.2267 0.7710
v 0.2101 -0.2323 -0.9994
v 0.2323 -0.2570 1.5209
v -1.5445 -0.6861 -0.4018
v -1.0305 -0.6880 -0.7540
v -0.8088 -0.6880 -0.8247
v -0.6144 -0.6878 -0.8915
v -0.4261 -0.6875 -0.9509
v -1.1428 -0.6939 1.4714
v -0.9256 -0.6946 1.5447
v -0.4872 -0.6943 1.5711
v -1.3656 -0.6916 1.3228
v -0.7099 -0.6947 1.5681
v -1.2775 -0.6874 -0.6297
v -1.8116 -0.6824 -0.0986
v -1.9156 -0.6832 0.3710
v -1.5963 -0.6828 1.1037
v -1.7862 -0.6832 0.7734
v -0.2233 -0.6875 -0.9932
v -0.2498 -0.6939 1.5730
v 1.5445 -0.6861 -0.4018
v 1.0305 -0.6880 -0.7540
v 0.8088 -0.6880 -0.8247
v 0.6144 -0.6878 -0.8915
v 0.4261 -0.6875 -0.9509
v 0.0000 -0.6876 -1.0173
v 1.1428 -0.6939 1.4714
v 0.9256 -0.6946 1.5447
v 0.4872 -0.6943 1.5711
v 0.0000 -0.6938 1.5746
v 1.3656 -0.6916 1.3228
v 0.7099 -0.6947 1.5681
v 1.2775 -0.6874 -0.6297
v 1.8116 -0.6824 -0.0986
v 1.9156 -0.6832 0.3710
v 1.5963 -0.6828 1.1037
v 1.7862 -0.6832 0.7734
v 0.2233 -0.6875 -0.9932
v 0.2498 -0.6939 1.5730
v -1.5242 -1.1574 -0.3558
v -1.0670 -1.1547 -0.6518
v -0.8497 -1.1549 -0.7081
v -0.6514 -1.1548 -0.7742
v -0.4571 -1.1545 -0.8427
v -1.2069 -1.1497 1.4807
v -0.9868 -1.1497 1.5713
v -0.5190 -1.1497 1.6237
v -1.4252 -1.1514 1.3120
v -0.7590 -1.1498 1.6089
v -1.2906 -1.1550 -0.5533
v -1.7706 -1.1621 -0.0829
v -1.9418 -1.1625 0.3139
v -1.6594 -1.1618 1.0528
v -1.8669 -1.1620 0.7133
v -0.2426 -1.1546 -0.9007
v -0.2644 -1.1496 1.6333
v 1.5242 -1.1574 -0.3558
v 1.0670 -1.1547 -0.6518
v 0.8497 -1.1549 -0.7081
v 0.6514 -1.1548 -0.7742
v 0.4571 -1.1545 -0.8427
v 0.0000 -1.1545 -0.9148
v 1.2069 -1.1497 1.4807
v 0.9868 -1.1497 1.5713
v 0.5190 -1.1497 1.6237
v 0.0000 -1.1496 1.6374
v 1.4252 -1.1514 1.3120
v 0.7590 -1.1498 1.6089
v 1.2906 -1.1550 -0.5533
v 1.7706 -1.1621 -0.0829
v 1.9418 -1.1625 0.3139
v 1.6594 -1.1618 1.0528
v 1.8669 -1.1620 0.7133
v 0.2426 -1.1546 -0.9007
v 0.2644 -1.1496 1.6333
v -1.5219 -1.6020 -0.3232
v -1.1218 -1.5984 -0.6205
v -0.9075 -1.5987 -0.6730
v -0.6955 -1.5987 -0.7202
v -0.4807 -1.5984 -0.7628
v -1.2556 -1.5910 1.4755
v -1.0392 -1.5908 1.5747
v -0.5529 -1.5909 1.6537
v -1.4605 -1.5933 1.3047
v -0.8062 -1.5909 1.6246
v -1.3214 -1.5989 -0.5230
v -1.7341 -1.6074 -0.0394
v -1.9155 -1.6075 0.3347
v -1.6624 -1.6071 1.0565
v -1.8370 -1.6073 0.7220
v -0.2487 -1.5984 -0.7912
v -0.2815 -1.5908 1.6751
v 1.5219 -1.6020 -0.3232
v 1.1218 -1.5984 -0.6205
v 0.9075 -1.5987 -0.6730
v 0.6955 -1.5987 -0.7202
v 0.4807 -1.5984 -0.7628
v 0.0000 -1.5984 -0.7939
v 1.2556 -1.5910 1.4755
v 1.0392 -1.5908 1.5747
v 0.5529 -1.5909 1.6537
v -0.0000 -1.5909 1.6844
v 1.4605 -1.5933 1.3047
v 0.8062 -1.5909 1.6246
v 1.3214 -1.5989 -0.5230
v 1.7341 -1.6074 -0.0394
v 1.9155 -1.6075 0.3347
v 1.6624 -1.6071 1.0565
v 1.8370 -1.6073 0.7220
v 0.2487 -1.5984 -0.7912
v 0.2815 -1.5908 1.6751
v -1.5415 -2.0122 -0.3082
v -1.1651 -2.0106 -0.6145
v -0.9568 -2.0107 -0.6706
v -0.7407 -2.0107 -0.7085
v -0.5105 -2.0104 -0.7338
v -1.2948 -2.0059 1.4639
v -1.0844 -2.0059 1.5607
v -0.5894 -2.0061 1.6530
v -1.4888 -2.0073 1.3011
v -0.8518 -2.0061 1.6146
v -1.3525 -2.0108 -0.5105
v -1.7398 -2.0147 -0.0115
v -1.8780 -2.0145 0.3603
v -1.6685 -2.0149 1.0648
v -1.8317 -2.0146 0.7510
v -0.2591 -2.0103 -0.7469
v -0.3016 -2.0061 1.6837
v 1.5415 -2.0122 -0.3082
v 1.1651 -2.0106 -0.6145
v 0.9568 -2.0107 -0.6706
v 0.7407 -2.0107 -0.7085
v 0.5105 -2.0104 -0.7338
v 0.0000 -2.0103 -0.7452
v 1.2948 -2.0059 1.4639
v 1.0844 -2.0059 1.5607
v 0.5894 -2.0061 1.6530
v -0.0000 -2.0061 1.6982
v 1.4888 -2.0073 1.3011
v 0.8518 -2.0061 1.6146
v 1.3525 -2.0108 -0.5105
v 1.7398 -2.0147 -0.0115
v 1.8780 -2.0145 0.3603
v 1.6685 -2.0149 1.0648
v 1.8317 -2.0146 0.7510
v 0.2591 -2.0103 -0.7469
v 0.3016 -2.0061 1.6837
v -1.5876 -2.4051 -0.3196
v -1.2088 -2.4047 -0.6195
v -1.0026 -2.4046 -0.6789
v -0.7853 -2.4047 -0.7124
v -0.5445 -2.4046 -0.7306
v -1.3340 -2.4033 1.4535
v -1.1264 -2.4033 1.5376
v -0.6256 -2.4039 1.6266
v -1.5261 -2.4036 1.3080
v -0.8955 -2.4038 1.5851
v -1.3967 -2.4049 -0.5136
v -1.7762 -2.4049 -0.0172
v -1.8865 -2.4044 0.3577
v -1.7018 -2.4051 1.0885
v -1.8458 -2.4046 0.7639
v -0.2743 -2.4046 -0.7366
v -0.3215 -2.4037 1.6636
v 1.5876 -2.4051 -0.3196
v 1.2088 -2.4047 -0.6195
v 1.0026 -2.4046 -0.6789
v 0.7853 -2.4047 -0.7124
v 0.5445 -2.4046 -0.7306
v 0.0000 -2.4046 -0.7304
v 1.3340 -2.4033 1.4535
v 1.1264 -2.4033 1.5376
v 0.6256 -2.4039 1.6266
v -0.0000 -2.4037 1.6860
v 1.5261 -2.4036 1.3080
v 0.8955 -2.4038 1.5851
v 1.3967 -2.4049 -0.5136
v 1.7762 -2.4049 -0.0172
v 1.8865 -2.4044 0.3577
v 1.7018 -2.4051 1.0885
v 1.8458 -2.4046 0.7639
v 0.2743 -2.4046 -0.7366
v 0.3215 -2.4037 1.6636
v -1.6389 -2.7992 -0.3144
v -1.2641 -2.7991 -0.6044
v -1.0578 -2.7988 -0.6646
v -0.8384 -2.7988 -0.6919
v -0.5868 -2.7990 -0.7074
v -1.3759 -2.7946 1.4513
v -1.1688 -2.7944 1.5090
v -0.6693 -2.7960 1.5698
v -1.5756 -2.7949 1.3392
v -0.9471 -2.7961 1.5302
v -1.4502 -2.7993 -0.4974
v -1.8152 -2.7947 -0.0131
v -1.9122 -2.7947 0.3604
v -1.7419 -2.7945 1.1170
v -1.8763 -2.7942 0.7693
v -0.2938 -2.7990 -0.7132
v -0.3444 -2.7954 1.6106
v 1.6389 -2.7992 -0.3144
v 1.2641 -2.7991 -0.6044
v 1.0578 -2.7988 -0.6646
v 0.8384 -2.7988 -0.6919
v 0.5868 -2.7990 -0.7074
v 0.0000 -2.7989 -0.7015
v 1.3759 -2.7946 1.4513
v 1.1688 -2.7944 1.5090
v 0.6693 -2.7960 1.5698
v 0.0000 -2.7954 1.6609
v 1.5756 -2.7949 1.3392
v 0.9471 -2.7961 1.5302
v 1.4502 -2.7993 -0.4974
v 1.8152 -2.7947 -0.0131
v 1.9122 -2.7947 0.3604
v 1.7419 -2.7945 1.1170
v 1.8763 -2.7942 0.7693
v 0.2938 -2.7990 -0.7132
v 0.3444 -2.7954 1.6106
v -1.7117 -3.2185 -0.2645
v -1.3428 -3.2182 -0.5658
v -1.1334 -3.2184 -0.6259
v -0.9080 -3.2182 -0.6396
v -0.6419 -3.2179 -0.6521
v -1.4071 -3.2188 1.4107
v -1.2154 -3.2189 1.4698
v -0.6955 -3.2194 1.5633
v -1.6103 -3.2177 1.3279
v -0.9806 -3.2188 1.5173
v -1.5233 -3.2180 -0.4484
v -1.8756 -3.2181 0.0374
v -1.9606 -3.2178 0.3964
v -1.7792 -3.2179 1.1191
v -1.9182 -3.2184 0.7754
v -0.3150 -3.2179 -0.6668
v -0.3516 -3.2187 1.6038
v 1.7117 -3.2185 -0.2645
v 1.3428 -3.2182 -0.5658
v 1.1334 -3.2184 -0.6259
v 0.9080 -3.2182 -0.6396
v 0.6419 -3.2179 -0.6521
v 0.0000 -3.2188 -0.6433
v 1.4071 -3.2188 1.4107
v 1.2154 -3.2189 1.4698
v 0.6955 -3.2194 1.5633
v 0.0000 -3.2188 1.6578
v 1.6103 -3.2177 1.3279
v 0.9806 -3.2188 1.5173
v 1.5233 -3.2180 -0.4484
v 1.8756 -3.2181 0.0374
v 1.9606 -3.2178 0.3964
v 1.7792 -3.2179 1.1191
v 1.9182 -3.2184 0.7754
v 0.3150 -3.2179 -0.6668
v 0.3516 -3.2187 1.6038
v -1.8152 -3.6555 -0.2221
v -1.4369 -3.6557 -0.5357
v -1.2216 -3.6563 -0.5854
v -0.9764 -3.6557 -0.6005
v -0.6870 -3.6564 -0.6165
v -1.4553 -3.6569 1.3256
v -1.2638 -3.6572 1.4137
v -0.6981 -3.6568 1.5639
v -1.6434 -3.6558 1.2356
v -1.0121 -3.6565 1.4982
v -1.6284 -3.6558 -0.4188
v -1.9624 -3.6557 0.0793
v -2.0215 -3.6563 0.4271
v -1.8020 -3.6558 1.0491
v -1.9511 -3.6562 0.7685
v -0.3271 -3.6564 -0.6360
v -0.3207 -3.6574 1.6086
v 1.8152 -3.6555 -0.2221
v 1.4369 -3.6557 -0.5357
v 1.2216 -3.6563 -0.5854
v 0.9764 -3.6557 -0.6005
v 0.6870 -3.6564 -0.6165
v 0.0000 -3.6564 -0.6014
v 1.4553 -3.6569 1.3256
v 1.2638 -3.6572 1.4137
v 0.6981 -3.6568 1.5639
v 0.0000 -3.6565 1.6688
v 1.6434 -3.6558 1.2356
v 1.0121 -3.6565 1.4982
v 1.6284 -3.6558 -0.4188
v 1.9624 -3.6557 0.0793
v 2.0215 -3.6563 0.4271
v 1.8020 -3.6558 1.0491
v 1.9511 -3.6562 0.7685
v 0.3271 -3.6564 -0.6360
v 0.3207 -3.6574 1.6086
v -1.8924 -4.1050 -0.2410
v -1.4963 -4.1056 -0.5376
v -1.2865 -4.1049 -0.5888
v -1.0352 -4.1051 -0.6190
v -0.7119 -4.1048 -0.6470
v -1.5198 -4.1066 1.2655
v -1.3160 -4.1065 1.3470
v -0.7207 -4.1066 1.4910
v -1.7028 -4.1053 1.1744
v -1.0563 -4.1060 1.4222
v -1.6989 -4.1049 -0.4289
v -2.0517 -4.1050 0.0549
v -2.1023 -4.1048 0.4209
v -1.8742 -4.1048 1.0093
v -2.0314 -4.1052 0.7661
v -0.3161 -4.1048 -0.6655
v -0.3086 -4.1061 1.5540
v 1.8924 -4.1050 -0.2410
v 1.4963 -4.1056 -0.5376
v 1.2865 -4.1049 -0.5888
v 1.0352 -4.1051 -0.6190
v 0.7119 -4.1048 -0.6470
v 0.0000 -4.1047 -0.6154
v 1.5198 -4.1066 1.2655
v 1.3160 -4.1065 1.3470
v 0.7207 -4.1066 1.4910
v 0.0000 -4.1062 1.6398
v 1.7028 -4.1053 1.1744
v 1.0563 -4.1060 1.4222
v 1.6989 -4.1049 -0.4289
v 2.0517 -4.1050 0.0549
v 2.1023 -4.1048 0.4209
v 1.8742 -4.1048 1.0093
v 2.0314 -4.1052 0.7661
v 0.3161 -4.1048 -0.6655
v 0.3086 -4.1061 1.5540
v -1.9335 -4.6097 -0.2946
v -1.5452 -4.6091 -0.5743
v -1.3503 -4.6092 -0.6262
v -1.0843 -4.6093 -0.6553
v -0.7168 -4.6090 -0.6842
v -1.6080 -4.6103 1.2784
v -1.3953 -4.6108 1.3333
v -0.7575 -4.6103 1.4565
v -1.8036 -4.6087 1.2137
v -1.1226 -4.6103 1.3936
v -1.7384 -4.6089 -0.4750
v -2.1082 -4.6089 -0.0071
v -2.1888 -4.6095 0.3694
v -1.9958 -4.6091 1.0369
v -2.1455 -4.6096 0.7517
v -0.2970 -4.6090 -0.7018
v -0.3096 -4.6102 1.5111
v 1.9335 -4.6097 -0.2946
v 1.5452 -4.6091 -0.5743
v 1.3503 -4.6092 -0.6262
v 1.0843 -4.6093 -0.6553
v 0.7168 -4.6090 -0.6842
v 0.0000 -4.6090 -0.6624
v 1.6080 -4.6103 1.2784
v 1.3953 -4.6108 1.3333
v 0.7575 -4.6103 1.4565
v 0.0000 -4.6103 1.5848
v 1.8036 -4.6087 1.2137
v 1.1226 -4.6103 1.3936
v 1.7384 -4.6089 -0.4750
v 2.1082 -4.6089 -0.0071
v 2.1888 -4.6095 0.3694
v 1.9958 -4.6091 1.0369
v 2.1455 -4.6096 0.7517
v 0.2970 -4.6090 -0.7018
v 0.3096 -4.6102 1.5111
v -1.9542 -5.1552 -0.3499
v -1.6001 -5.1551 -0.6128
v -1.4160 -5.1552 -0.6574
v -1.1328 -5.1553 -0.6851
v -0.7224 -5.1554 -0.7127
v -1.7162 -5.1569 1.2837
v -1.4892 -5.1561 1.3345
v -0.8061 -5.1567 1.4470
v -1.9325 -5.1550 1.2127
v -1.2011 -5.1567 1.3869
v -1.7781 -5.1555 -0.5224
v -2.1311 -5.1556 -0.0759
v -2.2502 -5.1550 0.2990
v -2.1222 -5.1557 1.0031
v -2.2353 -5.1555 0.6857
v -0.2820 -5.1551 -0.7390
v -0.3156 -5.1566 1.5077
v 1.9542 -5.1552 -0.3499
v 1.6001 -5.1551 -0.6128
v 1.4160 -5.1552 -0.6574
v 1.1328 -5.1553 -0.6851
v 0.7224 -5.1554 -0.7127
v 0.0000 -5.1553 -0.7225
v 1.7162 -5.1569 1.2837
v 1.4892 -5.1561 1.3345
v 0.8061 -5.1567 1.4470
v 0.0000 -5.1567 1.5857
v 1.9325 -5.1550 1.2127
v 1.2011 -5.1567 1.3869
v 1.7781 -5.1555 -0.5224
v 2.1311 -5.1556 -0.0759
v 2.2502 -5.1550 0.2990
v 2.1222 -5.1557 1.0031
v 2.2353 -5.1555 0.6857
v 0.2820 -5.1551 -0.7390
v 0.3156 -5.1566 1.5077
v -1.9846 -5.7115 -0.3636
v -1.6727 -5.7118 -0.6434
v -1.4851 -5.7119 -0.6823
v -1.1846 -5.7111 -0.7062
v -0.7349 -5.7119 -0.7367
v -1.7977 -5.7129 1.2680
v -1.5745 -5.7125 1.3300
v -0.8524 -5.7127 1.4457
v -2.0053 -5.7116 1.1724
v -1.2757 -5.7125 1.3847
v -1.8398 -5.7112 -0.5512
v -2.1429 -5.7113 -0.0920
v -2.2674 -5.7118 0.2527
v -2.1828 -5.7118 0.9523
v -2.2771 -5.7118 0.6217
v -0.2741 -5.7115 -0.7636
v -0.3235 -5.7131 1.5040
v 1.9846 -5.7115 -0.3636
v 1.6727 -5.7118 -0.6434
v 1.4851 -5.7119 -0.6823
v 1.1846 -5.7111 -0.7062
v 0.7349 -5.7119 -0.7367
v 0.0000 -5.7116 -0.7432
v 1.7977 -5.7129 1.2680
v 1.5745 -5.7125 1.3300
v 0.8524 -5.7127 1.4457
v 0.0000 -5.7131 1.5593
v 2.0053 -5.7116 1.1724
v 1.2757 -5.7125 1.3847
v 1.8398 -5.7112 -0.5512
v 2.1429 -5.7113 -0.0920
v 2.2674 -5.7118 0.2527
v 2.1828 -5.7118 0.9523
v 2.2771 -5.7118 0.6217
v 0.2741 -5.7115 -0.7636
v 0.3235 -5.7131 1.5040
v -2.0205 -6.1974 -0.3577
v -1.7265 -6.1978 -0.6435
v -1.5415 -6.1981 -0.6894
v -1.2129 -6.1981 -0.7232
v -0.7304 -6.1978 -0.7561
v -1.8635 -6.1988 1.2746
v -1.6366 -6.1990 1.3301
v -0.8831 -6.1987 1.4449
v -2.0787 -6.1985 1.1901
v -1.3283 -6.1990 1.3827
v -1.8806 -6.1979 -0.5462
v -2.1700 -6.1974 -0.0839
v -2.2792 -6.1974 0.2500
v -2.2447 -6.1975 0.9723
v -2.3083 -6.1980 0.6159
v -0.2671 -6.1981 -0.8028
v -0.3242 -6.1983 1.4969
v 2.0205 -6.1974 -0.3577
v 1.7265 -6.1978 -0.6435
v 1.5415 -6.1981 -0.6894
v 1.2129 -6.1981 -0.7232
v 0.7304 -6.1978 -0.7561
v 0.0000 -6.1978 -0.7819
v 1.8635 -6.1988 1.2746
v 1.6366 -6.1990 1.3301
v 0.8831 -6.1987 1.4449
v 0.0000 -6.1989 1.5262
v 2.0787 -6.1985 1.1901
v 1.3283 -6.1990 1.3827
v 1.8806 -6.1979 -0.5462
v 2.1700 -6.1974 -0.0839
v 2.2792 -6.1974 0.2500
v 2.2447 -6.1975 0.9723
v 2.3083 -6.1980 0.6159
v 0.2671 -6.1981 -0.8028
v 0.3242 -6.1983 1.4969
v -2.0306 -6.6101 -0.3403
v -1.7409 -6.6103 -0.6273
v -1.5720 -6.6107 -0.6993
v -1.2239 -6.6104 -0.7398
v -0.7263 -6.6103 -0.7744
v -1.8919 -6.6104 1.2736
v -1.6620 -6.6112 1.3267
v -0.8888 -6.6102 1.4435
v -2.0993 -6.6104 1.1944
v -1.3494 -6.6112 1.3780
v -1.8796 -6.6110 -0.5220
v -2.1904 -6.6095 -0.0656
v -2.3050 -6.6095 0.2912
v -2.2478 -6.6093 0.9916
v -2.3262 -6.6097 0.6623
v -0.2925 -6.6105 -0.7962
v -0.3120 -6.6104 1.5046
v 2.0306 -6.6101 -0.3403
v 1.7409 -6.6103 -0.6273
v 1.5720 -6.6107 -0.6993
v 1.2239 -6.6104 -0.7398
v 0.7263 -6.6103 -0.7744
v 0.0000 -6.6105 -0.7555
v 1.8919 -6.6104 1.2736
v 1.6620 -6.6112 1.3267
v 0.8888 -6.6102 1.4435
v 0.0000 -6.6109 1.5367
v 2.0993 -6.6104 1.1944
v 1.3494 -6.6112 1.3780
v 1.8796 -6.6110 -0.5220
v 2.1904 -6.6095 -0.0656
v 2.3050 -6.6095 0.2912
v 2.2478 -6.6093 0.9916
v 2.3262 -6.6097 0.6623
v 0.2925 -6.6105 -0.7962
v 0.3120 -6.6104 1.5046
v -2.0355 -6.9604 -0.3291
v -1.7496 -6.9607 -0.6103
v -1.5830 -6.9610 -0.6976
v -1.2268 -6.9607 -0.7442
v -0.7258 -6.9605 -0.7789
v -1.8858 -6.9610 1.2700
v -1.6515 -6.9605 1.3107
v -0.8632 -6.9606 1.4259
v -2.0958 -6.9604 1.2009
v -1.3315 -6.9609 1.3592
v -1.8820 -6.9604 -0.5063
v -2.1962 -6.9604 -0.0479
v -2.3125 -6.9592 0.3214
v -2.2490 -6.9597 1.0131
v -2.3307 -6.9597 0.6961
v -0.3116 -6.9607 -0.7964
v -0.3109 -6.9606 1.4771
v 2.0355 -6.9604 -0.3291
v 1.7496 -6.9607 -0.6103
v 1.5830 -6.9610 -0.6976
v 1.2268 -6.9607 -0.7442
v 0.7258 -6.9605 -0.7789
v 0.0000 -6.9602 -0.7621
v 1.8858 -6.9610 1.2700
v 1.6515 -6.9605 1.3107
v 0.8632 -6.9606 1.4259
v 0.0000 -6.9606 1.5006
v 2.0958 -6.9604 1.2009
v 1.3315 -6.9609 1.3592
v 1.8820 -6.9604 -0.5063
v 2.1962 -6.9604 -0.0479
v 2.3125 -6.9592 0.3214
v 2.2490 -6.9597 1.0131
v 2.3307 -6.9597 0.6961
v 0.3116 -6.9607 -0.7964
v 0.3109 -6.9606 1.4771
v -0.9902 1.5967 -0.1749
v 0.0000 1.4704 1.4790
v -1.1165 1.5967 1.0881
v -0.3063 1.4878 1.4663
v -0.4844 1.5062 1.4059
v -1.3250 1.7263 0.2933
v -1.3087 1.7338 0.6256
v -1.2311 1.6682 0.9051
v -0.9136 1.5478 1.2099
v -0.6960 1.5156 1.3076
v -1.2217 1.6647 0.0154
v -0.6618 1.5539 -0.2745
v -0.5449 1.5539 -0.2905
v -0.4234 1.5539 -0.3107
v -0.2743 1.5490 -0.3341
v 0.0000 1.5374 -0.3410
v -0.7948 1.5644 -0.2486
v -0.1272 1.5438 -0.3448
v -0.1642 1.4729 1.4750
v 0.9902 1.5967 -0.1749
v 1.1165 1.5967 1.0881
v 0.3063 1.4878 1.4663
v 0.4844 1.5062 1.4059
v 1.3250 1.7263 0.2933
v 1.3087 1.7338 0.6256
v 1.2311 1.6682 0.9051
v 0.9136 1.5478 1.2099
v 0.6960 1.5156 1.3076
v 1.2217 1.6647 0.0154
v 0.6618 1.5539 -0.2745
v 0.5449 1.5539 -0.2905
v 0.4234 1.5539 -0.3107
v 0.2743 1.5490 -0.3341
v 0.7948 1.5644 -0.2486
v 0.1272 1.5438 -0.3448
v 0.1642 1.4729 1.4750
v -0.9167 1.5951 -0.1289
v 0.0000 1.4779 1.4044
v -1.0364 1.5951 1.0434
v -0.2843 1.4940 1.3936
v -0.4497 1.5111 1.3382
v -1.2272 1.7154 0.3057
v -1.2142 1.7224 0.6141
v -1.1427 1.6615 0.8735
v -0.8480 1.5497 1.1564
v -0.6461 1.5198 1.2471
v -1.1299 1.6582 0.0477
v -0.6138 1.5553 -0.2214
v -0.5058 1.5553 -0.2362
v -0.3930 1.5554 -0.2549
v -0.2546 1.5508 -0.2766
v 0.0000 1.5400 -0.2831
v -0.7365 1.5651 -0.1974
v -0.1181 1.5460 -0.2866
v -0.1524 1.4802 1.4012
v 0.9167 1.5951 -0.1289
v 1.0364 1.5951 1.0434
v 0.2843 1.4940 1.3936
v 0.4497 1.5111 1.3382
v 1.2272 1.7154 0.3057
v 1.2142 1.7224 0.6141
v 1.1427 1.6615 0.8735
v 0.8480 1.5497 1.1564
v 0.6461 1.5198 1.2471
v 1.1299 1.6582 0.0477
v 0.6138 1.5553 -0.2214
v 0.5058 1.5553 -0.2362
v 0.3930 1.5554 -0.2549
v 0.2546 1.5508 -0.2766
v 0.7365 1.5651 -0.1974
v 0.1181 1.5460 -0.2866
v 0.1524 1.4802 1.4012
v -1.9393 -6.9773 -0.3000
v -1.6669 -6.9776 -0.5729
v -1.5082 -6.9779 -0.6578
v -1.1688 -6.9776 -0.7024
v -0.6915 -6.9774 -0.7331
v -1.7967 -6.9779 1.2327
v -1.5735 -6.9774 1.2736
v -0.8224 -6.9775 1.3784
v -1.9968 -6.9773 1.1639
v -1.2686 -6.9778 1.3212
v -1.7931 -6.9773 -0.4718
v -2.0924 -6.9773 -0.0303
v -2.2032 -6.9761 0.3218
v -2.1427 -6.9766 0.9813
v -2.2206 -6.9766 0.6790
v -0.2969 -6.9776 -0.7475
v -0.2962 -6.9775 1.4275
v 1.9393 -6.9773 -0.3000
v 1.6669 -6.9776 -0.5729
v 1.5082 -6.9779 -0.6578
v 1.1688 -6.9776 -0.7024
v 0.6915 -6.9774 -0.7331
v 0.0000 -6.9771 -0.7162
v 1.7967 -6.9779 1.2327
v 1.5735 -6.9774 1.2736
v 0.8224 -6.9775 1.3784
v 0.0000 -6.9775 1.4513
v 1.9968 -6.9773 1.1639
v 1.2686 -6.9778 1.3212
v 1.7931 -6.9773 -0.4718
v 2.0924 -6.9773 -0.0303
v 2.2032 -6.9761 0.3218
v 2.1427 -6.9766 0.9813
v 2.2206 -6.9766 0.6790
v 0.2969 -6.9776 -0.7475
v 0.2962 -6.9775 1.4275
v -1.9393 -6.9537 -0.3000
v -1.6669 -6.9540 -0.5727
v -1.5082 -6.9543 -0.6570
v -1.1688 -6.9540 -0.6997
v -0.6915 -6.9538 -0.7306
v -1.7967 -6.9543 1.2327
v -1.5735 -6.9538 1.2735
v -0.8224 -6.9539 1.3756
v -1.9968 -6.9537 1.1639
v -1.2686 -6.9542 1.3184
v -1.7931 -6.9537 -0.4717
v -2.0924 -6.9537 -0.0303
v -2.2032 -6.9525 0.3218
v -2.1427 -6.9530 0.9813
v -2.2206 -6.9530 0.6790
v -0.2969 -6.9540 -0.7456
v -0.2962 -6.9539 1.4255
v 1.9393 -6.9537 -0.3000
v 1.6669 -6.9540 -0.5727
v 1.5082 -6.9543 -0.6570
v 1.1688 -6.9540 -0.6997
v 0.6915 -6.9538 -0.7306
v 0.0000 -6.9535 -0.7147
v 1.7967 -6.9543 1.2327
v 1.5735 -6.9538 1.2735
v 0.8224 -6.9539 1.3756
v 0.0000 -6.9539 1.4496
v 1.9968 -6.9537 1.1639
v 1.2686 -6.9542 1.3184
v 1.7931 -6.9537 -0.4717
v 2.0924 -6.9537 -0.0303
v 2.2032 -6.9525 0.3218
v 2.1427 -6.9530 0.9813
v 2.2206 -6.9530 0.6790
v 0.2969 -6.9540 -0.7456
v 0.2962 -6.9539 1.4255
v -1.2803 1.0124 -0.3920
v -1.1170 1.3143 -0.3139
v -0.0000 1.1864 1.5641
v -1.2429 1.3093 1.1068
v -0.3410 1.2026 1.5455
v -0.5393 1.2197 1.4745
v -1.4950 1.4573 0.2128
v -1.4707 1.4491 0.5867
v -1.3713 1.3780 0.9010
v -1.0170 1.2586 1.2462
v -0.7748 1.2284 1.3601
v -1.3827 1.3942 -0.0998
v -0.7541 1.2660 -0.4260
v -0.6206 1.2642 -0.4439
v -0.4555 1.2640 -0.4797
v -0.2821 1.2595 -0.5108
v -0.7965 0.9731 -0.6109
v -0.6092 0.9772 -0.6419
v -0.4461 0.9829 -0.6601
v -0.2790 0.9875 -0.6748
v -0.8949 1.2797 -0.3968
v -1.0293 0.9273 1.3040
v -0.8071 0.9015 1.4187
v -0.3797 0.8862 1.5328
v -1.2426 0.9733 1.1469
v -0.5853 0.8906 1.4903
v -1.0223 0.9821 -0.5497
v -1.5313 1.0916 -0.1275
v -1.6434 1.1386 0.2250
v -1.4421 1.0467 0.9349
v -1.6020 1.1231 0.6201
v -0.1280 1.2546 -0.5147
v -0.1309 0.9887 -0.6792
v -0.1909 0.8796 1.5493
v -0.1828 1.1888 1.5575
v 1.2803 1.0124 -0.3920
v 1.1170 1.3143 -0.3139
v 1.2429 1.3093 1.1068
v 0.3410 1.2026 1.5455
v 0.5393 1.2197 1.4745
v 1.4950 1.4573 0.2128
v 1.4707 1.4491 0.5867
v 1.3713 1.3780 0.9010
v 1.0170 1.2586 1.2462
v 0.7748 1.2284 1.3601
v 1.3827 1.3942 -0.0998
v 0.7541 1.2660 -0.4260
v 0.6206 1.2642 -0.4439
v 0.4555 1.2640 -0.4797
v 0.2821 1.2595 -0.5108
v 0.7965 0.9731 -0.6109
v 0.6092 0.9772 -0.6419
v 0.4461 0.9829 -0.6601
v 0.2790 0.9875 -0.6748
v 0.8949 1.2797 -0.3968
v 1.0293 0.9273 1.3040
v 0.8071 0.9015 1.4187
v 0.3797 0.8862 1.5328
v -0.0000 0.8784 1.5571
v 1.2426 0.9733 1.1469
v 0.5853 0.8906 1.4903
v 1.0223 0.9821 -0.5497
v 1.5313 1.0916 -0.1275
v 1.6434 1.1386 0.2250
v 1.4421 1.0467 0.9349
v 1.6020 1.1231 0.6201
v 0.1280 1.2546 -0.5147
v 0.1309 0.9887 -0.6792
v 0.1909 0.8796 1.5493
v 0.1828 1.1888 1.5575
v -1.0375 1.5733 -0.2028
v -0.0000 1.4561 1.5301
v -1.1698 1.5751 1.1204
v -0.3209 1.4723 1.5167
v -0.5076 1.4894 1.4534
v -1.3882 1.6812 0.2878
v -1.3711 1.6875 0.6359
v -1.2898 1.6390 0.9287
v -0.9571 1.5280 1.2481
v -0.7292 1.4981 1.3504
v -1.2800 1.6261 -0.0034
v -0.6950 1.5351 -0.3072
v -0.5810 1.5337 -0.3239
v -0.4508 1.5337 -0.3451
v -0.2888 1.5292 -0.3696
v -0.8328 1.5459 -0.2801
v -0.1314 1.5243 -0.3808
v -0.1721 1.4585 1.5258
v 1.0375 1.5733 -0.2028
v 1.1698 1.5751 1.1204
v 0.3209 1.4723 1.5167
v 0.5076 1.4894 1.4534
v 1.3882 1.6812 0.2878
v 1.3711 1.6875 0.6359
v 1.2898 1.6390 0.9287
v 0.9571 1.5280 1.2481
v 0.7292 1.4981 1.3504
v 1.2800 1.6261 -0.0034
v 0.6950 1.5351 -0.3072
v 0.5810 1.5337 -0.3239
v 0.4508 1.5337 -0.3451
v 0.2888 1.5292 -0.3696
v 0.8328 1.5459 -0.2801
v 0.1314 1.5243 -0.3808
v 0.1721 1.4585 1.5258
v -0.4553 1.2542 -0.4157
v -0.4440 0.9718 -0.6436
v -0.2777 0.9765 -0.6582
v -0.2724 1.2497 -0.4409
v -0.6001 1.2544 -0.3939
v -0.6067 0.9661 -0.6254
v -0.7295 1.2562 -0.3767
v -0.7935 0.9623 -0.5943
v -0.8645 1.2702 -0.3489
v -1.0171 0.9720 -0.5332
v -1.2712 1.0034 -0.3764
v -1.0767 1.3050 -0.2701
v -1.3290 1.3846 -0.0683
v -1.5165 1.0829 -0.1160
v -1.4103 1.4421 0.5762
v -1.5838 1.1158 0.6148
v -1.6249 1.1300 0.2277
v -1.4342 1.4482 0.2246
v -1.3152 1.3732 0.8738
v -1.1938 1.3063 1.0671
v -1.2294 0.9704 1.1318
v -1.4257 1.0420 0.9240
v -1.0197 0.9241 1.2867
v -0.9786 1.2559 1.1985
v -0.7992 0.8982 1.4006
v -0.7446 1.2256 1.3076
v -0.5789 0.8887 1.4714
v -0.5171 1.2177 1.4171
v -0.3761 0.8861 1.5131
v -0.3276 1.2013 1.4844
v -0.1897 0.8801 1.5293
v -0.1765 1.1879 1.4958
v -0.0000 1.1855 1.5021
v -0.0000 0.8788 1.5371
v -0.1301 0.9776 -0.6626
v -0.1233 1.2449 -0.4525
v 0.4553 1.2542 -0.4157
v 0.2724 1.2497 -0.4409
v 0.2777 0.9765 -0.6582
v 0.4440 0.9718 -0.6436
v 0.6067 0.9661 -0.6254
v 0.6001 1.2544 -0.3939
v 0.7935 0.9623 -0.5943
v 0.7295 1.2562 -0.3767
v 0.8645 1.2702 -0.3489
v 1.0171 0.9720 -0.5332
v 1.2712 1.0034 -0.3764
v 1.0767 1.3050 -0.2701
v 1.5165 1.0829 -0.1160
v 1.3290 1.3846 -0.0683
v 1.4103 1.4421 0.5762
v 1.4342 1.4482 0.2246
v 1.6249 1.1300 0.2277
v 1.5838 1.1158 0.6148
v 1.3152 1.3732 0.8738
v 1.4257 1.0420 0.9240
v 1.2294 0.9704 1.1318
v 1.1938 1.3063 1.0671
v 1.0197 0.9241 1.2867
v 0.9786 1.2559 1.1985
v 0.7992 0.8982 1.4006
v 0.7446 1.2256 1.3076
v 0.5789 0.8887 1.4714
v 0.5171 1.2177 1.4171
v 0.3761 0.8861 1.5131
v 0.3276 1.2013 1.4844
v 0.1233 1.2449 -0.4525
v 0.1301 0.9776 -0.6626
v 0.1897 0.8801 1.5293
v 0.1765 1.1879 1.4958
v 0.1712 1.4561 1.5060
v 0.3171 1.4699 1.4970
v -0.2871 1.5209 -0.3514
v -0.4482 1.5254 -0.3271
v -0.5001 1.4871 1.4349
v -0.3171 1.4699 1.4970
v -0.5784 1.5254 -0.3059
v -0.6924 1.5266 -0.2893
v 1.1561 1.5721 1.1055
v 1.2724 1.6342 0.9196
v -1.2724 1.6342 0.9196
v -1.1561 1.5721 1.1055
v -1.0301 1.5639 -0.1866
v -1.2668 1.6157 0.0084
v 0.8287 1.5372 -0.2625
v 0.6924 1.5266 -0.2893
v 0.4482 1.5254 -0.3271
v 0.2871 1.5209 -0.3514
v 1.3703 1.6717 0.2912
v 1.2668 1.6157 0.0084
v -1.3525 1.6806 0.6321
v -0.1303 1.5160 -0.3626
v 0.1303 1.5160 -0.3626
v 0.5001 1.4871 1.4349
v 0.7209 1.4961 1.3323
v 0.9480 1.5261 1.2303
v 1.3525 1.6806 0.6321
v -0.8287 1.5372 -0.2625
v -1.3703 1.6717 0.2912
v 0.5784 1.5254 -0.3059
v 1.0301 1.5639 -0.1866
v -0.9480 1.5261 1.2303
v -0.7209 1.4961 1.3323
v -0.1712 1.4561 1.5060
v -0.0000 1.4537 1.5102
v 0.3228 1.4463 1.5195
v 0.1731 1.4325 1.5289
v -0.4528 1.5078 -0.3568
v -0.2882 1.5032 -0.3814
v -0.3228 1.4463 1.5195
v -0.5106 1.4635 1.4554
v -0.7007 1.5092 -0.3186
v -0.5848 1.5078 -0.3354
v 1.2977 1.6139 0.9260
v 1.1768 1.5495 1.1191
v -1.1768 1.5495 1.1191
v -1.2977 1.6139 0.9260
v 0.1311 1.4983 -0.3927
v -1.2899 1.6038 -0.0127
v -1.0451 1.5484 -0.2135
v 0.7007 1.5092 -0.3186
v 0.8387 1.5203 -0.2913
v 0.2882 1.5032 -0.3814
v 0.4528 1.5078 -0.3568
v 1.2899 1.6038 -0.0127
v 1.3985 1.6596 0.2806
v -1.3807 1.6645 0.6312
v -0.1311 1.4983 -0.3927
v 0.5106 1.4635 1.4554
v 0.7336 1.4722 1.3514
v 0.9629 1.5021 1.2479
v 1.3807 1.6645 0.6312
v -0.8387 1.5203 -0.2913
v -1.3985 1.6596 0.2806
v 0.5848 1.5078 -0.3354
v 1.0451 1.5484 -0.2135
v -0.7336 1.4722 1.3514
v -0.9629 1.5021 1.2479
v -0.0000 1.4302 1.5333
v -0.1731 1.4325 1.5289
v 0.1672 1.4303 1.4683
v 0.3098 1.4441 1.4595
v -0.2782 1.4948 -0.3331
v -0.4372 1.4993 -0.3095
v -0.4887 1.4612 1.3990
v -0.3098 1.4441 1.4595
v -0.5654 1.4993 -0.2890
v -0.6779 1.5006 -0.2728
v 1.1295 1.5465 1.0789
v 1.2432 1.6091 0.8986
v -1.2432 1.6091 0.8986
v -1.1295 1.5465 1.0789
v -1.0076 1.5390 -0.1733
v -1.2397 1.5935 0.0157
v 0.8105 1.5115 -0.2469
v 0.6779 1.5006 -0.2728
v 0.4372 1.4993 -0.3095
v 0.2782 1.4948 -0.3331
v 1.3406 1.6502 0.2898
v 1.2397 1.5935 0.0157
v -1.3227 1.6576 0.6200
v -0.1262 1.4899 -0.3439
v 0.1262 1.4899 -0.3439
v 0.4887 1.4612 1.3990
v 0.7044 1.4701 1.2993
v 0.9262 1.5001 1.2001
v 1.3227 1.6576 0.6200
v -0.8105 1.5115 -0.2469
v -1.3406 1.6502 0.2898
v 0.5654 1.4993 -0.2890
v 1.0076 1.5390 -0.1733
v -0.9262 1.5001 1.2001
v -0.7044 1.4701 1.2993
v -0.1672 1.4303 1.4683
v -0.0000 1.4279 1.4726
v -0.0000 0.9000 1.5576
v -0.6100 0.9973 -0.6280
v -0.7935 0.9936 -0.5979
v -0.4479 1.0026 -0.6465
v -0.2793 1.0066 -0.6621
v -1.5208 1.1129 -0.1255
v -0.5821 0.9137 1.4892
v -1.6330 1.1610 0.2241
v -1.5928 1.1460 0.6177
v -1.4371 1.0699 0.9325
v -1.0284 0.9505 1.3000
v -0.8048 0.9244 1.4146
v -0.3770 0.9084 1.5337
v -1.2426 0.9969 1.1441
v -1.2688 1.0336 -0.3865
v 0.1903 0.9013 1.5499
v 0.1307 1.0073 -0.6670
v 1.0134 1.0030 -0.5390
v -0.1307 1.0073 -0.6670
v -1.0134 1.0030 -0.5390
v 1.5928 1.1460 0.6177
v -0.1903 0.9013 1.5499
v 1.2688 1.0336 -0.3865
v 0.8048 0.9244 1.4146
v 0.7935 0.9936 -0.5979
v 0.4479 1.0026 -0.6465
v 1.5208 1.1129 -0.1255
v 0.6100 0.9973 -0.6280
v 0.2793 1.0066 -0.6621
v 1.4371 1.0699 0.9325
v 1.6330 1.1610 0.2241
v 1.2426 0.9969 1.1441
v 1.0284 0.9505 1.3000
v 0.5821 0.9137 1.4892
v 0.3770 0.9084 1.5337
v -0.4328 0.9916 -0.5896
v -0.2699 0.9956 -0.6044
v -0.5899 0.9863 -0.5718
v -0.7676 0.9829 -0.5428
v -0.9790 0.9929 -0.4861
v -1.2234 1.0246 -0.3403
v -1.4626 1.1041 -0.0932
v -1.5290 1.1387 0.6058
v -1.5678 1.1524 0.2348
v -1.1939 0.9940 1.1028
v -1.3796 1.0653 0.9033
v -0.9894 0.9473 1.2505
v -0.7739 0.9211 1.3601
v -0.5590 0.9118 1.4311
v -0.3626 0.9082 1.4731
v -0.1837 0.9017 1.4885
v -0.0000 0.9003 1.4959
v -0.1261 0.9964 -0.6091
v 0.2699 0.9956 -0.6044
v 0.4328 0.9916 -0.5896
v 0.5899 0.9863 -0.5718
v 0.7676 0.9829 -0.5428
v 0.9790 0.9929 -0.4861
v 1.2234 1.0246 -0.3403
v 1.4626 1.1041 -0.0932
v 1.5678 1.1524 0.2348
v 1.5290 1.1387 0.6058
v 1.3796 1.0653 0.9033
v 1.1939 0.9940 1.1028
v 0.9894 0.9473 1.2505
v 0.7739 0.9211 1.3601
v 0.5590 0.9118 1.4311
v 0.3626 0.9082 1.4731
v 0.1261 0.9964 -0.6091
v 0.1837 0.9017 1.4885
v 0.0798 1.5814 -0.3254
v 0.2725 1.5814 -0.3254
v 0.0798 0.9442 -0.6545
v 0.2725 0.9442 -0.6545
v 0.1148 0.9870 -0.6324
v 0.1148 1.5386 -0.3475
v 0.2374 1.5386 -0.3475
v 0.2374 0.9870 -0.6324
v 0.1148 1.0497 -0.6000
v 0.1148 1.0942 -0.5771
v 0.1148 1.2410 -0.5012
v 0.1148 1.2846 -0.4787
v 0.1148 1.4309 -0.4032
v 0.1148 1.4766 -0.3795
v 0.0798 1.0497 -0.6000
v 0.0798 1.0942 -0.5771
v 0.0798 1.2410 -0.5012
v 0.0798 1.2846 -0.4787
v 0.0798 1.4309 -0.4032
v 0.0798 1.4766 -0.3795
v 0.0389 1.0545 -0.6093
v 0.0389 1.0989 -0.5863
v 0.0389 1.2458 -0.5104
v 0.0389 1.2894 -0.4879
v 0.0389 1.4356 -0.4124
v 0.0389 1.4813 -0.3888
v 0.0220 1.0319 -0.6209
v 0.0220 1.1214 -0.5747
v 0.0220 1.2241 -0.5216
v 0.0220 1.3111 -0.4767
v 0.0220 1.4142 -0.4234
v 0.0220 1.5027 -0.3777
v -0.0128 1.0319 -0.6209
v -0.0128 1.1214 -0.5747
v -0.0128 1.2241 -0.5216
v -0.0128 1.3111 -0.4767
v -0.0128 1.4142 -0.4234
v -0.0128 1.5027 -0.3777
v -0.0327 1.0545 -0.6093
v -0.0327 1.0989 -0.5863
v -0.0327 1.2458 -0.5104
v -0.0327 1.2894 -0.4879
v -0.0327 1.4356 -0.4124
v -0.0327 1.4813 -0.3888
v 0.0685 1.0567 -0.6152
v 0.0685 1.1024 -0.5915
v 0.0685 1.2487 -0.5160
v 0.0685 1.2922 -0.4935
v 0.0685 1.4391 -0.4176
v 0.0685 1.4836 -0.3947
v 0.0492 1.0146 -0.6369
v 0.0492 1.1446 -0.5698
v 0.0492 1.2065 -0.5378
v 0.0492 1.3344 -0.4717
v 0.0492 1.3956 -0.4401
v 0.0492 1.5272 -0.3722
v -0.0509 1.0069 -0.6221
v -0.0509 1.1369 -0.5550
v -0.0509 1.1988 -0.5230
v -0.0509 1.3268 -0.4569
v -0.0509 1.3879 -0.4253
v -0.0509 1.5195 -0.3574
v -0.0680 1.0262 -0.6122
v -0.0680 1.1176 -0.5649
v -0.0680 1.2193 -0.5124
v -0.0680 1.3064 -0.4675
v -0.0680 1.4093 -0.4143
v -0.0680 1.4982 -0.3684
v -0.0785 1.0262 -0.6122
v -0.0785 1.1176 -0.5649
v -0.0785 1.2193 -0.5124
v -0.0785 1.3064 -0.4675
v -0.0785 1.4093 -0.4143
v -0.0785 1.4982 -0.3684
v -0.1135 1.0262 -0.6122
v -0.1135 1.1176 -0.5649
v -0.1135 1.2193 -0.5124
v -0.1135 1.3064 -0.4675
v -0.1135 1.4093 -0.4143
v -0.1135 1.4982 -0.3684
v -0.2362 1.5386 -0.3475
v -0.2362 0.9870 -0.6324
v -0.1135 0.9870 -0.6324
v -0.1135 1.5386 -0.3475
v -0.2712 1.5814 -0.3254
v -0.0785 1.5814 -0.3254
v -0.2712 0.9442 -0.6545
v -0.0785 0.9442 -0.6545
v -0.0349 1.3098 -0.4657
v 0.0333 1.3174 -0.4805
v 0.0333 1.2235 -0.5290
v -0.0349 1.2159 -0.5142
v -0.0349 1.1199 -0.5638
v 0.0333 1.1276 -0.5786
v -0.0349 1.5025 -0.3661
v 0.0333 1.5101 -0.3810
v -0.0349 1.4049 -0.4165
v 0.0333 1.4126 -0.4313
v -0.0349 1.0239 -0.6133
v 0.0333 1.0316 -0.6281
v 0.1148 1.0456 -0.5922
v 0.0798 1.0456 -0.5922
v 0.0798 0.9401 -0.6467
v 0.1148 0.9830 -0.6245
v 0.2374 1.5345 -0.3396
v 0.2725 1.5774 -0.3175
v 0.0798 1.5774 -0.3175
v 0.1148 1.5345 -0.3396
v 0.2374 0.9830 -0.6245
v 0.2725 0.9401 -0.6467
v 0.0798 1.4725 -0.3717
v 0.1148 1.4725 -0.3717
v 0.0798 1.4268 -0.3953
v 0.1148 1.4268 -0.3953
v 0.0798 1.2805 -0.4708
v 0.1148 1.2805 -0.4708
v 0.0798 1.2370 -0.4933
v 0.1148 1.2370 -0.4933
v 0.0798 1.0901 -0.5692
v 0.1148 1.0901 -0.5692
v 0.0389 1.4773 -0.3809
v 0.0389 1.4315 -0.4045
v 0.0389 1.2853 -0.4801
v 0.0389 1.2417 -0.5025
v 0.0389 1.0948 -0.5784
v 0.0389 1.0504 -0.6014
v 0.0220 1.4986 -0.3699
v 0.0220 1.4102 -0.4155
v 0.0220 1.3070 -0.4688
v 0.0220 1.2200 -0.5138
v 0.0220 1.1174 -0.5668
v 0.0220 1.0279 -0.6130
v -0.0128 1.4986 -0.3699
v -0.0128 1.4102 -0.4155
v -0.0128 1.3070 -0.4688
v -0.0128 1.2200 -0.5138
v -0.0128 1.1174 -0.5668
v -0.0128 1.0279 -0.6130
v -0.0327 1.4773 -0.3809
v -0.0327 1.4315 -0.4045
v -0.0327 1.2853 -0.4801
v -0.0327 1.2417 -0.5025
v -0.0327 1.0948 -0.5784
v -0.0327 1.0504 -0.6014
v 0.0492 1.2024 -0.5299
v 0.0685 1.2446 -0.5081
v 0.0685 1.2882 -0.4856
v 0.0492 1.3304 -0.4638
v 0.0492 1.0105 -0.6291
v 0.0685 1.0527 -0.6073
v 0.0685 1.0984 -0.5837
v 0.0492 1.1405 -0.5619
v 0.0492 1.3915 -0.4323
v 0.0685 1.4351 -0.4098
v 0.0685 1.4795 -0.3868
v 0.0492 1.5231 -0.3643
v -0.0785 1.4052 -0.4064
v -0.0680 1.4052 -0.4064
v -0.0680 1.4941 -0.3605
v -0.0785 1.4941 -0.3605
v -0.0680 1.0221 -0.6043
v -0.0509 1.0029 -0.6143
v -0.0509 1.1329 -0.5471
v -0.0680 1.1136 -0.5571
v -0.0680 1.2152 -0.5046
v -0.0509 1.1948 -0.5151
v -0.0509 1.3227 -0.4490
v -0.0680 1.3023 -0.4596
v -0.0509 1.3838 -0.4175
v -0.0509 1.5154 -0.3495
v -0.1135 1.4052 -0.4064
v -0.1135 1.4941 -0.3605
v -0.0785 1.0221 -0.6043
v -0.0785 1.1136 -0.5571
v -0.0785 1.2152 -0.5046
v -0.0785 1.3023 -0.4596
v -0.1135 1.1136 -0.5571
v -0.1135 1.2152 -0.5046
v -0.1135 1.3023 -0.4596
v -0.1135 1.5345 -0.3396
v -0.0785 1.5774 -0.3175
v -0.2712 1.5774 -0.3175
v -0.2362 1.5345 -0.3396
v -0.1135 0.9830 -0.6245
v -0.0785 0.9401 -0.6467
v -0.1135 1.0221 -0.6043
v -0.2362 0.9830 -0.6245
v -0.2712 0.9401 -0.6467
v 0.0333 1.3134 -0.4726
v -0.0349 1.3057 -0.4578
v -0.0349 1.2118 -0.5063
v 0.0333 1.2194 -0.5211
v 0.0333 1.1235 -0.5707
v -0.0349 1.1158 -0.5559
v 0.0333 1.5061 -0.3731
v -0.0349 1.4984 -0.3583
v -0.0349 1.4009 -0.4087
v 0.0333 1.4085 -0.4235
v -0.0349 1.0199 -0.6055
v 0.0333 1.0275 -0.6203
v -0.0451 1.0761 1.5841
v 0.0095 1.0761 1.5296
v 0.0640 1.0761 1.5841
v 0.0095 1.0761 1.6386
v 0.0095 1.0216 1.5841
v 0.0095 1.1306 1.5841
v -0.0314 1.0352 1.5841
v -0.0314 1.0761 1.6250
v -0.0314 1.1170 1.5841
v -0.0314 1.0761 1.5432
v 0.0095 1.0352 1.5432
v 0.0095 1.1170 1.5432
v 0.0503 1.0761 1.5432
v 0.0503 1.0352 1.5841
v 0.0503 1.1170 1.5841
v 0.0503 1.0761 1.6250
v 0.0095 1.0352 1.6250
v 0.0095 1.1170 1.6250
v -0.0208 1.0458 1.6144
v -0.0208 1.1064 1.6144
v -0.0208 1.0458 1.5538
v -0.0208 1.1064 1.5538
v 0.0397 1.0458 1.6144
v 0.0397 1.1064 1.6144
v 0.0397 1.0458 1.5538
v 0.0397 1.1064 1.5538
v -0.0439 1.2956 1.5785
v 0.0095 1.3065 1.5239
v 0.0629 1.3174 1.5785
v 0.0095 1.3065 1.6330
v 0.0204 1.2531 1.5785
v -0.0015 1.3599 1.5785
v -0.0224 1.2583 1.5785
v -0.0306 1.2983 1.6193
v -0.0388 1.3384 1.5785
v -0.0306 1.2983 1.5376
v 0.0177 1.2664 1.5376
v 0.0013 1.3466 1.5376
v 0.0495 1.3147 1.5376
v 0.0577 1.2746 1.5785
v 0.0413 1.3547 1.5785
v 0.0495 1.3147 1.6193
v 0.0177 1.2664 1.6193
v 0.0013 1.3466 1.6193
v -0.0141 1.2708 1.6087
v -0.0263 1.3301 1.6087
v -0.0141 1.2708 1.5482
v -0.0263 1.3301 1.5482
v 0.0452 1.2829 1.6087
v 0.0331 1.3422 1.6087
v 0.0452 1.2829 1.5482
v 0.0331 1.3422 1.5482
v -0.0450 1.4182 1.5728
v 0.0095 1.4178 1.5183
v 0.0640 1.4175 1.5728
v 0.0095 1.4178 1.6273
v 0.0091 1.3633 1.5728
v 0.0098 1.4723 1.5728
v -0.0317 1.3772 1.5728
v -0.0314 1.4181 1.6137
v -0.0312 1.4589 1.5728
v -0.0314 1.4181 1.5319
v 0.0092 1.3769 1.5319
v 0.0097 1.4587 1.5319
v 0.0503 1.4176 1.5319
v 0.0501 1.3767 1.5728
v 0.0506 1.4584 1.5728
v 0.0503 1.4176 1.6137
v 0.0092 1.3769 1.6137
v 0.0097 1.4587 1.6137
v -0.0210 1.3877 1.6031
v -0.0206 1.4483 1.6031
v -0.0210 1.3877 1.5425
v -0.0206 1.4483 1.5425
v 0.0396 1.3873 1.6031
v 0.0399 1.4479 1.6031
v 0.0396 1.3873 1.5425
v 0.0399 1.4479 1.5425
v -0.0437 0.9787 1.5841
v 0.0095 0.9667 1.5296
v 0.0626 0.9548 1.5841
v 0.0095 0.9667 1.6386
v -0.0025 0.9135 1.5841
v 0.0214 1.0199 1.5841
v -0.0394 0.9358 1.5841
v -0.0304 0.9757 1.6250
v -0.0214 1.0156 1.5841
v -0.0304 0.9757 1.5432
v 0.0005 0.9268 1.5432
v 0.0184 1.0066 1.5432
v 0.0493 0.9577 1.5432
v 0.0404 0.9179 1.5841
v 0.0583 0.9976 1.5841
v 0.0493 0.9577 1.6250
v 0.0005 0.9268 1.6250
v 0.0184 1.0066 1.6250
v -0.0267 0.9438 1.6144
v -0.0134 1.0029 1.6144
v -0.0267 0.9438 1.5538
v -0.0134 1.0029 1.5538
v 0.0324 0.9305 1.6144
v 0.0457 0.9896 1.6144
v 0.0324 0.9305 1.5538
v 0.0457 0.9896 1.5538
v 0.0773 1.3146 1.5728
v 0.1305 1.3026 1.5183
v 0.1837 1.2906 1.5728
v 0.1305 1.3026 1.6273
v 0.1186 1.2494 1.5728
v 0.1425 1.3558 1.5728
v 0.0817 1.2717 1.5728
v 0.0906 1.3116 1.6137
v 0.0996 1.3515 1.5728
v 0.0906 1.3116 1.5319
v 0.1216 1.2627 1.5319
v 0.1395 1.3425 1.5319
v 0.1704 1.2936 1.5319
v 0.1614 1.2537 1.5728
v 0.1794 1.3335 1.5728
v 0.1704 1.2936 1.6137
v 0.1216 1.2627 1.6137
v 0.1395 1.3425 1.6137
v 0.0943 1.2797 1.6031
v 0.1076 1.3388 1.6031
v 0.0943 1.2797 1.5425
v 0.1076 1.3388 1.5425
v 0.1534 1.2664 1.6031
v 0.1667 1.3255 1.6031
v 0.1534 1.2664 1.5425
v 0.1667 1.3255 1.5425
v 0.0766 1.1817 1.5728
v 0.1305 1.1893 1.5183
v 0.1845 1.1970 1.5728
v 0.1305 1.1893 1.6273
v 0.1382 1.1354 1.5728
v 0.1229 1.2433 1.5728
v 0.0958 1.1431 1.5728
v 0.0900 1.1836 1.6137
v 0.0843 1.2241 1.5728
v 0.0900 1.1836 1.5319
v 0.1363 1.1489 1.5319
v 0.1248 1.2298 1.5319
v 0.1710 1.1951 1.5319
v 0.1767 1.1546 1.5728
v 0.1653 1.2355 1.5728
v 0.1710 1.1951 1.6137
v 0.1363 1.1489 1.6137
v 0.1248 1.2298 1.6137
v 0.1048 1.1551 1.6031
v 0.0963 1.2151 1.6031
v 0.1048 1.1551 1.5425
v 0.0963 1.2151 1.5425
v 0.1648 1.1636 1.6031
v 0.1563 1.2236 1.6031
v 0.1648 1.1636 1.5425
v 0.1563 1.2236 1.5425
v 0.0760 1.0712 1.5728
v 0.1305 1.0702 1.5183
v 0.1850 1.0692 1.5728
v 0.1305 1.0702 1.6273
v 0.1295 1.0157 1.5728
v 0.1315 1.1247 1.5728
v 0.0889 1.0301 1.5728
v 0.0897 1.0710 1.6137
v 0.0904 1.1119 1.5728
v 0.0897 1.0710 1.5319
v 0.1298 1.0293 1.5319
v 0.1313 1.1111 1.5319
v 0.1714 1.0695 1.5319
v 0.1707 1.0286 1.5728
v 0.1722 1.1103 1.5728
v 0.1714 1.0695 1.6137
v 0.1298 1.0293 1.6137
v 0.1313 1.1111 1.6137
v 0.0997 1.0405 1.6031
v 0.1008 1.1011 1.6031
v 0.0997 1.0405 1.5425
v 0.1008 1.1011 1.5425
v 0.1603 1.0394 1.6031
v 0.1614 1.0999 1.6031
v 0.1603 1.0394 1.5425
v 0.1614 1.0999 1.5425
v -0.1603 1.0751 1.5728
v -0.1057 1.0741 1.5183
v -0.0512 1.0731 1.5728
v -0.1057 1.0741 1.6273
v -0.1068 1.0196 1.5728
v -0.1047 1.1286 1.5728
v -0.1474 1.0340 1.5728
v -0.1466 1.0749 1.6137
v -0.1459 1.1158 1.5728
v -0.1466 1.0749 1.5319
v -0.1065 1.0333 1.5319
v -0.1050 1.1150 1.5319
v -0.0649 1.0734 1.5319
v -0.0656 1.0325 1.5728
v -0.0641 1.1143 1.5728
v -0.0649 1.0734 1.6137
v -0.1065 1.0333 1.6137
v -0.1050 1.1150 1.6137
v -0.1366 1.0444 1.6031
v -0.1355 1.1050 1.6031
v -0.1366 1.0444 1.5425
v -0.1355 1.1050 1.5425
v -0.0760 1.0433 1.6031
v -0.0749 1.1038 1.6031
v -0.0760 1.0433 1.5425
v -0.0749 1.1038 1.5425
v -0.1625 1.1722 1.5728
v -0.1097 1.1854 1.5183
v -0.0568 1.1987 1.5728
v -0.1097 1.1854 1.6273
v -0.0964 1.1326 1.5728
v -0.1229 1.2383 1.5728
v -0.1394 1.1358 1.5728
v -0.1493 1.1755 1.6137
v -0.1593 1.2151 1.5728
v -0.1493 1.1755 1.5319
v -0.0997 1.1458 1.5319
v -0.1196 1.2251 1.5319
v -0.0700 1.1954 1.5319
v -0.0600 1.1557 1.5728
v -0.0799 1.2350 1.5728
v -0.0700 1.1954 1.6137
v -0.0997 1.1458 1.6137
v -0.1196 1.2251 1.6137
v -0.1317 1.1487 1.6031
v -0.1464 1.2074 1.6031
v -0.1317 1.1487 1.5425
v -0.1464 1.2074 1.5425
v -0.0729 1.1634 1.6031
v -0.0877 1.2222 1.6031
v -0.0729 1.1634 1.5425
v -0.0877 1.2222 1.5425
v -0.1586 1.2815 1.5728
v -0.1057 1.2948 1.5183
v -0.0529 1.3081 1.5728
v -0.1057 1.2948 1.6273
v -0.0925 1.2419 1.5728
v -0.1190 1.3477 1.5728
v -0.1355 1.2452 1.5728
v -0.1454 1.2848 1.6137
v -0.1554 1.3245 1.5728
v -0.1454 1.2848 1.5319
v -0.0958 1.2551 1.5319
v -0.1157 1.3344 1.5319
v -0.0661 1.3047 1.5319
v -0.0561 1.2651 1.5728
v -0.0760 1.3444 1.5728
v -0.0661 1.3047 1.6137
v -0.0958 1.2551 1.6137
v -0.1157 1.3344 1.6137
v -0.1278 1.2580 1.6031
v -0.1425 1.3168 1.6031
v -0.1278 1.2580 1.5425
v -0.1425 1.3168 1.5425
v -0.0690 1.2728 1.6031
v -0.0837 1.3315 1.6031
v -0.0690 1.2728 1.5425
v -0.0837 1.3315 1.5425
v -0.2719 1.1702 1.5728
v -0.2190 1.1835 1.5183
v -0.1661 1.1967 1.5728
v -0.2190 1.1835 1.6273
v -0.2057 1.1306 1.5728
v -0.2323 1.2364 1.5728
v -0.2487 1.1339 1.5728
v -0.2587 1.1735 1.6137
v -0.2686 1.2132 1.5728
v -0.2587 1.1735 1.5319
v -0.2091 1.1438 1.5319
v -0.2290 1.2231 1.5319
v -0.1794 1.1934 1.5319
v -0.1694 1.1538 1.5728
v -0.1893 1.2331 1.5728
v -0.1794 1.1934 1.6137
v -0.2091 1.1438 1.6137
v -0.2290 1.2231 1.6137
v -0.2410 1.1467 1.6031
v -0.2558 1.2055 1.6031
v -0.2410 1.1467 1.5425
v -0.2558 1.2055 1.5425
v -0.1823 1.1615 1.6031
v -0.1970 1.2202 1.6031
v -0.1823 1.1615 1.5425
v -0.1970 1.2202 1.5425
v 0.1942 1.1978 1.5698
v 0.2477 1.1874 1.5153
v 0.3012 1.1770 1.5698
v 0.2477 1.1874 1.6243
v 0.2373 1.1339 1.5698
v 0.2581 1.2409 1.5698
v 0.1998 1.1551 1.5698
v 0.2076 1.1952 1.6107
v 0.2154 1.2353 1.5698
v 0.2076 1.1952 1.5289
v 0.2399 1.1473 1.5289
v 0.2555 1.2275 1.5289
v 0.2878 1.1796 1.5289
v 0.2800 1.1394 1.5698
v 0.2956 1.2197 1.5698
v 0.2878 1.1796 1.6107
v 0.2399 1.1473 1.6107
v 0.2555 1.2275 1.6107
v 0.2122 1.1634 1.6001
v 0.2237 1.2229 1.6001
v 0.2122 1.1634 1.5395
v 0.2237 1.2229 1.5395
v 0.2716 1.1519 1.6001
v 0.2832 1.2113 1.6001
v 0.2716 1.1519 1.5395
v 0.2832 1.2113 1.5395
v -0.1596 1.4032 1.5759
v -0.1057 1.4120 1.5214
v -0.0519 1.4207 1.5759
v -0.1057 1.4120 1.6304
v -0.0970 1.3581 1.5759
v -0.1145 1.4658 1.5759
v -0.1396 1.3650 1.5759
v -0.1461 1.4054 1.6168
v -0.1527 1.4458 1.5759
v -0.1461 1.4054 1.5351
v -0.0992 1.3716 1.5351
v -0.1123 1.4523 1.5351
v -0.0654 1.4185 1.5351
v -0.0588 1.3781 1.5759
v -0.0719 1.4589 1.5759
v -0.0654 1.4185 1.6168
v -0.0992 1.3716 1.6168
v -0.1123 1.4523 1.6168
v -0.1308 1.3772 1.6062
v -0.1405 1.4370 1.6062
v -0.1308 1.3772 1.5457
v -0.1405 1.4370 1.5457
v -0.0710 1.3869 1.6062
v -0.0807 1.4467 1.6062
v -0.0710 1.3869 1.5457
v -0.0807 1.4467 1.5457
v -0.1621 0.9637 1.5785
v -0.1077 0.9609 1.5239
v -0.0533 0.9581 1.5785
v -0.1077 0.9609 1.6330
v -0.1105 0.9064 1.5785
v -0.1049 1.0153 1.5785
v -0.1506 0.9221 1.5785
v -0.1485 0.9630 1.6193
v -0.1464 1.0038 1.5785
v -0.1485 0.9630 1.5376
v -0.1098 0.9200 1.5376
v -0.1056 1.0017 1.5376
v -0.0669 0.9588 1.5376
v -0.0690 0.9179 1.5785
v -0.0648 0.9996 1.5785
v -0.0669 0.9588 1.6193
v -0.1098 0.9200 1.6193
v -0.1056 1.0017 1.6193
v -0.1395 0.9322 1.6087
v -0.1364 0.9927 1.6087
v -0.1395 0.9322 1.5482
v -0.1364 0.9927 1.5482
v -0.0790 0.9291 1.6087
v -0.0759 0.9896 1.6087
v -0.0790 0.9291 1.5482
v -0.0759 0.9896 1.5482
v 0.0769 0.9493 1.5785
v 0.1305 0.9589 1.5239
v 0.1842 0.9685 1.5785
v 0.1305 0.9589 1.6330
v 0.1401 0.9053 1.5785
v 0.1209 1.0126 1.5785
v 0.0975 0.9115 1.5785
v 0.0903 0.9517 1.6193
v 0.0831 0.9919 1.5785
v 0.0903 0.9517 1.5376
v 0.1377 0.9187 1.5376
v 0.1233 0.9992 1.5376
v 0.1708 0.9661 1.5376
v 0.1780 0.9259 1.5785
v 0.1636 1.0064 1.5785
v 0.1708 0.9661 1.6193
v 0.1377 0.9187 1.6193
v 0.1233 0.9992 1.6193
v 0.1061 0.9238 1.6087
v 0.0954 0.9834 1.6087
v 0.1061 0.9238 1.5482
v 0.0954 0.9834 1.5482
v 0.1657 0.9344 1.6087
v 0.1550 0.9941 1.6087
v 0.1657 0.9344 1.5482
v 0.1550 0.9941 1.5482
v 0.0730 1.4082 1.5718
v 0.1266 1.4178 1.5173
v 0.1803 1.4274 1.5718
v 0.1266 1.4178 1.6263
v 0.1362 1.3642 1.5718
v 0.1170 1.4715 1.5718
v 0.0936 1.3704 1.5718
v 0.0864 1.4106 1.6127
v 0.0792 1.4508 1.5718
v 0.0864 1.4106 1.5309
v 0.1338 1.3776 1.5309
v 0.1194 1.4581 1.5309
v 0.1669 1.4250 1.5309
v 0.1741 1.3848 1.5718
v 0.1597 1.4653 1.5718
v 0.1669 1.4250 1.6127
v 0.1338 1.3776 1.6127
v 0.1194 1.4581 1.6127
v 0.1022 1.3827 1.6021
v 0.0915 1.4423 1.6021
v 0.1022 1.3827 1.5415
v 0.0915 1.4423 1.5415
v 0.1618 1.3933 1.6021
v 0.1511 1.4530 1.6021
v 0.1618 1.3933 1.5415
v 0.1511 1.4530 1.5415
v 0.1932 1.3001 1.5500
v 0.2477 1.3026 1.4955
v 0.3022 1.3051 1.5500
v 0.2477 1.3026 1.6045
v 0.2502 1.2481 1.5500
v 0.2452 1.3571 1.5500
v 0.2087 1.2599 1.5500
v 0.2069 1.3007 1.5909
v 0.2050 1.3416 1.5500
v 0.2069 1.3007 1.5091
v 0.2496 1.2618 1.5091
v 0.2458 1.3434 1.5091
v 0.2885 1.3045 1.5091
v 0.2904 1.2636 1.5500
v 0.2867 1.3453 1.5500
v 0.2885 1.3045 1.5909
v 0.2496 1.2618 1.5909
v 0.2458 1.3434 1.5909
v 0.2188 1.2710 1.5803
v 0.2161 1.3315 1.5803
v 0.2188 1.2710 1.5197
v 0.2161 1.3315 1.5197
v 0.2793 1.2737 1.5803
v 0.2766 1.3342 1.5803
v 0.2793 1.2737 1.5197
v 0.2766 1.3342 1.5197
v 0.1926 1.0581 1.5865
v 0.2457 1.0702 1.5320
v 0.2989 1.0823 1.5865
v 0.2457 1.0702 1.6410
v 0.2578 1.0171 1.5865
v 0.2337 1.1234 1.5865
v 0.2149 1.0213 1.5865
v 0.2059 1.0612 1.6274
v 0.1968 1.1010 1.5865
v 0.2059 1.0612 1.5456
v 0.2548 1.0304 1.5456
v 0.2367 1.1101 1.5456
v 0.2856 1.0793 1.5456
v 0.2947 1.0394 1.5865
v 0.2765 1.1192 1.5865
v 0.2856 1.0793 1.6274
v 0.2548 1.0304 1.6274
v 0.2367 1.1101 1.6274
v 0.2229 1.0340 1.6168
v 0.2095 1.0930 1.6168
v 0.2229 1.0340 1.5562
v 0.2095 1.0930 1.5562
v 0.2820 1.0474 1.6168
v 0.2686 1.1065 1.6168
v 0.2820 1.0474 1.5562
v 0.2686 1.1065 1.5562
v -0.2716 1.0690 1.5651
v -0.2171 1.0702 1.5106
v -0.1626 1.0715 1.5651
v -0.2171 1.0702 1.6197
v -0.2158 1.0157 1.5651
v -0.2183 1.1247 1.5651
v -0.2570 1.0284 1.5651
v -0.2579 1.0693 1.6060
v -0.2589 1.1102 1.5651
v -0.2579 1.0693 1.5243
v -0.2161 1.0293 1.5243
v -0.2180 1.1111 1.5243
v -0.1762 1.0712 1.5243
v -0.1752 1.0303 1.5651
v -0.1771 1.1120 1.5651
v -0.1762 1.0712 1.6060
v -0.2161 1.0293 1.6060
v -0.2180 1.1111 1.6060
v -0.2466 1.0392 1.5954
v -0.2480 1.0998 1.5954
v -0.2466 1.0392 1.5349
v -0.2480 1.0998 1.5349
v -0.1861 1.0406 1.5954
v -0.1875 1.1012 1.5954
v -0.1861 1.0406 1.5349
v -0.1875 1.1012 1.5349
v -0.2711 1.2879 1.5651
v -0.2171 1.2948 1.5106
v -0.1630 1.3017 1.5651
v -0.2171 1.2948 1.6197
v -0.2101 1.2407 1.5651
v -0.2240 1.3489 1.5651
v -0.2524 1.2490 1.5651
v -0.2576 1.2896 1.6060
v -0.2628 1.3302 1.5651
v -0.2576 1.2896 1.5243
v -0.2119 1.2542 1.5243
v -0.2222 1.3353 1.5243
v -0.1765 1.3000 1.5243
v -0.1713 1.2594 1.5651
v -0.1817 1.3405 1.5651
v -0.1765 1.3000 1.6060
v -0.2119 1.2542 1.6060
v -0.2222 1.3353 1.6060
v -0.2433 1.2609 1.5954
v -0.2509 1.3210 1.5954
v -0.2433 1.2609 1.5349
v -0.2509 1.3210 1.5349
v -0.1832 1.2686 1.5954
v -0.1909 1.3287 1.5954
v -0.1832 1.2686 1.5349
v -0.1909 1.3287 1.5349
v -0.2773 1.4121 1.5651
v -0.2229 1.4080 1.5106
v -0.1685 1.4040 1.5651
v -0.2229 1.4080 1.6197
v -0.2269 1.3537 1.5651
v -0.2189 1.4624 1.5651
v -0.2667 1.3703 1.5651
v -0.2637 1.4111 1.6060
v -0.2607 1.4518 1.5651
v -0.2637 1.4111 1.5243
v -0.2259 1.3673 1.5243
v -0.2199 1.4488 1.5243
v -0.1821 1.4050 1.5243
v -0.1852 1.3642 1.5651
v -0.1791 1.4458 1.5651
v -0.1821 1.4050 1.6060
v -0.2259 1.3673 1.6060
v -0.2199 1.4488 1.6060
v -0.2554 1.3801 1.5954
v -0.2509 1.4405 1.5954
v -0.2554 1.3801 1.5349
v -0.2509 1.4405 1.5349
v -0.1950 1.3756 1.5954
v -0.1905 1.4360 1.5954
v -0.1950 1.3756 1.5349
v -0.1905 1.4360 1.5349
v 0.1848 1.4009 1.5655
v 0.2360 1.4198 1.5110
v 0.2871 1.4386 1.5655
v 0.2360 1.4198 1.6200
v 0.2548 1.3686 1.5655
v 0.2172 1.4709 1.5655
v 0.2117 1.3673 1.5655
v 0.1976 1.4056 1.6064
v 0.1835 1.4440 1.5655
v 0.1976 1.4056 1.5246
v 0.2501 1.3814 1.5246
v 0.2219 1.4581 1.5246
v 0.2743 1.4339 1.5246
v 0.2885 1.3955 1.5655
v 0.2602 1.4723 1.5655
v 0.2743 1.4339 1.6064
v 0.2501 1.3814 1.6064
v 0.2219 1.4581 1.6064
v 0.2180 1.3809 1.5958
v 0.1971 1.4377 1.5958
v 0.2180 1.3809 1.5352
v 0.1971 1.4377 1.5352
v 0.2749 1.4018 1.5958
v 0.2539 1.4586 1.5958
v 0.2749 1.4018 1.5352
v 0.2539 1.4586 1.5352
v 0.1985 0.9459 1.5865
v 0.2496 0.9648 1.5320
v 0.3008 0.9836 1.5865
v 0.2496 0.9648 1.6410
v 0.2685 0.9136 1.5865
v 0.2308 1.0159 1.5865
v 0.2254 0.9123 1.5865
v 0.2113 0.9507 1.6274
v 0.1972 0.9890 1.5865
v 0.2113 0.9507 1.5456
v 0.2638 0.9264 1.5456
v 0.2355 1.0031 1.5456
v 0.2880 0.9789 1.5456
v 0.3021 0.9405 1.5865
v 0.2739 1.0173 1.5865
v 0.2880 0.9789 1.6274
v 0.2638 0.9264 1.6274
v 0.2355 1.0031 1.6274
v 0.2317 0.9259 1.6168
v 0.2108 0.9827 1.6168
v 0.2317 0.9259 1.5562
v 0.2108 0.9827 1.5562
v 0.2885 0.9468 1.6168
v 0.2676 1.0037 1.6168
v 0.2885 0.9468 1.5562
v 0.2676 1.0037 1.5562
v -0.2702 0.9420 1.5651
v -0.2190 0.9609 1.5106
v -0.1678 0.9797 1.5651
v -0.2190 0.9609 1.6197
v -0.2002 0.9097 1.5651
v -0.2378 1.0120 1.5651
v -0.2433 0.9084 1.5651
v -0.2574 0.9467 1.6060
v -0.2715 0.9851 1.5651
v -0.2574 0.9467 1.5243
v -0.2049 0.9225 1.5243
v -0.2331 0.9992 1.5243
v -0.1806 0.9750 1.5243
v -0.1665 0.9366 1.5651
v -0.1948 1.0134 1.5651
v -0.1806 0.9750 1.6060
v -0.2049 0.9225 1.6060
v -0.2331 0.9992 1.6060
v -0.2370 0.9220 1.5954
v -0.2579 0.9788 1.5954
v -0.2370 0.9220 1.5349
v -0.2579 0.9788 1.5349
v -0.1801 0.9429 1.5954
v -0.2010 0.9998 1.5954
v -0.1801 0.9429 1.5349
v -0.2010 0.9998 1.5349
v -0.3932 0.9420 1.5619
v -0.3420 0.9609 1.5074
v -0.2909 0.9797 1.5619
v -0.3420 0.9609 1.6164
v -0.3232 0.9097 1.5619
v -0.3609 1.0120 1.5619
v -0.3663 0.9084 1.5619
v -0.3804 0.9467 1.6028
v -0.3945 0.9851 1.5619
v -0.3804 0.9467 1.5210
v -0.3279 0.9225 1.5210
v -0.3562 0.9992 1.5210
v -0.3037 0.9750 1.5210
v -0.2895 0.9366 1.5619
v -0.3178 1.0134 1.5619
v -0.3037 0.9750 1.6028
v -0.3279 0.9225 1.6028
v -0.3562 0.9992 1.6028
v -0.3600 0.9220 1.5922
v -0.3809 0.9788 1.5922
v -0.3600 0.9220 1.5316
v -0.3809 0.9788 1.5316
v -0.3031 0.9429 1.5922
v -0.3241 0.9998 1.5922
v -0.3031 0.9429 1.5316
v -0.3241 0.9998 1.5316
v -0.3940 1.0664 1.5619
v -0.3401 1.0741 1.5074
v -0.2861 1.0818 1.5619
v -0.3401 1.0741 1.6164
v -0.3324 1.0202 1.5619
v -0.3478 1.1281 1.5619
v -0.3748 1.0279 1.5619
v -0.3806 1.0683 1.6028
v -0.3863 1.1088 1.5619
v -0.3806 1.0683 1.5210
v -0.3343 1.0337 1.5210
v -0.3459 1.1146 1.5210
v -0.2996 1.0799 1.5210
v -0.2938 1.0394 1.5619
v -0.3054 1.1204 1.5619
v -0.2996 1.0799 1.6028
v -0.3343 1.0337 1.6028
v -0.3459 1.1146 1.6028
v -0.3658 1.0399 1.5922
v -0.3743 1.0998 1.5922
v -0.3658 1.0399 1.5316
v -0.3743 1.0998 1.5316
v -0.3058 1.0484 1.5922
v -0.3144 1.1084 1.5922
v -0.3058 1.0484 1.5316
v -0.3144 1.1084 1.5316
v -0.3876 1.1965 1.5619
v -0.3342 1.1854 1.5074
v -0.2808 1.1743 1.5619
v -0.3342 1.1854 1.6164
v -0.3453 1.1321 1.5619
v -0.3231 1.2388 1.5619
v -0.3826 1.1537 1.5619
v -0.3742 1.1938 1.6028
v -0.3659 1.2338 1.5619
v -0.3742 1.1938 1.5210
v -0.3425 1.1454 1.5210
v -0.3259 1.2255 1.5210
v -0.2942 1.1771 1.5210
v -0.3025 1.1371 1.5619
v -0.2859 1.2171 1.5619
v -0.2942 1.1771 1.6028
v -0.3425 1.1454 1.6028
v -0.3259 1.2255 1.6028
v -0.3700 1.1620 1.5922
v -0.3577 1.2213 1.5922
v -0.3700 1.1620 1.5316
v -0.3577 1.2213 1.5316
v -0.3107 1.1496 1.5922
v -0.2984 1.2089 1.5922
v -0.3107 1.1496 1.5316
v -0.2984 1.2089 1.5316
v -0.3904 1.3006 1.5619
v -0.3362 1.2948 1.5074
v -0.2820 1.2890 1.5619
v -0.3362 1.2948 1.6164
v -0.3420 1.2406 1.5619
v -0.3304 1.3490 1.5619
v -0.3812 1.2585 1.5619
v -0.3768 1.2991 1.6028
v -0.3725 1.3398 1.5619
v -0.3768 1.2991 1.5210
v -0.3405 1.2541 1.5210
v -0.3318 1.3354 1.5210
v -0.2955 1.2904 1.5210
v -0.2999 1.2498 1.5619
v -0.2912 1.3311 1.5619
v -0.2955 1.2904 1.6028
v -0.3405 1.2541 1.6028
v -0.3318 1.3354 1.6028
v -0.3695 1.2679 1.5922
v -0.3631 1.3281 1.5922
v -0.3695 1.2679 1.5316
v -0.3631 1.3281 1.5316
v -0.3093 1.2615 1.5922
v -0.3028 1.3217 1.5922
v -0.3093 1.2615 1.5316
v -0.3028 1.3217 1.5316
v -0.3865 1.4178 1.5619
v -0.3323 1.4120 1.5074
v -0.2781 1.4061 1.5619
v -0.3323 1.4120 1.6164
v -0.3381 1.3577 1.5619
v -0.3265 1.4662 1.5619
v -0.3773 1.3756 1.5619
v -0.3729 1.4163 1.6028
v -0.3686 1.4570 1.5619
v -0.3729 1.4163 1.5210
v -0.3366 1.3713 1.5210
v -0.3279 1.4526 1.5210
v -0.2916 1.4076 1.5210
v -0.2960 1.3669 1.5619
v -0.2873 1.4483 1.5619
v -0.2916 1.4076 1.6028
v -0.3366 1.3713 1.6028
v -0.3279 1.4526 1.6028
v -0.3656 1.3851 1.5922
v -0.3592 1.4453 1.5922
v -0.3656 1.3851 1.5316
v -0.3592 1.4453 1.5316
v -0.3054 1.3786 1.5922
v -0.2989 1.4388 1.5922
v -0.3054 1.3786 1.5316
v -0.2989 1.4388 1.5316
v 0.2948 1.4378 1.5454
v 0.3490 1.4320 1.4908
v 0.4032 1.4262 1.5454
v 0.3490 1.4320 1.5999
v 0.3432 1.3778 1.5454
v 0.3548 1.4862 1.5454
v 0.3040 1.3957 1.5454
v 0.3083 1.4363 1.5862
v 0.3127 1.4770 1.5454
v 0.3083 1.4363 1.5045
v 0.3446 1.3913 1.5045
v 0.3533 1.4726 1.5045
v 0.3896 1.4276 1.5045
v 0.3853 1.3870 1.5454
v 0.3940 1.4683 1.5454
v 0.3896 1.4276 1.5862
v 0.3446 1.3913 1.5862
v 0.3533 1.4726 1.5862
v 0.3157 1.4051 1.5756
v 0.3221 1.4653 1.5756
v 0.3157 1.4051 1.5151
v 0.3221 1.4653 1.5151
v 0.3759 1.3987 1.5756
v 0.3823 1.4589 1.5756
v 0.3759 1.3987 1.5151
v 0.3823 1.4589 1.5151
v 0.3018 1.3136 1.5454
v 0.3560 1.3078 1.4908
v 0.4102 1.3020 1.5454
v 0.3560 1.3078 1.5999
v 0.3502 1.2536 1.5454
v 0.3618 1.3620 1.5454
v 0.3110 1.2715 1.5454
v 0.3154 1.3121 1.5862
v 0.3197 1.3528 1.5454
v 0.3154 1.3121 1.5045
v 0.3517 1.2671 1.5045
v 0.3604 1.3484 1.5045
v 0.3967 1.3034 1.5045
v 0.3923 1.2628 1.5454
v 0.4010 1.3441 1.5454
v 0.3967 1.3034 1.5862
v 0.3517 1.2671 1.5862
v 0.3604 1.3484 1.5862
v 0.3227 1.2809 1.5756
v 0.3291 1.3411 1.5756
v 0.3227 1.2809 1.5151
v 0.3291 1.3411 1.5151
v 0.3829 1.2745 1.5756
v 0.3894 1.3347 1.5756
v 0.3829 1.2745 1.5151
v 0.3894 1.3347 1.5151
v 0.3019 1.1843 1.5454
v 0.3560 1.1906 1.4908
v 0.4102 1.1970 1.5454
v 0.3560 1.1906 1.5999
v 0.3624 1.1365 1.5454
v 0.3497 1.2448 1.5454
v 0.3202 1.1453 1.5454
v 0.3154 1.1859 1.5862
v 0.3107 1.2265 1.5454
v 0.3154 1.1859 1.5045
v 0.3608 1.1500 1.5045
v 0.3513 1.2312 1.5045
v 0.3966 1.1954 1.5045
v 0.4014 1.1548 1.5454
v 0.3919 1.2360 1.5454
v 0.3966 1.1954 1.5862
v 0.3608 1.1500 1.5862
v 0.3513 1.2312 1.5862
v 0.3295 1.1570 1.5756
v 0.3224 1.2172 1.5756
v 0.3295 1.1570 1.5151
v 0.3224 1.2172 1.5151
v 0.3896 1.1641 1.5756
v 0.3826 1.2242 1.5756
v 0.3896 1.1641 1.5151
v 0.3826 1.2242 1.5151
v 0.3017 1.0713 1.5408
v 0.3609 1.0655 1.4917
v 0.4103 1.0756 1.5500
v 0.3512 1.0815 1.5991
v 0.3575 1.0196 1.5535
v 0.3546 1.1273 1.5372
v 0.3164 1.0314 1.5480
v 0.3117 1.0779 1.5822
v 0.3142 1.1123 1.5358
v 0.3190 1.0658 1.5016
v 0.3608 1.0271 1.5112
v 0.3586 1.1079 1.4990
v 0.4004 1.0691 1.5085
v 0.3978 1.0347 1.5549
v 0.3956 1.1155 1.5427
v 0.3931 1.0811 1.5891
v 0.3535 1.0391 1.5918
v 0.3513 1.1199 1.5795
v 0.3240 1.0468 1.5772
v 0.3224 1.1066 1.5681
v 0.3294 1.0379 1.5175
v 0.3278 1.0978 1.5084
v 0.3843 1.0492 1.5823
v 0.3827 1.1090 1.5732
v 0.3897 1.0403 1.5226
v 0.3881 1.1002 1.5135
v 0.3030 0.9563 1.5408
v 0.3622 0.9610 1.4917
v 0.4091 0.9797 1.5500
v 0.3498 0.9750 1.5991
v 0.3670 0.9152 1.5535
v 0.3451 1.0208 1.5372
v 0.3245 0.9196 1.5480
v 0.3116 0.9645 1.5822
v 0.3080 0.9988 1.5358
v 0.3209 0.9540 1.5016
v 0.3689 0.9232 1.5112
v 0.3525 1.0023 1.4990
v 0.4005 0.9716 1.5085
v 0.4040 0.9372 1.5549
v 0.3876 1.0164 1.5427
v 0.3911 0.9821 1.5891
v 0.3596 0.9337 1.5918
v 0.3431 1.0129 1.5795
v 0.3292 0.9361 1.5772
v 0.3170 0.9947 1.5681
v 0.3361 0.9283 1.5175
v 0.3239 0.9869 1.5084
v 0.3881 0.9491 1.5823
v 0.3760 1.0078 1.5732
v 0.3950 0.9413 1.5226
v 0.3828 1.0000 1.5135
v -0.5032 1.4034 1.5196
v -0.4498 1.4143 1.4651
v -0.3964 1.4252 1.5196
v -0.4498 1.4143 1.5741
v -0.4389 1.3609 1.5196
v -0.4607 1.4677 1.5196
v -0.4817 1.3660 1.5196
v -0.4899 1.4061 1.5605
v -0.4981 1.4462 1.5196
v -0.4899 1.4061 1.4787
v -0.4416 1.3742 1.4787
v -0.4580 1.4544 1.4787
v -0.4098 1.4225 1.4787
v -0.4016 1.3824 1.5196
v -0.4180 1.4625 1.5196
v -0.4098 1.4225 1.5605
v -0.4416 1.3742 1.5605
v -0.4580 1.4544 1.5605
v -0.4734 1.3786 1.5499
v -0.4856 1.4379 1.5499
v -0.4734 1.3786 1.4893
v -0.4856 1.4379 1.4893
v -0.4141 1.3907 1.5499
v -0.4262 1.4500 1.5499
v -0.4141 1.3907 1.4893
v -0.4262 1.4500 1.4893
v 0.4130 1.4292 1.5027
v 0.4664 1.4401 1.4482
v 0.5198 1.4510 1.5027
v 0.4664 1.4401 1.5572
v 0.4773 1.3867 1.5027
v 0.4555 1.4935 1.5027
v 0.4345 1.3918 1.5027
v 0.4263 1.4319 1.5436
v 0.4182 1.4719 1.5027
v 0.4263 1.4319 1.4618
v 0.4746 1.4000 1.4618
v 0.4582 1.4801 1.4618
v 0.5065 1.4483 1.4618
v 0.5146 1.4082 1.5027
v 0.4983 1.4883 1.5027
v 0.5065 1.4483 1.5436
v 0.4746 1.4000 1.5436
v 0.4582 1.4801 1.5436
v 0.4428 1.4043 1.5330
v 0.4307 1.4637 1.5330
v 0.4428 1.4043 1.4724
v 0.4307 1.4637 1.4724
v 0.5021 1.4165 1.5330
v 0.4900 1.4758 1.5330
v 0.5021 1.4165 1.4724
v 0.4900 1.4758 1.4724
v -0.5110 0.9562 1.5440
v -0.4576 0.9671 1.4895
v -0.4042 0.9780 1.5440
v -0.4576 0.9671 1.5985
v -0.4467 0.9137 1.5440
v -0.4685 1.0205 1.5440
v -0.4895 0.9189 1.5440
v -0.4977 0.9589 1.5849
v -0.5059 0.9990 1.5440
v -0.4977 0.9589 1.5031
v -0.4494 0.9271 1.5031
v -0.4658 1.0072 1.5031
v -0.4176 0.9753 1.5031
v -0.4094 0.9353 1.5440
v -0.4258 1.0154 1.5440
v -0.4176 0.9753 1.5849
v -0.4494 0.9271 1.5849
v -0.4658 1.0072 1.5849
v -0.4812 0.9314 1.5743
v -0.4934 0.9907 1.5743
v -0.4812 0.9314 1.5137
v -0.4934 0.9907 1.5137
v -0.4219 0.9435 1.5743
v -0.4340 1.0029 1.5743
v -0.4219 0.9435 1.5137
v -0.4340 1.0029 1.5137
v 0.4208 0.9644 1.5534
v 0.4742 0.9753 1.4989
v 0.5276 0.9862 1.5534
v 0.4742 0.9753 1.6079
v 0.4851 0.9219 1.5534
v 0.4633 1.0287 1.5534
v 0.4423 0.9271 1.5534
v 0.4342 0.9671 1.5943
v 0.4260 1.0072 1.5534
v 0.4342 0.9671 1.5125
v 0.4824 0.9353 1.5125
v 0.4660 1.0154 1.5125
v 0.5143 0.9835 1.5125
v 0.5225 0.9435 1.5534
v 0.5061 1.0236 1.5534
v 0.5143 0.9835 1.5943
v 0.4824 0.9353 1.5943
v 0.4660 1.0154 1.5943
v 0.4506 0.9396 1.5837
v 0.4385 0.9989 1.5837
v 0.4506 0.9396 1.5231
v 0.4385 0.9989 1.5231
v 0.5100 0.9517 1.5837
v 0.4978 1.0111 1.5837
v 0.5100 0.9517 1.5231
v 0.4978 1.0111 1.5231
v 0.4190 1.3112 1.5200
v 0.4732 1.3176 1.4655
v 0.5273 1.3239 1.5200
v 0.4732 1.3176 1.5745
v 0.4795 1.2634 1.5200
v 0.4668 1.3717 1.5200
v 0.4373 1.2722 1.5200
v 0.4326 1.3128 1.5609
v 0.4278 1.3534 1.5200
v 0.4326 1.3128 1.4791
v 0.4779 1.2770 1.4791
v 0.4684 1.3582 1.4791
v 0.5138 1.3223 1.4791
v 0.5185 1.2817 1.5200
v 0.5090 1.3629 1.5200
v 0.5138 1.3223 1.5609
v 0.4779 1.2770 1.5609
v 0.4684 1.3582 1.5609
v 0.4466 1.2840 1.5503
v 0.4396 1.3441 1.5503
v 0.4466 1.2840 1.4897
v 0.4396 1.3441 1.4897
v 0.5068 1.2910 1.5503
v 0.4997 1.3512 1.5503
v 0.5068 1.2910 1.4897
v 0.4997 1.3512 1.4897
v 0.4267 1.0698 1.5369
v 0.4790 1.0852 1.4824
v 0.5313 1.1005 1.5369
v 0.4790 1.0852 1.5914
v 0.4944 1.0329 1.5369
v 0.4637 1.1375 1.5369
v 0.4513 1.0344 1.5369
v 0.4398 1.0737 1.5778
v 0.4283 1.1129 1.5369
v 0.4398 1.0737 1.4960
v 0.4906 1.0460 1.4960
v 0.4675 1.1244 1.4960
v 0.5183 1.0967 1.4960
v 0.5298 1.0575 1.5369
v 0.5067 1.1359 1.5369
v 0.5183 1.0967 1.5778
v 0.4906 1.0460 1.5778
v 0.4675 1.1244 1.5778
v 0.4585 1.0476 1.5672
v 0.4415 1.1057 1.5672
v 0.4585 1.0476 1.5066
v 0.4415 1.1057 1.5066
v 0.5166 1.0647 1.5672
v 0.4996 1.1228 1.5672
v 0.5166 1.0647 1.5066
v 0.4996 1.1228 1.5066
v 0.4209 1.1831 1.5369
v 0.4732 1.1984 1.4824
v 0.5255 1.2138 1.5369
v 0.4732 1.1984 1.5914
v 0.4885 1.1461 1.5369
v 0.4578 1.2507 1.5369
v 0.4455 1.1477 1.5369
v 0.4340 1.1869 1.5778
v 0.4224 1.2262 1.5369
v 0.4340 1.1869 1.4960
v 0.4847 1.1592 1.4960
v 0.4617 1.2377 1.4960
v 0.5124 1.2100 1.4960
v 0.5239 1.1707 1.5369
v 0.5009 1.2492 1.5369
v 0.5124 1.2100 1.5778
v 0.4847 1.1592 1.5778
v 0.4617 1.2377 1.5778
v 0.4527 1.1609 1.5672
v 0.4356 1.2190 1.5672
v 0.4527 1.1609 1.5066
v 0.4356 1.2190 1.5066
v 0.5108 1.1779 1.5672
v 0.4937 1.2360 1.5672
v 0.5108 1.1779 1.5066
v 0.4937 1.2360 1.5066
v -0.4991 1.2008 1.5369
v -0.4446 1.1984 1.4824
v -0.3901 1.1961 1.5369
v -0.4446 1.1984 1.5914
v -0.4470 1.1440 1.5369
v -0.4422 1.2529 1.5369
v -0.4872 1.1594 1.5369
v -0.4854 1.2002 1.5778
v -0.4837 1.2411 1.5369
v -0.4854 1.2002 1.4960
v -0.4464 1.1576 1.4960
v -0.4428 1.2393 1.4960
v -0.4038 1.1967 1.4960
v -0.4055 1.1558 1.5369
v -0.4020 1.2375 1.5369
v -0.4038 1.1967 1.5778
v -0.4464 1.1576 1.5778
v -0.4428 1.2393 1.5778
v -0.4762 1.1695 1.5672
v -0.4735 1.2300 1.5672
v -0.4762 1.1695 1.5066
v -0.4735 1.2300 1.5066
v -0.4157 1.1669 1.5672
v -0.4130 1.2274 1.5672
v -0.4157 1.1669 1.5066
v -0.4130 1.2274 1.5066
v -0.5147 1.0856 1.5418
v -0.4602 1.0832 1.4873
v -0.4058 1.0809 1.5418
v -0.4602 1.0832 1.5963
v -0.4626 1.0288 1.5418
v -0.4579 1.1377 1.5418
v -0.5028 1.0442 1.5418
v -0.5011 1.0850 1.5827
v -0.4993 1.1259 1.5418
v -0.5011 1.0850 1.5009
v -0.4620 1.0424 1.5009
v -0.4584 1.1241 1.5009
v -0.4194 1.0815 1.5009
v -0.4212 1.0406 1.5418
v -0.4176 1.1223 1.5418
v -0.4194 1.0815 1.5827
v -0.4620 1.0424 1.5827
v -0.4584 1.1241 1.5827
v -0.4918 1.0543 1.5721
v -0.4892 1.1148 1.5721
v -0.4918 1.0543 1.5115
v -0.4892 1.1148 1.5115
v -0.4313 1.0517 1.5721
v -0.4287 1.1122 1.5721
v -0.4313 1.0517 1.5115
v -0.4287 1.1122 1.5115
v -0.5004 1.2974 1.5418
v -0.4466 1.3058 1.4873
v -0.3927 1.3143 1.5418
v -0.4466 1.3058 1.5963
v -0.4381 1.2520 1.5418
v -0.4550 1.3597 1.5418
v -0.4806 1.2591 1.5418
v -0.4869 1.2995 1.5827
v -0.4933 1.3399 1.5418
v -0.4869 1.2995 1.5009
v -0.4402 1.2655 1.5009
v -0.4529 1.3462 1.5009
v -0.4062 1.3122 1.5009
v -0.3998 1.2718 1.5418
v -0.4125 1.3526 1.5418
v -0.4062 1.3122 1.5827
v -0.4402 1.2655 1.5827
v -0.4529 1.3462 1.5827
v -0.4718 1.2712 1.5721
v -0.4812 1.3310 1.5721
v -0.4718 1.2712 1.5115
v -0.4812 1.3310 1.5115
v -0.4119 1.2806 1.5721
v -0.4214 1.3405 1.5721
v -0.4119 1.2806 1.5115
v -0.4214 1.3405 1.5115
v -0.6213 1.2954 1.4854
v -0.5679 1.3063 1.4309
v -0.5145 1.3172 1.4854
v -0.5679 1.3063 1.5399
v -0.5570 1.2529 1.4854
v -0.5788 1.3597 1.4854
v -0.5998 1.2581 1.4854
v -0.6080 1.2981 1.5263
v -0.6162 1.3382 1.4854
v -0.6080 1.2981 1.4445
v -0.5597 1.2663 1.4445
v -0.5761 1.3464 1.4445
v -0.5279 1.3145 1.4445
v -0.5197 1.2744 1.4854
v -0.5361 1.3546 1.4854
v -0.5279 1.3145 1.5263
v -0.5597 1.2663 1.5263
v -0.5761 1.3464 1.5263
v -0.5915 1.2706 1.5157
v -0.6037 1.3299 1.5157
v -0.5915 1.2706 1.4551
v -0.6037 1.3299 1.4551
v -0.5322 1.2827 1.5157
v -0.5443 1.3421 1.5157
v -0.5322 1.2827 1.4551
v -0.5443 1.3421 1.4551
v -0.6382 1.0727 1.4984
v -0.5848 1.0836 1.4439
v -0.5314 1.0945 1.4984
v -0.5848 1.0836 1.5529
v -0.5739 1.0302 1.4984
v -0.5957 1.1370 1.4984
v -0.6167 1.0354 1.4984
v -0.6249 1.0754 1.5393
v -0.6330 1.1155 1.4984
v -0.6249 1.0754 1.4575
v -0.5766 1.0436 1.4575
v -0.5930 1.1237 1.4575
v -0.5447 1.0918 1.4575
v -0.5365 1.0517 1.4984
v -0.5529 1.1319 1.4984
v -0.5447 1.0918 1.5393
v -0.5766 1.0436 1.5393
v -0.5930 1.1237 1.5393
v -0.6084 1.0479 1.5287
v -0.6205 1.1072 1.5287
v -0.6084 1.0479 1.4681
v -0.6205 1.1072 1.4681
v -0.5491 1.0600 1.5287
v -0.5612 1.1193 1.5287
v -0.5491 1.0600 1.4681
v -0.5612 1.1193 1.4681
v 0.5487 1.0889 1.4984
v 0.6030 1.0836 1.4439
v 0.6572 1.0783 1.4984
v 0.6030 1.0836 1.5529
v 0.5976 1.0294 1.4984
v 0.6083 1.1379 1.4984
v 0.5583 1.0469 1.4984
v 0.5623 1.0876 1.5393
v 0.5663 1.1283 1.4984
v 0.5623 1.0876 1.4575
v 0.5990 1.0429 1.4575
v 0.6070 1.1243 1.4575
v 0.6437 1.0796 1.4575
v 0.6397 1.0389 1.4984
v 0.6477 1.1203 1.4984
v 0.6437 1.0796 1.5393
v 0.5990 1.0429 1.5393
v 0.6070 1.1243 1.5393
v 0.5699 1.0564 1.5287
v 0.5758 1.1167 1.5287
v 0.5699 1.0564 1.4681
v 0.5758 1.1167 1.4681
v 0.6301 1.0505 1.5287
v 0.6361 1.1108 1.5287
v 0.6301 1.0505 1.4681
v 0.6361 1.1108 1.4681
v 0.5384 1.3205 1.4843
v 0.5928 1.3232 1.4298
v 0.6473 1.3259 1.4843
v 0.5928 1.3232 1.5389
v 0.5955 1.2687 1.4843
v 0.5901 1.3776 1.4843
v 0.5540 1.2803 1.4843
v 0.5520 1.3212 1.5252
v 0.5500 1.3620 1.4843
v 0.5520 1.3212 1.4435
v 0.5949 1.2824 1.4435
v 0.5908 1.3640 1.4435
v 0.6337 1.3252 1.4435
v 0.6357 1.2844 1.4843
v 0.6317 1.3660 1.4843
v 0.6337 1.3252 1.5252
v 0.5949 1.2824 1.5252
v 0.5908 1.3640 1.5252
v 0.5641 1.2914 1.5146
v 0.5611 1.3519 1.5146
v 0.5641 1.2914 1.4541
v 0.5611 1.3519 1.4541
v 0.6246 1.2944 1.5146
v 0.6216 1.3549 1.5146
v 0.6246 1.2944 1.4541
v 0.6216 1.3549 1.4541
v -0.6159 1.4178 1.4690
v -0.5617 1.4120 1.4145
v -0.5075 1.4061 1.4690
v -0.5617 1.4120 1.5235
v -0.5675 1.3577 1.4690
v -0.5559 1.4662 1.4690
v -0.6067 1.3756 1.4690
v -0.6024 1.4163 1.5099
v -0.5980 1.4570 1.4690
v -0.6024 1.4163 1.4281
v -0.5661 1.3713 1.4281
v -0.5574 1.4526 1.4281
v -0.5211 1.4076 1.4281
v -0.5254 1.3669 1.4690
v -0.5167 1.4483 1.4690
v -0.5211 1.4076 1.5099
v -0.5661 1.3713 1.5099
v -0.5574 1.4526 1.5099
v -0.5951 1.3851 1.4993
v -0.5886 1.4453 1.4993
v -0.5951 1.3851 1.4387
v -0.5886 1.4453 1.4387
v -0.5348 1.3786 1.4993
v -0.5284 1.4388 1.4993
v -0.5348 1.3786 1.4387
v -0.5284 1.4388 1.4387
v -0.6125 1.1984 1.4804
v -0.5583 1.1926 1.4259
v -0.5041 1.1868 1.4804
v -0.5583 1.1926 1.5349
v -0.5641 1.1384 1.4804
v -0.5525 1.2468 1.4804
v -0.6033 1.1563 1.4804
v -0.5990 1.1970 1.5213
v -0.5946 1.2376 1.4804
v -0.5990 1.1970 1.4395
v -0.5627 1.1520 1.4395
v -0.5540 1.2333 1.4395
v -0.5177 1.1883 1.4395
v -0.5220 1.1476 1.4804
v -0.5133 1.2289 1.4804
v -0.5177 1.1883 1.5213
v -0.5627 1.1520 1.5213
v -0.5540 1.2333 1.5213
v -0.5917 1.1657 1.5107
v -0.5852 1.2260 1.5107
v -0.5917 1.1657 1.4501
v -0.5852 1.2260 1.4501
v -0.5315 1.1593 1.5107
v -0.5250 1.2195 1.5107
v -0.5315 1.1593 1.4501
v -0.5250 1.2195 1.4501
v -0.6260 0.9825 1.4935
v -0.5718 0.9767 1.4390
v -0.5176 0.9709 1.4935
v -0.5718 0.9767 1.5480
v -0.5776 0.9225 1.4935
v -0.5660 1.0309 1.4935
v -0.6168 0.9404 1.4935
v -0.6125 0.9810 1.5343
v -0.6081 1.0217 1.4935
v -0.6125 0.9810 1.4526
v -0.5762 0.9360 1.4526
v -0.5675 1.0173 1.4526
v -0.5312 0.9723 1.4526
v -0.5355 0.9317 1.4935
v -0.5268 1.0130 1.4935
v -0.5312 0.9723 1.5343
v -0.5762 0.9360 1.5343
v -0.5675 1.0173 1.5343
v -0.6052 0.9498 1.5237
v -0.5987 1.0100 1.5237
v -0.6052 0.9498 1.4632
v -0.5987 1.0100 1.4632
v -0.5450 0.9433 1.5237
v -0.5385 1.0036 1.5237
v -0.5450 0.9433 1.4632
v -0.5385 1.0036 1.4632
v 0.5415 0.9825 1.5104
v 0.5957 0.9767 1.4558
v 0.6499 0.9709 1.5104
v 0.5957 0.9767 1.5649
v 0.5899 0.9225 1.5104
v 0.6015 1.0309 1.5104
v 0.5507 0.9404 1.5104
v 0.5550 0.9810 1.5512
v 0.5594 1.0217 1.5104
v 0.5550 0.9810 1.4695
v 0.5913 0.9360 1.4695
v 0.6000 1.0173 1.4695
v 0.6363 0.9723 1.4695
v 0.6320 0.9317 1.5104
v 0.6407 1.0130 1.5104
v 0.6363 0.9723 1.5512
v 0.5913 0.9360 1.5512
v 0.6000 1.0173 1.5512
v 0.5623 0.9498 1.5406
v 0.5688 1.0100 1.5406
v 0.5623 0.9498 1.4801
v 0.5688 1.0100 1.4801
v 0.6226 0.9433 1.5406
v 0.6290 1.0036 1.5406
v 0.6226 0.9433 1.4801
v 0.6290 1.0036 1.4801
v 0.5415 1.2052 1.4878
v 0.5957 1.1994 1.4333
v 0.6499 1.1936 1.4878
v 0.5957 1.1994 1.5423
v 0.5899 1.1452 1.4878
v 0.6015 1.2536 1.4878
v 0.5507 1.1631 1.4878
v 0.5550 1.2037 1.5287
v 0.5594 1.2444 1.4878
v 0.5550 1.2037 1.4469
v 0.5913 1.1587 1.4469
v 0.6000 1.2400 1.4469
v 0.6363 1.1950 1.4469
v 0.6320 1.1544 1.4878
v 0.6407 1.2357 1.4878
v 0.6363 1.1950 1.5287
v 0.5913 1.1587 1.5287
v 0.6000 1.2400 1.5287
v 0.5623 1.1725 1.5181
v 0.5688 1.2327 1.5181
v 0.5623 1.1725 1.4575
v 0.5688 1.2327 1.4575
v 0.6226 1.1660 1.5181
v 0.6290 1.2263 1.5181
v 0.6226 1.1660 1.4575
v 0.6290 1.2263 1.4575
v 0.5255 1.4307 1.4709
v 0.5788 1.4423 1.4164
v 0.6321 1.4539 1.4709
v 0.5788 1.4423 1.5255
v 0.5904 1.3891 1.4709
v 0.5672 1.4956 1.4709
v 0.5475 1.3937 1.4709
v 0.5389 1.4336 1.5118
v 0.5302 1.4736 1.4709
v 0.5389 1.4336 1.4301
v 0.5875 1.4024 1.4301
v 0.5701 1.4823 1.4301
v 0.6188 1.4510 1.4301
v 0.6274 1.4111 1.4709
v 0.6101 1.4910 1.4709
v 0.6188 1.4510 1.5118
v 0.5875 1.4024 1.5118
v 0.5701 1.4823 1.5118
v 0.5556 1.4063 1.5012
v 0.5428 1.4655 1.5012
v 0.5556 1.4063 1.4407
v 0.5428 1.4655 1.4407
v 0.6148 1.4192 1.5012
v 0.6020 1.4784 1.5012
v 0.6148 1.4192 1.4407
v 0.6020 1.4784 1.4407
v 0.6367 1.4453 1.3978
v 0.6900 1.4569 1.3432
v 0.7432 1.4685 1.3978
v 0.6900 1.4569 1.4523
v 0.7016 1.4036 1.3978
v 0.6784 1.5102 1.3978
v 0.6587 1.4083 1.3978
v 0.6500 1.4482 1.4386
v 0.6413 1.4882 1.3978
v 0.6500 1.4482 1.3569
v 0.6987 1.4170 1.3569
v 0.6813 1.4969 1.3569
v 0.7299 1.4656 1.3569
v 0.7386 1.4257 1.3978
v 0.7212 1.5056 1.3978
v 0.7299 1.4656 1.4386
v 0.6987 1.4170 1.4386
v 0.6813 1.4969 1.4386
v 0.6668 1.4209 1.4280
v 0.6539 1.4801 1.4280
v 0.6668 1.4209 1.3675
v 0.6539 1.4801 1.3675
v 0.7260 1.4338 1.4280
v 0.7131 1.4929 1.4280
v 0.7260 1.4338 1.3675
v 0.7131 1.4929 1.3675
v 0.6491 1.3425 1.4062
v 0.7035 1.3388 1.3517
v 0.7579 1.3351 1.4062
v 0.7035 1.3388 1.4607
v 0.6998 1.2844 1.4062
v 0.7071 1.3932 1.4062
v 0.6599 1.3008 1.4062
v 0.6627 1.3416 1.4471
v 0.6654 1.3824 1.4062
v 0.6627 1.3416 1.3653
v 0.7007 1.2980 1.3653
v 0.7062 1.3796 1.3653
v 0.7443 1.3361 1.3653
v 0.7415 1.2953 1.4062
v 0.7470 1.3768 1.4062
v 0.7443 1.3361 1.4471
v 0.7007 1.2980 1.4471
v 0.7062 1.3796 1.4471
v 0.6712 1.3106 1.4365
v 0.6753 1.3711 1.4365
v 0.6712 1.3106 1.3759
v 0.6753 1.3711 1.3759
v 0.7316 1.3065 1.4365
v 0.7357 1.3670 1.4365
v 0.7316 1.3065 1.3759
v 0.7357 1.3670 1.3759
v 0.6548 1.0831 1.4315
v 0.7068 1.0992 1.3770
v 0.7589 1.1153 1.4315
v 0.7068 1.0992 1.4860
v 0.7229 1.0472 1.4315
v 0.6907 1.1513 1.4315
v 0.6799 1.0481 1.4315
v 0.6678 1.0872 1.4724
v 0.6557 1.1262 1.4315
v 0.6678 1.0872 1.3906
v 0.7189 1.0602 1.3906
v 0.6948 1.1383 1.3906
v 0.7459 1.1113 1.3906
v 0.7580 1.0723 1.4315
v 0.7338 1.1504 1.4315
v 0.7459 1.1113 1.4724
v 0.7189 1.0602 1.4724
v 0.6948 1.1383 1.4724
v 0.6869 1.0614 1.4618
v 0.6690 1.1192 1.4618
v 0.6869 1.0614 1.4012
v 0.6690 1.1192 1.4012
v 0.7447 1.0792 1.4618
v 0.7268 1.1371 1.4618
v 0.7447 1.0792 1.4012
v 0.7268 1.1371 1.4012
v 0.6712 0.9757 1.4343
v 0.7232 0.9918 1.3798
v 0.7753 1.0079 1.4343
v 0.7232 0.9918 1.4889
v 0.7394 0.9398 1.4343
v 0.7071 1.0439 1.4343
v 0.6963 0.9407 1.4343
v 0.6842 0.9797 1.4752
v 0.6721 1.0188 1.4343
v 0.6842 0.9797 1.3935
v 0.7353 0.9528 1.3935
v 0.7112 1.0309 1.3935
v 0.7623 1.0039 1.3935
v 0.7744 0.9649 1.4343
v 0.7502 1.0430 1.4343
v 0.7623 1.0039 1.4752
v 0.7353 0.9528 1.4752
v 0.7112 1.0309 1.4752
v 0.7033 0.9539 1.4646
v 0.6854 1.0118 1.4646
v 0.7033 0.9539 1.4041
v 0.6854 1.0118 1.4041
v 0.7611 0.9718 1.4646
v 0.7432 1.0297 1.4646
v 0.7611 0.9718 1.4041
v 0.7432 1.0297 1.4041
v 0.6601 1.2307 1.4083
v 0.7143 1.2253 1.3538
v 0.7686 1.2200 1.4083
v 0.7143 1.2253 1.4628
v 0.7090 1.1711 1.4083
v 0.7197 1.2796 1.4083
v 0.6696 1.1886 1.4083
v 0.6736 1.2293 1.4492
v 0.6776 1.2700 1.4083
v 0.6736 1.2293 1.3674
v 0.7103 1.1846 1.3674
v 0.7183 1.2660 1.3674
v 0.7550 1.2213 1.3674
v 0.7510 1.1806 1.4083
v 0.7590 1.2620 1.4083
v 0.7550 1.2213 1.4492
v 0.7103 1.1846 1.4492
v 0.7183 1.2660 1.4492
v 0.6812 1.1982 1.4386
v 0.6871 1.2584 1.4386
v 0.6812 1.1982 1.3780
v 0.6871 1.2584 1.3780
v 0.7415 1.1922 1.4386
v 0.7474 1.2525 1.4386
v 0.7415 1.1922 1.3780
v 0.7474 1.2525 1.3780
v -0.7212 1.4123 1.3953
v -0.6677 1.4185 1.3402
v -0.6139 1.4313 1.3939
v -0.6674 1.4252 1.4490
v -0.6581 1.3683 1.3979
v -0.6771 1.4754 1.3913
v -0.7007 1.3745 1.3976
v -0.7077 1.4172 1.4359
v -0.7150 1.4549 1.3927
v -0.7079 1.4122 1.3543
v -0.6605 1.3791 1.3563
v -0.6748 1.4595 1.3513
v -0.6274 1.4264 1.3533
v -0.6202 1.3888 1.3965
v -0.6344 1.4691 1.3916
v -0.6272 1.4315 1.4349
v -0.6603 1.3842 1.4379
v -0.6746 1.4645 1.4329
v -0.6920 1.3887 1.4270
v -0.7026 1.4482 1.4234
v -0.6922 1.3849 1.3666
v -0.7027 1.4445 1.3629
v -0.6324 1.3992 1.4263
v -0.6430 1.4587 1.4226
v -0.6325 1.3955 1.3658
v -0.6431 1.4550 1.3621
v -0.7297 1.3166 1.4101
v -0.6756 1.3074 1.3559
v -0.6213 1.3050 1.4105
v -0.6754 1.3141 1.4647
v -0.6813 1.2567 1.4137
v -0.6697 1.3649 1.4070
v -0.7205 1.2745 1.4127
v -0.7161 1.3176 1.4509
v -0.7118 1.3557 1.4076
v -0.7163 1.3126 1.3693
v -0.6800 1.2677 1.3720
v -0.6713 1.3488 1.3670
v -0.6350 1.3039 1.3697
v -0.6392 1.2659 1.4130
v -0.6305 1.3470 1.4080
v -0.6348 1.3090 1.4513
v -0.6798 1.2727 1.4536
v -0.6711 1.3539 1.4486
v -0.7088 1.2858 1.4423
v -0.7023 1.3459 1.4385
v -0.7089 1.2821 1.3818
v -0.7025 1.3422 1.3781
v -0.6485 1.2794 1.4425
v -0.6421 1.3395 1.4388
v -0.6487 1.2756 1.3821
v -0.6423 1.3358 1.3783
v -0.7341 1.0592 1.4514
v -0.6815 1.0699 1.3960
v -0.6287 1.0873 1.4494
v -0.6813 1.0766 1.5048
v -0.6673 1.0207 1.4536
v -0.6955 1.1258 1.4472
v -0.7103 1.0233 1.4535
v -0.7208 1.0653 1.4919
v -0.7314 1.1022 1.4487
v -0.7210 1.0602 1.4103
v -0.6709 1.0313 1.4120
v -0.6920 1.1102 1.4071
v -0.6420 1.0813 1.4088
v -0.6313 1.0444 1.4520
v -0.6524 1.1232 1.4472
v -0.6418 1.0863 1.4904
v -0.6707 1.0364 1.4936
v -0.6918 1.1152 1.4888
v -0.7028 1.0381 1.4829
v -0.7184 1.0965 1.4794
v -0.7029 1.0344 1.4225
v -0.7185 1.0928 1.4189
v -0.6442 1.0537 1.4818
v -0.6599 1.1121 1.4783
v -0.6444 1.0500 1.4214
v -0.6600 1.1084 1.4178
v -0.7382 0.9532 1.4748
v -0.6857 0.9638 1.4194
v -0.6329 0.9812 1.4728
v -0.6854 0.9706 1.5283
v -0.6714 0.9146 1.4771
v -0.6996 1.0198 1.4706
v -0.7145 0.9172 1.4770
v -0.7249 0.9592 1.5154
v -0.7356 0.9961 1.4722
v -0.7251 0.9541 1.4338
v -0.6751 0.9253 1.4354
v -0.6962 1.0041 1.4306
v -0.6461 0.9752 1.4323
v -0.6355 0.9383 1.4755
v -0.6566 1.0172 1.4707
v -0.6459 0.9802 1.5139
v -0.6749 0.9303 1.5171
v -0.6960 1.0091 1.5122
v -0.7069 0.9321 1.5064
v -0.7225 0.9905 1.5028
v -0.7070 0.9283 1.4459
v -0.7227 0.9867 1.4424
v -0.6484 0.9477 1.5053
v -0.6640 1.0061 1.5017
v -0.6485 0.9439 1.4448
v -0.6642 1.0023 1.4413
v -0.7231 1.2047 1.4191
v -0.6692 1.1940 1.3650
v -0.6151 1.1899 1.4198
v -0.6689 1.2007 1.4738
v -0.6765 1.1434 1.4228
v -0.6616 1.2512 1.4161
v -0.7152 1.1625 1.4217
v -0.7095 1.2054 1.4600
v -0.7040 1.2433 1.4167
v -0.7097 1.2004 1.3784
v -0.6747 1.1544 1.3811
v -0.6636 1.2352 1.3761
v -0.6287 1.1892 1.3789
v -0.6341 1.1513 1.4222
v -0.6230 1.2322 1.4172
v -0.6285 1.1943 1.4605
v -0.6746 1.1594 1.4627
v -0.6634 1.2403 1.4577
v -0.7031 1.1734 1.4513
v -0.6949 1.2333 1.4476
v -0.7033 1.1696 1.3909
v -0.6950 1.2295 1.3872
v -0.6431 1.1651 1.4517
v -0.6349 1.2250 1.4480
v -0.6433 1.1614 1.3912
v -0.6350 1.2213 1.3875
v -0.8307 1.4385 1.3551
v -0.7772 1.4235 1.3017
v -0.7230 1.4218 1.3565
v -0.7765 1.4369 1.4099
v -0.7852 1.3767 1.3624
v -0.7685 1.4837 1.3491
v -0.8235 1.3964 1.3602
v -0.8170 1.4415 1.3958
v -0.8110 1.4766 1.3503
v -0.8175 1.4315 1.3147
v -0.7834 1.3851 1.3202
v -0.7708 1.4653 1.3102
v -0.7367 1.4189 1.3157
v -0.7427 1.3838 1.3613
v -0.7302 1.4640 1.3513
v -0.7362 1.4289 1.3969
v -0.7829 1.3951 1.4013
v -0.7703 1.4753 1.3914
v -0.8112 1.4088 1.3891
v -0.8019 1.4682 1.3818
v -0.8116 1.4014 1.3290
v -0.8023 1.4608 1.3216
v -0.7514 1.3996 1.3899
v -0.7421 1.4590 1.3825
v -0.7518 1.3922 1.3298
v -0.7425 1.4516 1.3224
v -0.8296 1.3151 1.3703
v -0.7761 1.3001 1.3169
v -0.7219 1.2984 1.3717
v -0.7754 1.3134 1.4251
v -0.7841 1.2533 1.3776
v -0.7674 1.3602 1.3644
v -0.8224 1.2729 1.3755
v -0.8159 1.3180 1.4110
v -0.8099 1.3531 1.3655
v -0.8164 1.3080 1.3299
v -0.7823 1.2616 1.3354
v -0.7697 1.3418 1.3254
v -0.7356 1.2955 1.3310
v -0.7416 1.2604 1.3765
v -0.7291 1.3406 1.3666
v -0.7351 1.3055 1.4121
v -0.7818 1.2717 1.4166
v -0.7692 1.3518 1.4066
v -0.8101 1.2854 1.4044
v -0.8008 1.3448 1.3970
v -0.8105 1.2780 1.3442
v -0.8012 1.3374 1.3369
v -0.7503 1.2761 1.4051
v -0.7410 1.3355 1.3978
v -0.7506 1.2687 1.3450
v -0.7413 1.3281 1.3377
v -0.8357 1.1869 1.3861
v -0.7816 1.1839 1.3313
v -0.7269 1.1943 1.3846
v -0.7810 1.1973 1.4395
v -0.7776 1.1366 1.3920
v -0.7851 1.2446 1.3787
v -0.8193 1.1474 1.3909
v -0.8219 1.1928 1.4265
v -0.8249 1.2283 1.3810
v -0.8223 1.1828 1.3454
v -0.7787 1.1451 1.3498
v -0.7844 1.2261 1.3398
v -0.7408 1.1884 1.3442
v -0.7377 1.1529 1.3898
v -0.7433 1.2338 1.3798
v -0.7403 1.1984 1.4254
v -0.7783 1.1551 1.4309
v -0.7839 1.2361 1.4210
v -0.8093 1.1623 1.4195
v -0.8134 1.2222 1.4122
v -0.8096 1.1549 1.3594
v -0.8138 1.2148 1.3521
v -0.7488 1.1664 1.4187
v -0.7530 1.2263 1.4113
v -0.7492 1.1590 1.3586
v -0.7534 1.2189 1.3512
v -0.8412 1.0744 1.3954
v -0.7827 1.0597 1.3474
v -0.7325 1.0746 1.4040
v -0.7910 1.0892 1.4520
v -0.7879 1.0220 1.4144
v -0.7858 1.1269 1.3850
v -0.8284 1.0350 1.4075
v -0.8308 1.0854 1.4357
v -0.8268 1.1137 1.3855
v -0.8245 1.0633 1.3573
v -0.7846 1.0240 1.3715
v -0.7830 1.1028 1.3495
v -0.7430 1.0635 1.3637
v -0.7469 1.0352 1.4140
v -0.7453 1.1139 1.3919
v -0.7492 1.0856 1.4422
v -0.7908 1.0461 1.4500
v -0.7892 1.1249 1.4279
v -0.8200 1.0534 1.4346
v -0.8188 1.1117 1.4182
v -0.8153 1.0371 1.3764
v -0.8142 1.0954 1.3601
v -0.7596 1.0535 1.4393
v -0.7584 1.1119 1.4230
v -0.7550 1.0372 1.3812
v -0.7538 1.0955 1.3649
v -0.8455 0.9603 1.4095
v -0.7863 0.9561 1.3602
v -0.7383 0.9796 1.4158
v -0.7974 0.9837 1.4651
v -0.7834 0.9181 1.4272
v -0.8004 1.0218 1.3981
v -0.8257 0.9238 1.4212
v -0.8362 0.9731 1.4496
v -0.8384 1.0016 1.3994
v -0.8279 0.9523 1.3710
v -0.7814 0.9207 1.3842
v -0.7941 0.9984 1.3624
v -0.7476 0.9668 1.3757
v -0.7454 0.9383 1.4259
v -0.7581 1.0160 1.4041
v -0.7559 0.9875 1.4543
v -0.7897 0.9414 1.4629
v -0.8024 1.0192 1.4410
v -0.8200 0.9434 1.4481
v -0.8294 1.0010 1.4319
v -0.8139 0.9281 1.3899
v -0.8233 0.9857 1.3737
v -0.7605 0.9542 1.4516
v -0.7699 1.0118 1.4354
v -0.7543 0.9388 1.3933
v -0.7638 0.9964 1.3772
v 0.7951 0.9892 1.4010
v 0.8444 1.0088 1.3451
v 0.8937 1.0356 1.3979
v 0.8444 1.0160 1.4539
v 0.8676 0.9632 1.4027
v 0.8212 1.0616 1.3962
v 0.8248 0.9581 1.4031
v 0.8074 0.9977 1.4414
v 0.7900 1.0319 1.3982
v 0.8074 0.9923 1.3598
v 0.8618 0.9728 1.3611
v 0.8270 1.0466 1.3562
v 0.8814 1.0271 1.3575
v 0.8988 0.9929 1.4008
v 0.8640 1.0667 1.3958
v 0.8814 1.0325 1.4391
v 0.8618 0.9782 1.4427
v 0.8270 1.0520 1.4378
v 0.8299 0.9742 1.4324
v 0.8041 1.0289 1.4287
v 0.8299 0.9702 1.3719
v 0.8041 1.0248 1.3683
v 0.8847 1.0000 1.4306
v 0.8589 1.0546 1.4270
v 0.8847 0.9959 1.3702
v 0.8589 1.0506 1.3666
v 0.7740 1.1128 1.3759
v 0.8271 1.1215 1.3207
v 0.8801 1.1375 1.3742
v 0.8271 1.1288 1.4294
v 0.8395 1.0722 1.3786
v 0.8147 1.1781 1.3715
v 0.7965 1.0761 1.3783
v 0.7872 1.1186 1.4165
v 0.7779 1.1556 1.3730
v 0.7872 1.1131 1.3349
v 0.8364 1.0827 1.3369
v 0.8178 1.1621 1.3316
v 0.8669 1.1317 1.3336
v 0.8762 1.0947 1.3771
v 0.8576 1.1741 1.3718
v 0.8669 1.1371 1.4152
v 0.8364 1.0881 1.4185
v 0.8178 1.1676 1.4132
v 0.8045 1.0909 1.4077
v 0.7907 1.1497 1.4038
v 0.8045 1.0868 1.3473
v 0.7907 1.1457 1.3433
v 0.8634 1.1046 1.4068
v 0.8497 1.1635 1.4028
v 0.8634 1.1006 1.3463
v 0.8497 1.1594 1.3424
v 0.7690 1.2427 1.3672
v 0.8232 1.2327 1.3132
v 0.8773 1.2299 1.3681
v 0.8232 1.2399 1.4220
v 0.8168 1.1823 1.3712
v 0.8296 1.2903 1.3640
v 0.7778 1.2006 1.3700
v 0.7826 1.2438 1.4081
v 0.7874 1.2816 1.3646
v 0.7826 1.2384 1.3265
v 0.8184 1.1931 1.3295
v 0.8280 1.2741 1.3241
v 0.8638 1.2288 1.3272
v 0.8590 1.1910 1.3707
v 0.8686 1.2720 1.3652
v 0.8638 1.2342 1.4087
v 0.8184 1.1985 1.4111
v 0.8280 1.2795 1.4057
v 0.7895 1.2118 1.3996
v 0.7966 1.2719 1.3956
v 0.7895 1.2078 1.3392
v 0.7966 1.2678 1.3352
v 0.8497 1.2047 1.4001
v 0.8568 1.2648 1.3961
v 0.8497 1.2007 1.3397
v 0.8568 1.2607 1.3356
v 0.7572 1.3458 1.3603
v 0.8117 1.3412 1.3060
v 0.8662 1.3438 1.3605
v 0.8117 1.3484 1.4148
v 0.8106 1.2904 1.3640
v 0.8127 1.3992 1.3568
v 0.7700 1.3048 1.3631
v 0.7708 1.3483 1.4011
v 0.7716 1.3864 1.3576
v 0.7708 1.3429 1.3195
v 0.8109 1.3013 1.3223
v 0.8124 1.3829 1.3169
v 0.8525 1.3413 1.3196
v 0.8518 1.3032 1.3632
v 0.8533 1.3848 1.3577
v 0.8525 1.3468 1.4012
v 0.8109 1.3067 1.4039
v 0.8124 1.3883 1.3985
v 0.7808 1.3172 1.3926
v 0.7820 1.3776 1.3886
v 0.7808 1.3132 1.3321
v 0.7820 1.3736 1.3281
v 0.8414 1.3160 1.3927
v 0.8425 1.3765 1.3886
v 0.8414 1.3120 1.3322
v 0.8425 1.3724 1.3282
v 0.7508 1.4626 1.3525
v 0.8053 1.4580 1.2982
v 0.8598 1.4606 1.3527
v 0.8053 1.4652 1.4070
v 0.8043 1.4072 1.3562
v 0.8063 1.5160 1.3490
v 0.7636 1.4216 1.3553
v 0.7644 1.4651 1.3933
v 0.7652 1.5032 1.3498
v 0.7644 1.4597 1.3118
v 0.8045 1.4181 1.3145
v 0.8061 1.4997 1.3091
v 0.8462 1.4581 1.3119
v 0.8454 1.4200 1.3554
v 0.8470 1.5016 1.3499
v 0.8462 1.4636 1.3934
v 0.8045 1.4235 1.3961
v 0.8061 1.5051 1.3907
v 0.7744 1.4340 1.3848
v 0.7756 1.4944 1.3808
v 0.7744 1.4300 1.3244
v 0.7756 1.4904 1.3203
v 0.8350 1.4328 1.3849
v 0.8362 1.4933 1.3808
v 0.8350 1.4288 1.3244
v 0.8362 1.4892 1.3204
v -0.9284 1.4324 1.3209
v -0.8667 1.4414 1.2756
v -0.8222 1.4502 1.3380
v -0.8839 1.4412 1.3833
v -0.8665 1.3876 1.3308
v -0.8841 1.4951 1.3282
v -0.9085 1.3943 1.3241
v -0.9216 1.4346 1.3634
v -0.9217 1.4750 1.3221
v -0.9086 1.4347 1.2827
v -0.8622 1.4011 1.2901
v -0.8754 1.4818 1.2881
v -0.8290 1.4481 1.2955
v -0.8288 1.4077 1.3368
v -0.8420 1.4883 1.3349
v -0.8419 1.4479 1.3762
v -0.8751 1.4009 1.3708
v -0.8883 1.4816 1.3689
v -0.9047 1.4065 1.3554
v -0.9145 1.4662 1.3539
v -0.8951 1.4066 1.2956
v -0.9049 1.4663 1.2941
v -0.8457 1.4163 1.3648
v -0.8554 1.4761 1.3634
v -0.8361 1.4165 1.3050
v -0.8459 1.4762 1.3036
v -0.9565 0.9858 1.3403
v -0.8948 0.9948 1.2950
v -0.8503 1.0036 1.3573
v -0.9120 0.9946 1.4026
v -0.8946 0.9409 1.3501
v -0.9122 1.0485 1.3475
v -0.9366 0.9477 1.3434
v -0.9497 0.9880 1.3828
v -0.9498 1.0284 1.3414
v -0.9368 0.9881 1.3020
v -0.8903 0.9545 1.3094
v -0.9035 1.0351 1.3075
v -0.8571 1.0015 1.3148
v -0.8570 0.9611 1.3562
v -0.8702 1.0417 1.3542
v -0.8700 1.0013 1.3956
v -0.9033 0.9543 1.3901
v -0.9165 1.0350 1.3882
v -0.9328 0.9598 1.3747
v -0.9426 1.0196 1.3732
v -0.9232 0.9600 1.3149
v -0.9330 1.0197 1.3134
v -0.8738 0.9697 1.3842
v -0.8836 1.0295 1.3827
v -0.8642 0.9698 1.3244
v -0.8740 1.0296 1.3229
v -0.9345 1.2298 1.3371
v -0.8722 1.2255 1.2919
v -0.8272 1.2210 1.3543
v -0.8895 1.2253 1.3995
v -0.8852 1.1711 1.3449
v -0.8765 1.2797 1.3465
v -0.9244 1.1880 1.3386
v -0.9276 1.2286 1.3796
v -0.9178 1.2695 1.3398
v -0.9146 1.2288 1.2989
v -0.8776 1.1847 1.3047
v -0.8711 1.2662 1.3059
v -0.8341 1.2222 1.3117
v -0.8439 1.1813 1.3515
v -0.8373 1.2628 1.3527
v -0.8471 1.2220 1.3925
v -0.8906 1.1846 1.3854
v -0.8841 1.2661 1.3867
v -0.9179 1.1976 1.3704
v -0.9130 1.2580 1.3713
v -0.9083 1.1977 1.3106
v -0.9034 1.2581 1.3115
v -0.8583 1.1927 1.3799
v -0.8534 1.2531 1.3808
v -0.8487 1.1928 1.3201
v -0.8438 1.2532 1.3210
v -0.9550 1.1153 1.3385
v -0.8927 1.1110 1.2933
v -0.8477 1.1064 1.3557
v -0.9099 1.1107 1.4009
v -0.9057 1.0565 1.3463
v -0.8970 1.1652 1.3479
v -0.9448 1.0734 1.3401
v -0.9480 1.1141 1.3810
v -0.9383 1.1549 1.3413
v -0.9351 1.1143 1.3003
v -0.8981 1.0702 1.3061
v -0.8916 1.1517 1.3074
v -0.8546 1.1076 1.3132
v -0.8643 1.0668 1.3530
v -0.8578 1.1483 1.3542
v -0.8675 1.1075 1.3939
v -0.9110 1.0700 1.3869
v -0.9045 1.1515 1.3881
v -0.9383 1.0831 1.3718
v -0.9335 1.1434 1.3727
v -0.9287 1.0832 1.3120
v -0.9239 1.1436 1.3129
v -0.8787 1.0782 1.3813
v -0.8739 1.1385 1.3822
v -0.8691 1.0783 1.3215
v -0.8643 1.1386 1.3224
v -0.9330 1.3263 1.3425
v -0.8710 1.3329 1.2972
v -0.8261 1.3392 1.3596
v -0.8882 1.3327 1.4049
v -0.8732 1.2787 1.3520
v -0.8860 1.3869 1.3501
v -0.9149 1.2874 1.3453
v -0.9261 1.3279 1.3850
v -0.9245 1.3686 1.3439
v -0.9132 1.3280 1.3043
v -0.8683 1.2923 1.3114
v -0.8779 1.3735 1.3100
v -0.8330 1.3377 1.3171
v -0.8347 1.2970 1.3582
v -0.8443 1.3782 1.3568
v -0.8460 1.3375 1.3979
v -0.8813 1.2921 1.3921
v -0.8908 1.3733 1.3907
v -0.9105 1.2991 1.3767
v -0.9176 1.3592 1.3757
v -0.9009 1.2992 1.3169
v -0.9080 1.3593 1.3159
v -0.8511 1.3062 1.3862
v -0.8582 1.3664 1.3852
v -0.8415 1.3064 1.3264
v -0.8486 1.3665 1.3254
v -1.0435 1.3291 1.2774
v -0.9818 1.3381 1.2321
v -0.9373 1.3469 1.2945
v -0.9990 1.3379 1.3398
v -0.9816 1.2842 1.2872
v -0.9992 1.3917 1.2846
v -1.0236 1.2910 1.2805
v -1.0367 1.3312 1.3199
v -1.0368 1.3716 1.2786
v -1.0238 1.3314 1.2392
v -0.9773 1.2977 1.2466
v -0.9905 1.3784 1.2446
v -0.9441 1.3447 1.2520
v -0.9440 1.3043 1.2933
v -0.9572 1.3850 1.2914
v -0.9570 1.3446 1.3327
v -0.9903 1.2975 1.3273
v -1.0035 1.3782 1.3253
v -1.0198 1.3031 1.3118
v -1.0296 1.3628 1.3104
v -1.0102 1.3032 1.2520
v -1.0200 1.3630 1.2506
v -0.9608 1.3130 1.3213
v -0.9706 1.3727 1.3199
v -0.9512 1.3131 1.2615
v -0.9610 1.3728 1.2601
v -1.0704 1.1071 1.2858
v -1.0087 1.1161 1.2405
v -0.9642 1.1249 1.3029
v -1.0260 1.1159 1.3482
v -1.0085 1.0622 1.2957
v -1.0261 1.1698 1.2931
v -1.0506 1.0690 1.2890
v -1.0636 1.1093 1.3284
v -1.0638 1.1497 1.2870
v -1.0507 1.1094 1.2476
v -1.0043 1.0758 1.2550
v -1.0175 1.1565 1.2530
v -0.9710 1.1228 1.2604
v -0.9709 1.0824 1.3017
v -0.9841 1.1630 1.2998
v -0.9840 1.1226 1.3411
v -1.0172 1.0756 1.3357
v -1.0304 1.1563 1.3338
v -1.0467 1.0812 1.3203
v -1.0565 1.1409 1.3188
v -1.0372 1.0813 1.2605
v -1.0469 1.1410 1.2590
v -0.9877 1.0910 1.3297
v -0.9975 1.1508 1.3283
v -0.9782 1.0912 1.2699
v -0.9879 1.1509 1.2685
v -1.0310 1.4512 1.2533
v -0.9692 1.4434 1.2080
v -0.9245 1.4355 1.2704
v -0.9864 1.4432 1.3157
v -0.9855 1.3894 1.2605
v -0.9700 1.4973 1.2632
v -1.0235 1.4088 1.2545
v -1.0242 1.4491 1.2958
v -1.0119 1.4897 1.2565
v -1.0113 1.4493 1.2151
v -0.9771 1.4029 1.2205
v -0.9655 1.4839 1.2225
v -0.9314 1.4375 1.2279
v -0.9436 1.3970 1.2672
v -0.9320 1.4779 1.2692
v -0.9443 1.4374 1.3086
v -0.9900 1.4028 1.3012
v -0.9784 1.4837 1.3032
v -1.0165 1.4177 1.2863
v -1.0079 1.4776 1.2878
v -1.0069 1.4178 1.2265
v -0.9983 1.4777 1.2280
v -0.9573 1.4089 1.2957
v -0.9487 1.4689 1.2972
v -0.9477 1.4091 1.2359
v -0.9391 1.4690 1.2374
v -1.0376 1.2318 1.2732
v -0.9757 1.2241 1.2278
v -0.9311 1.2162 1.2902
v -0.9930 1.2239 1.3355
v -0.9921 1.1701 1.2803
v -0.9766 1.2779 1.2830
v -1.0301 1.1894 1.2743
v -1.0308 1.2298 1.3156
v -1.0185 1.2703 1.2763
v -1.0179 1.2300 1.2349
v -0.9837 1.1836 1.2403
v -0.9721 1.2645 1.2423
v -0.9379 1.2182 1.2477
v -0.9502 1.1777 1.2870
v -0.9386 1.2586 1.2891
v -0.9509 1.2180 1.3284
v -0.9966 1.1835 1.3210
v -0.9850 1.2644 1.3230
v -1.0230 1.1983 1.3061
v -1.0145 1.2583 1.3076
v -1.0135 1.1985 1.2463
v -1.0049 1.2584 1.2478
v -0.9639 1.1896 1.3156
v -0.9553 1.2495 1.3171
v -0.9543 1.1897 1.2557
v -0.9457 1.2497 1.2572
v -1.0610 1.0165 1.2822
v -0.9991 1.0088 1.2369
v -0.9545 1.0008 1.2992
v -1.0164 1.0086 1.3445
v -1.0155 0.9547 1.2893
v -1.0000 1.0626 1.2920
v -1.0535 0.9741 1.2833
v -1.0542 1.0145 1.3247
v -1.0419 1.0550 1.2853
v -1.0412 1.0146 1.2439
v -1.0071 0.9683 1.2493
v -0.9955 1.0492 1.2513
v -0.9613 1.0029 1.2567
v -0.9736 0.9623 1.2961
v -0.9620 1.0433 1.2981
v -0.9743 1.0027 1.3374
v -1.0200 0.9681 1.3300
v -1.0084 1.0491 1.3321
v -1.0464 0.9830 1.3151
v -1.0378 1.0429 1.3166
v -1.0368 0.9831 1.2553
v -1.0282 1.0431 1.2568
v -0.9872 0.9743 1.3246
v -0.9786 1.0342 1.3261
v -0.9776 0.9744 1.2648
v -0.9691 1.0344 1.2663
v -1.1235 1.4634 1.1818
v -1.0617 1.4676 1.1359
v -1.0166 1.4783 1.1975
v -1.0784 1.4741 1.2434
v -1.0632 1.4169 1.1940
v -1.0770 1.5247 1.1853
v -1.1050 1.4248 1.1870
v -1.1164 1.4677 1.2241
v -1.1153 1.5057 1.1805
v -1.1039 1.4628 1.1434
v -1.0586 1.4280 1.1525
v -1.0690 1.5088 1.1461
v -1.0237 1.4740 1.1552
v -1.0248 1.4360 1.1988
v -1.0352 1.5169 1.1923
v -1.0363 1.4789 1.2358
v -1.0712 1.4328 1.2332
v -1.0815 1.5137 1.2267
v -1.1006 1.4386 1.2175
v -1.1082 1.4985 1.2127
v -1.0913 1.4350 1.1578
v -1.0989 1.4948 1.1530
v -1.0412 1.4468 1.2263
v -1.0489 1.5067 1.2215
v -1.0319 1.4432 1.1665
v -1.0396 1.5031 1.1617
v -1.1377 1.3680 1.1943
v -1.0762 1.3569 1.1492
v -1.0313 1.3523 1.2117
v -1.0929 1.3634 1.2568
v -1.0928 1.3063 1.2050
v -1.0763 1.4140 1.2010
v -1.1306 1.3256 1.1979
v -1.1307 1.3685 1.2368
v -1.1183 1.4064 1.1950
v -1.1182 1.3636 1.1561
v -1.0844 1.3173 1.1641
v -1.0721 1.3981 1.1612
v -1.0383 1.3518 1.1692
v -1.0508 1.3139 1.2110
v -1.0384 1.3947 1.2081
v -1.0509 1.3567 1.2499
v -1.0970 1.3222 1.2448
v -1.0846 1.4030 1.2419
v -1.1233 1.3364 1.2291
v -1.1141 1.3962 1.2269
v -1.1140 1.3328 1.1694
v -1.1049 1.3926 1.1672
v -1.0642 1.3277 1.2388
v -1.0550 1.3875 1.2366
v -1.0549 1.3241 1.1791
v -1.0457 1.3839 1.1769
v -1.1581 1.1109 1.2323
v -1.0971 1.1197 1.1860
v -1.0528 1.1350 1.2472
v -1.1138 1.1262 1.2935
v -1.0940 1.0699 1.2447
v -1.1169 1.1760 1.2348
v -1.1363 1.0741 1.2379
v -1.1512 1.1163 1.2745
v -1.1535 1.1537 1.2304
v -1.1387 1.1115 1.1938
v -1.0906 1.0807 1.2031
v -1.1077 1.1603 1.1957
v -1.0597 1.1295 1.2050
v -1.0574 1.0922 1.2491
v -1.0745 1.1718 1.2416
v -1.0722 1.1344 1.2856
v -1.1031 1.0856 1.2838
v -1.1203 1.1652 1.2763
v -1.1330 1.0886 1.2682
v -1.1457 1.1475 1.2627
v -1.1237 1.0850 1.2085
v -1.1364 1.1439 1.2030
v -1.0745 1.1020 1.2765
v -1.0872 1.1609 1.2710
v -1.0652 1.0984 1.2168
v -1.0779 1.1573 1.2112
v -1.1698 1.0050 1.2540
v -1.1088 1.0138 1.2076
v -1.0645 1.0291 1.2689
v -1.1255 1.0203 1.3152
v -1.1057 0.9640 1.2664
v -1.1286 1.0701 1.2564
v -1.1481 0.9682 1.2596
v -1.1629 1.0105 1.2962
v -1.1652 1.0478 1.2521
v -1.1504 1.0056 1.2155
v -1.1023 0.9748 1.2248
v -1.1195 1.0544 1.2174
v -1.0714 1.0237 1.2267
v -1.0691 0.9863 1.2707
v -1.0862 1.0659 1.2633
v -1.0839 1.0285 1.3073
v -1.1148 0.9797 1.3055
v -1.1320 1.0593 1.2980
v -1.1447 0.9827 1.2899
v -1.1574 1.0417 1.2844
v -1.1354 0.9791 1.2302
v -1.1481 1.0380 1.2246
v -1.0862 0.9961 1.2982
v -1.0989 1.0550 1.2927
v -1.0769 0.9925 1.2384
v -1.0896 1.0514 1.2329
v -1.1368 1.2560 1.2033
v -1.0754 1.2433 1.1584
v -1.0308 1.2370 1.2209
v -1.0922 1.2497 1.2659
v -1.0937 1.1929 1.2138
v -1.0739 1.3001 1.2104
v -1.1309 1.2134 1.2068
v -1.1298 1.2560 1.2459
v -1.1161 1.2938 1.2043
v -1.1173 1.2512 1.1652
v -1.0849 1.2039 1.1731
v -1.0701 1.2843 1.1705
v -1.0378 1.2370 1.1784
v -1.0515 1.1992 1.2200
v -1.0367 1.2796 1.2175
v -1.0503 1.2418 1.2591
v -1.0975 1.2087 1.2537
v -1.0827 1.2891 1.2512
v -1.1233 1.2238 1.2381
v -1.1124 1.2833 1.2362
v -1.1141 1.2202 1.1783
v -1.1031 1.2797 1.1764
v -1.0645 1.2133 1.2478
v -1.0535 1.2728 1.2459
v -1.0552 1.2097 1.1881
v -1.0443 1.2692 1.1862
v -1.2169 1.5105 1.1217
v -1.1567 1.4918 1.0773
v -1.1121 1.4866 1.1400
v -1.1723 1.5054 1.1844
v -1.1773 1.4458 1.1357
v -1.1516 1.5513 1.1260
v -1.2134 1.4680 1.1276
v -1.2096 1.5126 1.1641
v -1.1941 1.5471 1.1204
v -1.1979 1.5024 1.0838
v -1.1683 1.4539 1.0943
v -1.1490 1.5331 1.0871
v -1.1193 1.4845 1.0976
v -1.1348 1.4501 1.1413
v -1.1155 1.5292 1.1341
v -1.1310 1.4947 1.1779
v -1.1800 1.4641 1.1746
v -1.1607 1.5432 1.1674
v -1.2051 1.4797 1.1582
v -1.1908 1.5383 1.1528
v -1.1964 1.4721 1.0987
v -1.1821 1.5308 1.0934
v -1.1468 1.4664 1.1683
v -1.1326 1.5250 1.1630
v -1.1382 1.4589 1.1089
v -1.1239 1.5175 1.1035
v -1.2264 1.3873 1.1359
v -1.1662 1.3686 1.0915
v -1.1216 1.3634 1.1542
v -1.1818 1.3822 1.1986
v -1.1869 1.3226 1.1499
v -1.1612 1.4281 1.1403
v -1.2230 1.3448 1.1418
v -1.2192 1.3894 1.1784
v -1.2037 1.4239 1.1346
v -1.2075 1.3792 1.0981
v -1.1778 1.3307 1.1085
v -1.1585 1.4099 1.1013
v -1.1289 1.3613 1.1118
v -1.1444 1.3268 1.1555
v -1.1251 1.4060 1.1483
v -1.1406 1.3715 1.1921
v -1.1895 1.3409 1.1888
v -1.1702 1.4200 1.1816
v -1.2146 1.3565 1.1724
v -1.2003 1.4151 1.1671
v -1.2059 1.3489 1.1129
v -1.1917 1.4075 1.1076
v -1.1564 1.3432 1.1826
v -1.1421 1.4018 1.1772
v -1.1477 1.3357 1.1231
v -1.1334 1.3943 1.1177
v -1.2435 1.2599 1.1496
v -1.1817 1.2531 1.1039
v -1.1356 1.2599 1.1653
v -1.1973 1.2667 1.2110
v -1.1905 1.2058 1.1642
v -1.1886 1.3140 1.1507
v -1.2307 1.2193 1.1566
v -1.2358 1.2650 1.1917
v -1.2293 1.3004 1.1465
v -1.2241 1.2548 1.1114
v -1.1844 1.2142 1.1223
v -1.1830 1.2954 1.1123
v -1.1432 1.2548 1.1232
v -1.1498 1.2194 1.1684
v -1.1483 1.3005 1.1583
v -1.1549 1.2650 1.2035
v -1.1961 1.2244 1.2026
v -1.1947 1.3055 1.1925
v -1.2243 1.2336 1.1865
v -1.2233 1.2937 1.1791
v -1.2157 1.2261 1.1271
v -1.2146 1.2862 1.1196
v -1.1644 1.2336 1.1953
v -1.1634 1.2937 1.1878
v -1.1557 1.2261 1.1358
v -1.1547 1.2862 1.1283
v -1.2579 1.1480 1.1570
v -1.1936 1.1293 1.1187
v -1.1522 1.1409 1.1826
v -1.2164 1.1595 1.2209
v -1.2119 1.0922 1.1837
v -1.1981 1.1967 1.1559
v -1.2498 1.1079 1.1706
v -1.2532 1.1584 1.1985
v -1.2395 1.1863 1.1497
v -1.2361 1.1357 1.1219
v -1.2016 1.0939 1.1419
v -1.1913 1.1723 1.1210
v -1.1568 1.1304 1.1411
v -1.1705 1.1026 1.1899
v -1.1602 1.1810 1.1690
v -1.1739 1.1531 1.2178
v -1.2187 1.1166 1.2186
v -1.2084 1.1950 1.1977
v -1.2445 1.1258 1.1988
v -1.2369 1.1838 1.1833
v -1.2319 1.1090 1.1420
v -1.2242 1.1670 1.1265
v -1.1858 1.1218 1.2131
v -1.1782 1.1799 1.1976
v -1.1731 1.1050 1.1563
v -1.1655 1.1631 1.1408
v -1.2719 1.0345 1.1693
v -1.2061 1.0262 1.1299
v -1.1661 1.0465 1.1926
v -1.2318 1.0548 1.2320
v -1.2164 0.9882 1.1963
v -1.2216 1.0928 1.1656
v -1.2567 0.9968 1.1837
v -1.2683 1.0467 1.2105
v -1.2606 1.0752 1.1607
v -1.2490 1.0252 1.1340
v -1.2074 0.9906 1.1542
v -1.2113 1.0690 1.1312
v -1.1697 1.0343 1.1514
v -1.1773 1.0058 1.2011
v -1.1812 1.0842 1.1782
v -1.1889 1.0558 1.2279
v -1.2267 1.0120 1.2307
v -1.2305 1.0904 1.2077
v -1.2541 1.0161 1.2113
v -1.2569 1.0741 1.1943
v -1.2398 1.0002 1.1547
v -1.2427 1.0582 1.1376
v -1.1953 1.0228 1.2243
v -1.1981 1.0808 1.2072
v -1.1810 1.0069 1.1676
v -1.1839 1.0649 1.1506
v 0.9752 1.4567 1.3163
v 0.9134 1.4657 1.2710
v 0.8689 1.4745 1.3333
v 0.9307 1.4655 1.3786
v 0.9133 1.4118 1.3261
v 0.9308 1.5194 1.3235
v 0.9553 1.4186 1.3194
v 0.9683 1.4589 1.3588
v 0.9685 1.4993 1.3174
v 0.9554 1.4590 1.2780
v 0.9090 1.4254 1.2854
v 0.9222 1.5060 1.2834
v 0.8758 1.4724 1.2908
v 0.8756 1.4320 1.3321
v 0.8888 1.5126 1.3302
v 0.8887 1.4722 1.3715
v 0.9219 1.4252 1.3661
v 0.9351 1.5059 1.3642
v 0.9515 1.4307 1.3507
v 0.9612 1.4905 1.3492
v 0.9419 1.4309 1.2909
v 0.9516 1.4906 1.2894
v 0.8925 1.4406 1.3601
v 0.9022 1.5004 1.3587
v 0.8829 1.4407 1.3003
v 0.8926 1.5005 1.2989
v 1.0033 1.0101 1.3356
v 0.9415 1.0191 1.2903
v 0.8971 1.0279 1.3526
v 0.9588 1.0189 1.3979
v 0.9414 0.9652 1.3454
v 0.9590 1.0728 1.3428
v 0.9834 0.9720 1.3387
v 0.9965 1.0123 1.3781
v 0.9966 1.0527 1.3367
v 0.9835 1.0124 1.2973
v 0.9371 0.9788 1.3047
v 0.9503 1.0594 1.3028
v 0.9039 1.0258 1.3101
v 0.9037 0.9853 1.3515
v 0.9169 1.0660 1.3495
v 0.9168 1.0256 1.3909
v 0.9500 0.9786 1.3855
v 0.9632 1.0593 1.3835
v 0.9796 0.9841 1.3700
v 0.9893 1.0439 1.3686
v 0.9700 0.9843 1.3102
v 0.9798 1.0440 1.3087
v 0.9206 0.9940 1.3795
v 0.9303 1.0538 1.3780
v 0.9110 0.9941 1.3197
v 0.9208 1.0539 1.3182
v 0.9813 1.2541 1.3324
v 0.9190 1.2498 1.2872
v 0.8740 1.2453 1.3496
v 0.9362 1.2496 1.3948
v 0.9320 1.1954 1.3402
v 0.9233 1.3040 1.3418
v 0.9711 1.2123 1.3339
v 0.9743 1.2529 1.3749
v 0.9646 1.2938 1.3352
v 0.9614 1.2531 1.2942
v 0.9244 1.2090 1.3000
v 0.9179 1.2905 1.3012
v 0.8809 1.2465 1.3071
v 0.8907 1.2056 1.3468
v 0.8841 1.2871 1.3480
v 0.8939 1.2463 1.3878
v 0.9374 1.2089 1.3808
v 0.9308 1.2904 1.3820
v 0.9646 1.2219 1.3657
v 0.9598 1.2823 1.3666
v 0.9551 1.2220 1.3059
v 0.9502 1.2824 1.3068
v 0.9050 1.2170 1.3752
v 0.9002 1.2774 1.3761
v 0.8954 1.2171 1.3154
v 0.8906 1.2775 1.3163
v 1.0017 1.1396 1.3338
v 0.9395 1.1353 1.2886
v 0.8944 1.1307 1.3510
v 0.9567 1.1350 1.3963
v 0.9524 1.0808 1.3416
v 0.9437 1.1895 1.3432
v 0.9916 1.0977 1.3354
v 0.9948 1.1384 1.3764
v 0.9851 1.1792 1.3366
v 0.9818 1.1386 1.2956
v 0.9449 1.0945 1.3015
v 0.9383 1.1760 1.3027
v 0.9014 1.1319 1.3085
v 0.9111 1.0911 1.3483
v 0.9046 1.1726 1.3495
v 0.9143 1.1318 1.3892
v 0.9578 1.0943 1.3822
v 0.9513 1.1758 1.3834
v 0.9851 1.1074 1.3671
v 0.9803 1.1677 1.3680
v 0.9755 1.1075 1.3073
v 0.9707 1.1679 1.3082
v 0.9255 1.1024 1.3767
v 0.9206 1.1628 1.3775
v 0.9159 1.1026 1.3168
v 0.9111 1.1629 1.3177
v 0.9798 1.3506 1.3378
v 0.9177 1.3572 1.2925
v 0.8729 1.3635 1.3549
v 0.9350 1.3570 1.4002
v 0.9200 1.3030 1.3473
v 0.9327 1.4112 1.3455
v 0.9616 1.3117 1.3406
v 0.9729 1.3522 1.3803
v 0.9712 1.3928 1.3392
v 0.9600 1.3523 1.2996
v 0.9151 1.3166 1.3067
v 0.9247 1.3978 1.3053
v 0.8798 1.3620 1.3124
v 0.8815 1.3213 1.3535
v 0.8911 1.4025 1.3521
v 0.8927 1.3618 1.3932
v 0.9280 1.3164 1.3874
v 0.9376 1.3976 1.3860
v 0.9573 1.3234 1.3720
v 0.9644 1.3835 1.3710
v 0.9477 1.3235 1.3122
v 0.9548 1.3836 1.3112
v 0.8979 1.3305 1.3815
v 0.9050 1.3907 1.3805
v 0.8883 1.3307 1.3217
v 0.8954 1.3908 1.3207
v 1.0903 1.3534 1.2727
v 1.0285 1.3624 1.2274
v 0.9841 1.3712 1.2898
v 1.0458 1.3622 1.3351
v 1.0284 1.3085 1.2826
v 1.0460 1.4160 1.2800
v 1.0704 1.3153 1.2758
v 1.0835 1.3555 1.3152
v 1.0836 1.3959 1.2739
v 1.0705 1.3557 1.2345
v 1.0241 1.3220 1.2419
v 1.0373 1.4027 1.2399
v 0.9909 1.3690 1.2473
v 0.9907 1.3286 1.2886
v 1.0039 1.4093 1.2867
v 1.0038 1.3688 1.3280
v 1.0370 1.3218 1.3226
v 1.0502 1.4025 1.3207
v 1.0666 1.3274 1.3071
v 1.0763 1.3871 1.3057
v 1.0570 1.3275 1.2473
v 1.0668 1.3873 1.2459
v 1.0076 1.3373 1.3166
v 1.0173 1.3970 1.3152
v 0.9980 1.3374 1.2568
v 1.0078 1.3971 1.2554
v 1.1172 1.1314 1.2812
v 1.0555 1.1404 1.2359
v 1.0110 1.1492 1.2982
v 1.0727 1.1402 1.3435
v 1.0553 1.0865 1.2910
v 1.0729 1.1941 1.2884
v 1.0973 1.0933 1.2843
v 1.1104 1.1336 1.3237
v 1.1105 1.1740 1.2823
v 1.0975 1.1337 1.2429
v 1.0511 1.1001 1.2503
v 1.0642 1.1807 1.2483
v 1.0178 1.1471 1.2557
v 1.0177 1.1067 1.2970
v 1.0309 1.1873 1.2951
v 1.0308 1.1469 1.3364
v 1.0640 1.0999 1.3310
v 1.0772 1.1806 1.3291
v 1.0935 1.1054 1.3156
v 1.1033 1.1652 1.3141
v 1.0839 1.1056 1.2558
v 1.0937 1.1653 1.2543
v 1.0345 1.1153 1.3250
v 1.0443 1.1751 1.3236
v 1.0249 1.1154 1.2652
v 1.0347 1.1752 1.2638
v 1.0778 1.4755 1.2486
v 1.0159 1.4677 1.2033
v 0.9713 1.4598 1.2657
v 1.0332 1.4675 1.3110
v 1.0323 1.4137 1.2558
v 1.0168 1.5216 1.2585
v 1.0703 1.4330 1.2498
v 1.0710 1.4734 1.2911
v 1.0587 1.5140 1.2518
v 1.0580 1.4736 1.2104
v 1.0239 1.4272 1.2158
v 1.0123 1.5082 1.2178
v 0.9781 1.4618 1.2232
v 0.9904 1.4213 1.2625
v 0.9788 1.5022 1.2646
v 0.9911 1.4617 1.3039
v 1.0368 1.4271 1.2965
v 1.0252 1.5080 1.2985
v 1.0632 1.4419 1.2816
v 1.0546 1.5019 1.2831
v 1.0536 1.4421 1.2218
v 1.0451 1.5020 1.2233
v 1.0040 1.4332 1.2910
v 0.9955 1.4932 1.2925
v 0.9945 1.4334 1.2312
v 0.9859 1.4933 1.2327
v 1.0844 1.2561 1.2685
v 1.0225 1.2484 1.2231
v 0.9779 1.2404 1.2855
v 1.0398 1.2482 1.3308
v 1.0389 1.1943 1.2756
v 1.0234 1.3022 1.2783
v 1.0769 1.2137 1.2696
v 1.0776 1.2541 1.3110
v 1.0653 1.2946 1.2716
v 1.0646 1.2543 1.2302
v 1.0305 1.2079 1.2356
v 1.0189 1.2888 1.2376
v 0.9847 1.2425 1.2430
v 0.9970 1.2020 1.2824
v 0.9854 1.2829 1.2844
v 0.9977 1.2423 1.3237
v 1.0434 1.2078 1.3163
v 1.0318 1.2887 1.3184
v 1.0698 1.2226 1.3014
v 1.0612 1.2826 1.3029
v 1.0602 1.2227 1.2416
v 1.0517 1.2827 1.2431
v 1.0106 1.2139 1.3109
v 1.0020 1.2738 1.3124
v 1.0011 1.2140 1.2511
v 0.9925 1.2740 1.2526
v 1.1078 1.0408 1.2775
v 1.0459 1.0331 1.2322
v 1.0012 1.0251 1.2945
v 1.0631 1.0329 1.3398
v 1.0622 0.9790 1.2846
v 1.0468 1.0869 1.2873
v 1.1003 0.9984 1.2786
v 1.1009 1.0388 1.3200
v 1.0887 1.0793 1.2806
v 1.0880 1.0389 1.2392
v 1.0538 0.9926 1.2446
v 1.0422 1.0735 1.2466
v 1.0081 1.0272 1.2520
v 1.0204 0.9866 1.2914
v 1.0088 1.0676 1.2934
v 1.0210 1.0270 1.3327
v 1.0668 0.9924 1.3253
v 1.0552 1.0734 1.3274
v 1.0932 1.0073 1.3104
v 1.0846 1.0672 1.3119
v 1.0836 1.0074 1.2506
v 1.0750 1.0674 1.2521
v 1.0340 0.9986 1.3199
v 1.0254 1.0585 1.3214
v 1.0244 0.9987 1.2601
v 1.0158 1.0586 1.2616
v 1.1703 1.4877 1.1771
v 1.1085 1.4919 1.1312
v 1.0634 1.5026 1.1928
v 1.1252 1.4984 1.2387
v 1.1100 1.4412 1.1893
v 1.1237 1.5490 1.1806
v 1.1518 1.4491 1.1823
v 1.1632 1.4920 1.2194
v 1.1621 1.5300 1.1758
v 1.1507 1.4871 1.1387
v 1.1054 1.4523 1.1479
v 1.1157 1.5331 1.1414
v 1.0705 1.4983 1.1505
v 1.0716 1.4603 1.1941
v 1.0819 1.5412 1.1876
v 1.0830 1.5032 1.2312
v 1.1180 1.4571 1.2285
v 1.1283 1.5380 1.2220
v 1.1473 1.4629 1.2129
v 1.1550 1.5227 1.2081
v 1.1381 1.4593 1.1531
v 1.1457 1.5191 1.1483
v 1.0880 1.4711 1.2216
v 1.0956 1.5310 1.2168
v 1.0787 1.4675 1.1618
v 1.0864 1.5274 1.1570
v 1.1845 1.3923 1.1896
v 1.1229 1.3812 1.1445
v 1.0781 1.3766 1.2071
v 1.1396 1.3877 1.2521
v 1.1395 1.3306 1.2003
v 1.1230 1.4383 1.1963
v 1.1774 1.3499 1.1932
v 1.1775 1.3927 1.2321
v 1.1650 1.4307 1.1903
v 1.1650 1.3879 1.1514
v 1.1312 1.3416 1.1595
v 1.1188 1.4224 1.1565
v 1.0851 1.3761 1.1645
v 1.0975 1.3382 1.2063
v 1.0852 1.4190 1.2034
v 1.0976 1.3810 1.2452
v 1.1437 1.3465 1.2401
v 1.1314 1.4273 1.2372
v 1.1701 1.3607 1.2244
v 1.1609 1.4205 1.2222
v 1.1608 1.3571 1.1647
v 1.1516 1.4169 1.1625
v 1.1109 1.3520 1.2341
v 1.1018 1.4118 1.2319
v 1.1017 1.3484 1.1744
v 1.0925 1.4082 1.1722
v 1.2049 1.1352 1.2276
v 1.1439 1.1440 1.1813
v 1.0996 1.1593 1.2425
v 1.1606 1.1505 1.2888
v 1.1408 1.0942 1.2400
v 1.1636 1.2003 1.2301
v 1.1831 1.0984 1.2332
v 1.1980 1.1406 1.2698
v 1.2003 1.1780 1.2257
v 1.1854 1.1358 1.1891
v 1.1374 1.1050 1.1984
v 1.1545 1.1846 1.1910
v 1.1065 1.1538 1.2003
v 1.1042 1.1165 1.2444
v 1.1213 1.1961 1.2369
v 1.1190 1.1587 1.2810
v 1.1499 1.1099 1.2791
v 1.1671 1.1895 1.2716
v 1.1797 1.1129 1.2635
v 1.1925 1.1718 1.2580
v 1.1705 1.1093 1.2038
v 1.1832 1.1682 1.1983
v 1.1213 1.1262 1.2718
v 1.1340 1.1852 1.2663
v 1.1120 1.1226 1.2121
v 1.1247 1.1816 1.2065
v 1.2166 1.0293 1.2493
v 1.1556 1.0381 1.2030
v 1.1113 1.0534 1.2642
v 1.1723 1.0446 1.3105
v 1.1525 0.9883 1.2617
v 1.1754 1.0944 1.2517
v 1.1948 0.9925 1.2549
v 1.2097 1.0348 1.2915
v 1.2120 1.0721 1.2474
v 1.1971 1.0299 1.2108
v 1.1491 0.9991 1.2201
v 1.1662 1.0787 1.2127
v 1.1182 1.0480 1.2220
v 1.1159 1.0106 1.2660
v 1.1330 1.0902 1.2586
v 1.1307 1.0528 1.3026
v 1.1616 1.0040 1.3008
v 1.1788 1.0836 1.2933
v 1.1915 1.0070 1.2852
v 1.2042 1.0659 1.2797
v 1.1822 1.0034 1.2255
v 1.1949 1.0623 1.2199
v 1.1330 1.0204 1.2935
v 1.1457 1.0793 1.2880
v 1.1237 1.0168 1.2338
v 1.1364 1.0757 1.2282
v 1.1835 1.2803 1.1986
v 1.1222 1.2676 1.1537
v 1.0776 1.2613 1.2162
v 1.1389 1.2740 1.2612
v 1.1404 1.2172 1.2091
v 1.1207 1.3244 1.2057
v 1.1777 1.2377 1.2021
v 1.1766 1.2803 1.2412
v 1.1629 1.3181 1.1996
v 1.1640 1.2755 1.1605
v 1.1317 1.2282 1.1684
v 1.1169 1.3086 1.1658
v 1.0846 1.2613 1.1737
v 1.0983 1.2235 1.2153
v 1.0835 1.3039 1.2128
v 1.0971 1.2661 1.2544
v 1.1442 1.2330 1.2490
v 1.1294 1.3134 1.2465
v 1.1701 1.2481 1.2334
v 1.1592 1.3076 1.2315
v 1.1608 1.2445 1.1736
v 1.1499 1.3040 1.1717
v 1.1113 1.2376 1.2431
v 1.1003 1.2971 1.2413
v 1.1020 1.2340 1.1834
v 1.0910 1.2935 1.1815
v 1.2637 1.5348 1.1170
v 1.2035 1.5161 1.0726
v 1.1589 1.5109 1.1353
v 1.2191 1.5297 1.1797
v 1.2241 1.4701 1.1310
v 1.1984 1.5756 1.1213
v 1.2602 1.4923 1.1229
v 1.2564 1.5369 1.1594
v 1.2409 1.5714 1.1157
v 1.2447 1.5267 1.0792
v 1.2151 1.4782 1.0896
v 1.1958 1.5574 1.0824
v 1.1661 1.5088 1.0929
v 1.1816 1.4744 1.1366
v 1.1623 1.5535 1.1294
v 1.1778 1.5190 1.1732
v 1.2268 1.4884 1.1699
v 1.2075 1.5675 1.1627
v 1.2518 1.5040 1.1535
v 1.2376 1.5626 1.1481
v 1.2432 1.4964 1.0940
v 1.2289 1.5550 1.0887
v 1.1936 1.4907 1.1636
v 1.1793 1.5493 1.1583
v 1.1850 1.4832 1.1042
v 1.1707 1.5418 1.0988
v 1.2732 1.4116 1.1312
v 1.2130 1.3929 1.0869
v 1.1684 1.3877 1.1495
v 1.2286 1.4064 1.1939
v 1.2337 1.3469 1.1452
v 1.2079 1.4524 1.1356
v 1.2697 1.3691 1.1371
v 1.2659 1.4137 1.1737
v 1.2504 1.4482 1.1299
v 1.2542 1.4035 1.0934
v 1.2246 1.3550 1.1038
v 1.2053 1.4341 1.0966
v 1.1756 1.3856 1.1071
v 1.1911 1.3511 1.1508
v 1.1718 1.4303 1.1436
v 1.1873 1.3958 1.1874
v 1.2363 1.3652 1.1841
v 1.2170 1.4443 1.1769
v 1.2614 1.3808 1.1677
v 1.2471 1.4394 1.1624
v 1.2527 1.3732 1.1082
v 1.2384 1.4318 1.1029
v 1.2032 1.3675 1.1779
v 1.1889 1.4261 1.1725
v 1.1945 1.3600 1.1184
v 1.1802 1.4186 1.1131
v 1.2902 1.2842 1.1449
v 1.2285 1.2774 1.0992
v 1.1823 1.2842 1.1606
v 1.2441 1.2910 1.2063
v 1.2372 1.2301 1.1595
v 1.2353 1.3383 1.1460
v 1.2775 1.2436 1.1519
v 1.2826 1.2893 1.1870
v 1.2760 1.3247 1.1418
v 1.2709 1.2791 1.1067
v 1.2312 1.2385 1.1176
v 1.2297 1.3197 1.1076
v 1.1900 1.2791 1.1185
v 1.1965 1.2436 1.1637
v 1.1951 1.3248 1.1536
v 1.2017 1.2893 1.1988
v 1.2429 1.2487 1.1979
v 1.2414 1.3298 1.1879
v 1.2711 1.2579 1.1819
v 1.2701 1.3180 1.1744
v 1.2625 1.2504 1.1224
v 1.2614 1.3105 1.1149
v 1.2112 1.2579 1.1906
v 1.2101 1.3180 1.1831
v 1.2025 1.2504 1.1311
v 1.2015 1.3105 1.1236
v 1.3047 1.1723 1.1523
v 1.2404 1.1536 1.1140
v 1.1989 1.1652 1.1780
v 1.2632 1.1838 1.2162
v 1.2587 1.1165 1.1791
v 1.2449 1.2210 1.1512
v 1.2966 1.1322 1.1659
v 1.3000 1.1827 1.1938
v 1.2863 1.2106 1.1451
v 1.2829 1.1600 1.1172
v 1.2484 1.1182 1.1372
v 1.2381 1.1966 1.1163
v 1.2036 1.1547 1.1364
v 1.2173 1.1269 1.1852
v 1.2070 1.2053 1.1643
v 1.2207 1.1774 1.2131
v 1.2655 1.1409 1.2139
v 1.2552 1.2193 1.1930
v 1.2913 1.1501 1.1941
v 1.2837 1.2081 1.1787
v 1.2787 1.1332 1.1373
v 1.2710 1.1913 1.1219
v 1.2326 1.1461 1.2084
v 1.2249 1.2042 1.1929
v 1.2199 1.1293 1.1516
v 1.2123 1.1874 1.1361
v 1.3187 1.0588 1.1646
v 1.2529 1.0505 1.1252
v 1.2128 1.0708 1.1879
v 1.2786 1.0791 1.2273
v 1.2631 1.0125 1.1916
v 1.2683 1.1170 1.1609
v 1.3035 1.0211 1.1790
v 1.3151 1.0710 1.2058
v 1.3074 1.0995 1.1561
v 1.2958 1.0495 1.1293
v 1.2542 1.0149 1.1495
v 1.2581 1.0933 1.1265
v 1.2164 1.0586 1.1467
v 1.2241 1.0301 1.1965
v 1.2280 1.1085 1.1735
v 1.2357 1.0801 1.2232
v 1.2734 1.0363 1.2260
v 1.2773 1.1147 1.2030
v 1.3008 1.0404 1.2066
v 1.3037 1.0984 1.1896
v 1.2866 1.0245 1.1500
v 1.2895 1.0825 1.1330
v 1.2420 1.0471 1.2196
v 1.2449 1.1051 1.2025
v 1.2278 1.0312 1.1629
v 1.2307 1.0892 1.1459
v 1.2118 1.5260 1.0710
v 1.2324 1.5399 0.9981
v 1.3027 1.5605 1.0218
v 1.2821 1.5467 1.0948
v 1.2741 1.4917 1.0414
v 1.2404 1.5949 1.0515
v 1.2358 1.4916 1.0611
v 1.2418 1.5329 1.1012
v 1.2105 1.5690 1.0687
v 1.2045 1.5278 1.0286
v 1.2512 1.5020 1.0064
v 1.2259 1.5794 1.0139
v 1.2727 1.5537 0.9917
v 1.3040 1.5175 1.0242
v 1.2787 1.5949 1.0318
v 1.3100 1.5588 1.0643
v 1.2885 1.5071 1.0789
v 1.2633 1.5845 1.0865
v 1.2552 1.5069 1.0842
v 1.2364 1.5643 1.0898
v 1.2275 1.5031 1.0304
v 1.2088 1.5605 1.0360
v 1.3057 1.5261 1.0568
v 1.2870 1.5834 1.0624
v 1.2780 1.5223 1.0031
v 1.2593 1.5796 1.0087
v 1.3049 1.0697 1.1124
v 1.3255 1.0835 1.0394
v 1.3958 1.1042 1.0632
v 1.3752 1.0904 1.1362
v 1.3672 1.0353 1.0828
v 1.3335 1.1385 1.0928
v 1.3289 1.0353 1.1025
v 1.3349 1.0766 1.1425
v 1.3036 1.1127 1.1100
v 1.2976 1.0714 1.0700
v 1.3443 1.0457 1.0477
v 1.3190 1.1231 1.0553
v 1.3658 1.0973 1.0331
v 1.3971 1.0612 1.0656
v 1.3718 1.1386 1.0731
v 1.4031 1.1024 1.1056
v 1.3816 1.0508 1.1203
v 1.3564 1.1282 1.1279
v 1.3483 1.0506 1.1256
v 1.3295 1.1079 1.1312
v 1.3206 1.0468 1.0718
v 1.3019 1.1041 1.0774
v 1.3988 1.0698 1.0982
v 1.3801 1.1271 1.1038
v 1.3711 1.0660 1.0445
v 1.3524 1.1233 1.0501
v 1.2410 1.4110 1.0836
v 1.2628 1.4204 1.0103
v 1.3345 1.4366 1.0337
v 1.3126 1.4272 1.1070
v 1.3007 1.3709 1.0557
v 1.2748 1.4767 1.0616
v 1.2624 1.3745 1.0752
v 1.2713 1.4168 1.1137
v 1.2430 1.4539 1.0796
v 1.2340 1.4116 1.0411
v 1.2788 1.3816 1.0202
v 1.2594 1.4609 1.0246
v 1.3041 1.4308 1.0037
v 1.3325 1.3937 1.0378
v 1.3131 1.4731 1.0421
v 1.3415 1.4360 1.0762
v 1.3161 1.3867 1.0928
v 1.2967 1.4660 1.0971
v 1.2828 1.3892 1.0978
v 1.2684 1.4480 1.1010
v 1.2551 1.3854 1.0440
v 1.2408 1.4442 1.0473
v 1.3347 1.4034 1.0701
v 1.3203 1.4622 1.0733
v 1.3071 1.3996 1.0163
v 1.2927 1.4584 1.0196
v 1.2882 1.1738 1.0951
v 1.3073 1.1919 1.0226
v 1.3761 1.2169 1.0469
v 1.3570 1.1988 1.1193
v 1.3528 1.1454 1.0639
v 1.3115 1.2453 1.0780
v 1.3147 1.1417 1.0837
v 1.3179 1.1818 1.1253
v 1.2838 1.2167 1.0943
v 1.2806 1.1766 1.0527
v 1.3289 1.1553 1.0294
v 1.2980 1.2303 1.0400
v 1.3464 1.2089 1.0166
v 1.3805 1.1740 1.0476
v 1.3496 1.2490 1.0582
v 1.3837 1.2140 1.0892
v 1.3663 1.1604 1.1019
v 1.3354 1.2354 1.1126
v 1.3330 1.1575 1.1073
v 1.3101 1.2130 1.1152
v 1.3054 1.1537 1.0535
v 1.2825 1.2092 1.0614
v 1.3818 1.1814 1.0805
v 1.3589 1.2370 1.0884
v 1.3542 1.1776 1.0268
v 1.3313 1.2332 1.0346
v 1.2677 1.2853 1.0978
v 1.2867 1.3034 1.0253
v 1.3555 1.3284 1.0496
v 1.3365 1.3103 1.1220
v 1.3322 1.2569 1.0666
v 1.2910 1.3568 1.0807
v 1.2941 1.2532 1.0864
v 1.2974 1.2933 1.1280
v 1.2632 1.3282 1.0970
v 1.2600 1.2881 1.0554
v 1.3084 1.2668 1.0321
v 1.2775 1.3418 1.0427
v 1.3259 1.3204 1.0193
v 1.3600 1.2855 1.0503
v 1.3291 1.3605 1.0609
v 1.3632 1.3255 1.0919
v 1.3457 1.2719 1.1046
v 1.3148 1.3469 1.1153
v 1.3125 1.2690 1.1100
v 1.2896 1.3245 1.1179
v 1.2849 1.2652 1.0562
v 1.2620 1.3208 1.0641
v 1.3613 1.2929 1.0832
v 1.3384 1.3485 1.0911
v 1.3336 1.2891 1.0295
v 1.3107 1.3447 1.0373
v 1.3434 1.2454 0.9970
v 1.3669 1.2433 0.9236
v 1.4403 1.2480 0.9470
v 1.4167 1.2501 1.0204
v 1.3945 1.1923 0.9744
v 1.3892 1.3011 0.9695
v 1.3575 1.2050 0.9926
v 1.3742 1.2483 1.0270
v 1.3535 1.2866 0.9889
v 1.3368 1.2432 0.9544
v 1.3752 1.2033 0.9375
v 1.3712 1.2849 0.9338
v 1.4095 1.2451 0.9169
v 1.4302 1.2068 0.9551
v 1.4261 1.2884 0.9514
v 1.4468 1.2502 0.9895
v 1.4125 1.2085 1.0101
v 1.4085 1.2901 1.0064
v 1.3802 1.2177 1.0141
v 1.3773 1.2781 1.0114
v 1.3526 1.2139 0.9603
v 1.3496 1.2743 0.9576
v 1.4340 1.2191 0.9863
v 1.4311 1.2795 0.9836
v 1.4064 1.2153 0.9326
v 1.4034 1.2757 0.9298
v 1.2955 1.4522 0.9928
v 1.3181 1.4580 0.9193
v 1.3905 1.4707 0.9426
v 1.3679 1.4648 1.0161
v 1.3528 1.4078 0.9665
v 1.3332 1.5150 0.9690
v 1.3147 1.4143 0.9856
v 1.3260 1.4570 1.0228
v 1.3001 1.4947 0.9875
v 1.2887 1.4519 0.9503
v 1.3317 1.4186 0.9305
v 1.3170 1.4991 0.9324
v 1.3600 1.4658 0.9126
v 1.3860 1.4281 0.9480
v 1.3713 1.5086 0.9498
v 1.3973 1.4709 0.9852
v 1.3690 1.4238 1.0031
v 1.3543 1.5042 1.0049
v 1.3359 1.4284 1.0078
v 1.3250 1.4880 1.0092
v 1.3082 1.4246 0.9541
v 1.2974 1.4842 0.9555
v 1.3887 1.4387 0.9800
v 1.3778 1.4982 0.9814
v 1.3610 1.4349 0.9262
v 1.3502 1.4944 0.9276
v 1.3213 1.3582 0.9956
v 1.3449 1.3555 0.9223
v 1.4182 1.3597 0.9457
v 1.3947 1.3624 1.0190
v 1.3720 1.3045 0.9733
v 1.3675 1.4133 0.9680
v 1.3351 1.3176 0.9914
v 1.3521 1.3609 1.0257
v 1.3318 1.3992 0.9874
v 1.3148 1.3558 0.9531
v 1.3528 1.3156 0.9364
v 1.3494 1.3972 0.9324
v 1.3875 1.3570 0.9156
v 1.4078 1.3187 0.9539
v 1.4044 1.4003 0.9499
v 1.4248 1.3621 0.9882
v 1.3901 1.3207 1.0090
v 1.3868 1.4023 1.0049
v 1.3580 1.3302 1.0129
v 1.3554 1.3906 1.0099
v 1.3303 1.3264 0.9591
v 1.3278 1.3868 0.9562
v 1.4118 1.3311 0.9852
v 1.4093 1.3915 0.9822
v 1.3841 1.3273 0.9314
v 1.3816 1.3877 0.9284
v 1.3543 1.3787 0.8975
v 1.3778 1.3766 0.8242
v 1.4511 1.3812 0.8476
v 1.4276 1.3834 0.9209
v 1.4054 1.3256 0.8750
v 1.4000 1.4344 0.8701
v 1.3684 1.3382 0.8931
v 1.3850 1.3816 0.9276
v 1.3643 1.4198 0.8895
v 1.3477 1.3765 0.8550
v 1.3860 1.3366 0.8381
v 1.3820 1.4182 0.8344
v 1.4203 1.3784 0.8175
v 1.4410 1.3401 0.8556
v 1.4370 1.4217 0.8520
v 1.4577 1.3835 0.8901
v 1.4233 1.3417 0.9107
v 1.4193 1.4233 0.9070
v 1.3911 1.3510 0.9147
v 1.3881 1.4114 0.9120
v 1.3634 1.3472 0.8609
v 1.3605 1.4076 0.8582
v 1.4449 1.3524 0.8869
v 1.4419 1.4128 0.8842
v 1.4172 1.3486 0.8332
v 1.4143 1.4090 0.8304
v 1.3273 1.6101 0.9137
v 1.3461 1.5528 0.9081
v 1.3550 1.6139 0.9674
v 1.3737 1.5566 0.9618
v 1.2768 1.5910 0.9410
v 1.2955 1.5336 0.9354
v 1.3045 1.5947 0.9948
v 1.3232 1.5374 0.9892
v 1.3313 1.6150 0.9915
v 1.3566 1.5376 0.9839
v 1.3780 1.5893 0.9693
v 1.3467 1.6254 0.9367
v 1.3720 1.5480 0.9292
v 1.3407 1.5842 0.8967
v 1.2940 1.6099 0.9189
v 1.3192 1.5325 0.9114
v 1.2725 1.5583 0.9336
v 1.2785 1.5995 0.9737
v 1.3098 1.5634 1.0062
v 1.3038 1.5221 0.9661
v 1.3084 1.6254 0.9565
v 1.3421 1.5222 0.9464
v 1.3501 1.5772 0.9998
v 1.3707 1.5910 0.9268
v 1.3004 1.5704 0.9031
v 1.2798 1.5565 0.9760
v 1.3729 1.1132 1.0010
v 1.3935 1.1270 0.9280
v 1.4638 1.1477 0.9518
v 1.4433 1.1339 1.0248
v 1.4352 1.0789 0.9714
v 1.4015 1.1821 0.9814
v 1.3969 1.0788 0.9911
v 1.4029 1.1201 1.0311
v 1.3716 1.1562 0.9986
v 1.3656 1.1150 0.9586
v 1.4123 1.0892 0.9363
v 1.3871 1.1666 0.9439
v 1.4338 1.1408 0.9216
v 1.4651 1.1047 0.9542
v 1.4398 1.1821 0.9617
v 1.4711 1.1460 0.9942
v 1.4497 1.0943 1.0089
v 1.4244 1.1717 1.0164
v 1.4163 1.0941 1.0141
v 1.3976 1.1514 1.0197
v 1.3886 1.0903 0.9604
v 1.3699 1.1476 0.9660
v 1.4668 1.1133 0.9868
v 1.4481 1.1706 0.9924
v 1.4392 1.1095 0.9330
v 1.4204 1.1668 0.9386
v 1.3822 1.2694 0.9153
v 1.4058 1.2672 0.8419
v 1.4791 1.2719 0.8653
v 1.4555 1.2740 0.9386
v 1.4333 1.2162 0.8927
v 1.4280 1.3250 0.8878
v 1.3963 1.2289 0.9108
v 1.4130 1.2722 0.9453
v 1.3923 1.3105 0.9072
v 1.3757 1.2671 0.8727
v 1.4140 1.2273 0.8558
v 1.4100 1.3089 0.8521
v 1.4483 1.2690 0.8352
v 1.4690 1.2308 0.8734
v 1.4650 1.3124 0.8697
v 1.4856 1.2741 0.9078
v 1.4513 1.2324 0.9284
v 1.4473 1.3140 0.9247
v 1.4191 1.2416 0.9324
v 1.4161 1.3020 0.9297
v 1.3914 1.2378 0.8786
v 1.3884 1.2982 0.8759
v 1.4729 1.2430 0.9046
v 1.4699 1.3034 0.9019
v 1.4452 1.2392 0.8509
v 1.4422 1.2996 0.8481
v 1.3381 1.4809 0.8667
v 1.3607 1.4868 0.7932
v 1.4331 1.4994 0.8165
v 1.4105 1.4936 0.8900
v 1.3954 1.4366 0.8403
v 1.3758 1.5438 0.8428
v 1.3573 1.4430 0.8595
v 1.3686 1.4858 0.8967
v 1.3427 1.5235 0.8613
v 1.3313 1.4807 0.8241
v 1.3743 1.4474 0.8044
v 1.3596 1.5278 0.8062
v 1.4026 1.4946 0.7865
v 1.4286 1.4569 0.8218
v 1.4139 1.5373 0.8237
v 1.4399 1.4997 0.8591
v 1.4116 1.4525 0.8769
v 1.3970 1.5329 0.8788
v 1.3785 1.4572 0.8817
v 1.3676 1.5167 0.8831
v 1.3508 1.4534 0.8280
v 1.3400 1.5129 0.8293
v 1.4313 1.4674 0.8538
v 1.4204 1.5270 0.8552
v 1.4036 1.4636 0.8001
v 1.3928 1.5232 0.8015
v 1.3889 1.3928 0.7814
v 1.4124 1.3906 0.7081
v 1.4858 1.3953 0.7314
v 1.4622 1.3975 0.8048
v 1.4400 1.3397 0.7589
v 1.4347 1.4484 0.7540
v 1.4030 1.3523 0.7770
v 1.4197 1.3957 0.8115
v 1.3990 1.4339 0.7733
v 1.3823 1.3906 0.7389
v 1.4207 1.3507 0.7220
v 1.4167 1.4323 0.7183
v 1.4550 1.3924 0.7014
v 1.4757 1.3542 0.7395
v 1.4716 1.4358 0.7358
v 1.4923 1.3976 0.7740
v 1.4580 1.3558 0.7946
v 1.4540 1.4374 0.7909
v 1.4257 1.3650 0.7986
v 1.4228 1.4255 0.7958
v 1.3981 1.3612 0.7448
v 1.3951 1.4217 0.7421
v 1.4795 1.3664 0.7708
v 1.4766 1.4269 0.7681
v 1.4519 1.3626 0.7170
v 1.4489 1.4231 0.7143
v 1.4002 1.1402 0.9109
v 1.4192 1.1583 0.8384
v 1.4880 1.1832 0.8627
v 1.4690 1.1651 0.9352
v 1.4647 1.1117 0.8797
v 1.4235 1.2117 0.8939
v 1.4266 1.1081 0.8996
v 1.4298 1.1481 0.9412
v 1.3957 1.1830 0.9102
v 1.3925 1.1430 0.8686
v 1.4409 1.1217 0.8452
v 1.4100 1.1966 0.8558
v 1.4584 1.1753 0.8324
v 1.4925 1.1404 0.8634
v 1.4616 1.2153 0.8740
v 1.4957 1.1804 0.9050
v 1.4782 1.1268 0.9178
v 1.4473 1.2017 0.9284
v 1.4450 1.1239 0.9231
v 1.4221 1.1794 0.9310
v 1.4173 1.1201 0.8694
v 1.3944 1.1756 0.8772
v 1.4938 1.1478 0.8964
v 1.4709 1.2033 0.9042
v 1.4661 1.1440 0.8426
v 1.4432 1.1995 0.8505
v 1.3121 1.5695 0.8687
v 1.3311 1.5876 0.7962
v 1.3999 1.6125 0.8205
v 1.3809 1.5944 0.8930
v 1.3766 1.5410 0.8375
v 1.3354 1.6410 0.8517
v 1.3386 1.5374 0.8573
v 1.3418 1.5774 0.8989
v 1.3076 1.6123 0.8680
v 1.3044 1.5723 0.8264
v 1.3528 1.5510 0.8030
v 1.3219 1.6259 0.8136
v 1.3703 1.6046 0.7902
v 1.4044 1.5697 0.8212
v 1.3735 1.6446 0.8318
v 1.4076 1.6097 0.8628
v 1.3901 1.5561 0.8756
v 1.3592 1.6310 0.8862
v 1.3569 1.5532 0.8809
v 1.3340 1.6087 0.8888
v 1.3293 1.5494 0.8272
v 1.3064 1.6049 0.8350
v 1.4057 1.5771 0.8541
v 1.3828 1.6326 0.8620
v 1.3780 1.5733 0.8004
v 1.3551 1.6288 0.8082
v 1.3417 1.5906 0.7571
v 1.3607 1.6087 0.6846
v 1.4295 1.6336 0.7089
v 1.4105 1.6155 0.7814
v 1.4062 1.5621 0.7259
v 1.3650 1.6621 0.7401
v 1.3681 1.5585 0.7458
v 1.3713 1.5985 0.7874
v 1.3372 1.6334 0.7564
v 1.3340 1.5934 0.7148
v 1.3824 1.5721 0.6914
v 1.3515 1.6470 0.7020
v 1.3999 1.6257 0.6787
v 1.4340 1.5908 0.7096
v 1.4031 1.6657 0.7203
v 1.4372 1.6308 0.7512
v 1.4197 1.5772 0.7640
v 1.3888 1.6521 0.7746
v 1.3865 1.5743 0.7694
v 1.3636 1.6298 0.7772
v 1.3588 1.5705 0.7156
v 1.3359 1.6260 0.7235
v 1.4353 1.5982 0.7426
v 1.4124 1.6537 0.7504
v 1.4076 1.5944 0.6888
v 1.3847 1.6499 0.6967
v 1.3648 1.4830 0.7645
v 1.3838 1.4636 0.6924
v 1.4526 1.4972 0.7015
v 1.4336 1.5166 0.7737
v 1.4293 1.4430 0.7511
v 1.3881 1.5372 0.7149
v 1.3912 1.4494 0.7702
v 1.3944 1.5046 0.7871
v 1.3603 1.5201 0.7431
v 1.3571 1.4649 0.7262
v 1.4055 1.4349 0.7161
v 1.3745 1.5056 0.6890
v 1.4229 1.4756 0.6789
v 1.4571 1.4601 0.7229
v 1.4261 1.5308 0.6958
v 1.4603 1.5153 0.7399
v 1.4428 1.4746 0.7771
v 1.4119 1.5453 0.7499
v 1.4095 1.4747 0.7831
v 1.3866 1.5270 0.7631
v 1.3819 1.4453 0.7380
v 1.3590 1.4976 0.7179
v 1.4583 1.4826 0.7481
v 1.4354 1.5350 0.7280
v 1.4307 1.4532 0.7030
v 1.4078 1.5055 0.6829
v 1.4205 1.2742 0.8122
v 1.4395 1.2549 0.7401
v 1.5083 1.2884 0.7492
v 1.4893 1.3078 0.8213
v 1.4850 1.2342 0.7988
v 1.4438 1.3285 0.7626
v 1.4469 1.2407 0.8179
v 1.4502 1.2959 0.8348
v 1.4160 1.3113 0.7908
v 1.4128 1.2561 0.7739
v 1.4612 1.2261 0.7638
v 1.4303 1.2968 0.7367
v 1.4787 1.2668 0.7266
v 1.5128 1.2513 0.7706
v 1.4819 1.3220 0.7435
v 1.5160 1.3065 0.7875
v 1.4985 1.2659 0.8247
v 1.4676 1.3365 0.7976
v 1.4653 1.2659 0.8308
v 1.4424 1.3183 0.8107
v 1.4377 1.2365 0.7857
v 1.4148 1.2889 0.7656
v 1.5141 1.2738 0.7958
v 1.4912 1.3262 0.7757
v 1.4864 1.2444 0.7507
v 1.4635 1.2968 0.7306
v 1.4679 1.1721 0.8290
v 1.4680 1.1576 0.7533
v 1.5359 1.1935 0.7465
v 1.5358 1.2080 0.8222
v 1.5278 1.1357 0.7968
v 1.4761 1.2299 0.7787
v 1.4958 1.1394 0.8255
v 1.5018 1.1937 0.8445
v 1.4570 1.2101 0.8119
v 1.4510 1.1559 0.7928
v 1.4959 1.1286 0.7687
v 1.4571 1.1992 0.7551
v 1.5020 1.1719 0.7309
v 1.5468 1.1555 0.7636
v 1.5080 1.2262 0.7500
v 1.5528 1.2098 0.7826
v 1.5467 1.1664 0.8204
v 1.5079 1.2371 0.8068
v 1.5162 1.1647 0.8348
v 1.4875 1.2170 0.8248
v 1.4786 1.1367 0.7965
v 1.4499 1.1890 0.7865
v 1.5540 1.1766 0.7890
v 1.5253 1.2290 0.7789
v 1.5163 1.1486 0.7507
v 1.4876 1.2009 0.7406
v -1.2033 1.5092 1.0727
v -1.2239 1.5230 0.9997
v -1.2943 1.5437 1.0235
v -1.2737 1.5298 1.0964
v -1.2656 1.4748 1.0430
v -1.2319 1.5780 1.0531
v -1.2273 1.4748 1.0627
v -1.2333 1.5160 1.1028
v -1.2020 1.5522 1.0703
v -1.1960 1.5109 1.0302
v -1.2428 1.4851 1.0080
v -1.2175 1.5625 1.0155
v -1.2642 1.5368 0.9933
v -1.2955 1.5006 1.0258
v -1.2703 1.5780 1.0334
v -1.3016 1.5419 1.0659
v -1.2801 1.4903 1.0806
v -1.2548 1.5677 1.0881
v -1.2467 1.4900 1.0858
v -1.2280 1.5474 1.0914
v -1.2191 1.4863 1.0321
v -1.2003 1.5436 1.0377
v -1.2972 1.5092 1.0585
v -1.2785 1.5665 1.0641
v -1.2696 1.5054 1.0047
v -1.2509 1.5628 1.0103
v -1.2964 1.0528 1.1140
v -1.3170 1.0667 1.0411
v -1.3874 1.0873 1.0648
v -1.3668 1.0735 1.1378
v -1.3587 1.0185 1.0844
v -1.3250 1.1217 1.0945
v -1.3204 1.0184 1.1041
v -1.3264 1.0597 1.1442
v -1.2951 1.0958 1.1117
v -1.2891 1.0546 1.0716
v -1.3359 1.0288 1.0494
v -1.3106 1.1062 1.0569
v -1.3573 1.0805 1.0347
v -1.3886 1.0443 1.0672
v -1.3634 1.1217 1.0748
v -1.3947 1.0856 1.1073
v -1.3732 1.0339 1.1219
v -1.3479 1.1113 1.1295
v -1.3398 1.0337 1.1272
v -1.3211 1.0910 1.1328
v -1.3122 1.0299 1.0734
v -1.2934 1.0873 1.0790
v -1.3903 1.0529 1.0998
v -1.3716 1.1102 1.1054
v -1.3627 1.0491 1.0461
v -1.3440 1.1064 1.0517
v -1.2325 1.3941 1.0852
v -1.2544 1.4035 1.0119
v -1.3260 1.4197 1.0354
v -1.3042 1.4103 1.1087
v -1.2922 1.3541 1.0574
v -1.2664 1.4598 1.0632
v -1.2539 1.3577 1.0768
v -1.2629 1.3999 1.1153
v -1.2345 1.4370 1.0812
v -1.2256 1.3948 1.0427
v -1.2703 1.3647 1.0218
v -1.2509 1.4440 1.0262
v -1.2957 1.4140 1.0053
v -1.3240 1.3769 1.0394
v -1.3047 1.4562 1.0438
v -1.3330 1.4191 1.0779
v -1.3076 1.3698 1.0944
v -1.2883 1.4491 1.0988
v -1.2743 1.3723 1.0994
v -1.2600 1.4311 1.1027
v -1.2467 1.3685 1.0457
v -1.2323 1.4273 1.0489
v -1.3263 1.3866 1.0717
v -1.3119 1.4453 1.0749
v -1.2986 1.3828 1.0179
v -1.2843 1.4415 1.0212
v -1.2798 1.1569 1.0967
v -1.2988 1.1751 1.0242
v -1.3676 1.2000 1.0485
v -1.3486 1.1819 1.1210
v -1.3443 1.1285 1.0655
v -1.3031 1.2284 1.0797
v -1.3062 1.1249 1.0854
v -1.3094 1.1649 1.1269
v -1.2753 1.1998 1.0960
v -1.2721 1.1598 1.0544
v -1.3205 1.1384 1.0310
v -1.2896 1.2134 1.0416
v -1.3380 1.1921 1.0182
v -1.3721 1.1571 1.0492
v -1.3412 1.2321 1.0598
v -1.3753 1.1972 1.0908
v -1.3578 1.1436 1.1036
v -1.3269 1.2185 1.1142
v -1.3246 1.1406 1.1089
v -1.3017 1.1962 1.1168
v -1.2969 1.1369 1.0552
v -1.2740 1.1924 1.0630
v -1.3734 1.1646 1.0821
v -1.3505 1.2201 1.0900
v -1.3457 1.1608 1.0284
v -1.3228 1.2163 1.0363
v -1.2593 1.2684 1.0994
v -1.2783 1.2866 1.0269
v -1.3471 1.3115 1.0512
v -1.3281 1.2934 1.1237
v -1.3238 1.2400 1.0682
v -1.2826 1.3399 1.0824
v -1.2857 1.2364 1.0881
v -1.2889 1.2764 1.1296
v -1.2548 1.3113 1.0987
v -1.2516 1.2713 1.0571
v -1.3000 1.2499 1.0337
v -1.2690 1.3249 1.0443
v -1.3174 1.3036 1.0209
v -1.3516 1.2686 1.0519
v -1.3206 1.3436 1.0625
v -1.3548 1.3087 1.0935
v -1.3373 1.2551 1.1063
v -1.3064 1.3300 1.1169
v -1.3041 1.2522 1.1116
v -1.2812 1.3077 1.1195
v -1.2764 1.2484 1.0579
v -1.2535 1.3039 1.0657
v -1.3528 1.2761 1.0848
v -1.3299 1.3316 1.0927
v -1.3252 1.2723 1.0311
v -1.3023 1.3278 1.0390
v -1.3350 1.2286 0.9986
v -1.3585 1.2264 0.9252
v -1.4318 1.2311 0.9486
v -1.4083 1.2332 1.0220
v -1.3861 1.1754 0.9761
v -1.3807 1.2842 0.9711
v -1.3491 1.1881 0.9942
v -1.3657 1.2314 1.0286
v -1.3451 1.2697 0.9905
v -1.3284 1.2263 0.9561
v -1.3667 1.1865 0.9392
v -1.3627 1.2681 0.9355
v -1.4010 1.2282 0.9186
v -1.4217 1.1900 0.9567
v -1.4177 1.2716 0.9530
v -1.4384 1.2333 0.9911
v -1.4041 1.1916 1.0117
v -1.4000 1.2732 1.0080
v -1.3718 1.2008 1.0157
v -1.3688 1.2612 1.0130
v -1.3441 1.1970 0.9620
v -1.3412 1.2575 0.9592
v -1.4256 1.2022 0.9880
v -1.4226 1.2626 0.9852
v -1.3979 1.1984 0.9342
v -1.3950 1.2588 0.9315
v -1.2871 1.4353 0.9944
v -1.3097 1.4411 0.9210
v -1.3821 1.4538 0.9443
v -1.3594 1.4480 1.0177
v -1.3443 1.3909 0.9681
v -1.3248 1.4982 0.9706
v -1.3063 1.3974 0.9872
v -1.3176 1.4402 1.0245
v -1.2916 1.4778 0.9891
v -1.2803 1.4351 0.9519
v -1.3232 1.4018 0.9321
v -1.3086 1.4822 0.9340
v -1.3515 1.4489 0.9143
v -1.3775 1.4113 0.9496
v -1.3629 1.4917 0.9515
v -1.3889 1.4540 0.9868
v -1.3606 1.4069 1.0047
v -1.3459 1.4873 1.0066
v -1.3274 1.4115 1.0095
v -1.3166 1.4711 1.0109
v -1.2998 1.4077 0.9557
v -1.2889 1.4673 0.9571
v -1.3802 1.4218 0.9816
v -1.3694 1.4814 0.9830
v -1.3526 1.4180 0.9278
v -1.3417 1.4776 0.9292
v -1.3129 1.3413 0.9973
v -1.3365 1.3387 0.9239
v -1.4098 1.3429 0.9473
v -1.3862 1.3455 1.0207
v -1.3636 1.2877 0.9750
v -1.3591 1.3965 0.9696
v -1.3267 1.3007 0.9930
v -1.3437 1.3440 1.0273
v -1.3233 1.3823 0.9890
v -1.3063 1.3389 0.9547
v -1.3444 1.2987 0.9380
v -1.3410 1.3803 0.9340
v -1.3790 1.3401 0.9173
v -1.3994 1.3019 0.9556
v -1.3960 1.3835 0.9516
v -1.4163 1.3452 0.9898
v -1.3817 1.3038 1.0106
v -1.3783 1.3854 1.0066
v -1.3495 1.3133 1.0145
v -1.3470 1.3738 1.0116
v -1.3219 1.3095 0.9608
v -1.3193 1.3700 0.9578
v -1.4033 1.3142 0.9868
v -1.4008 1.3746 0.9838
v -1.3757 1.3104 0.9330
v -1.3732 1.3708 0.9301
v -1.3458 1.3619 0.8992
v -1.3693 1.3597 0.8258
v -1.4427 1.3644 0.8492
v -1.4191 1.3665 0.9226
v -1.3969 1.3087 0.8766
v -1.3916 1.4175 0.8717
v -1.3599 1.3214 0.8948
v -1.3766 1.3647 0.9292
v -1.3559 1.4030 0.8911
v -1.3392 1.3596 0.8566
v -1.3776 1.3198 0.8397
v -1.3736 1.4013 0.8361
v -1.4119 1.3615 0.8191
v -1.4326 1.3233 0.8573
v -1.4285 1.4048 0.8536
v -1.4492 1.3666 0.8917
v -1.4149 1.3249 0.9123
v -1.4109 1.4065 0.9086
v -1.3826 1.3341 0.9163
v -1.3797 1.3945 0.9136
v -1.3550 1.3303 0.8626
v -1.3520 1.3907 0.8598
v -1.4364 1.3355 0.8885
v -1.4335 1.3959 0.8858
v -1.4088 1.3317 0.8348
v -1.4058 1.3921 0.8321
v -1.3189 1.5933 0.9153
v -1.3376 1.5359 0.9097
v -1.3465 1.5970 0.9691
v -1.3653 1.5397 0.9635
v -1.2684 1.5741 0.9426
v -1.2871 1.5168 0.9371
v -1.2960 1.5779 0.9964
v -1.3147 1.5205 0.9908
v -1.3228 1.5982 0.9931
v -1.3481 1.5208 0.9856
v -1.3696 1.5724 0.9709
v -1.3383 1.6085 0.9384
v -1.3636 1.5311 0.9308
v -1.3323 1.5673 0.8983
v -1.2855 1.5930 0.9205
v -1.3108 1.5156 0.9130
v -1.2640 1.5414 0.9352
v -1.2701 1.5827 0.9753
v -1.3014 1.5465 1.0078
v -1.2953 1.5053 0.9677
v -1.3000 1.6085 0.9581
v -1.3337 1.5053 0.9480
v -1.3417 1.5603 1.0014
v -1.3623 1.5742 0.9285
v -1.2919 1.5535 0.9047
v -1.2713 1.5396 0.9777
v -1.3644 1.0963 1.0026
v -1.3850 1.1102 0.9296
v -1.4554 1.1308 0.9534
v -1.4348 1.1170 1.0264
v -1.4268 1.0620 0.9730
v -1.3931 1.1652 0.9830
v -1.3884 1.0619 0.9927
v -1.3945 1.1032 1.0328
v -1.3632 1.1393 1.0002
v -1.3571 1.0981 0.9602
v -1.4039 1.0723 0.9380
v -1.3786 1.1497 0.9455
v -1.4254 1.1240 0.9233
v -1.4567 1.0878 0.9558
v -1.4314 1.1652 0.9633
v -1.4627 1.1291 0.9958
v -1.4412 1.0774 1.0105
v -1.4159 1.1548 1.0181
v -1.4078 1.0772 1.0158
v -1.3891 1.1346 1.0214
v -1.3802 1.0734 0.9620
v -1.3615 1.1308 0.9676
v -1.4584 1.0964 0.9884
v -1.4396 1.1537 0.9940
v -1.4307 1.0926 0.9347
v -1.4120 1.1499 0.9403
v -1.3738 1.2525 0.9169
v -1.3973 1.2503 0.8435
v -1.4706 1.2550 0.8669
v -1.4471 1.2572 0.9403
v -1.4249 1.1994 0.8943
v -1.4195 1.3081 0.8894
v -1.3879 1.2120 0.9125
v -1.4045 1.2554 0.9469
v -1.3839 1.2936 0.9088
v -1.3672 1.2502 0.8743
v -1.4055 1.2104 0.8574
v -1.4015 1.2920 0.8538
v -1.4399 1.2521 0.8369
v -1.4605 1.2139 0.8750
v -1.4565 1.2955 0.8713
v -1.4772 1.2572 0.9094
v -1.4429 1.2155 0.9300
v -1.4389 1.2971 0.9263
v -1.4106 1.2247 0.9340
v -1.4076 1.2852 0.9313
v -1.3830 1.2209 0.8803
v -1.3800 1.2814 0.8775
v -1.4644 1.2261 0.9062
v -1.4614 1.2866 0.9035
v -1.4368 1.2223 0.8525
v -1.4338 1.2828 0.8498
v -1.3297 1.4641 0.8683
v -1.3523 1.4699 0.7948
v -1.4247 1.4825 0.8181
v -1.4021 1.4767 0.8916
v -1.3869 1.4197 0.8420
v -1.3674 1.5269 0.8445
v -1.3489 1.4262 0.8611
v -1.3602 1.4689 0.8983
v -1.3342 1.5066 0.8630
v -1.3229 1.4638 0.8258
v -1.3658 1.4305 0.8060
v -1.3512 1.5110 0.8079
v -1.3941 1.4777 0.7881
v -1.4201 1.4400 0.8235
v -1.4055 1.5204 0.8253
v -1.4315 1.4828 0.8607
v -1.4032 1.4357 0.8786
v -1.3885 1.5161 0.8804
v -1.3700 1.4403 0.8833
v -1.3592 1.4999 0.8847
v -1.3424 1.4365 0.8296
v -1.3315 1.4961 0.8310
v -1.4228 1.4505 0.8555
v -1.4120 1.5101 0.8569
v -1.3952 1.4468 0.8017
v -1.3843 1.5063 0.8031
v -1.3805 1.3759 0.7831
v -1.4040 1.3738 0.7097
v -1.4773 1.3784 0.7331
v -1.4538 1.3806 0.8064
v -1.4316 1.3228 0.7605
v -1.4262 1.4316 0.7556
v -1.3946 1.3355 0.7787
v -1.4112 1.3788 0.8131
v -1.3906 1.4170 0.7750
v -1.3739 1.3737 0.7405
v -1.4122 1.3338 0.7236
v -1.4082 1.4154 0.7199
v -1.4465 1.3756 0.7030
v -1.4672 1.3373 0.7412
v -1.4632 1.4189 0.7375
v -1.4839 1.3807 0.7756
v -1.4496 1.3389 0.7962
v -1.4455 1.4205 0.7925
v -1.4173 1.3482 0.8002
v -1.4143 1.4086 0.7975
v -1.3896 1.3444 0.7464
v -1.3867 1.4048 0.7437
v -1.4711 1.3496 0.7724
v -1.4681 1.4100 0.7697
v -1.4434 1.3458 0.7187
v -1.4405 1.4062 0.7159
v -1.3918 1.1233 0.9125
v -1.4108 1.1414 0.8400
v -1.4796 1.1663 0.8643
v -1.4605 1.1482 0.9368
v -1.4563 1.0949 0.8813
v -1.4151 1.1948 0.8955
v -1.4182 1.0912 0.9012
v -1.4214 1.1312 0.9428
v -1.3873 1.1662 0.9118
v -1.3841 1.1261 0.8702
v -1.4325 1.1048 0.8468
v -1.4015 1.1797 0.8574
v -1.4499 1.1584 0.8341
v -1.4840 1.1235 0.8650
v -1.4531 1.1984 0.8757
v -1.4873 1.1635 0.9066
v -1.4698 1.1099 0.9194
v -1.4389 1.1849 0.9300
v -1.4365 1.1070 0.9248
v -1.4136 1.1625 0.9326
v -1.4089 1.1032 0.8710
v -1.3860 1.1587 0.8789
v -1.4853 1.1309 0.8980
v -1.4624 1.1864 0.9059
v -1.4577 1.1271 0.8442
v -1.4348 1.1826 0.8521
v -1.3037 1.5526 0.8703
v -1.3227 1.5707 0.7978
v -1.3915 1.5956 0.8221
v -1.3725 1.5775 0.8946
v -1.3682 1.5241 0.8391
v -1.3270 1.6241 0.8533
v -1.3301 1.5205 0.8590
v -1.3333 1.5605 0.9006
v -1.2992 1.5954 0.8696
v -1.2960 1.5554 0.8280
v -1.3444 1.5341 0.8046
v -1.3135 1.6090 0.8152
v -1.3618 1.5877 0.7918
v -1.3960 1.5528 0.8228
v -1.3650 1.6277 0.8334
v -1.3992 1.5928 0.8644
v -1.3817 1.5392 0.8772
v -1.3508 1.6141 0.8878
v -1.3485 1.5363 0.8825
v -1.3256 1.5918 0.8904
v -1.3208 1.5325 0.8288
v -1.2979 1.5880 0.8366
v -1.3972 1.5602 0.8558
v -1.3743 1.6157 0.8636
v -1.3696 1.5564 0.8020
v -1.3467 1.6119 0.8099
v -1.3333 1.5737 0.7587
v -1.3523 1.5918 0.6863
v -1.4211 1.6168 0.7106
v -1.4020 1.5986 0.7830
v -1.3978 1.5453 0.7276
v -1.3566 1.6452 0.7417
v -1.3597 1.5416 0.7474
v -1.3629 1.5816 0.7890
v -1.3288 1.6166 0.7580
v -1.3256 1.5765 0.7164
v -1.3740 1.5552 0.6931
v -1.3430 1.6301 0.7037
v -1.3914 1.6088 0.6803
v -1.4255 1.5739 0.7113
v -1.3946 1.6488 0.7219
v -1.4288 1.6139 0.7529
v -1.4113 1.5603 0.7656
v -1.3804 1.6353 0.7762
v -1.3780 1.5574 0.7710
v -1.3551 1.6129 0.7788
v -1.3504 1.5536 0.7172
v -1.3275 1.6091 0.7251
v -1.4268 1.5813 0.7442
v -1.4039 1.6368 0.7521
v -1.3992 1.5775 0.6904
v -1.3763 1.6331 0.6983
v -1.3563 1.4661 0.7662
v -1.3753 1.4468 0.6940
v -1.4441 1.4804 0.7031
v -1.4251 1.4997 0.7753
v -1.4208 1.4261 0.7527
v -1.3796 1.5204 0.7166
v -1.3827 1.4326 0.7718
v -1.3860 1.4878 0.7888
v -1.3518 1.5032 0.7447
v -1.3486 1.4481 0.7278
v -1.3970 1.4180 0.7177
v -1.3661 1.4887 0.6906
v -1.4145 1.4587 0.6805
v -1.4486 1.4432 0.7246
v -1.4177 1.5139 0.6975
v -1.4518 1.4984 0.7415
v -1.4343 1.4578 0.7787
v -1.4034 1.5284 0.7516
v -1.4011 1.4578 0.7848
v -1.3782 1.5102 0.7647
v -1.3735 1.4284 0.7396
v -1.3506 1.4808 0.7195
v -1.4499 1.4657 0.7498
v -1.4270 1.5181 0.7297
v -1.4222 1.4363 0.7046
v -1.3993 1.4887 0.6845
v -1.4121 1.2573 0.8138
v -1.4311 1.2380 0.7417
v -1.4999 1.2716 0.7508
v -1.4809 1.2909 0.8230
v -1.4766 1.2173 0.8004
v -1.4354 1.3116 0.7643
v -1.4385 1.2238 0.8195
v -1.4417 1.2790 0.8364
v -1.4076 1.2945 0.7924
v -1.4044 1.2393 0.7755
v -1.4528 1.2093 0.7654
v -1.4218 1.2799 0.7383
v -1.4702 1.2499 0.7282
v -1.5044 1.2345 0.7722
v -1.4734 1.3051 0.7451
v -1.5076 1.2897 0.7892
v -1.4901 1.2490 0.8264
v -1.4592 1.3197 0.7993
v -1.4569 1.2490 0.8325
v -1.4340 1.3014 0.8124
v -1.4292 1.2196 0.7873
v -1.4063 1.2720 0.7672
v -1.5056 1.2569 0.7974
v -1.4827 1.3093 0.7774
v -1.4780 1.2275 0.7523
v -1.4551 1.2799 0.7322
v -1.4595 1.1552 0.8306
v -1.4596 1.1407 0.7549
v -1.5275 1.1767 0.7481
v -1.5274 1.1911 0.8238
v -1.5193 1.1188 0.7984
v -1.4676 1.2131 0.7803
v -1.4874 1.1226 0.8271
v -1.4934 1.1768 0.8462
v -1.4486 1.1932 0.8135
v -1.4426 1.1390 0.7945
v -1.4875 1.1117 0.7703
v -1.4487 1.1824 0.7567
v -1.4935 1.1551 0.7326
v -1.5384 1.1386 0.7652
v -1.4996 1.2093 0.7516
v -1.5444 1.1929 0.7843
v -1.5383 1.1495 0.8220
v -1.4995 1.2202 0.8084
v -1.5078 1.1478 0.8365
v -1.4791 1.2002 0.8264
v -1.4701 1.1198 0.7982
v -1.4414 1.1722 0.7881
v -1.5455 1.1597 0.7906
v -1.5168 1.2121 0.7806
v -1.5079 1.1317 0.7523
v -1.4792 1.1841 0.7423
vt 0.0562 0.7437
vt 0.0594 0.7506
vt 0.0546 0.7509
vt 0.0522 0.7484
vt 0.0493 0.7463
vt 0.0490 0.7416
vt 0.0479 0.7249
vt 0.0679 0.7303
vt 0.0760 0.7494
vt 0.0484 0.7127
vt 0.0418 0.7036
vt 0.0504 0.6999
vt 0.0576 0.7060
vt 0.0612 0.7147
vt 0.0551 0.7218
vt 0.0465 0.7255
vt 0.0393 0.7194
vt 0.0356 0.7107
vt 0.0431 0.7588
vt 0.0504 0.7609
vt 0.0515 0.7776
vt 0.0315 0.7722
vt 0.0234 0.7531
vt 0.0400 0.7519
vt 0.0447 0.7516
vt 0.0472 0.7541
vt 0.0500 0.7562
vt 0.0497 0.7512
vt 0.0526 0.7538
vt 0.0468 0.7487
vt 0.0572 0.7578
vt 0.0706 0.7694
vt 0.0422 0.7447
vt 0.0288 0.7330
vt 0.7674 0.7329
vt 0.7565 0.7329
vt 0.7565 0.6959
vt 0.7708 0.6959
vt 0.7931 0.7329
vt 0.7801 0.7329
vt 0.7843 0.6959
vt 0.7957 0.6959
vt 0.8062 0.6959
vt 0.8037 0.7329
vt 0.8180 0.6959
vt 0.8141 0.7329
vt 0.8261 0.7329
vt 0.8334 0.6959
vt 0.8558 0.6959
vt 0.8443 0.7329
vt 0.8827 0.6959
vt 0.8695 0.7329
vt 0.1195 0.7329
vt 0.0911 0.7329
vt 0.0801 0.6959
vt 0.1109 0.6959
vt 0.1428 0.7329
vt 0.1375 0.6959
vt 0.1595 0.6959
vt 0.1600 0.7329
vt 0.1798 0.6959
vt 0.1801 0.7329
vt 0.1991 0.6959
vt 0.2007 0.7329
vt 0.2172 0.6959
vt 0.2208 0.7329
vt 0.2335 0.6959
vt 0.2370 0.7329
vt 0.2482 0.6959
vt 0.2630 0.6959
vt 0.2630 0.7329
vt 0.2490 0.7329
vt 0.8921 0.7329
vt 0.9105 0.6959
vt 0.7199 0.7329
vt 0.7173 0.6959
vt 0.7287 0.6959
vt 0.7329 0.7329
vt 0.7093 0.7329
vt 0.7069 0.6959
vt 0.6990 0.7329
vt 0.6950 0.6959
vt 0.6869 0.7329
vt 0.6797 0.6959
vt 0.6572 0.6959
vt 0.6687 0.7329
vt 0.6436 0.7329
vt 0.6303 0.6959
vt 0.4064 0.7329
vt 0.4151 0.6959
vt 0.4459 0.6959
vt 0.4349 0.7329
vt 0.3832 0.7329
vt 0.3660 0.7329
vt 0.3665 0.6959
vt 0.3885 0.6959
vt 0.3462 0.6959
vt 0.3459 0.7329
vt 0.3269 0.6959
vt 0.3253 0.7329
vt 0.3088 0.6959
vt 0.3052 0.7329
vt 0.2925 0.6959
vt 0.2890 0.7329
vt 0.7422 0.6959
vt 0.7456 0.7329
vt 0.2778 0.6959
vt 0.2770 0.7329
vt 0.6210 0.7329
vt 0.6025 0.6959
vt 0.3288 0.6580
vt 0.3471 0.6580
vt 0.2470 0.6580
vt 0.2630 0.6580
vt 0.1789 0.6580
vt 0.1972 0.6580
vt 0.6908 0.6580
vt 0.7044 0.6580
vt 0.7565 0.6580
vt 0.7726 0.6580
vt 0.7977 0.6580
vt 0.8087 0.6580
vt 0.5849 0.6580
vt 0.6148 0.6580
vt 0.7265 0.6580
vt 0.7404 0.6580
vt 0.3678 0.6580
vt 0.1582 0.6580
vt 0.6720 0.6580
vt 0.8983 0.6580
vt 0.9281 0.6580
vt 0.8222 0.6580
vt 0.8410 0.6580
vt 0.2949 0.6580
vt 0.3113 0.6580
vt 0.7865 0.6580
vt 0.2147 0.6580
vt 0.2311 0.6580
vt 0.2790 0.6580
vt 0.3920 0.6580
vt 0.4210 0.6580
vt 0.1340 0.6580
vt 0.4527 0.6580
vt 0.6454 0.6580
vt 0.0733 0.6580
vt 0.1050 0.6580
vt 0.7153 0.6580
vt 0.8676 0.6580
vt 0.4243 0.6263
vt 0.4576 0.6263
vt 0.0684 0.6263
vt 0.1017 0.6263
vt 0.2805 0.6263
vt 0.2975 0.6263
vt 0.2285 0.6263
vt 0.2455 0.6263
vt 0.7027 0.6263
vt 0.7147 0.6263
vt 0.7983 0.6263
vt 0.8104 0.6263
vt 0.6361 0.6263
vt 0.6658 0.6263
vt 0.8472 0.6263
vt 0.8769 0.6263
vt 0.2630 0.6263
vt 0.5694 0.6263
vt 0.6030 0.6263
vt 0.9101 0.6263
vt 0.9436 0.6263
vt 0.3141 0.6263
vt 0.2119 0.6263
vt 0.6874 0.6263
vt 0.8256 0.6263
vt 0.7404 0.6263
vt 0.7565 0.6263
vt 0.7727 0.6263
vt 0.3311 0.6263
vt 0.1949 0.6263
vt 0.7265 0.6263
vt 0.7866 0.6263
vt 0.3946 0.6263
vt 0.1314 0.6263
vt 0.3491 0.6263
vt 0.3700 0.6263
vt 0.1560 0.6263
vt 0.1769 0.6263
vt 0.3735 0.5912
vt 0.3989 0.5912
vt 0.1271 0.5912
vt 0.1525 0.5912
vt 0.7135 0.5912
vt 0.7268 0.5912
vt 0.7862 0.5912
vt 0.7995 0.5912
vt 0.5958 0.5912
vt 0.6297 0.5912
vt 0.8833 0.5912
vt 0.9173 0.5912
vt 0.3341 0.5912
vt 0.3522 0.5912
vt 0.1738 0.5912
vt 0.1919 0.5912
vt 0.4288 0.5912
vt 0.4635 0.5912
vt 0.0625 0.5912
vt 0.0972 0.5912
vt 0.2820 0.5912
vt 0.3001 0.5912
vt 0.2259 0.5912
vt 0.2440 0.5912
vt 0.6992 0.5912
vt 0.8138 0.5912
vt 0.6591 0.5912
vt 0.8539 0.5912
vt 0.2630 0.5912
vt 0.5572 0.5912
vt 0.9558 0.5912
vt 0.3172 0.5912
vt 0.2088 0.5912
vt 0.6820 0.5912
vt 0.8311 0.5912
vt 0.7410 0.5912
vt 0.7565 0.5912
vt 0.7720 0.5912
vt 0.3777 0.5538
vt 0.4034 0.5538
vt 0.1226 0.5538
vt 0.1482 0.5538
vt 0.7087 0.5538
vt 0.7238 0.5538
vt 0.7892 0.5538
vt 0.8043 0.5538
vt 0.5931 0.5538
vt 0.6255 0.5538
vt 0.8875 0.5538
vt 0.9199 0.5538
vt 0.3379 0.5538
vt 0.3563 0.5538
vt 0.1697 0.5538
vt 0.1881 0.5538
vt 0.4345 0.5538
vt 0.4698 0.5538
vt 0.0562 0.5538
vt 0.0915 0.5538
vt 0.2833 0.5538
vt 0.3025 0.5538
vt 0.2235 0.5538
vt 0.2427 0.5538
vt 0.6929 0.5538
vt 0.8201 0.5538
vt 0.6533 0.5538
vt 0.8598 0.5538
vt 0.2630 0.5538
vt 0.5531 0.5538
vt 0.9599 0.5538
vt 0.3205 0.5538
vt 0.2055 0.5538
vt 0.6749 0.5538
vt 0.8382 0.5538
vt 0.7396 0.5538
vt 0.7565 0.5538
vt 0.7734 0.5538
vt 0.7029 0.5147
vt 0.7194 0.5147
vt 0.7936 0.5147
vt 0.8102 0.5147
vt 0.5914 0.5147
vt 0.6221 0.5147
vt 0.8910 0.5147
vt 0.9216 0.5147
vt 0.3429 0.5147
vt 0.3621 0.5147
vt 0.1639 0.5147
vt 0.1831 0.5147
vt 0.4456 0.5147
vt 0.4794 0.5147
vt 0.0466 0.5147
vt 0.0804 0.5147
vt 0.2844 0.5147
vt 0.3049 0.5147
vt 0.2211 0.5147
vt 0.2416 0.5147
vt 0.6860 0.5147
vt 0.8271 0.5147
vt 0.6475 0.5147
vt 0.8656 0.5147
vt 0.2630 0.5147
vt 0.5548 0.5147
vt 0.9582 0.5147
vt 0.3243 0.5147
vt 0.2017 0.5147
vt 0.6676 0.5147
vt 0.8454 0.5147
vt 0.7372 0.5147
vt 0.7565 0.5147
vt 0.7759 0.5147
vt 0.4129 0.5147
vt 0.1130 0.5147
vt 0.3844 0.5147
vt 0.1416 0.5147
vt 0.7967 0.4778
vt 0.8150 0.4778
vt 0.5880 0.4778
vt 0.6184 0.4778
vt 0.8947 0.4778
vt 0.9250 0.4778
vt 0.3477 0.4778
vt 0.3670 0.4778
vt 0.1590 0.4778
vt 0.1783 0.4778
vt 0.4469 0.4778
vt 0.4804 0.4778
vt 0.0456 0.4778
vt 0.0791 0.4778
vt 0.2857 0.4778
vt 0.3077 0.4778
vt 0.2182 0.4778
vt 0.2402 0.4778
vt 0.6799 0.4778
vt 0.6981 0.4778
vt 0.8332 0.4778
vt 0.6425 0.4778
vt 0.8705 0.4778
vt 0.2630 0.4778
vt 0.5526 0.4778
vt 0.9605 0.4778
vt 0.3284 0.4778
vt 0.1976 0.4778
vt 0.6613 0.4778
vt 0.8517 0.4778
vt 0.7358 0.4778
vt 0.7565 0.4778
vt 0.7772 0.4778
vt 0.7163 0.4778
vt 0.4154 0.4778
vt 0.1106 0.4778
vt 0.3889 0.4778
vt 0.1371 0.4778
vt 0.5841 0.4436
vt 0.6148 0.4436
vt 0.8982 0.4436
vt 0.9290 0.4436
vt 0.3521 0.4436
vt 0.3711 0.4436
vt 0.1549 0.4436
vt 0.1739 0.4436
vt 0.4468 0.4436
vt 0.4801 0.4436
vt 0.0459 0.4436
vt 0.0792 0.4436
vt 0.2875 0.4436
vt 0.3110 0.4436
vt 0.2150 0.4436
vt 0.2385 0.4436
vt 0.6753 0.4436
vt 0.6939 0.4436
vt 0.8191 0.4436
vt 0.8377 0.4436
vt 0.6386 0.4436
vt 0.8744 0.4436
vt 0.2630 0.4436
vt 0.5501 0.4436
vt 0.9630 0.4436
vt 0.3326 0.4436
vt 0.1934 0.4436
vt 0.6570 0.4436
vt 0.8560 0.4436
vt 0.7347 0.4436
vt 0.7565 0.4436
vt 0.7783 0.4436
vt 0.7135 0.4436
vt 0.7996 0.4436
vt 0.4170 0.4436
vt 0.1090 0.4436
vt 0.3921 0.4436
vt 0.1339 0.4436
vt 0.9012 0.4108
vt 0.9317 0.4108
vt 0.3561 0.4108
vt 0.3746 0.4108
vt 0.1513 0.4108
vt 0.1698 0.4108
vt 0.4482 0.4108
vt 0.4827 0.4108
vt 0.0433 0.4108
vt 0.0778 0.4108
vt 0.2893 0.4108
vt 0.3144 0.4108
vt 0.2116 0.4108
vt 0.2367 0.4108
vt 0.6715 0.4108
vt 0.6901 0.4108
vt 0.8229 0.4108
vt 0.8415 0.4108
vt 0.6118 0.4108
vt 0.6350 0.4108
vt 0.8780 0.4108
vt 0.2630 0.4108
vt 0.5480 0.4108
vt 0.5814 0.4108
vt 0.9650 0.4108
vt 0.3368 0.4108
vt 0.1892 0.4108
vt 0.6533 0.4108
vt 0.8597 0.4108
vt 0.7333 0.4108
vt 0.7565 0.4108
vt 0.7797 0.4108
vt 0.7105 0.4108
vt 0.8025 0.4108
vt 0.4183 0.4108
vt 0.1077 0.4108
vt 0.3947 0.4108
vt 0.1313 0.4108
vt 0.3601 0.3780
vt 0.3778 0.3780
vt 0.1482 0.3780
vt 0.1659 0.3780
vt 0.4503 0.3780
vt 0.4849 0.3780
vt 0.0411 0.3780
vt 0.0757 0.3780
vt 0.2917 0.3780
vt 0.3187 0.3780
vt 0.2073 0.3780
vt 0.2343 0.3780
vt 0.6666 0.3780
vt 0.6853 0.3780
vt 0.8277 0.3780
vt 0.8464 0.3780
vt 0.6076 0.3780
vt 0.6301 0.3780
vt 0.8830 0.3780
vt 0.9054 0.3780
vt 0.2630 0.3780
vt 0.5449 0.3780
vt 0.5778 0.3780
vt 0.9352 0.3780
vt 0.9681 0.3780
vt 0.3418 0.3780
vt 0.1842 0.3780
vt 0.6483 0.3780
vt 0.8647 0.3780
vt 0.7316 0.3780
vt 0.7565 0.3780
vt 0.7815 0.3780
vt 0.7067 0.3780
vt 0.8063 0.3780
vt 0.4192 0.3780
vt 0.1068 0.3780
vt 0.3964 0.3780
vt 0.1296 0.3780
vt 0.4523 0.3426
vt 0.4845 0.3426
vt 0.0415 0.3426
vt 0.0737 0.3426
vt 0.2925 0.3426
vt 0.3211 0.3426
vt 0.2049 0.3426
vt 0.2335 0.3426
vt 0.6596 0.3426
vt 0.6789 0.3426
vt 0.8341 0.3426
vt 0.8535 0.3426
vt 0.5993 0.3426
vt 0.6221 0.3426
vt 0.8909 0.3426
vt 0.9137 0.3426
vt 0.2630 0.3426
vt 0.5381 0.3426
vt 0.5696 0.3426
vt 0.9434 0.3426
vt 0.9749 0.3426
vt 0.3450 0.3426
vt 0.1810 0.3426
vt 0.6408 0.3426
vt 0.8722 0.3426
vt 0.7296 0.3426
vt 0.7565 0.3426
vt 0.7834 0.3426
vt 0.3649 0.3426
vt 0.1611 0.3426
vt 0.7017 0.3426
vt 0.8113 0.3426
vt 0.4214 0.3426
vt 0.1046 0.3426
vt 0.3814 0.3426
vt 0.3994 0.3426
vt 0.1266 0.3426
vt 0.1446 0.3426
vt 0.4548 0.3059
vt 0.4845 0.3059
vt 0.0415 0.3059
vt 0.0712 0.3059
vt 0.2900 0.3059
vt 0.3215 0.3059
vt 0.2045 0.3059
vt 0.2360 0.3059
vt 0.6516 0.3059
vt 0.6728 0.3059
vt 0.8402 0.3059
vt 0.8614 0.3059
vt 0.5897 0.3059
vt 0.6131 0.3059
vt 0.8999 0.3059
vt 0.9234 0.3059
vt 0.2630 0.3059
vt 0.5307 0.3059
vt 0.5608 0.3059
vt 0.9522 0.3059
vt 0.9823 0.3059
vt 0.3482 0.3059
vt 0.1778 0.3059
vt 0.6325 0.3059
vt 0.8805 0.3059
vt 0.7285 0.3059
vt 0.7565 0.3059
vt 0.7845 0.3059
vt 0.3705 0.3059
vt 0.1555 0.3059
vt 0.6977 0.3059
vt 0.8153 0.3059
vt 0.4273 0.3059
vt 0.0987 0.3059
vt 0.3883 0.3059
vt 0.4062 0.3059
vt 0.1198 0.3059
vt 0.1377 0.3059
vt 0.2895 0.2670
vt 0.3243 0.2670
vt 0.2016 0.2670
vt 0.2365 0.2670
vt 0.6466 0.2670
vt 0.6682 0.2670
vt 0.8448 0.2670
vt 0.8664 0.2670
vt 0.5854 0.2670
vt 0.6084 0.2670
vt 0.9046 0.2670
vt 0.9276 0.2670
vt 0.2630 0.2670
vt 0.5257 0.2670
vt 0.5569 0.2670
vt 0.9561 0.2670
vt 0.9874 0.2670
vt 0.3532 0.2670
vt 0.1728 0.2670
vt 0.6281 0.2670
vt 0.8849 0.2670
vt 0.7295 0.2670
vt 0.7565 0.2670
vt 0.7835 0.2670
vt 0.3763 0.2670
vt 0.1497 0.2670
vt 0.6959 0.2670
vt 0.8171 0.2670
vt 0.4337 0.2670
vt 0.4588 0.2670
vt 0.0672 0.2670
vt 0.0923 0.2670
vt 0.3952 0.2670
vt 0.4129 0.2670
vt 0.1131 0.2670
vt 0.1308 0.2670
vt 0.4890 0.2670
vt 0.0370 0.2670
vt 0.2897 0.2231
vt 0.3273 0.2231
vt 0.1987 0.2231
vt 0.2363 0.2231
vt 0.6426 0.2231
vt 0.6651 0.2231
vt 0.8479 0.2231
vt 0.8704 0.2231
vt 0.5850 0.2231
vt 0.6073 0.2231
vt 0.9057 0.2231
vt 0.9280 0.2231
vt 0.2630 0.2231
vt 0.5240 0.2231
vt 0.5567 0.2231
vt 0.9564 0.2231
vt 0.9890 0.2231
vt 0.3583 0.2231
vt 0.1677 0.2231
vt 0.6256 0.2231
vt 0.8874 0.2231
vt 0.7314 0.2231
vt 0.7565 0.2231
vt 0.7817 0.2231
vt 0.3817 0.2231
vt 0.1443 0.2231
vt 0.6961 0.2231
vt 0.8170 0.2231
vt 0.4390 0.2231
vt 0.4659 0.2231
vt 0.0601 0.2231
vt 0.0870 0.2231
vt 0.4001 0.2231
vt 0.4172 0.2231
vt 0.1088 0.2231
vt 0.1259 0.2231
vt 0.4983 0.2231
vt 0.0277 0.2231
vt 0.2898 0.1767
vt 0.3306 0.1767
vt 0.1954 0.1767
vt 0.2362 0.1767
vt 0.6385 0.1767
vt 0.6621 0.1767
vt 0.8509 0.1767
vt 0.8745 0.1767
vt 0.5857 0.1767
vt 0.6063 0.1767
vt 0.9068 0.1767
vt 0.9273 0.1767
vt 0.2630 0.1767
vt 0.5249 0.1767
vt 0.5583 0.1767
vt 0.9547 0.1767
vt 0.9881 0.1767
vt 0.3635 0.1767
vt 0.1625 0.1767
vt 0.6228 0.1767
vt 0.8902 0.1767
vt 0.7330 0.1767
vt 0.7565 0.1767
vt 0.7801 0.1767
vt 0.3875 0.1767
vt 0.1384 0.1767
vt 0.6963 0.1767
vt 0.8167 0.1767
vt 0.4480 0.1767
vt 0.4756 0.1767
vt 0.0504 0.1767
vt 0.0780 0.1767
vt 0.4066 0.1767
vt 0.4251 0.1767
vt 0.1009 0.1767
vt 0.1194 0.1767
vt 0.5080 0.1767
vt 0.0180 0.1767
vt 0.5575 0.1298
vt 0.5837 0.1298
vt 0.9293 0.1298
vt 0.9556 0.1298
vt 0.3931 0.1298
vt 0.4120 0.1298
vt 0.1140 0.1298
vt 0.1329 0.1298
vt 0.4827 0.1298
vt 0.5139 0.1298
vt 0.0121 0.1298
vt 0.0433 0.1298
vt 0.2899 0.1298
vt 0.3335 0.1298
vt 0.1925 0.1298
vt 0.2361 0.1298
vt 0.6343 0.1298
vt 0.6589 0.1298
vt 0.8541 0.1298
vt 0.8787 0.1298
vt 0.6032 0.1298
vt 0.9098 0.1298
vt 0.2630 0.1298
vt 0.5260 0.1298
vt 0.9870 0.1298
vt 0.3684 0.1298
vt 0.1576 0.1298
vt 0.6187 0.1298
vt 0.8943 0.1298
vt 0.7338 0.1298
vt 0.7565 0.1298
vt 0.7792 0.1298
vt 0.6958 0.1298
vt 0.8172 0.1298
vt 0.4541 0.1298
vt 0.0719 0.1298
vt 0.4308 0.1298
vt 0.0952 0.1298
vt 0.3967 0.0896
vt 0.4153 0.0896
vt 0.1107 0.0896
vt 0.1293 0.0896
vt 0.4839 0.0896
vt 0.5144 0.0896
vt 0.0116 0.0896
vt 0.0421 0.0896
vt 0.2896 0.0896
vt 0.3354 0.0896
vt 0.1906 0.0896
vt 0.2363 0.0896
vt 0.6306 0.0896
vt 0.6572 0.0896
vt 0.8558 0.0896
vt 0.8825 0.0896
vt 0.5817 0.0896
vt 0.6006 0.0896
vt 0.9124 0.0896
vt 0.9314 0.0896
vt 0.2630 0.0896
vt 0.5258 0.0896
vt 0.5559 0.0896
vt 0.9572 0.0896
vt 0.9872 0.0896
vt 0.3717 0.0896
vt 0.1543 0.0896
vt 0.6152 0.0896
vt 0.8978 0.0896
vt 0.7345 0.0896
vt 0.7565 0.0896
vt 0.7785 0.0896
vt 0.6965 0.0896
vt 0.8165 0.0896
vt 0.4549 0.0896
vt 0.0711 0.0896
vt 0.4334 0.0896
vt 0.0926 0.0896
vt 0.3981 0.0554
vt 0.4165 0.0554
vt 0.1095 0.0554
vt 0.1279 0.0554
vt 0.4790 0.0554
vt 0.5096 0.0554
vt 0.0164 0.0554
vt 0.0470 0.0554
vt 0.2884 0.0554
vt 0.3356 0.0554
vt 0.1904 0.0554
vt 0.2376 0.0554
vt 0.6286 0.0554
vt 0.6565 0.0554
vt 0.8565 0.0554
vt 0.8845 0.0554
vt 0.5812 0.0554
vt 0.6001 0.0554
vt 0.9129 0.0554
vt 0.9319 0.0554
vt 0.2630 0.0554
vt 0.5234 0.0554
vt 0.5552 0.0554
vt 0.9579 0.0554
vt 0.9897 0.0554
vt 0.3730 0.0554
vt 0.1530 0.0554
vt 0.6139 0.0554
vt 0.8991 0.0554
vt 0.7324 0.0554
vt 0.7565 0.0554
vt 0.7807 0.0554
vt 0.6968 0.0554
vt 0.8162 0.0554
vt 0.4527 0.0554
vt 0.0733 0.0554
vt 0.4337 0.0554
vt 0.0923 0.0554
vt 0.4734 0.0244
vt 0.5038 0.0244
vt 0.0222 0.0244
vt 0.0526 0.0244
vt 0.2883 0.0244
vt 0.3336 0.0244
vt 0.1924 0.0244
vt 0.2377 0.0244
vt 0.6272 0.0244
vt 0.6560 0.0244
vt 0.8570 0.0244
vt 0.8858 0.0244
vt 0.5818 0.0244
vt 0.6002 0.0244
vt 0.9129 0.0244
vt 0.9312 0.0244
vt 0.2630 0.0244
vt 0.5238 0.0244
vt 0.5558 0.0244
vt 0.9572 0.0244
vt 0.9892 0.0244
vt 0.3720 0.0244
vt 0.1540 0.0244
vt 0.6131 0.0244
vt 0.8999 0.0244
vt 0.7304 0.0244
vt 0.7565 0.0244
vt 0.7827 0.0244
vt 0.3979 0.0244
vt 0.1281 0.0244
vt 0.6966 0.0244
vt 0.8164 0.0244
vt 0.4492 0.0244
vt 0.0768 0.0244
vt 0.4163 0.0244
vt 0.4325 0.0244
vt 0.0935 0.0244
vt 0.1097 0.0244
vt 0.2879 0.7698
vt 0.2764 0.7698
vt 0.7917 0.7698
vt 0.7793 0.7698
vt 0.2381 0.7698
vt 0.2235 0.7698
vt 0.8119 0.7698
vt 0.8020 0.7698
vt 0.3746 0.7698
vt 0.3596 0.7698
vt 0.1664 0.7698
vt 0.1514 0.7698
vt 0.7565 0.7698
vt 0.7458 0.7698
vt 0.8629 0.7698
vt 0.8402 0.7698
vt 0.7011 0.7698
vt 0.6898 0.7698
vt 0.7337 0.7698
vt 0.7213 0.7698
vt 0.6501 0.7698
vt 0.6314 0.7698
vt 0.1319 0.7698
vt 0.7672 0.7698
vt 0.3025 0.7698
vt 0.3215 0.7698
vt 0.3412 0.7698
vt 0.4188 0.7698
vt 0.3941 0.7698
vt 0.8232 0.7698
vt 0.8816 0.7698
vt 0.7110 0.7698
vt 0.6728 0.7698
vt 0.2045 0.7698
vt 0.1848 0.7698
vt 0.2630 0.7698
vt 0.2496 0.7698
vt 0.1072 0.7698
vt 0.7897 0.7824
vt 0.7779 0.7824
vt 0.2630 0.7824
vt 0.2503 0.7824
vt 0.3555 0.7824
vt 0.3376 0.7824
vt 0.8352 0.7824
vt 0.8191 0.7824
vt 0.2393 0.7824
vt 0.3706 0.7824
vt 0.8569 0.7824
vt 0.2756 0.7824
vt 0.3190 0.7824
vt 0.3010 0.7824
vt 0.1884 0.7824
vt 0.1705 0.7824
vt 0.2070 0.7824
vt 0.6778 0.7824
vt 0.6561 0.7824
vt 0.2250 0.7824
vt 0.8085 0.7824
vt 0.7993 0.7824
vt 0.6939 0.7824
vt 0.1554 0.7824
vt 0.1358 0.7824
vt 0.7351 0.7824
vt 0.7234 0.7824
vt 0.2867 0.7824
vt 0.1123 0.7824
vt 0.7137 0.7824
vt 0.7466 0.7824
vt 0.8744 0.7824
vt 0.7045 0.7824
vt 0.4136 0.7824
vt 0.3902 0.7824
vt 0.7665 0.7824
vt 0.7565 0.7824
vt 0.6386 0.7824
vt 0.2387 0.0135
vt 0.2630 0.0135
vt 0.5852 0.0135
vt 0.6040 0.0135
vt 0.8956 0.0135
vt 0.9090 0.0135
vt 0.3674 0.0135
vt 0.3924 0.0135
vt 0.2873 0.0135
vt 0.3308 0.0135
vt 0.7814 0.0135
vt 0.8139 0.0135
vt 0.1155 0.0135
vt 0.1336 0.0135
vt 0.0793 0.0135
vt 0.0984 0.0135
vt 0.5590 0.0135
vt 0.0535 0.0135
vt 0.6602 0.0135
vt 0.6992 0.0135
vt 0.8529 0.0135
vt 0.8809 0.0135
vt 0.7316 0.0135
vt 0.4725 0.0135
vt 0.5026 0.0135
vt 0.4105 0.0135
vt 0.4276 0.0135
vt 0.5279 0.0135
vt 0.1952 0.0135
vt 0.9279 0.0135
vt 0.7565 0.0135
vt 0.9541 0.0135
vt 0.9851 0.0135
vt 0.6174 0.0135
vt 0.1585 0.0135
vt 0.6321 0.0135
vt 0.0234 0.0135
vt 0.4467 0.0135
vt 0.0538 0.0066
vt 0.0796 0.0066
vt 0.8809 0.0066
vt 0.8954 0.0066
vt 0.5854 0.0066
vt 0.6042 0.0066
vt 0.0237 0.0066
vt 0.4464 0.0066
vt 0.4722 0.0066
vt 0.5592 0.0066
vt 0.6176 0.0066
vt 0.6322 0.0066
vt 0.5023 0.0066
vt 0.6991 0.0066
vt 0.7316 0.0066
vt 0.2873 0.0066
vt 0.3308 0.0066
vt 0.5282 0.0066
vt 0.4105 0.0066
vt 0.4275 0.0066
vt 0.3925 0.0066
vt 0.6601 0.0066
vt 0.1585 0.0066
vt 0.1952 0.0066
vt 0.3675 0.0066
vt 0.1335 0.0066
vt 0.8529 0.0066
vt 0.9276 0.0066
vt 0.9538 0.0066
vt 0.0985 0.0066
vt 0.1155 0.0066
vt 0.7565 0.0066
vt 0.7815 0.0066
vt 0.8139 0.0066
vt 0.2387 0.0066
vt 0.2630 0.0066
vt 0.9088 0.0066
vt 0.9848 0.0066
vt 0.0526 0.8296
vt 0.0332 0.8296
vt 0.0332 0.8232
vt 0.0526 0.8232
vt 0.0704 0.8232
vt 0.0704 0.8296
vt 0.0892 0.8232
vt 0.0892 0.8296
vt 0.1114 0.8296
vt 0.1114 0.8232
vt 0.1437 0.8296
vt 0.1437 0.8652
vt 0.1114 0.8652
vt 0.1114 0.8296
vt 0.1437 0.8296
vt 0.1437 0.8232
vt 0.1818 0.8232
vt 0.1818 0.8296
vt 0.2627 0.8296
vt 0.2187 0.8296
vt 0.2187 0.8232
vt 0.2627 0.8232
vt 0.3034 0.8296
vt 0.3034 0.8232
vt 0.3361 0.8232
vt 0.3361 0.8296
vt 0.3687 0.8296
vt 0.3687 0.8652
vt 0.3361 0.8652
vt 0.3361 0.8296
vt 0.4004 0.8296
vt 0.4004 0.8652
vt 0.4305 0.8296
vt 0.4305 0.8652
vt 0.4560 0.8296
vt 0.4560 0.8652
vt 0.4771 0.8296
vt 0.5000 0.8296
vt 0.5000 0.8652
vt 0.4771 0.8652
vt 0.0152 0.8296
vt 0.0152 0.8232
vt 0.9503 0.8296
vt 0.9503 0.8232
vt 0.9697 0.8232
vt 0.9697 0.8296
vt 0.9326 0.8296
vt 0.9326 0.8232
vt 0.9138 0.8296
vt 0.9138 0.8232
vt 0.8915 0.8296
vt 0.8915 0.8232
vt 0.8593 0.8296
vt 0.8915 0.8296
vt 0.8915 0.8652
vt 0.8593 0.8652
vt 0.8593 0.8296
vt 0.8162 0.8296
vt 0.8162 0.8232
vt 0.8593 0.8232
vt 0.7373 0.8296
vt 0.7373 0.8232
vt 0.7813 0.8232
vt 0.7813 0.8296
vt 0.6966 0.8296
vt 0.6639 0.8296
vt 0.6639 0.8232
vt 0.6966 0.8232
vt 0.6313 0.8296
vt 0.6639 0.8296
vt 0.6639 0.8652
vt 0.6313 0.8652
vt 0.5996 0.8296
vt 0.5996 0.8652
vt 0.5695 0.8296
vt 0.5695 0.8652
vt 0.5440 0.8296
vt 0.5440 0.8652
vt 0.9858 0.8232
vt 0.9858 0.8296
vt 0.5229 0.8296
vt 0.5229 0.8652
vt 0.5229 0.9018
vt 0.5440 0.9018
vt 0.5440 0.9083
vt 0.5229 0.9083
vt 0.0332 0.9018
vt 0.0526 0.9018
vt 0.0526 0.9083
vt 0.0332 0.9083
vt 0.4305 0.9018
vt 0.4560 0.9018
vt 0.4560 0.9083
vt 0.4305 0.9083
vt 0.0704 0.9018
vt 0.0892 0.9018
vt 0.0892 0.9083
vt 0.0704 0.9083
vt 0.6639 0.9018
vt 0.6966 0.9018
vt 0.6966 0.9083
vt 0.6639 0.9083
vt 0.3034 0.9018
vt 0.3361 0.9018
vt 0.3361 0.9083
vt 0.3034 0.9083
vt 0.1437 0.9018
vt 0.1818 0.9018
vt 0.1818 0.9083
vt 0.1437 0.9083
vt 0.8915 0.9018
vt 0.9138 0.9018
vt 0.9138 0.9083
vt 0.8915 0.9083
vt 0.9503 0.9018
vt 0.9697 0.9018
vt 0.9697 0.9083
vt 0.9503 0.9083
vt 0.7813 0.9018
vt 0.8162 0.9018
vt 0.8162 0.9083
vt 0.7813 0.9083
vt 0.2627 0.9018
vt 0.2627 0.9083
vt 0.0152 0.9018
vt 0.0152 0.9083
vt 0.9858 0.9018
vt 0.9858 0.9083
vt 0.5695 0.9018
vt 0.5695 0.9083
vt 0.5996 0.9018
vt 0.5996 0.9083
vt 0.6313 0.9018
vt 0.6313 0.9083
vt 0.7373 0.9018
vt 0.7373 0.9083
vt 0.1114 0.9018
vt 0.1114 0.9083
vt 0.2187 0.9018
vt 0.2187 0.9083
vt 0.9326 0.9018
vt 0.9326 0.9083
vt 0.8593 0.9018
vt 0.8593 0.9083
vt 0.3687 0.9018
vt 0.4004 0.9018
vt 0.4004 0.9083
vt 0.3687 0.9083
vt 0.4771 0.9018
vt 0.5000 0.9018
vt 0.5000 0.9083
vt 0.4771 0.9083
vt 0.0526 0.9880
vt 0.0526 0.9946
vt 0.0332 0.9946
vt 0.0332 0.9880
vt 0.0704 0.9880
vt 0.0704 0.9946
vt 0.0892 0.9880
vt 0.0892 0.9946
vt 0.1114 0.9880
vt 0.1114 0.9946
vt 0.1437 0.9880
vt 0.1114 0.9880
vt 0.1114 0.9559
vt 0.1437 0.9559
vt 0.1437 0.9880
vt 0.1818 0.9880
vt 0.1818 0.9946
vt 0.1437 0.9946
vt 0.2627 0.9880
vt 0.2627 0.9946
vt 0.2187 0.9946
vt 0.2187 0.9880
vt 0.3034 0.9880
vt 0.3361 0.9880
vt 0.3361 0.9946
vt 0.3034 0.9946
vt 0.3687 0.9880
vt 0.3361 0.9880
vt 0.3361 0.9559
vt 0.3687 0.9559
vt 0.4004 0.9880
vt 0.4004 0.9559
vt 0.4305 0.9880
vt 0.4305 0.9559
vt 0.4560 0.9880
vt 0.4560 0.9559
vt 0.4771 0.9880
vt 0.4771 0.9559
vt 0.5000 0.9559
vt 0.5000 0.9880
vt 0.0152 0.9946
vt 0.0152 0.9880
vt 0.9503 0.9880
vt 0.9697 0.9880
vt 0.9697 0.9946
vt 0.9503 0.9946
vt 0.9326 0.9946
vt 0.9326 0.9880
vt 0.9138 0.9946
vt 0.9138 0.9880
vt 0.8915 0.9880
vt 0.8915 0.9946
vt 0.8593 0.9880
vt 0.8593 0.9559
vt 0.8915 0.9559
vt 0.8915 0.9880
vt 0.8593 0.9880
vt 0.8593 0.9946
vt 0.8162 0.9946
vt 0.8162 0.9880
vt 0.7373 0.9880
vt 0.7813 0.9880
vt 0.7813 0.9946
vt 0.7373 0.9946
vt 0.6966 0.9880
vt 0.6966 0.9946
vt 0.6639 0.9946
vt 0.6639 0.9880
vt 0.6313 0.9880
vt 0.6313 0.9559
vt 0.6639 0.9559
vt 0.6639 0.9880
vt 0.5996 0.9880
vt 0.5996 0.9559
vt 0.5695 0.9880
vt 0.5695 0.9559
vt 0.5440 0.9880
vt 0.5440 0.9559
vt 0.9858 0.9880
vt 0.9858 0.9946
vt 0.5229 0.9880
vt 0.5229 0.9559
vt 0.5229 0.9213
vt 0.5229 0.9158
vt 0.5440 0.9158
vt 0.5440 0.9213
vt 0.0332 0.9213
vt 0.0332 0.9158
vt 0.0526 0.9158
vt 0.0526 0.9213
vt 0.4305 0.9213
vt 0.4305 0.9158
vt 0.4560 0.9158
vt 0.4560 0.9213
vt 0.0704 0.9213
vt 0.0704 0.9158
vt 0.0892 0.9158
vt 0.0892 0.9213
vt 0.6639 0.9213
vt 0.6639 0.9158
vt 0.6966 0.9158
vt 0.6966 0.9213
vt 0.3034 0.9213
vt 0.3034 0.9158
vt 0.3361 0.9158
vt 0.3361 0.9213
vt 0.1437 0.9213
vt 0.1437 0.9158
vt 0.1818 0.9158
vt 0.1818 0.9213
vt 0.8915 0.9213
vt 0.8915 0.9158
vt 0.9138 0.9158
vt 0.9138 0.9213
vt 0.9503 0.9213
vt 0.9503 0.9158
vt 0.9697 0.9158
vt 0.9697 0.9213
vt 0.7813 0.9213
vt 0.7813 0.9158
vt 0.8162 0.9158
vt 0.8162 0.9213
vt 0.2627 0.9213
vt 0.2627 0.9158
vt 0.0152 0.9213
vt 0.0152 0.9158
vt 0.9858 0.9158
vt 0.9858 0.9213
vt 0.5695 0.9158
vt 0.5695 0.9213
vt 0.5996 0.9158
vt 0.5996 0.9213
vt 0.6313 0.9213
vt 0.6313 0.9158
vt 0.7373 0.9213
vt 0.7373 0.9158
vt 0.1114 0.9158
vt 0.1114 0.9213
vt 0.2187 0.9158
vt 0.2187 0.9213
vt 0.9326 0.9213
vt 0.9326 0.9158
vt 0.8593 0.9158
vt 0.8593 0.9213
vt 0.3687 0.9213
vt 0.3687 0.9158
vt 0.4004 0.9158
vt 0.4004 0.9213
vt 0.4771 0.9213
vt 0.4771 0.9158
vt 0.5000 0.9158
vt 0.5000 0.9213
vt 0.5996 0.8232
vt 0.5695 0.8232
vt 0.5695 0.8155
vt 0.5996 0.8155
vt 0.8915 0.8155
vt 0.9138 0.8155
vt 0.6313 0.8232
vt 0.6313 0.8155
vt 0.9697 0.8155
vt 0.9947 0.8155
vt 0.0152 0.8296
vt 0.0152 0.8652
vt 0.0073 0.8652
vt 0.0073 0.8296
vt 0.2187 0.8155
vt 0.2627 0.8155
vt 0.5440 0.8232
vt 0.5229 0.8232
vt 0.5229 0.8155
vt 0.5440 0.8155
vt 0.0073 0.9018
vt 0.3034 0.8155
vt 0.5000 0.8232
vt 0.5000 0.8155
vt 0.3687 0.8232
vt 0.3361 0.8232
vt 0.3361 0.8155
vt 0.3687 0.8155
vt 0.0073 0.8155
vt 0.0332 0.8155
vt 0.1818 0.8155
vt 0.0892 0.8155
vt 0.1114 0.8155
vt 0.1437 0.8155
vt 0.4004 0.8232
vt 0.4004 0.8155
vt 0.7373 0.8155
vt 0.7813 0.8155
vt 0.6966 0.8155
vt 0.4305 0.8232
vt 0.4305 0.8155
vt 0.4560 0.8232
vt 0.4560 0.8155
vt 0.9326 0.8155
vt 0.4771 0.8232
vt 0.4771 0.8155
vt 0.9947 0.8296
vt 0.8162 0.8155
vt 0.8593 0.8155
vt 0.0704 0.8155
vt 0.6639 0.8155
vt 0.0526 0.8155
vt 0.9858 0.9018
vt 0.9858 0.8652
vt 0.9947 0.8652
vt 0.9947 0.9018
vt 0.9503 0.8155
vt 0.2187 0.9559
vt 0.2627 0.9559
vt 0.6966 0.9559
vt 0.7373 0.9559
vt 0.9138 0.9559
vt 0.9326 0.9559
vt 0.0526 0.9559
vt 0.0704 0.9559
vt 0.8162 0.9559
vt 0.9503 0.9559
vt 0.1818 0.9559
vt 0.0892 0.9559
vt 0.7813 0.9559
vt 0.9697 0.9559
vt 0.9858 0.9559
vt 0.0152 0.9559
vt 0.0332 0.9559
vt 0.3034 0.9559
vt 0.2187 0.8652
vt 0.2627 0.8652
vt 0.6966 0.8652
vt 0.7373 0.8652
vt 0.9138 0.8652
vt 0.9326 0.8652
vt 0.0526 0.8652
vt 0.0704 0.8652
vt 0.8162 0.8652
vt 0.9503 0.8652
vt 0.1818 0.8652
vt 0.0892 0.8652
vt 0.7813 0.8652
vt 0.9697 0.8652
vt 0.0332 0.8652
vt 0.3034 0.8652
vt 0.5440 0.9946
vt 0.5229 0.9946
vt 0.5000 0.9946
vt 0.5695 0.9946
vt 0.5996 0.9946
vt 0.6313 0.9946
vt 0.4560 0.9946
vt 0.4771 0.9946
vt 0.4305 0.9946
vt 0.4004 0.9946
vt 0.3687 0.9946
vt 0.5115 0.5471
vt 0.5065 0.5427
vt 0.5066 0.5395
vt 0.5155 0.5440
vt 0.4964 0.5915
vt 0.5046 0.5975
vt 0.5045 0.6004
vt 0.4924 0.5934
vt 0.4966 0.5490
vt 0.4933 0.5469
vt 0.5093 0.5937
vt 0.5130 0.5971
vt 0.5118 0.5896
vt 0.5162 0.5921
vt 0.5170 0.5734
vt 0.5223 0.5747
vt 0.5179 0.5686
vt 0.5228 0.5687
vt 0.5142 0.5518
vt 0.5193 0.5495
vt 0.5202 0.5964
vt 0.5174 0.6002
vt 0.5289 0.5702
vt 0.5286 0.5750
vt 0.5217 0.5408
vt 0.5250 0.5454
vt 0.5229 0.5970
vt 0.5182 0.6026
vt 0.5316 0.5692
vt 0.5307 0.5768
vt 0.5233 0.5379
vt 0.5282 0.5456
vt 0.5254 0.5993
vt 0.5211 0.6046
vt 0.5352 0.5698
vt 0.5344 0.5769
vt 0.5269 0.5357
vt 0.5315 0.5429
vt 0.5260 0.6018
vt 0.5237 0.6045
vt 0.5372 0.5718
vt 0.5367 0.5753
vt 0.5301 0.5361
vt 0.5324 0.5397
vt 0.4954 0.6486
vt 0.4959 0.6602
vt 0.4932 0.6567
vt 0.4930 0.6524
vt 0.4995 0.6196
vt 0.4963 0.6312
vt 0.4948 0.6270
vt 0.4959 0.6226
vt 0.4931 0.6768
vt 0.4947 0.6917
vt 0.4911 0.6875
vt 0.4903 0.6820
vt 0.5128 0.6740
vt 0.5150 0.6884
vt 0.5129 0.6885
vt 0.5108 0.6748
vt 0.5135 0.6234
vt 0.5108 0.6347
vt 0.5079 0.6349
vt 0.5114 0.6215
vt 0.5098 0.6488
vt 0.5106 0.6599
vt 0.5078 0.6610
vt 0.5072 0.6476
vt 0.5096 0.6905
vt 0.5075 0.6735
vt 0.5191 0.6738
vt 0.5209 0.6861
vt 0.5150 0.6236
vt 0.5124 0.6354
vt 0.5115 0.6482
vt 0.5124 0.6603
vt 0.5173 0.6362
vt 0.5170 0.6486
vt 0.5115 0.6482
vt 0.5124 0.6354
vt 0.5177 0.6600
vt 0.5228 0.6909
vt 0.5399 0.6843
vt 0.5447 0.6879
vt 0.5217 0.6952
vt 0.5222 0.6227
vt 0.5197 0.6262
vt 0.5150 0.6236
vt 0.5214 0.6193
vt 0.5327 0.6270
vt 0.5373 0.6239
vt 0.4977 0.6587
vt 0.5059 0.6591
vt 0.5078 0.6610
vt 0.4959 0.6602
vt 0.5053 0.6494
vt 0.4971 0.6500
vt 0.4954 0.6486
vt 0.5072 0.6476
vt 0.4984 0.6302
vt 0.5065 0.6325
vt 0.5079 0.6349
vt 0.4963 0.6312
vt 0.4968 0.6896
vt 0.5070 0.6884
vt 0.5096 0.6905
vt 0.4947 0.6917
vt 0.5054 0.6760
vt 0.4954 0.6784
vt 0.4931 0.6768
vt 0.5075 0.6735
vt 0.5091 0.6228
vt 0.5008 0.6215
vt 0.4995 0.6196
vt 0.5114 0.6215
vt 0.5470 0.7249
vt 0.5413 0.7251
vt 0.5416 0.7117
vt 0.5470 0.7173
vt 0.5667 0.7901
vt 0.5723 0.7958
vt 0.5413 0.7958
vt 0.5470 0.7901
vt 0.5667 0.7175
vt 0.5723 0.7119
vt 0.5413 0.7820
vt 0.5470 0.7820
vt 0.5413 0.7759
vt 0.5470 0.7759
vt 0.5413 0.7566
vt 0.5470 0.7566
vt 0.5413 0.7509
vt 0.5470 0.7509
vt 0.5413 0.7313
vt 0.5472 0.7313
vt 0.5348 0.7820
vt 0.5348 0.7759
vt 0.5347 0.7567
vt 0.5347 0.7509
vt 0.5344 0.7313
vt 0.5344 0.7251
vt 0.5320 0.7848
vt 0.5320 0.7731
vt 0.5320 0.7595
vt 0.5320 0.7480
vt 0.5315 0.7344
vt 0.5315 0.7219
vt 0.5264 0.7848
vt 0.5264 0.7731
vt 0.5264 0.7595
vt 0.5263 0.7480
vt 0.5256 0.7344
vt 0.5256 0.7219
vt 0.5232 0.7820
vt 0.5232 0.7759
vt 0.5231 0.7567
vt 0.5231 0.7509
vt 0.5222 0.7312
vt 0.5222 0.7250
vt 0.5187 0.7459
vt 0.5218 0.7514
vt 0.5218 0.7571
vt 0.5187 0.7627
vt 0.5178 0.7230
vt 0.5205 0.7282
vt 0.5202 0.7338
vt 0.5170 0.7388
vt 0.5190 0.7709
vt 0.5221 0.7767
vt 0.5221 0.7826
vt 0.5190 0.7884
vt 0.4982 0.7738
vt 0.4999 0.7738
vt 0.4999 0.7856
vt 0.4982 0.7856
vt 0.5003 0.7244
vt 0.5030 0.7222
vt 0.5022 0.7381
vt 0.4997 0.7356
vt 0.4998 0.7486
vt 0.5026 0.7459
vt 0.5026 0.7628
vt 0.4999 0.7601
vt 0.5027 0.7709
vt 0.5027 0.7884
vt 0.4925 0.7738
vt 0.4925 0.7856
vt 0.4987 0.7244
vt 0.4982 0.7355
vt 0.4981 0.7486
vt 0.4982 0.7601
vt 0.4928 0.7353
vt 0.4982 0.7355
vt 0.4981 0.7486
vt 0.4925 0.7486
vt 0.4925 0.7601
vt 0.4925 0.7910
vt 0.4982 0.7967
vt 0.4668 0.7967
vt 0.4726 0.7910
vt 0.4926 0.7180
vt 0.4991 0.7120
vt 0.4987 0.7244
vt 0.4928 0.7246
vt 0.4726 0.7176
vt 0.4668 0.7117
vt 0.5161 0.7605
vt 0.5187 0.7627
vt 0.5026 0.7628
vt 0.5052 0.7605
vt 0.5051 0.7481
vt 0.5026 0.7459
vt 0.5187 0.7459
vt 0.5161 0.7481
vt 0.5148 0.7366
vt 0.5170 0.7388
vt 0.5022 0.7381
vt 0.5046 0.7361
vt 0.5164 0.7862
vt 0.5190 0.7884
vt 0.5027 0.7884
vt 0.5053 0.7862
vt 0.5053 0.7732
vt 0.5027 0.7709
vt 0.5190 0.7709
vt 0.5164 0.7732
vt 0.5052 0.7244
vt 0.5030 0.7222
vt 0.5178 0.7230
vt 0.5154 0.7249
vt 0.5289 0.5693
vt 0.5316 0.5684
vt 0.5286 0.5464
vt 0.5253 0.5464
vt 0.5210 0.5401
vt 0.5226 0.5373
vt 0.5139 0.6225
vt 0.5149 0.6227
vt 0.5098 0.6478
vt 0.5107 0.6475
vt 0.5209 0.6054
vt 0.5176 0.6031
vt 0.5044 0.5967
vt 0.5087 0.5932
vt 0.5108 0.6736
vt 0.5118 0.6732
vt 0.5232 0.5963
vt 0.5261 0.5988
vt 0.4971 0.5911
vt 0.5347 0.5778
vt 0.5304 0.5776
vt 0.4974 0.5493
vt 0.5115 0.6611
vt 0.5356 0.5690
vt 0.5064 0.5437
vt 0.5204 0.6265
vt 0.5183 0.6364
vt 0.5324 0.5434
vt 0.5129 0.5979
vt 0.5045 0.6010
vt 0.5188 0.6599
vt 0.5203 0.6736
vt 0.5266 0.5347
vt 0.4917 0.5938
vt 0.5306 0.5352
vt 0.5334 0.5395
vt 0.4924 0.5466
vt 0.5115 0.6361
vt 0.5380 0.5714
vt 0.5375 0.5758
vt 0.5066 0.5386
vt 0.5268 0.6019
vt 0.5241 0.6052
vt 0.5107 0.5477
vt 0.5132 0.5522
vt 0.5213 0.6187
vt 0.5382 0.6233
vt 0.5169 0.5686
vt 0.5221 0.6858
vt 0.5231 0.6895
vt 0.4983 0.6579
vt 0.5049 0.6584
vt 0.5161 0.5732
vt 0.5046 0.6503
vt 0.4980 0.6506
vt 0.5110 0.5892
vt 0.5181 0.6486
vt 0.4993 0.6295
vt 0.5058 0.6315
vt 0.4974 0.6884
vt 0.5057 0.6877
vt 0.5155 0.5428
vt 0.5215 0.6964
vt 0.5145 0.6897
vt 0.4943 0.6928
vt 0.4900 0.6880
vt 0.4892 0.6819
vt 0.4923 0.6759
vt 0.5204 0.5499
vt 0.5236 0.5679
vt 0.5387 0.6837
vt 0.5319 0.6276
vt 0.4920 0.6522
vt 0.4948 0.6477
vt 0.5225 0.6235
vt 0.4951 0.6221
vt 0.4992 0.6187
vt 0.5230 0.5756
vt 0.5172 0.5918
vt 0.4955 0.6610
vt 0.4923 0.6571
vt 0.4938 0.6271
vt 0.4956 0.6319
vt 0.5462 0.6885
vt 0.5047 0.6774
vt 0.4965 0.6790
vt 0.5081 0.6236
vt 0.5015 0.6223
vt 0.5080 0.6618
vt 0.5131 0.6896
vt 0.5099 0.6915
vt 0.5073 0.6467
vt 0.5106 0.6608
vt 0.5078 0.6357
vt 0.5106 0.6355
vt 0.5167 0.6007
vt 0.5075 0.6724
vt 0.5207 0.5957
vt 0.5118 0.6207
vt 0.5282 0.5759
vt 0.9627 0.7470
vt 0.9680 0.7511
vt 0.9644 0.7533
vt 0.9615 0.7523
vt 0.9584 0.7519
vt 0.9562 0.7483
vt 0.9484 0.7357
vt 0.9664 0.7317
vt 0.9806 0.7434
vt 0.9620 0.7129
vt 0.9530 0.7085
vt 0.9583 0.7020
vt 0.9664 0.7039
vt 0.9729 0.7092
vt 0.9710 0.7173
vt 0.9657 0.7238
vt 0.9576 0.7219
vt 0.9511 0.7166
vt 0.9586 0.7643
vt 0.9652 0.7630
vt 0.9730 0.7756
vt 0.9550 0.7796
vt 0.9407 0.7679
vt 0.9533 0.7602
vt 0.9569 0.7580
vt 0.9599 0.7590
vt 0.9630 0.7594
vt 0.9607 0.7557
vt 0.9640 0.7564
vt 0.9574 0.7549
vt 0.9693 0.7577
vt 0.9847 0.7614
vt 0.9521 0.7536
vt 0.9367 0.7500
vt 0.9627 0.7470
vt 0.9680 0.7511
vt 0.9644 0.7533
vt 0.9615 0.7523
vt 0.9584 0.7519
vt 0.9562 0.7483
vt 0.9484 0.7357
vt 0.9664 0.7317
vt 0.9806 0.7434
vt 0.9620 0.7129
vt 0.9530 0.7085
vt 0.9583 0.7020
vt 0.9664 0.7039
vt 0.9729 0.7092
vt 0.9710 0.7173
vt 0.9657 0.7238
vt 0.9576 0.7219
vt 0.9511 0.7166
vt 0.9586 0.7643
vt 0.9652 0.7630
vt 0.9730 0.7756
vt 0.9550 0.7796
vt 0.9407 0.7679
vt 0.9533 0.7602
vt 0.9569 0.7580
vt 0.9599 0.7590
vt 0.9630 0.7594
vt 0.9607 0.7557
vt 0.9640 0.7564
vt 0.9574 0.7549
vt 0.9693 0.7577
vt 0.9847 0.7614
vt 0.9521 0.7536
vt 0.9367 0.7500
vt 0.9627 0.7470
vt 0.9680 0.7511
vt 0.9644 0.7533
vt 0.9615 0.7523
vt 0.9584 0.7519
vt 0.9562 0.7483
vt 0.9484 0.7357
vt 0.9664 0.7317
vt 0.9806 0.7434
vt 0.9620 0.7129
vt 0.9530 0.7085
vt 0.9583 0.7020
vt 0.9664 0.7039
vt 0.9729 0.7092
vt 0.9710 0.7173
vt 0.9657 0.7238
vt 0.9576 0.7219
vt 0.9511 0.7166
vt 0.9586 0.7643
vt 0.9652 0.7630
vt 0.9730 0.7756
vt 0.9550 0.7796
vt 0.9407 0.7679
vt 0.9533 0.7602
vt 0.9569 0.7580
vt 0.9599 0.7590
vt 0.9630 0.7594
vt 0.9607 0.7557
vt 0.9640 0.7564
vt 0.9574 0.7549
vt 0.9693 0.7577
vt 0.9847 0.7614
vt 0.9521 0.7536
vt 0.9367 0.7500
vt 0.9627 0.7470
vt 0.9680 0.7511
vt 0.9644 0.7533
vt 0.9615 0.7523
vt 0.9584 0.7519
vt 0.9562 0.7483
vt 0.9484 0.7357
vt 0.9664 0.7317
vt 0.9806 0.7434
vt 0.9620 0.7129
vt 0.9530 0.7085
vt 0.9583 0.7020
vt 0.9664 0.7039
vt 0.9729 0.7092
vt 0.9710 0.7173
vt 0.9657 0.7238
vt 0.9576 0.7219
vt 0.9511 0.7166
vt 0.9586 0.7643
vt 0.9652 0.7630
vt 0.9730 0.7756
vt 0.9550 0.7796
vt 0.9407 0.7679
vt 0.9533 0.7602
vt 0.9569 0.7580
vt 0.9599 0.7590
vt 0.9630 0.7594
vt 0.9607 0.7557
vt 0.9640 0.7564
vt 0.9574 0.7549
vt 0.9693 0.7577
vt 0.9847 0.7614
vt 0.9521 0.7536
vt 0.9367 0.7500
vt 0.9627 0.7470
vt 0.9680 0.7511
vt 0.9644 0.7533
vt 0.9615 0.7523
vt 0.9584 0.7519
vt 0.9562 0.7483
vt 0.9484 0.7357
vt 0.9664 0.7317
vt 0.9806 0.7434
vt 0.9620 0.7129
vt 0.9530 0.7085
vt 0.9583 0.7020
vt 0.9664 0.7039
vt 0.9729 0.7092
vt 0.9710 0.7173
vt 0.9657 0.7238
vt 0.9576 0.7219
vt 0.9511 0.7166
vt 0.9586 0.7643
vt 0.9652 0.7630
vt 0.9730 0.7756
vt 0.9550 0.7796
vt 0.9407 0.7679
vt 0.9533 0.7602
vt 0.9569 0.7580
vt 0.9599 0.7590
vt 0.9630 0.7594
vt 0.9607 0.7557
vt 0.9640 0.7564
vt 0.9574 0.7549
vt 0.9693 0.7577
vt 0.9847 0.7614
vt 0.9521 0.7536
vt 0.9367 0.7500
vt 0.9627 0.7470
vt 0.9680 0.7511
vt 0.9644 0.7533
vt 0.9615 0.7523
vt 0.9584 0.7519
vt 0.9562 0.7483
vt 0.9484 0.7357
vt 0.9664 0.7317
vt 0.9806 0.7434
vt 0.9620 0.7129
vt 0.9530 0.7085
vt 0.9583 0.7020
vt 0.9664 0.7039
vt 0.9729 0.7092
vt 0.9710 0.7173
vt 0.9657 0.7238
vt 0.9576 0.7219
vt 0.9511 0.7166
vt 0.9586 0.7643
vt 0.9652 0.7630
vt 0.9730 0.7756
vt 0.9550 0.7796
vt 0.9407 0.7679
vt 0.9533 0.7602
vt 0.9569 0.7580
vt 0.9599 0.7590
vt 0.9630 0.7594
vt 0.9607 0.7557
vt 0.9640 0.7564
vt 0.9574 0.7549
vt 0.9693 0.7577
vt 0.9847 0.7614
vt 0.9521 0.7536
vt 0.9367 0.7500
vt 0.9627 0.7470
vt 0.9680 0.7511
vt 0.9644 0.7533
vt 0.9615 0.7523
vt 0.9584 0.7519
vt 0.9562 0.7483
vt 0.9484 0.7357
vt 0.9664 0.7317
vt 0.9806 0.7434
vt 0.9620 0.7129
vt 0.9530 0.7085
vt 0.9583 0.7020
vt 0.9664 0.7039
vt 0.9729 0.7092
vt 0.9710 0.7173
vt 0.9657 0.7238
vt 0.9576 0.7219
vt 0.9511 0.7166
vt 0.9586 0.7643
vt 0.9652 0.7630
vt 0.9730 0.7756
vt 0.9550 0.7796
vt 0.9407 0.7679
vt 0.9533 0.7602
vt 0.9569 0.7580
vt 0.9599 0.7590
vt 0.9630 0.7594
vt 0.9607 0.7557
vt 0.9640 0.7564
vt 0.9574 0.7549
vt 0.9693 0.7577
vt 0.9847 0.7614
vt 0.9521 0.7536
vt 0.9367 0.7500
vt 0.9627 0.7470
vt 0.9680 0.7511
vt 0.9644 0.7533
vt 0.9615 0.7523
vt 0.9584 0.7519
vt 0.9562 0.7483
vt 0.9484 0.7357
vt 0.9664 0.7317
vt 0.9806 0.7434
vt 0.9620 0.7129
vt 0.9530 0.7085
vt 0.9583 0.7020
vt 0.9664 0.7039
vt 0.9729 0.7092
vt 0.9710 0.7173
vt 0.9657 0.7238
vt 0.9576 0.7219
vt 0.9511 0.7166
vt 0.9586 0.7643
vt 0.9652 0.7630
vt 0.9730 0.7756
vt 0.9550 0.7796
vt 0.9407 0.7679
vt 0.9533 0.7602
vt 0.9569 0.7580
vt 0.9599 0.7590
vt 0.9630 0.7594
vt 0.9607 0.7557
vt 0.9640 0.7564
vt 0.9574 0.7549
vt 0.9693 0.7577
vt 0.9847 0.7614
vt 0.9521 0.7536
vt 0.9367 0.7500
vt 0.9627 0.7470
vt 0.9680 0.7511
vt 0.9644 0.7533
vt 0.9615 0.7523
vt 0.9584 0.7519
vt 0.9562 0.7483
vt 0.9484 0.7357
vt 0.9664 0.7317
vt 0.9806 0.7434
vt 0.9620 0.7129
vt 0.9530 0.7085
vt 0.9583 0.7020
vt 0.9664 0.7039
vt 0.9729 0.7092
vt 0.9710 0.7173
vt 0.9657 0.7238
vt 0.9576 0.7219
vt 0.9511 0.7166
vt 0.9586 0.7643
vt 0.9652 0.7630
vt 0.9730 0.7756
vt 0.9550 0.7796
vt 0.9407 0.7679
vt 0.9533 0.7602
vt 0.9569 0.7580
vt 0.9599 0.7590
vt 0.9630 0.7594
vt 0.9607 0.7557
vt 0.9640 0.7564
vt 0.9574 0.7549
vt 0.9693 0.7577
vt 0.9847 0.7614
vt 0.9521 0.7536
vt 0.9367 0.7500
vt 0.9627 0.7470
vt 0.9680 0.7511
vt 0.9644 0.7533
vt 0.9615 0.7523
vt 0.9584 0.7519
vt 0.9562 0.7483
vt 0.9484 0.7357
vt 0.9664 0.7317
vt 0.9806 0.7434
vt 0.9620 0.7129
vt 0.9530 0.7085
vt 0.9583 0.7020
vt 0.9664 0.7039
vt 0.9729 0.7092
vt 0.9710 0.7173
vt 0.9657 0.7238
vt 0.9576 0.7219
vt 0.9511 0.7166
vt 0.9586 0.7643
vt 0.9652 0.7630
vt 0.9730 0.7756
vt 0.9550 0.7796
vt 0.9407 0.7679
vt 0.9533 0.7602
vt 0.9569 0.7580
vt 0.9599 0.7590
vt 0.9630 0.7594
vt 0.9607 0.7557
vt 0.9640 0.7564
vt 0.9574 0.7549
vt 0.9693 0.7577
vt 0.9847 0.7614
vt 0.9521 0.7536
vt 0.9367 0.7500
vt 0.9627 0.7470
vt 0.9680 0.7511
vt 0.9644 0.7533
vt 0.9615 0.7523
vt 0.9584 0.7519
vt 0.9562 0.7483
vt 0.9484 0.7357
vt 0.9664 0.7317
vt 0.9806 0.7434
vt 0.9620 0.7129
vt 0.9530 0.7085
vt 0.9583 0.7020
vt 0.9664 0.7039
vt 0.9729 0.7092
vt 0.9710 0.7173
vt 0.9657 0.7238
vt 0.9576 0.7219
vt 0.9511 0.7166
vt 0.9586 0.7643
vt 0.9652 0.7630
vt 0.9730 0.7756
vt 0.9550 0.7796
vt 0.9407 0.7679
vt 0.9533 0.7602
vt 0.9569 0.7580
vt 0.9599 0.7590
vt 0.9630 0.7594
vt 0.9607 0.7557
vt 0.9640 0.7564
vt 0.9574 0.7549
vt 0.9693 0.7577
vt 0.9847 0.7614
vt 0.9521 0.7536
vt 0.9367 0.7500
vt 0.9627 0.7470
vt 0.9680 0.7511
vt 0.9644 0.7533
vt 0.9615 0.7523
vt 0.9584 0.7519
vt 0.9562 0.7483
vt 0.9484 0.7357
vt 0.9664 0.7317
vt 0.9806 0.7434
vt 0.9620 0.7129
vt 0.9530 0.7085
vt 0.9583 0.7020
vt 0.9664 0.7039
vt 0.9729 0.7092
vt 0.9710 0.7173
vt 0.9657 0.7238
vt 0.9576 0.7219
vt 0.9511 0.7166
vt 0.9586 0.7643
vt 0.9652 0.7630
vt 0.9730 0.7756
vt 0.9550 0.7796
vt 0.9407 0.7679
vt 0.9533 0.7602
vt 0.9569 0.7580
vt 0.9599 0.7590
vt 0.9630 0.7594
vt 0.9607 0.7557
vt 0.9640 0.7564
vt 0.9574 0.7549
vt 0.9693 0.7577
vt 0.9847 0.7614
vt 0.9521 0.7536
vt 0.9367 0.7500
vt 0.0562 0.7437
vt 0.0594 0.7506
vt 0.0546 0.7509
vt 0.0522 0.7484
vt 0.0493 0.7463
vt 0.0490 0.7416
vt 0.0479 0.7249
vt 0.0679 0.7303
vt 0.0760 0.7494
vt 0.0484 0.7127
vt 0.0418 0.7036
vt 0.0504 0.6999
vt 0.0576 0.7060
vt 0.0612 0.7147
vt 0.0551 0.7218
vt 0.0465 0.7255
vt 0.0393 0.7194
vt 0.0356 0.7107
vt 0.0431 0.7588
vt 0.0504 0.7609
vt 0.0515 0.7776
vt 0.0315 0.7722
vt 0.0234 0.7531
vt 0.0400 0.7519
vt 0.0447 0.7516
vt 0.0472 0.7541
vt 0.0500 0.7562
vt 0.0497 0.7512
vt 0.0526 0.7538
vt 0.0468 0.7487
vt 0.0572 0.7578
vt 0.0706 0.7694
vt 0.0422 0.7447
vt 0.0288 0.7330
vt 0.0562 0.7437
vt 0.0594 0.7506
vt 0.0546 0.7509
vt 0.0522 0.7484
vt 0.0493 0.7463
vt 0.0490 0.7416
vt 0.0479 0.7249
vt 0.0679 0.7303
vt 0.0760 0.7494
vt 0.0484 0.7127
vt 0.0418 0.7036
vt 0.0504 0.6999
vt 0.0576 0.7060
vt 0.0612 0.7147
vt 0.0551 0.7218
vt 0.0465 0.7255
vt 0.0393 0.7194
vt 0.0356 0.7107
vt 0.0431 0.7588
vt 0.0504 0.7609
vt 0.0515 0.7776
vt 0.0315 0.7722
vt 0.0234 0.7531
vt 0.0400 0.7519
vt 0.0447 0.7516
vt 0.0472 0.7541
vt 0.0500 0.7562
vt 0.0497 0.7512
vt 0.0526 0.7538
vt 0.0468 0.7487
vt 0.0572 0.7578
vt 0.0706 0.7694
vt 0.0422 0.7447
vt 0.0288 0.7330
vt 0.0562 0.7437
vt 0.0594 0.7506
vt 0.0546 0.7509
vt 0.0522 0.7484
vt 0.0493 0.7463
vt 0.0490 0.7416
vt 0.0479 0.7249
vt 0.0679 0.7303
vt 0.0760 0.7494
vt 0.0484 0.7127
vt 0.0418 0.7036
vt 0.0504 0.6999
vt 0.0576 0.7060
vt 0.0612 0.7147
vt 0.0551 0.7218
vt 0.0465 0.7255
vt 0.0393 0.7194
vt 0.0356 0.7107
vt 0.0431 0.7588
vt 0.0504 0.7609
vt 0.0515 0.7776
vt 0.0315 0.7722
vt 0.0234 0.7531
vt 0.0400 0.7519
vt 0.0447 0.7516
vt 0.0472 0.7541
vt 0.0500 0.7562
vt 0.0497 0.7512
vt 0.0526 0.7538
vt 0.0468 0.7487
vt 0.0572 0.7578
vt 0.0706 0.7694
vt 0.0422 0.7447
vt 0.0288 0.7330
vt 0.0562 0.7437
vt 0.0594 0.7506
vt 0.0546 0.7509
vt 0.0522 0.7484
vt 0.0493 0.7463
vt 0.0490 0.7416
vt 0.0479 0.7249
vt 0.0679 0.7303
vt 0.0760 0.7494
vt 0.0484 0.7127
vt 0.0418 0.7036
vt 0.0504 0.6999
vt 0.0576 0.7060
vt 0.0612 0.7147
vt 0.0551 0.7218
vt 0.0465 0.7255
vt 0.0393 0.7194
vt 0.0356 0.7107
vt 0.0431 0.7588
vt 0.0504 0.7609
vt 0.0515 0.7776
vt 0.0315 0.7722
vt 0.0234 0.7531
vt 0.0400 0.7519
vt 0.0447 0.7516
vt 0.0472 0.7541
vt 0.0500 0.7562
vt 0.0497 0.7512
vt 0.0526 0.7538
vt 0.0468 0.7487
vt 0.0572 0.7578
vt 0.0706 0.7694
vt 0.0422 0.7447
vt 0.0288 0.7330
vt 0.0562 0.7437
vt 0.0594 0.7506
vt 0.0546 0.7509
vt 0.0522 0.7484
vt 0.0493 0.7463
vt 0.0490 0.7416
vt 0.0479 0.7249
vt 0.0679 0.7303
vt 0.0760 0.7494
vt 0.0484 0.7127
vt 0.0418 0.7036
vt 0.0504 0.6999
vt 0.0576 0.7060
vt 0.0612 0.7147
vt 0.0551 0.7218
vt 0.0465 0.7255
vt 0.0393 0.7194
vt 0.0356 0.7107
vt 0.0431 0.7588
vt 0.0504 0.7609
vt 0.0515 0.7776
vt 0.0315 0.7722
vt 0.0234 0.7531
vt 0.0400 0.7519
vt 0.0447 0.7516
vt 0.0472 0.7541
vt 0.0500 0.7562
vt 0.0497 0.7512
vt 0.0526 0.7538
vt 0.0468 0.7487
vt 0.0572 0.7578
vt 0.0706 0.7694
vt 0.0422 0.7447
vt 0.0288 0.7330
vt 0.0562 0.7437
vt 0.0594 0.7506
vt 0.0546 0.7509
vt 0.0522 0.7484
vt 0.0493 0.7463
vt 0.0490 0.7416
vt 0.0479 0.7249
vt 0.0679 0.7303
vt 0.0760 0.7494
vt 0.0484 0.7127
vt 0.0418 0.7036
vt 0.0504 0.6999
vt 0.0576 0.7060
vt 0.0612 0.7147
vt 0.0551 0.7218
vt 0.0465 0.7255
vt 0.0393 0.7194
vt 0.0356 0.7107
vt 0.0431 0.7588
vt 0.0504 0.7609
vt 0.0515 0.7776
vt 0.0315 0.7722
vt 0.0234 0.7531
vt 0.0400 0.7519
vt 0.0447 0.7516
vt 0.0472 0.7541
vt 0.0500 0.7562
vt 0.0497 0.7512
vt 0.0526 0.7538
vt 0.0468 0.7487
vt 0.0572 0.7578
vt 0.0706 0.7694
vt 0.0422 0.7447
vt 0.0288 0.7330
vt 0.0562 0.7437
vt 0.0594 0.7506
vt 0.0546 0.7509
vt 0.0522 0.7484
vt 0.0493 0.7463
vt 0.0490 0.7416
vt 0.0479 0.7249
vt 0.0679 0.7303
vt 0.0760 0.7494
vt 0.0484 0.7127
vt 0.0418 0.7036
vt 0.0504 0.6999
vt 0.0576 0.7060
vt 0.0612 0.7147
vt 0.0551 0.7218
vt 0.0465 0.7255
vt 0.0393 0.7194
vt 0.0356 0.7107
vt 0.0431 0.7588
vt 0.0504 0.7609
vt 0.0515 0.7776
vt 0.0315 0.7722
vt 0.0234 0.7531
vt 0.0400 0.7519
vt 0.0447 0.7516
vt 0.0472 0.7541
vt 0.0500 0.7562
vt 0.0497 0.7512
vt 0.0526 0.7538
vt 0.0468 0.7487
vt 0.0572 0.7578
vt 0.0706 0.7694
vt 0.0422 0.7447
vt 0.0288 0.7330
vt 0.0562 0.7437
vt 0.0594 0.7506
vt 0.0546 0.7509
vt 0.0522 0.7484
vt 0.0493 0.7463
vt 0.0490 0.7416
vt 0.0479 0.7249
vt 0.0679 0.7303
vt 0.0760 0.7494
vt 0.0484 0.7127
vt 0.0418 0.7036
vt 0.0504 0.6999
vt 0.0576 0.7060
vt 0.0612 0.7147
vt 0.0551 0.7218
vt 0.0465 0.7255
vt 0.0393 0.7194
vt 0.0356 0.7107
vt 0.0431 0.7588
vt 0.0504 0.7609
vt 0.0515 0.7776
vt 0.0315 0.7722
vt 0.0234 0.7531
vt 0.0400 0.7519
vt 0.0447 0.7516
vt 0.0472 0.7541
vt 0.0500 0.7562
vt 0.0497 0.7512
vt 0.0526 0.7538
vt 0.0468 0.7487
vt 0.0572 0.7578
vt 0.0706 0.7694
vt 0.0422 0.7447
vt 0.0288 0.7330
vt 0.0562 0.7437
vt 0.0594 0.7506
vt 0.0546 0.7509
vt 0.0522 0.7484
vt 0.0493 0.7463
vt 0.0490 0.7416
vt 0.0479 0.7249
vt 0.0679 0.7303
vt 0.0760 0.7494
vt 0.0484 0.7127
vt 0.0418 0.7036
vt 0.0504 0.6999
vt 0.0576 0.7060
vt 0.0612 0.7147
vt 0.0551 0.7218
vt 0.0465 0.7255
vt 0.0393 0.7194
vt 0.0356 0.7107
vt 0.0431 0.7588
vt 0.0504 0.7609
vt 0.0515 0.7776
vt 0.0315 0.7722
vt 0.0234 0.7531
vt 0.0400 0.7519
vt 0.0447 0.7516
vt 0.0472 0.7541
vt 0.0500 0.7562
vt 0.0497 0.7512
vt 0.0526 0.7538
vt 0.0468 0.7487
vt 0.0572 0.7578
vt 0.0706 0.7694
vt 0.0422 0.7447
vt 0.0288 0.7330
vt 0.0562 0.7437
vt 0.0594 0.7506
vt 0.0546 0.7509
vt 0.0522 0.7484
vt 0.0493 0.7463
vt 0.0490 0.7416
vt 0.0479 0.7249
vt 0.0679 0.7303
vt 0.0760 0.7494
vt 0.0484 0.7127
vt 0.0418 0.7036
vt 0.0504 0.6999
vt 0.0576 0.7060
vt 0.0612 0.7147
vt 0.0551 0.7218
vt 0.0465 0.7255
vt 0.0393 0.7194
vt 0.0356 0.7107
vt 0.0431 0.7588
vt 0.0504 0.7609
vt 0.0515 0.7776
vt 0.0315 0.7722
vt 0.0234 0.7531
vt 0.0400 0.7519
vt 0.0447 0.7516
vt 0.0472 0.7541
vt 0.0500 0.7562
vt 0.0497 0.7512
vt 0.0526 0.7538
vt 0.0468 0.7487
vt 0.0572 0.7578
vt 0.0706 0.7694
vt 0.0422 0.7447
vt 0.0288 0.7330
vt 0.0562 0.7437
vt 0.0594 0.7506
vt 0.0546 0.7509
vt 0.0522 0.7484
vt 0.0493 0.7463
vt 0.0490 0.7416
vt 0.0479 0.7249
vt 0.0679 0.7303
vt 0.0760 0.7494
vt 0.0484 0.7127
vt 0.0418 0.7036
vt 0.0504 0.6999
vt 0.0576 0.7060
vt 0.0612 0.7147
vt 0.0551 0.7218
vt 0.0465 0.7255
vt 0.0393 0.7194
vt 0.0356 0.7107
vt 0.0431 0.7588
vt 0.0504 0.7609
vt 0.0515 0.7776
vt 0.0315 0.7722
vt 0.0234 0.7531
vt 0.0400 0.7519
vt 0.0447 0.7516
vt 0.0472 0.7541
vt 0.0500 0.7562
vt 0.0497 0.7512
vt 0.0526 0.7538
vt 0.0468 0.7487
vt 0.0572 0.7578
vt 0.0706 0.7694
vt 0.0422 0.7447
vt 0.0288 0.7330
vt 0.0562 0.7437
vt 0.0594 0.7506
vt 0.0546 0.7509
vt 0.0522 0.7484
vt 0.0493 0.7463
vt 0.0490 0.7416
vt 0.0479 0.7249
vt 0.0679 0.7303
vt 0.0760 0.7494
vt 0.0484 0.7127
vt 0.0418 0.7036
vt 0.0504 0.6999
vt 0.0576 0.7060
vt 0.0612 0.7147
vt 0.0551 0.7218
vt 0.0465 0.7255
vt 0.0393 0.7194
vt 0.0356 0.7107
vt 0.0431 0.7588
vt 0.0504 0.7609
vt 0.0515 0.7776
vt 0.0315 0.7722
vt 0.0234 0.7531
vt 0.0400 0.7519
vt 0.0447 0.7516
vt 0.0472 0.7541
vt 0.0500 0.7562
vt 0.0497 0.7512
vt 0.0526 0.7538
vt 0.0468 0.7487
vt 0.0572 0.7578
vt 0.0706 0.7694
vt 0.0422 0.7447
vt 0.0288 0.7330
vt 0.0562 0.7437
vt 0.0594 0.7506
vt 0.0546 0.7509
vt 0.0522 0.7484
vt 0.0493 0.7463
vt 0.0490 0.7416
vt 0.0479 0.7249
vt 0.0679 0.7303
vt 0.0760 0.7494
vt 0.0484 0.7127
vt 0.0418 0.7036
vt 0.0504 0.6999
vt 0.0576 0.7060
vt 0.0612 0.7147
vt 0.0551 0.7218
vt 0.0465 0.7255
vt 0.0393 0.7194
vt 0.0356 0.7107
vt 0.0431 0.7588
vt 0.0504 0.7609
vt 0.0515 0.7776
vt 0.0315 0.7722
vt 0.0234 0.7531
vt 0.0400 0.7519
vt 0.0447 0.7516
vt 0.0472 0.7541
vt 0.0500 0.7562
vt 0.0497 0.7512
vt 0.0526 0.7538
vt 0.0468 0.7487
vt 0.0572 0.7578
vt 0.0706 0.7694
vt 0.0422 0.7447
vt 0.0288 0.7330
vt 0.0562 0.7437
vt 0.0594 0.7506
vt 0.0546 0.7509
vt 0.0522 0.7484
vt 0.0493 0.7463
vt 0.0490 0.7416
vt 0.0479 0.7249
vt 0.0679 0.7303
vt 0.0760 0.7494
vt 0.0484 0.7127
vt 0.0418 0.7036
vt 0.0504 0.6999
vt 0.0576 0.7060
vt 0.0612 0.7147
vt 0.0551 0.7218
vt 0.0465 0.7255
vt 0.0393 0.7194
vt 0.0356 0.7107
vt 0.0431 0.7588
vt 0.0504 0.7609
vt 0.0515 0.7776
vt 0.0315 0.7722
vt 0.0234 0.7531
vt 0.0400 0.7519
vt 0.0447 0.7516
vt 0.0472 0.7541
vt 0.0500 0.7562
vt 0.0497 0.7512
vt 0.0526 0.7538
vt 0.0468 0.7487
vt 0.0572 0.7578
vt 0.0706 0.7694
vt 0.0422 0.7447
vt 0.0288 0.7330
vt 0.0562 0.7437
vt 0.0594 0.7506
vt 0.0546 0.7509
vt 0.0522 0.7484
vt 0.0493 0.7463
vt 0.0490 0.7416
vt 0.0479 0.7249
vt 0.0679 0.7303
vt 0.0760 0.7494
vt 0.0484 0.7127
vt 0.0418 0.7036
vt 0.0504 0.6999
vt 0.0576 0.7060
vt 0.0612 0.7147
vt 0.0551 0.7218
vt 0.0465 0.7255
vt 0.0393 0.7194
vt 0.0356 0.7107
vt 0.0431 0.7588
vt 0.0504 0.7609
vt 0.0515 0.7776
vt 0.0315 0.7722
vt 0.0234 0.7531
vt 0.0400 0.7519
vt 0.0447 0.7516
vt 0.0472 0.7541
vt 0.0500 0.7562
vt 0.0497 0.7512
vt 0.0526 0.7538
vt 0.0468 0.7487
vt 0.0572 0.7578
vt 0.0706 0.7694
vt 0.0422 0.7447
vt 0.0288 0.7330
vt 0.0562 0.7437
vt 0.0594 0.7506
vt 0.0546 0.7509
vt 0.0522 0.7484
vt 0.0493 0.7463
vt 0.0490 0.7416
vt 0.0479 0.7249
vt 0.0679 0.7303
vt 0.0760 0.7494
vt 0.0484 0.7127
vt 0.0418 0.7036
vt 0.0504 0.6999
vt 0.0576 0.7060
vt 0.0612 0.7147
vt 0.0551 0.7218
vt 0.0465 0.7255
vt 0.0393 0.7194
vt 0.0356 0.7107
vt 0.0431 0.7588
vt 0.0504 0.7609
vt 0.0515 0.7776
vt 0.0315 0.7722
vt 0.0234 0.7531
vt 0.0400 0.7519
vt 0.0447 0.7516
vt 0.0472 0.7541
vt 0.0500 0.7562
vt 0.0497 0.7512
vt 0.0526 0.7538
vt 0.0468 0.7487
vt 0.0572 0.7578
vt 0.0706 0.7694
vt 0.0422 0.7447
vt 0.0288 0.7330
vt 0.0562 0.7437
vt 0.0594 0.7506
vt 0.0546 0.7509
vt 0.0522 0.7484
vt 0.0493 0.7463
vt 0.0490 0.7416
vt 0.0479 0.7249
vt 0.0679 0.7303
vt 0.0760 0.7494
vt 0.0484 0.7127
vt 0.0418 0.7036
vt 0.0504 0.6999
vt 0.0576 0.7060
vt 0.0612 0.7147
vt 0.0551 0.7218
vt 0.0465 0.7255
vt 0.0393 0.7194
vt 0.0356 0.7107
vt 0.0431 0.7588
vt 0.0504 0.7609
vt 0.0515 0.7776
vt 0.0315 0.7722
vt 0.0234 0.7531
vt 0.0400 0.7519
vt 0.0447 0.7516
vt 0.0472 0.7541
vt 0.0500 0.7562
vt 0.0497 0.7512
vt 0.0526 0.7538
vt 0.0468 0.7487
vt 0.0572 0.7578
vt 0.0706 0.7694
vt 0.0422 0.7447
vt 0.0288 0.7330
vt 0.0562 0.7437
vt 0.0594 0.7506
vt 0.0546 0.7509
vt 0.0522 0.7484
vt 0.0493 0.7463
vt 0.0490 0.7416
vt 0.0479 0.7249
vt 0.0679 0.7303
vt 0.0760 0.7494
vt 0.0484 0.7127
vt 0.0418 0.7036
vt 0.0504 0.6999
vt 0.0576 0.7060
vt 0.0612 0.7147
vt 0.0551 0.7218
vt 0.0465 0.7255
vt 0.0393 0.7194
vt 0.0356 0.7107
vt 0.0431 0.7588
vt 0.0504 0.7609
vt 0.0515 0.7776
vt 0.0315 0.7722
vt 0.0234 0.7531
vt 0.0400 0.7519
vt 0.0447 0.7516
vt 0.0472 0.7541
vt 0.0500 0.7562
vt 0.0497 0.7512
vt 0.0526 0.7538
vt 0.0468 0.7487
vt 0.0572 0.7578
vt 0.0706 0.7694
vt 0.0422 0.7447
vt 0.0288 0.7330
vt 0.0562 0.7437
vt 0.0594 0.7506
vt 0.0546 0.7509
vt 0.0522 0.7484
vt 0.0493 0.7463
vt 0.0490 0.7416
vt 0.0479 0.7249
vt 0.0679 0.7303
vt 0.0760 0.7494
vt 0.0484 0.7127
vt 0.0418 0.7036
vt 0.0504 0.6999
vt 0.0576 0.7060
vt 0.0612 0.7147
vt 0.0551 0.7218
vt 0.0465 0.7255
vt 0.0393 0.7194
vt 0.0356 0.7107
vt 0.0431 0.7588
vt 0.0504 0.7609
vt 0.0515 0.7776
vt 0.0315 0.7722
vt 0.0234 0.7531
vt 0.0400 0.7519
vt 0.0447 0.7516
vt 0.0472 0.7541
vt 0.0500 0.7562
vt 0.0497 0.7512
vt 0.0526 0.7538
vt 0.0468 0.7487
vt 0.0572 0.7578
vt 0.0706 0.7694
vt 0.0422 0.7447
vt 0.0288 0.7330
vt 0.0562 0.7437
vt 0.0594 0.7506
vt 0.0546 0.7509
vt 0.0522 0.7484
vt 0.0493 0.7463
vt 0.0490 0.7416
vt 0.0479 0.7249
vt 0.0679 0.7303
vt 0.0760 0.7494
vt 0.0484 0.7127
vt 0.0418 0.7036
vt 0.0504 0.6999
vt 0.0576 0.7060
vt 0.0612 0.7147
vt 0.0551 0.7218
vt 0.0465 0.7255
vt 0.0393 0.7194
vt 0.0356 0.7107
vt 0.0431 0.7588
vt 0.0504 0.7609
vt 0.0515 0.7776
vt 0.0315 0.7722
vt 0.0234 0.7531
vt 0.0400 0.7519
vt 0.0447 0.7516
vt 0.0472 0.7541
vt 0.0500 0.7562
vt 0.0497 0.7512
vt 0.0526 0.7538
vt 0.0468 0.7487
vt 0.0572 0.7578
vt 0.0706 0.7694
vt 0.0422 0.7447
vt 0.0288 0.7330
vt 0.0562 0.7437
vt 0.0594 0.7506
vt 0.0546 0.7509
vt 0.0522 0.7484
vt 0.0493 0.7463
vt 0.0490 0.7416
vt 0.0479 0.7249
vt 0.0679 0.7303
vt 0.0760 0.7494
vt 0.0484 0.7127
vt 0.0418 0.7036
vt 0.0504 0.6999
vt 0.0576 0.7060
vt 0.0612 0.7147
vt 0.0551 0.7218
vt 0.0465 0.7255
vt 0.0393 0.7194
vt 0.0356 0.7107
vt 0.0431 0.7588
vt 0.0504 0.7609
vt 0.0515 0.7776
vt 0.0315 0.7722
vt 0.0234 0.7531
vt 0.0400 0.7519
vt 0.0447 0.7516
vt 0.0472 0.7541
vt 0.0500 0.7562
vt 0.0497 0.7512
vt 0.0526 0.7538
vt 0.0468 0.7487
vt 0.0572 0.7578
vt 0.0706 0.7694
vt 0.0422 0.7447
vt 0.0288 0.7330
vt 0.0562 0.7437
vt 0.0594 0.7506
vt 0.0546 0.7509
vt 0.0522 0.7484
vt 0.0493 0.7463
vt 0.0490 0.7416
vt 0.0479 0.7249
vt 0.0679 0.7303
vt 0.0760 0.7494
vt 0.0484 0.7127
vt 0.0418 0.7036
vt 0.0504 0.6999
vt 0.0576 0.7060
vt 0.0612 0.7147
vt 0.0551 0.7218
vt 0.0465 0.7255
vt 0.0393 0.7194
vt 0.0356 0.7107
vt 0.0431 0.7588
vt 0.0504 0.7609
vt 0.0515 0.7776
vt 0.0315 0.7722
vt 0.0234 0.7531
vt 0.0400 0.7519
vt 0.0447 0.7516
vt 0.0472 0.7541
vt 0.0500 0.7562
vt 0.0497 0.7512
vt 0.0526 0.7538
vt 0.0468 0.7487
vt 0.0572 0.7578
vt 0.0706 0.7694
vt 0.0422 0.7447
vt 0.0288 0.7330
vt 0.9627 0.7470
vt 0.9680 0.7511
vt 0.9644 0.7533
vt 0.9615 0.7523
vt 0.9584 0.7519
vt 0.9562 0.7483
vt 0.9484 0.7357
vt 0.9664 0.7317
vt 0.9806 0.7434
vt 0.9620 0.7129
vt 0.9530 0.7085
vt 0.9583 0.7020
vt 0.9664 0.7039
vt 0.9729 0.7092
vt 0.9710 0.7173
vt 0.9657 0.7238
vt 0.9576 0.7219
vt 0.9511 0.7166
vt 0.9586 0.7643
vt 0.9652 0.7630
vt 0.9730 0.7756
vt 0.9550 0.7796
vt 0.9407 0.7679
vt 0.9533 0.7602
vt 0.9569 0.7580
vt 0.9599 0.7590
vt 0.9630 0.7594
vt 0.9607 0.7557
vt 0.9640 0.7564
vt 0.9574 0.7549
vt 0.9693 0.7577
vt 0.9847 0.7614
vt 0.9521 0.7536
vt 0.9367 0.7500
vt 0.9627 0.7470
vt 0.9680 0.7511
vt 0.9644 0.7533
vt 0.9615 0.7523
vt 0.9584 0.7519
vt 0.9562 0.7483
vt 0.9484 0.7357
vt 0.9664 0.7317
vt 0.9806 0.7434
vt 0.9620 0.7129
vt 0.9530 0.7085
vt 0.9583 0.7020
vt 0.9664 0.7039
vt 0.9729 0.7092
vt 0.9710 0.7173
vt 0.9657 0.7238
vt 0.9576 0.7219
vt 0.9511 0.7166
vt 0.9586 0.7643
vt 0.9652 0.7630
vt 0.9730 0.7756
vt 0.9550 0.7796
vt 0.9407 0.7679
vt 0.9533 0.7602
vt 0.9569 0.7580
vt 0.9599 0.7590
vt 0.9630 0.7594
vt 0.9607 0.7557
vt 0.9640 0.7564
vt 0.9574 0.7549
vt 0.9693 0.7577
vt 0.9847 0.7614
vt 0.9521 0.7536
vt 0.9367 0.7500
vt 0.9627 0.7470
vt 0.9680 0.7511
vt 0.9644 0.7533
vt 0.9615 0.7523
vt 0.9584 0.7519
vt 0.9562 0.7483
vt 0.9484 0.7357
vt 0.9664 0.7317
vt 0.9806 0.7434
vt 0.9620 0.7129
vt 0.9530 0.7085
vt 0.9583 0.7020
vt 0.9664 0.7039
vt 0.9729 0.7092
vt 0.9710 0.7173
vt 0.9657 0.7238
vt 0.9576 0.7219
vt 0.9511 0.7166
vt 0.9586 0.7643
vt 0.9652 0.7630
vt 0.9730 0.7756
vt 0.9550 0.7796
vt 0.9407 0.7679
vt 0.9533 0.7602
vt 0.9569 0.7580
vt 0.9599 0.7590
vt 0.9630 0.7594
vt 0.9607 0.7557
vt 0.9640 0.7564
vt 0.9574 0.7549
vt 0.9693 0.7577
vt 0.9847 0.7614
vt 0.9521 0.7536
vt 0.9367 0.7500
vt 0.9627 0.7470
vt 0.9680 0.7511
vt 0.9644 0.7533
vt 0.9615 0.7523
vt 0.9584 0.7519
vt 0.9562 0.7483
vt 0.9484 0.7357
vt 0.9664 0.7317
vt 0.9806 0.7434
vt 0.9620 0.7129
vt 0.9530 0.7085
vt 0.9583 0.7020
vt 0.9664 0.7039
vt 0.9729 0.7092
vt 0.9710 0.7173
vt 0.9657 0.7238
vt 0.9576 0.7219
vt 0.9511 0.7166
vt 0.9586 0.7643
vt 0.9652 0.7630
vt 0.9730 0.7756
vt 0.9550 0.7796
vt 0.9407 0.7679
vt 0.9533 0.7602
vt 0.9569 0.7580
vt 0.9599 0.7590
vt 0.9630 0.7594
vt 0.9607 0.7557
vt 0.9640 0.7564
vt 0.9574 0.7549
vt 0.9693 0.7577
vt 0.9847 0.7614
vt 0.9521 0.7536
vt 0.9367 0.7500
vt 0.0562 0.7437
vt 0.0594 0.7506
vt 0.0546 0.7509
vt 0.0522 0.7484
vt 0.0493 0.7463
vt 0.0490 0.7416
vt 0.0479 0.7249
vt 0.0679 0.7303
vt 0.0760 0.7494
vt 0.0484 0.7127
vt 0.0418 0.7036
vt 0.0504 0.6999
vt 0.0576 0.7060
vt 0.0612 0.7147
vt 0.0551 0.7218
vt 0.0465 0.7255
vt 0.0393 0.7194
vt 0.0356 0.7107
vt 0.0431 0.7588
vt 0.0504 0.7609
vt 0.0515 0.7776
vt 0.0315 0.7722
vt 0.0234 0.7531
vt 0.0400 0.7519
vt 0.0447 0.7516
vt 0.0472 0.7541
vt 0.0500 0.7562
vt 0.0497 0.7512
vt 0.0526 0.7538
vt 0.0468 0.7487
vt 0.0572 0.7578
vt 0.0706 0.7694
vt 0.0422 0.7447
vt 0.0288 0.7330
vt 0.0562 0.7437
vt 0.0594 0.7506
vt 0.0546 0.7509
vt 0.0522 0.7484
vt 0.0493 0.7463
vt 0.0490 0.7416
vt 0.0479 0.7249
vt 0.0679 0.7303
vt 0.0760 0.7494
vt 0.0484 0.7127
vt 0.0418 0.7036
vt 0.0504 0.6999
vt 0.0576 0.7060
vt 0.0612 0.7147
vt 0.0551 0.7218
vt 0.0465 0.7255
vt 0.0393 0.7194
vt 0.0356 0.7107
vt 0.0431 0.7588
vt 0.0504 0.7609
vt 0.0515 0.7776
vt 0.0315 0.7722
vt 0.0234 0.7531
vt 0.0400 0.7519
vt 0.0447 0.7516
vt 0.0472 0.7541
vt 0.0500 0.7562
vt 0.0497 0.7512
vt 0.0526 0.7538
vt 0.0468 0.7487
vt 0.0572 0.7578
vt 0.0706 0.7694
vt 0.0422 0.7447
vt 0.0288 0.7330
vt 0.0562 0.7437
vt 0.0594 0.7506
vt 0.0546 0.7509
vt 0.0522 0.7484
vt 0.0493 0.7463
vt 0.0490 0.7416
vt 0.0479 0.7249
vt 0.0679 0.7303
vt 0.0760 0.7494
vt 0.0484 0.7127
vt 0.0418 0.7036
vt 0.0504 0.6999
vt 0.0576 0.7060
vt 0.0612 0.7147
vt 0.0551 0.7218
vt 0.0465 0.7255
vt 0.0393 0.7194
vt 0.0356 0.7107
vt 0.0431 0.7588
vt 0.0504 0.7609
vt 0.0515 0.7776
vt 0.0315 0.7722
vt 0.0234 0.7531
vt 0.0400 0.7519
vt 0.0447 0.7516
vt 0.0472 0.7541
vt 0.0500 0.7562
vt 0.0497 0.7512
vt 0.0526 0.7538
vt 0.0468 0.7487
vt 0.0572 0.7578
vt 0.0706 0.7694
vt 0.0422 0.7447
vt 0.0288 0.7330
vt 0.0562 0.7437
vt 0.0594 0.7506
vt 0.0546 0.7509
vt 0.0522 0.7484
vt 0.0493 0.7463
vt 0.0490 0.7416
vt 0.0479 0.7249
vt 0.0679 0.7303
vt 0.0760 0.7494
vt 0.0484 0.7127
vt 0.0418 0.7036
vt 0.0504 0.6999
vt 0.0576 0.7060
vt 0.0612 0.7147
vt 0.0551 0.7218
vt 0.0465 0.7255
vt 0.0393 0.7194
vt 0.0356 0.7107
vt 0.0431 0.7588
vt 0.0504 0.7609
vt 0.0515 0.7776
vt 0.0315 0.7722
vt 0.0234 0.7531
vt 0.0400 0.7519
vt 0.0447 0.7516
vt 0.0472 0.7541
vt 0.0500 0.7562
vt 0.0497 0.7512
vt 0.0526 0.7538
vt 0.0468 0.7487
vt 0.0572 0.7578
vt 0.0706 0.7694
vt 0.0422 0.7447
vt 0.0288 0.7330
vt 0.0562 0.7437
vt 0.0594 0.7506
vt 0.0546 0.7509
vt 0.0522 0.7484
vt 0.0493 0.7463
vt 0.0490 0.7416
vt 0.0479 0.7249
vt 0.0679 0.7303
vt 0.0760 0.7494
vt 0.0484 0.7127
vt 0.0418 0.7036
vt 0.0504 0.6999
vt 0.0576 0.7060
vt 0.0612 0.7147
vt 0.0551 0.7218
vt 0.0465 0.7255
vt 0.0393 0.7194
vt 0.0356 0.7107
vt 0.0431 0.7588
vt 0.0504 0.7609
vt 0.0515 0.7776
vt 0.0315 0.7722
vt 0.0234 0.7531
vt 0.0400 0.7519
vt 0.0447 0.7516
vt 0.0472 0.7541
vt 0.0500 0.7562
vt 0.0497 0.7512
vt 0.0526 0.7538
vt 0.0468 0.7487
vt 0.0572 0.7578
vt 0.0706 0.7694
vt 0.0422 0.7447
vt 0.0288 0.7330
vt 0.0562 0.7437
vt 0.0594 0.7506
vt 0.0546 0.7509
vt 0.0522 0.7484
vt 0.0493 0.7463
vt 0.0490 0.7416
vt 0.0479 0.7249
vt 0.0679 0.7303
vt 0.0760 0.7494
vt 0.0484 0.7127
vt 0.0418 0.7036
vt 0.0504 0.6999
vt 0.0576 0.7060
vt 0.0612 0.7147
vt 0.0551 0.7218
vt 0.0465 0.7255
vt 0.0393 0.7194
vt 0.0356 0.7107
vt 0.0431 0.7588
vt 0.0504 0.7609
vt 0.0515 0.7776
vt 0.0315 0.7722
vt 0.0234 0.7531
vt 0.0400 0.7519
vt 0.0447 0.7516
vt 0.0472 0.7541
vt 0.0500 0.7562
vt 0.0497 0.7512
vt 0.0526 0.7538
vt 0.0468 0.7487
vt 0.0572 0.7578
vt 0.0706 0.7694
vt 0.0422 0.7447
vt 0.0288 0.7330
vt 0.9627 0.7470
vt 0.9680 0.7511
vt 0.9644 0.7533
vt 0.9615 0.7523
vt 0.9584 0.7519
vt 0.9562 0.7483
vt 0.9484 0.7357
vt 0.9664 0.7317
vt 0.9806 0.7434
vt 0.9620 0.7129
vt 0.9530 0.7085
vt 0.9583 0.7020
vt 0.9664 0.7039
vt 0.9729 0.7092
vt 0.9710 0.7173
vt 0.9657 0.7238
vt 0.9576 0.7219
vt 0.9511 0.7166
vt 0.9586 0.7643
vt 0.9652 0.7630
vt 0.9730 0.7756
vt 0.9550 0.7796
vt 0.9407 0.7679
vt 0.9533 0.7602
vt 0.9569 0.7580
vt 0.9599 0.7590
vt 0.9630 0.7594
vt 0.9607 0.7557
vt 0.9640 0.7564
vt 0.9574 0.7549
vt 0.9693 0.7577
vt 0.9847 0.7614
vt 0.9521 0.7536
vt 0.9367 0.7500
vt 0.9627 0.7470
vt 0.9680 0.7511
vt 0.9644 0.7533
vt 0.9615 0.7523
vt 0.9584 0.7519
vt 0.9562 0.7483
vt 0.9484 0.7357
vt 0.9664 0.7317
vt 0.9806 0.7434
vt 0.9620 0.7129
vt 0.9530 0.7085
vt 0.9583 0.7020
vt 0.9664 0.7039
vt 0.9729 0.7092
vt 0.9710 0.7173
vt 0.9657 0.7238
vt 0.9576 0.7219
vt 0.9511 0.7166
vt 0.9586 0.7643
vt 0.9652 0.7630
vt 0.9730 0.7756
vt 0.9550 0.7796
vt 0.9407 0.7679
vt 0.9533 0.7602
vt 0.9569 0.7580
vt 0.9599 0.7590
vt 0.9630 0.7594
vt 0.9607 0.7557
vt 0.9640 0.7564
vt 0.9574 0.7549
vt 0.9693 0.7577
vt 0.9847 0.7614
vt 0.9521 0.7536
vt 0.9367 0.7500
vt 0.9627 0.7470
vt 0.9680 0.7511
vt 0.9644 0.7533
vt 0.9615 0.7523
vt 0.9584 0.7519
vt 0.9562 0.7483
vt 0.9484 0.7357
vt 0.9664 0.7317
vt 0.9806 0.7434
vt 0.9620 0.7129
vt 0.9530 0.7085
vt 0.9583 0.7020
vt 0.9664 0.7039
vt 0.9729 0.7092
vt 0.9710 0.7173
vt 0.9657 0.7238
vt 0.9576 0.7219
vt 0.9511 0.7166
vt 0.9586 0.7643
vt 0.9652 0.7630
vt 0.9730 0.7756
vt 0.9550 0.7796
vt 0.9407 0.7679
vt 0.9533 0.7602
vt 0.9569 0.7580
vt 0.9599 0.7590
vt 0.9630 0.7594
vt 0.9607 0.7557
vt 0.9640 0.7564
vt 0.9574 0.7549
vt 0.9693 0.7577
vt 0.9847 0.7614
vt 0.9521 0.7536
vt 0.9367 0.7500
vt 0.9627 0.7470
vt 0.9680 0.7511
vt 0.9644 0.7533
vt 0.9615 0.7523
vt 0.9584 0.7519
vt 0.9562 0.7483
vt 0.9484 0.7357
vt 0.9664 0.7317
vt 0.9806 0.7434
vt 0.9620 0.7129
vt 0.9530 0.7085
vt 0.9583 0.7020
vt 0.9664 0.7039
vt 0.9729 0.7092
vt 0.9710 0.7173
vt 0.9657 0.7238
vt 0.9576 0.7219
vt 0.9511 0.7166
vt 0.9586 0.7643
vt 0.9652 0.7630
vt 0.9730 0.7756
vt 0.9550 0.7796
vt 0.9407 0.7679
vt 0.9533 0.7602
vt 0.9569 0.7580
vt 0.9599 0.7590
vt 0.9630 0.7594
vt 0.9607 0.7557
vt 0.9640 0.7564
vt 0.9574 0.7549
vt 0.9693 0.7577
vt 0.9847 0.7614
vt 0.9521 0.7536
vt 0.9367 0.7500
vt 0.0562 0.7437
vt 0.0594 0.7506
vt 0.0546 0.7509
vt 0.0522 0.7484
vt 0.0493 0.7463
vt 0.0490 0.7416
vt 0.0479 0.7249
vt 0.0679 0.7303
vt 0.0760 0.7494
vt 0.0484 0.7127
vt 0.0418 0.7036
vt 0.0504 0.6999
vt 0.0576 0.7060
vt 0.0612 0.7147
vt 0.0551 0.7218
vt 0.0465 0.7255
vt 0.0393 0.7194
vt 0.0356 0.7107
vt 0.0431 0.7588
vt 0.0504 0.7609
vt 0.0515 0.7776
vt 0.0315 0.7722
vt 0.0234 0.7531
vt 0.0400 0.7519
vt 0.0447 0.7516
vt 0.0472 0.7541
vt 0.0500 0.7562
vt 0.0497 0.7512
vt 0.0526 0.7538
vt 0.0468 0.7487
vt 0.0572 0.7578
vt 0.0706 0.7694
vt 0.0422 0.7447
vt 0.0288 0.7330
vt 0.0562 0.7437
vt 0.0594 0.7506
vt 0.0546 0.7509
vt 0.0522 0.7484
vt 0.0493 0.7463
vt 0.0490 0.7416
vt 0.0479 0.7249
vt 0.0679 0.7303
vt 0.0760 0.7494
vt 0.0484 0.7127
vt 0.0418 0.7036
vt 0.0504 0.6999
vt 0.0576 0.7060
vt 0.0612 0.7147
vt 0.0551 0.7218
vt 0.0465 0.7255
vt 0.0393 0.7194
vt 0.0356 0.7107
vt 0.0431 0.7588
vt 0.0504 0.7609
vt 0.0515 0.7776
vt 0.0315 0.7722
vt 0.0234 0.7531
vt 0.0400 0.7519
vt 0.0447 0.7516
vt 0.0472 0.7541
vt 0.0500 0.7562
vt 0.0497 0.7512
vt 0.0526 0.7538
vt 0.0468 0.7487
vt 0.0572 0.7578
vt 0.0706 0.7694
vt 0.0422 0.7447
vt 0.0288 0.7330
vt 0.0562 0.7437
vt 0.0594 0.7506
vt 0.0546 0.7509
vt 0.0522 0.7484
vt 0.0493 0.7463
vt 0.0490 0.7416
vt 0.0479 0.7249
vt 0.0679 0.7303
vt 0.0760 0.7494
vt 0.0484 0.7127
vt 0.0418 0.7036
vt 0.0504 0.6999
vt 0.0576 0.7060
vt 0.0612 0.7147
vt 0.0551 0.7218
vt 0.0465 0.7255
vt 0.0393 0.7194
vt 0.0356 0.7107
vt 0.0431 0.7588
vt 0.0504 0.7609
vt 0.0515 0.7776
vt 0.0315 0.7722
vt 0.0234 0.7531
vt 0.0400 0.7519
vt 0.0447 0.7516
vt 0.0472 0.7541
vt 0.0500 0.7562
vt 0.0497 0.7512
vt 0.0526 0.7538
vt 0.0468 0.7487
vt 0.0572 0.7578
vt 0.0706 0.7694
vt 0.0422 0.7447
vt 0.0288 0.7330
vt 0.0562 0.7437
vt 0.0594 0.7506
vt 0.0546 0.7509
vt 0.0522 0.7484
vt 0.0493 0.7463
vt 0.0490 0.7416
vt 0.0479 0.7249
vt 0.0679 0.7303
vt 0.0760 0.7494
vt 0.0484 0.7127
vt 0.0418 0.7036
vt 0.0504 0.6999
vt 0.0576 0.7060
vt 0.0612 0.7147
vt 0.0551 0.7218
vt 0.0465 0.7255
vt 0.0393 0.7194
vt 0.0356 0.7107
vt 0.0431 0.7588
vt 0.0504 0.7609
vt 0.0515 0.7776
vt 0.0315 0.7722
vt 0.0234 0.7531
vt 0.0400 0.7519
vt 0.0447 0.7516
vt 0.0472 0.7541
vt 0.0500 0.7562
vt 0.0497 0.7512
vt 0.0526 0.7538
vt 0.0468 0.7487
vt 0.0572 0.7578
vt 0.0706 0.7694
vt 0.0422 0.7447
vt 0.0288 0.7330
vt 0.0562 0.7437
vt 0.0594 0.7506
vt 0.0546 0.7509
vt 0.0522 0.7484
vt 0.0493 0.7463
vt 0.0490 0.7416
vt 0.0479 0.7249
vt 0.0679 0.7303
vt 0.0760 0.7494
vt 0.0484 0.7127
vt 0.0418 0.7036
vt 0.0504 0.6999
vt 0.0576 0.7060
vt 0.0612 0.7147
vt 0.0551 0.7218
vt 0.0465 0.7255
vt 0.0393 0.7194
vt 0.0356 0.7107
vt 0.0431 0.7588
vt 0.0504 0.7609
vt 0.0515 0.7776
vt 0.0315 0.7722
vt 0.0234 0.7531
vt 0.0400 0.7519
vt 0.0447 0.7516
vt 0.0472 0.7541
vt 0.0500 0.7562
vt 0.0497 0.7512
vt 0.0526 0.7538
vt 0.0468 0.7487
vt 0.0572 0.7578
vt 0.0706 0.7694
vt 0.0422 0.7447
vt 0.0288 0.7330
vt 0.0562 0.7437
vt 0.0594 0.7506
vt 0.0546 0.7509
vt 0.0522 0.7484
vt 0.0493 0.7463
vt 0.0490 0.7416
vt 0.0479 0.7249
vt 0.0679 0.7303
vt 0.0760 0.7494
vt 0.0484 0.7127
vt 0.0418 0.7036
vt 0.0504 0.6999
vt 0.0576 0.7060
vt 0.0612 0.7147
vt 0.0551 0.7218
vt 0.0465 0.7255
vt 0.0393 0.7194
vt 0.0356 0.7107
vt 0.0431 0.7588
vt 0.0504 0.7609
vt 0.0515 0.7776
vt 0.0315 0.7722
vt 0.0234 0.7531
vt 0.0400 0.7519
vt 0.0447 0.7516
vt 0.0472 0.7541
vt 0.0500 0.7562
vt 0.0497 0.7512
vt 0.0526 0.7538
vt 0.0468 0.7487
vt 0.0572 0.7578
vt 0.0706 0.7694
vt 0.0422 0.7447
vt 0.0288 0.7330
vt 0.0562 0.7437
vt 0.0594 0.7506
vt 0.0546 0.7509
vt 0.0522 0.7484
vt 0.0493 0.7463
vt 0.0490 0.7416
vt 0.0479 0.7249
vt 0.0679 0.7303
vt 0.0760 0.7494
vt 0.0484 0.7127
vt 0.0418 0.7036
vt 0.0504 0.6999
vt 0.0576 0.7060
vt 0.0612 0.7147
vt 0.0551 0.7218
vt 0.0465 0.7255
vt 0.0393 0.7194
vt 0.0356 0.7107
vt 0.0431 0.7588
vt 0.0504 0.7609
vt 0.0515 0.7776
vt 0.0315 0.7722
vt 0.0234 0.7531
vt 0.0400 0.7519
vt 0.0447 0.7516
vt 0.0472 0.7541
vt 0.0500 0.7562
vt 0.0497 0.7512
vt 0.0526 0.7538
vt 0.0468 0.7487
vt 0.0572 0.7578
vt 0.0706 0.7694
vt 0.0422 0.7447
vt 0.0288 0.7330
vt 0.0562 0.7437
vt 0.0594 0.7506
vt 0.0546 0.7509
vt 0.0522 0.7484
vt 0.0493 0.7463
vt 0.0490 0.7416
vt 0.0479 0.7249
vt 0.0679 0.7303
vt 0.0760 0.7494
vt 0.0484 0.7127
vt 0.0418 0.7036
vt 0.0504 0.6999
vt 0.0576 0.7060
vt 0.0612 0.7147
vt 0.0551 0.7218
vt 0.0465 0.7255
vt 0.0393 0.7194
vt 0.0356 0.7107
vt 0.0431 0.7588
vt 0.0504 0.7609
vt 0.0515 0.7776
vt 0.0315 0.7722
vt 0.0234 0.7531
vt 0.0400 0.7519
vt 0.0447 0.7516
vt 0.0472 0.7541
vt 0.0500 0.7562
vt 0.0497 0.7512
vt 0.0526 0.7538
vt 0.0468 0.7487
vt 0.0572 0.7578
vt 0.0706 0.7694
vt 0.0422 0.7447
vt 0.0288 0.7330
vt 0.0562 0.7437
vt 0.0594 0.7506
vt 0.0546 0.7509
vt 0.0522 0.7484
vt 0.0493 0.7463
vt 0.0490 0.7416
vt 0.0479 0.7249
vt 0.0679 0.7303
vt 0.0760 0.7494
vt 0.0484 0.7127
vt 0.0418 0.7036
vt 0.0504 0.6999
vt 0.0576 0.7060
vt 0.0612 0.7147
vt 0.0551 0.7218
vt 0.0465 0.7255
vt 0.0393 0.7194
vt 0.0356 0.7107
vt 0.0431 0.7588
vt 0.0504 0.7609
vt 0.0515 0.7776
vt 0.0315 0.7722
vt 0.0234 0.7531
vt 0.0400 0.7519
vt 0.0447 0.7516
vt 0.0472 0.7541
vt 0.0500 0.7562
vt 0.0497 0.7512
vt 0.0526 0.7538
vt 0.0468 0.7487
vt 0.0572 0.7578
vt 0.0706 0.7694
vt 0.0422 0.7447
vt 0.0288 0.7330
vt 0.0562 0.7437
vt 0.0594 0.7506
vt 0.0546 0.7509
vt 0.0522 0.7484
vt 0.0493 0.7463
vt 0.0490 0.7416
vt 0.0479 0.7249
vt 0.0679 0.7303
vt 0.0760 0.7494
vt 0.0484 0.7127
vt 0.0418 0.7036
vt 0.0504 0.6999
vt 0.0576 0.7060
vt 0.0612 0.7147
vt 0.0551 0.7218
vt 0.0465 0.7255
vt 0.0393 0.7194
vt 0.0356 0.7107
vt 0.0431 0.7588
vt 0.0504 0.7609
vt 0.0515 0.7776
vt 0.0315 0.7722
vt 0.0234 0.7531
vt 0.0400 0.7519
vt 0.0447 0.7516
vt 0.0472 0.7541
vt 0.0500 0.7562
vt 0.0497 0.7512
vt 0.0526 0.7538
vt 0.0468 0.7487
vt 0.0572 0.7578
vt 0.0706 0.7694
vt 0.0422 0.7447
vt 0.0288 0.7330
vt 0.9627 0.7470
vt 0.9680 0.7511
vt 0.9644 0.7533
vt 0.9615 0.7523
vt 0.9584 0.7519
vt 0.9562 0.7483
vt 0.9484 0.7357
vt 0.9664 0.7317
vt 0.9806 0.7434
vt 0.9620 0.7129
vt 0.9530 0.7085
vt 0.9583 0.7020
vt 0.9664 0.7039
vt 0.9729 0.7092
vt 0.9710 0.7173
vt 0.9657 0.7238
vt 0.9576 0.7219
vt 0.9511 0.7166
vt 0.9586 0.7643
vt 0.9652 0.7630
vt 0.9730 0.7756
vt 0.9550 0.7796
vt 0.9407 0.7679
vt 0.9533 0.7602
vt 0.9569 0.7580
vt 0.9599 0.7590
vt 0.9630 0.7594
vt 0.9607 0.7557
vt 0.9640 0.7564
vt 0.9574 0.7549
vt 0.9693 0.7577
vt 0.9847 0.7614
vt 0.9521 0.7536
vt 0.9367 0.7500
vt 0.0562 0.7437
vt 0.0594 0.7506
vt 0.0546 0.7509
vt 0.0522 0.7484
vt 0.0493 0.7463
vt 0.0490 0.7416
vt 0.0479 0.7249
vt 0.0679 0.7303
vt 0.0760 0.7494
vt 0.0484 0.7127
vt 0.0418 0.7036
vt 0.0504 0.6999
vt 0.0576 0.7060
vt 0.0612 0.7147
vt 0.0551 0.7218
vt 0.0465 0.7255
vt 0.0393 0.7194
vt 0.0356 0.7107
vt 0.0431 0.7588
vt 0.0504 0.7609
vt 0.0515 0.7776
vt 0.0315 0.7722
vt 0.0234 0.7531
vt 0.0400 0.7519
vt 0.0447 0.7516
vt 0.0472 0.7541
vt 0.0500 0.7562
vt 0.0497 0.7512
vt 0.0526 0.7538
vt 0.0468 0.7487
vt 0.0572 0.7578
vt 0.0706 0.7694
vt 0.0422 0.7447
vt 0.0288 0.7330
vt 0.0562 0.7437
vt 0.0594 0.7506
vt 0.0546 0.7509
vt 0.0522 0.7484
vt 0.0493 0.7463
vt 0.0490 0.7416
vt 0.0479 0.7249
vt 0.0679 0.7303
vt 0.0760 0.7494
vt 0.0484 0.7127
vt 0.0418 0.7036
vt 0.0504 0.6999
vt 0.0576 0.7060
vt 0.0612 0.7147
vt 0.0551 0.7218
vt 0.0465 0.7255
vt 0.0393 0.7194
vt 0.0356 0.7107
vt 0.0431 0.7588
vt 0.0504 0.7609
vt 0.0515 0.7776
vt 0.0315 0.7722
vt 0.0234 0.7531
vt 0.0400 0.7519
vt 0.0447 0.7516
vt 0.0472 0.7541
vt 0.0500 0.7562
vt 0.0497 0.7512
vt 0.0526 0.7538
vt 0.0468 0.7487
vt 0.0572 0.7578
vt 0.0706 0.7694
vt 0.0422 0.7447
vt 0.0288 0.7330
vt 0.0562 0.7437
vt 0.0594 0.7506
vt 0.0546 0.7509
vt 0.0522 0.7484
vt 0.0493 0.7463
vt 0.0490 0.7416
vt 0.0479 0.7249
vt 0.0679 0.7303
vt 0.0760 0.7494
vt 0.0484 0.7127
vt 0.0418 0.7036
vt 0.0504 0.6999
vt 0.0576 0.7060
vt 0.0612 0.7147
vt 0.0551 0.7218
vt 0.0465 0.7255
vt 0.0393 0.7194
vt 0.0356 0.7107
vt 0.0431 0.7588
vt 0.0504 0.7609
vt 0.0515 0.7776
vt 0.0315 0.7722
vt 0.0234 0.7531
vt 0.0400 0.7519
vt 0.0447 0.7516
vt 0.0472 0.7541
vt 0.0500 0.7562
vt 0.0497 0.7512
vt 0.0526 0.7538
vt 0.0468 0.7487
vt 0.0572 0.7578
vt 0.0706 0.7694
vt 0.0422 0.7447
vt 0.0288 0.7330
vt 0.0562 0.7437
vt 0.0594 0.7506
vt 0.0546 0.7509
vt 0.0522 0.7484
vt 0.0493 0.7463
vt 0.0490 0.7416
vt 0.0479 0.7249
vt 0.0679 0.7303
vt 0.0760 0.7494
vt 0.0484 0.7127
vt 0.0418 0.7036
vt 0.0504 0.6999
vt 0.0576 0.7060
vt 0.0612 0.7147
vt 0.0551 0.7218
vt 0.0465 0.7255
vt 0.0393 0.7194
vt 0.0356 0.7107
vt 0.0431 0.7588
vt 0.0504 0.7609
vt 0.0515 0.7776
vt 0.0315 0.7722
vt 0.0234 0.7531
vt 0.0400 0.7519
vt 0.0447 0.7516
vt 0.0472 0.7541
vt 0.0500 0.7562
vt 0.0497 0.7512
vt 0.0526 0.7538
vt 0.0468 0.7487
vt 0.0572 0.7578
vt 0.0706 0.7694
vt 0.0422 0.7447
vt 0.0288 0.7330
vt 0.9627 0.7470
vt 0.9680 0.7511
vt 0.9644 0.7533
vt 0.9615 0.7523
vt 0.9584 0.7519
vt 0.9562 0.7483
vt 0.9484 0.7357
vt 0.9664 0.7317
vt 0.9806 0.7434
vt 0.9620 0.7129
vt 0.9530 0.7085
vt 0.9583 0.7020
vt 0.9664 0.7039
vt 0.9729 0.7092
vt 0.9710 0.7173
vt 0.9657 0.7238
vt 0.9576 0.7219
vt 0.9511 0.7166
vt 0.9586 0.7643
vt 0.9652 0.7630
vt 0.9730 0.7756
vt 0.9550 0.7796
vt 0.9407 0.7679
vt 0.9533 0.7602
vt 0.9569 0.7580
vt 0.9599 0.7590
vt 0.9630 0.7594
vt 0.9607 0.7557
vt 0.9640 0.7564
vt 0.9574 0.7549
vt 0.9693 0.7577
vt 0.9847 0.7614
vt 0.9521 0.7536
vt 0.9367 0.7500
vt 0.0562 0.7437
vt 0.0594 0.7506
vt 0.0546 0.7509
vt 0.0522 0.7484
vt 0.0493 0.7463
vt 0.0490 0.7416
vt 0.0479 0.7249
vt 0.0679 0.7303
vt 0.0760 0.7494
vt 0.0484 0.7127
vt 0.0418 0.7036
vt 0.0504 0.6999
vt 0.0576 0.7060
vt 0.0612 0.7147
vt 0.0551 0.7218
vt 0.0465 0.7255
vt 0.0393 0.7194
vt 0.0356 0.7107
vt 0.0431 0.7588
vt 0.0504 0.7609
vt 0.0515 0.7776
vt 0.0315 0.7722
vt 0.0234 0.7531
vt 0.0400 0.7519
vt 0.0447 0.7516
vt 0.0472 0.7541
vt 0.0500 0.7562
vt 0.0497 0.7512
vt 0.0526 0.7538
vt 0.0468 0.7487
vt 0.0572 0.7578
vt 0.0706 0.7694
vt 0.0422 0.7447
vt 0.0288 0.7330
vt 0.0562 0.7437
vt 0.0594 0.7506
vt 0.0546 0.7509
vt 0.0522 0.7484
vt 0.0493 0.7463
vt 0.0490 0.7416
vt 0.0479 0.7249
vt 0.0679 0.7303
vt 0.0760 0.7494
vt 0.0484 0.7127
vt 0.0418 0.7036
vt 0.0504 0.6999
vt 0.0576 0.7060
vt 0.0612 0.7147
vt 0.0551 0.7218
vt 0.0465 0.7255
vt 0.0393 0.7194
vt 0.0356 0.7107
vt 0.0431 0.7588
vt 0.0504 0.7609
vt 0.0515 0.7776
vt 0.0315 0.7722
vt 0.0234 0.7531
vt 0.0400 0.7519
vt 0.0447 0.7516
vt 0.0472 0.7541
vt 0.0500 0.7562
vt 0.0497 0.7512
vt 0.0526 0.7538
vt 0.0468 0.7487
vt 0.0572 0.7578
vt 0.0706 0.7694
vt 0.0422 0.7447
vt 0.0288 0.7330
vt 0.0562 0.7437
vt 0.0594 0.7506
vt 0.0546 0.7509
vt 0.0522 0.7484
vt 0.0493 0.7463
vt 0.0490 0.7416
vt 0.0479 0.7249
vt 0.0679 0.7303
vt 0.0760 0.7494
vt 0.0484 0.7127
vt 0.0418 0.7036
vt 0.0504 0.6999
vt 0.0576 0.7060
vt 0.0612 0.7147
vt 0.0551 0.7218
vt 0.0465 0.7255
vt 0.0393 0.7194
vt 0.0356 0.7107
vt 0.0431 0.7588
vt 0.0504 0.7609
vt 0.0515 0.7776
vt 0.0315 0.7722
vt 0.0234 0.7531
vt 0.0400 0.7519
vt 0.0447 0.7516
vt 0.0472 0.7541
vt 0.0500 0.7562
vt 0.0497 0.7512
vt 0.0526 0.7538
vt 0.0468 0.7487
vt 0.0572 0.7578
vt 0.0706 0.7694
vt 0.0422 0.7447
vt 0.0288 0.7330
vt 0.0562 0.7437
vt 0.0594 0.7506
vt 0.0546 0.7509
vt 0.0522 0.7484
vt 0.0493 0.7463
vt 0.0490 0.7416
vt 0.0479 0.7249
vt 0.0679 0.7303
vt 0.0760 0.7494
vt 0.0484 0.7127
vt 0.0418 0.7036
vt 0.0504 0.6999
vt 0.0576 0.7060
vt 0.0612 0.7147
vt 0.0551 0.7218
vt 0.0465 0.7255
vt 0.0393 0.7194
vt 0.0356 0.7107
vt 0.0431 0.7588
vt 0.0504 0.7609
vt 0.0515 0.7776
vt 0.0315 0.7722
vt 0.0234 0.7531
vt 0.0400 0.7519
vt 0.0447 0.7516
vt 0.0472 0.7541
vt 0.0500 0.7562
vt 0.0497 0.7512
vt 0.0526 0.7538
vt 0.0468 0.7487
vt 0.0572 0.7578
vt 0.0706 0.7694
vt 0.0422 0.7447
vt 0.0288 0.7330
vt 0.0562 0.7437
vt 0.0594 0.7506
vt 0.0546 0.7509
vt 0.0522 0.7484
vt 0.0493 0.7463
vt 0.0490 0.7416
vt 0.0479 0.7249
vt 0.0679 0.7303
vt 0.0760 0.7494
vt 0.0484 0.7127
vt 0.0418 0.7036
vt 0.0504 0.6999
vt 0.0576 0.7060
vt 0.0612 0.7147
vt 0.0551 0.7218
vt 0.0465 0.7255
vt 0.0393 0.7194
vt 0.0356 0.7107
vt 0.0431 0.7588
vt 0.0504 0.7609
vt 0.0515 0.7776
vt 0.0315 0.7722
vt 0.0234 0.7531
vt 0.0400 0.7519
vt 0.0447 0.7516
vt 0.0472 0.7541
vt 0.0500 0.7562
vt 0.0497 0.7512
vt 0.0526 0.7538
vt 0.0468 0.7487
vt 0.0572 0.7578
vt 0.0706 0.7694
vt 0.0422 0.7447
vt 0.0288 0.7330
vt 0.0562 0.7437
vt 0.0594 0.7506
vt 0.0546 0.7509
vt 0.0522 0.7484
vt 0.0493 0.7463
vt 0.0490 0.7416
vt 0.0479 0.7249
vt 0.0679 0.7303
vt 0.0760 0.7494
vt 0.0484 0.7127
vt 0.0418 0.7036
vt 0.0504 0.6999
vt 0.0576 0.7060
vt 0.0612 0.7147
vt 0.0551 0.7218
vt 0.0465 0.7255
vt 0.0393 0.7194
vt 0.0356 0.7107
vt 0.0431 0.7588
vt 0.0504 0.7609
vt 0.0515 0.7776
vt 0.0315 0.7722
vt 0.0234 0.7531
vt 0.0400 0.7519
vt 0.0447 0.7516
vt 0.0472 0.7541
vt 0.0500 0.7562
vt 0.0497 0.7512
vt 0.0526 0.7538
vt 0.0468 0.7487
vt 0.0572 0.7578
vt 0.0706 0.7694
vt 0.0422 0.7447
vt 0.0288 0.7330
vt 0.0562 0.7437
vt 0.0594 0.7506
vt 0.0546 0.7509
vt 0.0522 0.7484
vt 0.0493 0.7463
vt 0.0490 0.7416
vt 0.0479 0.7249
vt 0.0679 0.7303
vt 0.0760 0.7494
vt 0.0484 0.7127
vt 0.0418 0.7036
vt 0.0504 0.6999
vt 0.0576 0.7060
vt 0.0612 0.7147
vt 0.0551 0.7218
vt 0.0465 0.7255
vt 0.0393 0.7194
vt 0.0356 0.7107
vt 0.0431 0.7588
vt 0.0504 0.7609
vt 0.0515 0.7776
vt 0.0315 0.7722
vt 0.0234 0.7531
vt 0.0400 0.7519
vt 0.0447 0.7516
vt 0.0472 0.7541
vt 0.0500 0.7562
vt 0.0497 0.7512
vt 0.0526 0.7538
vt 0.0468 0.7487
vt 0.0572 0.7578
vt 0.0706 0.7694
vt 0.0422 0.7447
vt 0.0288 0.7330
vt 0.0562 0.7437
vt 0.0594 0.7506
vt 0.0546 0.7509
vt 0.0522 0.7484
vt 0.0493 0.7463
vt 0.0490 0.7416
vt 0.0479 0.7249
vt 0.0679 0.7303
vt 0.0760 0.7494
vt 0.0484 0.7127
vt 0.0418 0.7036
vt 0.0504 0.6999
vt 0.0576 0.7060
vt 0.0612 0.7147
vt 0.0551 0.7218
vt 0.0465 0.7255
vt 0.0393 0.7194
vt 0.0356 0.7107
vt 0.0431 0.7588
vt 0.0504 0.7609
vt 0.0515 0.7776
vt 0.0315 0.7722
vt 0.0234 0.7531
vt 0.0400 0.7519
vt 0.0447 0.7516
vt 0.0472 0.7541
vt 0.0500 0.7562
vt 0.0497 0.7512
vt 0.0526 0.7538
vt 0.0468 0.7487
vt 0.0572 0.7578
vt 0.0706 0.7694
vt 0.0422 0.7447
vt 0.0288 0.7330
vt 0.0562 0.7437
vt 0.0594 0.7506
vt 0.0546 0.7509
vt 0.0522 0.7484
vt 0.0493 0.7463
vt 0.0490 0.7416
vt 0.0479 0.7249
vt 0.0679 0.7303
vt 0.0760 0.7494
vt 0.0484 0.7127
vt 0.0418 0.7036
vt 0.0504 0.6999
vt 0.0576 0.7060
vt 0.0612 0.7147
vt 0.0551 0.7218
vt 0.0465 0.7255
vt 0.0393 0.7194
vt 0.0356 0.7107
vt 0.0431 0.7588
vt 0.0504 0.7609
vt 0.0515 0.7776
vt 0.0315 0.7722
vt 0.0234 0.7531
vt 0.0400 0.7519
vt 0.0447 0.7516
vt 0.0472 0.7541
vt 0.0500 0.7562
vt 0.0497 0.7512
vt 0.0526 0.7538
vt 0.0468 0.7487
vt 0.0572 0.7578
vt 0.0706 0.7694
vt 0.0422 0.7447
vt 0.0288 0.7330
vt 0.0562 0.7437
vt 0.0594 0.7506
vt 0.0546 0.7509
vt 0.0522 0.7484
vt 0.0493 0.7463
vt 0.0490 0.7416
vt 0.0479 0.7249
vt 0.0679 0.7303
vt 0.0760 0.7494
vt 0.0484 0.7127
vt 0.0418 0.7036
vt 0.0504 0.6999
vt 0.0576 0.7060
vt 0.0612 0.7147
vt 0.0551 0.7218
vt 0.0465 0.7255
vt 0.0393 0.7194
vt 0.0356 0.7107
vt 0.0431 0.7588
vt 0.0504 0.7609
vt 0.0515 0.7776
vt 0.0315 0.7722
vt 0.0234 0.7531
vt 0.0400 0.7519
vt 0.0447 0.7516
vt 0.0472 0.7541
vt 0.0500 0.7562
vt 0.0497 0.7512
vt 0.0526 0.7538
vt 0.0468 0.7487
vt 0.0572 0.7578
vt 0.0706 0.7694
vt 0.0422 0.7447
vt 0.0288 0.7330
vt 0.9627 0.7470
vt 0.9680 0.7511
vt 0.9644 0.7533
vt 0.9615 0.7523
vt 0.9584 0.7519
vt 0.9562 0.7483
vt 0.9484 0.7357
vt 0.9664 0.7317
vt 0.9806 0.7434
vt 0.9620 0.7129
vt 0.9530 0.7085
vt 0.9583 0.7020
vt 0.9664 0.7039
vt 0.9729 0.7092
vt 0.9710 0.7173
vt 0.9657 0.7238
vt 0.9576 0.7219
vt 0.9511 0.7166
vt 0.9586 0.7643
vt 0.9652 0.7630
vt 0.9730 0.7756
vt 0.9550 0.7796
vt 0.9407 0.7679
vt 0.9533 0.7602
vt 0.9569 0.7580
vt 0.9599 0.7590
vt 0.9630 0.7594
vt 0.9607 0.7557
vt 0.9640 0.7564
vt 0.9574 0.7549
vt 0.9693 0.7577
vt 0.9847 0.7614
vt 0.9521 0.7536
vt 0.9367 0.7500
vt 0.9627 0.7470
vt 0.9680 0.7511
vt 0.9644 0.7533
vt 0.9615 0.7523
vt 0.9584 0.7519
vt 0.9562 0.7483
vt 0.9484 0.7357
vt 0.9664 0.7317
vt 0.9806 0.7434
vt 0.9620 0.7129
vt 0.9530 0.7085
vt 0.9583 0.7020
vt 0.9664 0.7039
vt 0.9729 0.7092
vt 0.9710 0.7173
vt 0.9657 0.7238
vt 0.9576 0.7219
vt 0.9511 0.7166
vt 0.9586 0.7643
vt 0.9652 0.7630
vt 0.9730 0.7756
vt 0.9550 0.7796
vt 0.9407 0.7679
vt 0.9533 0.7602
vt 0.9569 0.7580
vt 0.9599 0.7590
vt 0.9630 0.7594
vt 0.9607 0.7557
vt 0.9640 0.7564
vt 0.9574 0.7549
vt 0.9693 0.7577
vt 0.9847 0.7614
vt 0.9521 0.7536
vt 0.9367 0.7500
vt 0.0562 0.7437
vt 0.0594 0.7506
vt 0.0546 0.7509
vt 0.0522 0.7484
vt 0.0493 0.7463
vt 0.0490 0.7416
vt 0.0479 0.7249
vt 0.0679 0.7303
vt 0.0760 0.7494
vt 0.0484 0.7127
vt 0.0418 0.7036
vt 0.0504 0.6999
vt 0.0576 0.7060
vt 0.0612 0.7147
vt 0.0551 0.7218
vt 0.0465 0.7255
vt 0.0393 0.7194
vt 0.0356 0.7107
vt 0.0431 0.7588
vt 0.0504 0.7609
vt 0.0515 0.7776
vt 0.0315 0.7722
vt 0.0234 0.7531
vt 0.0400 0.7519
vt 0.0447 0.7516
vt 0.0472 0.7541
vt 0.0500 0.7562
vt 0.0497 0.7512
vt 0.0526 0.7538
vt 0.0468 0.7487
vt 0.0572 0.7578
vt 0.0706 0.7694
vt 0.0422 0.7447
vt 0.0288 0.7330
vt 0.0562 0.7437
vt 0.0594 0.7506
vt 0.0546 0.7509
vt 0.0522 0.7484
vt 0.0493 0.7463
vt 0.0490 0.7416
vt 0.0479 0.7249
vt 0.0679 0.7303
vt 0.0760 0.7494
vt 0.0484 0.7127
vt 0.0418 0.7036
vt 0.0504 0.6999
vt 0.0576 0.7060
vt 0.0612 0.7147
vt 0.0551 0.7218
vt 0.0465 0.7255
vt 0.0393 0.7194
vt 0.0356 0.7107
vt 0.0431 0.7588
vt 0.0504 0.7609
vt 0.0515 0.7776
vt 0.0315 0.7722
vt 0.0234 0.7531
vt 0.0400 0.7519
vt 0.0447 0.7516
vt 0.0472 0.7541
vt 0.0500 0.7562
vt 0.0497 0.7512
vt 0.0526 0.7538
vt 0.0468 0.7487
vt 0.0572 0.7578
vt 0.0706 0.7694
vt 0.0422 0.7447
vt 0.0288 0.7330
vt 0.0562 0.7437
vt 0.0594 0.7506
vt 0.0546 0.7509
vt 0.0522 0.7484
vt 0.0493 0.7463
vt 0.0490 0.7416
vt 0.0479 0.7249
vt 0.0679 0.7303
vt 0.0760 0.7494
vt 0.0484 0.7127
vt 0.0418 0.7036
vt 0.0504 0.6999
vt 0.0576 0.7060
vt 0.0612 0.7147
vt 0.0551 0.7218
vt 0.0465 0.7255
vt 0.0393 0.7194
vt 0.0356 0.7107
vt 0.0431 0.7588
vt 0.0504 0.7609
vt 0.0515 0.7776
vt 0.0315 0.7722
vt 0.0234 0.7531
vt 0.0400 0.7519
vt 0.0447 0.7516
vt 0.0472 0.7541
vt 0.0500 0.7562
vt 0.0497 0.7512
vt 0.0526 0.7538
vt 0.0468 0.7487
vt 0.0572 0.7578
vt 0.0706 0.7694
vt 0.0422 0.7447
vt 0.0288 0.7330
vt 0.9627 0.7470
vt 0.9680 0.7511
vt 0.9644 0.7533
vt 0.9615 0.7523
vt 0.9584 0.7519
vt 0.9562 0.7483
vt 0.9484 0.7357
vt 0.9664 0.7317
vt 0.9806 0.7434
vt 0.9620 0.7129
vt 0.9530 0.7085
vt 0.9583 0.7020
vt 0.9664 0.7039
vt 0.9729 0.7092
vt 0.9710 0.7173
vt 0.9657 0.7238
vt 0.9576 0.7219
vt 0.9511 0.7166
vt 0.9586 0.7643
vt 0.9652 0.7630
vt 0.9730 0.7756
vt 0.9550 0.7796
vt 0.9407 0.7679
vt 0.9533 0.7602
vt 0.9569 0.7580
vt 0.9599 0.7590
vt 0.9630 0.7594
vt 0.9607 0.7557
vt 0.9640 0.7564
vt 0.9574 0.7549
vt 0.9693 0.7577
vt 0.9847 0.7614
vt 0.9521 0.7536
vt 0.9367 0.7500
vt 0.9627 0.7470
vt 0.9680 0.7511
vt 0.9644 0.7533
vt 0.9615 0.7523
vt 0.9584 0.7519
vt 0.9562 0.7483
vt 0.9484 0.7357
vt 0.9664 0.7317
vt 0.9806 0.7434
vt 0.9620 0.7129
vt 0.9530 0.7085
vt 0.9583 0.7020
vt 0.9664 0.7039
vt 0.9729 0.7092
vt 0.9710 0.7173
vt 0.9657 0.7238
vt 0.9576 0.7219
vt 0.9511 0.7166
vt 0.9586 0.7643
vt 0.9652 0.7630
vt 0.9730 0.7756
vt 0.9550 0.7796
vt 0.9407 0.7679
vt 0.9533 0.7602
vt 0.9569 0.7580
vt 0.9599 0.7590
vt 0.9630 0.7594
vt 0.9607 0.7557
vt 0.9640 0.7564
vt 0.9574 0.7549
vt 0.9693 0.7577
vt 0.9847 0.7614
vt 0.9521 0.7536
vt 0.9367 0.7500
vt 0.0562 0.7437
vt 0.0594 0.7506
vt 0.0546 0.7509
vt 0.0522 0.7484
vt 0.0493 0.7463
vt 0.0490 0.7416
vt 0.0479 0.7249
vt 0.0679 0.7303
vt 0.0760 0.7494
vt 0.0484 0.7127
vt 0.0418 0.7036
vt 0.0504 0.6999
vt 0.0576 0.7060
vt 0.0612 0.7147
vt 0.0551 0.7218
vt 0.0465 0.7255
vt 0.0393 0.7194
vt 0.0356 0.7107
vt 0.0431 0.7588
vt 0.0504 0.7609
vt 0.0515 0.7776
vt 0.0315 0.7722
vt 0.0234 0.7531
vt 0.0400 0.7519
vt 0.0447 0.7516
vt 0.0472 0.7541
vt 0.0500 0.7562
vt 0.0497 0.7512
vt 0.0526 0.7538
vt 0.0468 0.7487
vt 0.0572 0.7578
vt 0.0706 0.7694
vt 0.0422 0.7447
vt 0.0288 0.7330
vt 0.0562 0.7437
vt 0.0594 0.7506
vt 0.0546 0.7509
vt 0.0522 0.7484
vt 0.0493 0.7463
vt 0.0490 0.7416
vt 0.0479 0.7249
vt 0.0679 0.7303
vt 0.0760 0.7494
vt 0.0484 0.7127
vt 0.0418 0.7036
vt 0.0504 0.6999
vt 0.0576 0.7060
vt 0.0612 0.7147
vt 0.0551 0.7218
vt 0.0465 0.7255
vt 0.0393 0.7194
vt 0.0356 0.7107
vt 0.0431 0.7588
vt 0.0504 0.7609
vt 0.0515 0.7776
vt 0.0315 0.7722
vt 0.0234 0.7531
vt 0.0400 0.7519
vt 0.0447 0.7516
vt 0.0472 0.7541
vt 0.0500 0.7562
vt 0.0497 0.7512
vt 0.0526 0.7538
vt 0.0468 0.7487
vt 0.0572 0.7578
vt 0.0706 0.7694
vt 0.0422 0.7447
vt 0.0288 0.7330
vt 0.0562 0.7437
vt 0.0594 0.7506
vt 0.0546 0.7509
vt 0.0522 0.7484
vt 0.0493 0.7463
vt 0.0490 0.7416
vt 0.0479 0.7249
vt 0.0679 0.7303
vt 0.0760 0.7494
vt 0.0484 0.7127
vt 0.0418 0.7036
vt 0.0504 0.6999
vt 0.0576 0.7060
vt 0.0612 0.7147
vt 0.0551 0.7218
vt 0.0465 0.7255
vt 0.0393 0.7194
vt 0.0356 0.7107
vt 0.0431 0.7588
vt 0.0504 0.7609
vt 0.0515 0.7776
vt 0.0315 0.7722
vt 0.0234 0.7531
vt 0.0400 0.7519
vt 0.0447 0.7516
vt 0.0472 0.7541
vt 0.0500 0.7562
vt 0.0497 0.7512
vt 0.0526 0.7538
vt 0.0468 0.7487
vt 0.0572 0.7578
vt 0.0706 0.7694
vt 0.0422 0.7447
vt 0.0288 0.7330
vt 0.0562 0.7437
vt 0.0594 0.7506
vt 0.0546 0.7509
vt 0.0522 0.7484
vt 0.0493 0.7463
vt 0.0490 0.7416
vt 0.0479 0.7249
vt 0.0679 0.7303
vt 0.0760 0.7494
vt 0.0484 0.7127
vt 0.0418 0.7036
vt 0.0504 0.6999
vt 0.0576 0.7060
vt 0.0612 0.7147
vt 0.0551 0.7218
vt 0.0465 0.7255
vt 0.0393 0.7194
vt 0.0356 0.7107
vt 0.0431 0.7588
vt 0.0504 0.7609
vt 0.0515 0.7776
vt 0.0315 0.7722
vt 0.0234 0.7531
vt 0.0400 0.7519
vt 0.0447 0.7516
vt 0.0472 0.7541
vt 0.0500 0.7562
vt 0.0497 0.7512
vt 0.0526 0.7538
vt 0.0468 0.7487
vt 0.0572 0.7578
vt 0.0706 0.7694
vt 0.0422 0.7447
vt 0.0288 0.7330
vt 0.0562 0.7437
vt 0.0594 0.7506
vt 0.0546 0.7509
vt 0.0522 0.7484
vt 0.0493 0.7463
vt 0.0490 0.7416
vt 0.0479 0.7249
vt 0.0679 0.7303
vt 0.0760 0.7494
vt 0.0484 0.7127
vt 0.0418 0.7036
vt 0.0504 0.6999
vt 0.0576 0.7060
vt 0.0612 0.7147
vt 0.0551 0.7218
vt 0.0465 0.7255
vt 0.0393 0.7194
vt 0.0356 0.7107
vt 0.0431 0.7588
vt 0.0504 0.7609
vt 0.0515 0.7776
vt 0.0315 0.7722
vt 0.0234 0.7531
vt 0.0400 0.7519
vt 0.0447 0.7516
vt 0.0472 0.7541
vt 0.0500 0.7562
vt 0.0497 0.7512
vt 0.0526 0.7538
vt 0.0468 0.7487
vt 0.0572 0.7578
vt 0.0706 0.7694
vt 0.0422 0.7447
vt 0.0288 0.7330
vt 0.0562 0.7437
vt 0.0594 0.7506
vt 0.0546 0.7509
vt 0.0522 0.7484
vt 0.0493 0.7463
vt 0.0490 0.7416
vt 0.0479 0.7249
vt 0.0679 0.7303
vt 0.0760 0.7494
vt 0.0484 0.7127
vt 0.0418 0.7036
vt 0.0504 0.6999
vt 0.0576 0.7060
vt 0.0612 0.7147
vt 0.0551 0.7218
vt 0.0465 0.7255
vt 0.0393 0.7194
vt 0.0356 0.7107
vt 0.0431 0.7588
vt 0.0504 0.7609
vt 0.0515 0.7776
vt 0.0315 0.7722
vt 0.0234 0.7531
vt 0.0400 0.7519
vt 0.0447 0.7516
vt 0.0472 0.7541
vt 0.0500 0.7562
vt 0.0497 0.7512
vt 0.0526 0.7538
vt 0.0468 0.7487
vt 0.0572 0.7578
vt 0.0706 0.7694
vt 0.0422 0.7447
vt 0.0288 0.7330
vt 0.0562 0.7437
vt 0.0594 0.7506
vt 0.0546 0.7509
vt 0.0522 0.7484
vt 0.0493 0.7463
vt 0.0490 0.7416
vt 0.0479 0.7249
vt 0.0679 0.7303
vt 0.0760 0.7494
vt 0.0484 0.7127
vt 0.0418 0.7036
vt 0.0504 0.6999
vt 0.0576 0.7060
vt 0.0612 0.7147
vt 0.0551 0.7218
vt 0.0465 0.7255
vt 0.0393 0.7194
vt 0.0356 0.7107
vt 0.0431 0.7588
vt 0.0504 0.7609
vt 0.0515 0.7776
vt 0.0315 0.7722
vt 0.0234 0.7531
vt 0.0400 0.7519
vt 0.0447 0.7516
vt 0.0472 0.7541
vt 0.0500 0.7562
vt 0.0497 0.7512
vt 0.0526 0.7538
vt 0.0468 0.7487
vt 0.0572 0.7578
vt 0.0706 0.7694
vt 0.0422 0.7447
vt 0.0288 0.7330
vt 0.9627 0.7470
vt 0.9680 0.7511
vt 0.9644 0.7533
vt 0.9615 0.7523
vt 0.9584 0.7519
vt 0.9562 0.7483
vt 0.9484 0.7357
vt 0.9664 0.7317
vt 0.9806 0.7434
vt 0.9620 0.7129
vt 0.9530 0.7085
vt 0.9583 0.7020
vt 0.9664 0.7039
vt 0.9729 0.7092
vt 0.9710 0.7173
vt 0.9657 0.7238
vt 0.9576 0.7219
vt 0.9511 0.7166
vt 0.9586 0.7643
vt 0.9652 0.7630
vt 0.9730 0.7756
vt 0.9550 0.7796
vt 0.9407 0.7679
vt 0.9533 0.7602
vt 0.9569 0.7580
vt 0.9599 0.7590
vt 0.9630 0.7594
vt 0.9607 0.7557
vt 0.9640 0.7564
vt 0.9574 0.7549
vt 0.9693 0.7577
vt 0.9847 0.7614
vt 0.9521 0.7536
vt 0.9367 0.7500
vt 0.0562 0.7437
vt 0.0594 0.7506
vt 0.0546 0.7509
vt 0.0522 0.7484
vt 0.0493 0.7463
vt 0.0490 0.7416
vt 0.0479 0.7249
vt 0.0679 0.7303
vt 0.0760 0.7494
vt 0.0484 0.7127
vt 0.0418 0.7036
vt 0.0504 0.6999
vt 0.0576 0.7060
vt 0.0612 0.7147
vt 0.0551 0.7218
vt 0.0465 0.7255
vt 0.0393 0.7194
vt 0.0356 0.7107
vt 0.0431 0.7588
vt 0.0504 0.7609
vt 0.0515 0.7776
vt 0.0315 0.7722
vt 0.0234 0.7531
vt 0.0400 0.7519
vt 0.0447 0.7516
vt 0.0472 0.7541
vt 0.0500 0.7562
vt 0.0497 0.7512
vt 0.0526 0.7538
vt 0.0468 0.7487
vt 0.0572 0.7578
vt 0.0706 0.7694
vt 0.0422 0.7447
vt 0.0288 0.7330
vt 0.0562 0.7437
vt 0.0594 0.7506
vt 0.0546 0.7509
vt 0.0522 0.7484
vt 0.0493 0.7463
vt 0.0490 0.7416
vt 0.0479 0.7249
vt 0.0679 0.7303
vt 0.0760 0.7494
vt 0.0484 0.7127
vt 0.0418 0.7036
vt 0.0504 0.6999
vt 0.0576 0.7060
vt 0.0612 0.7147
vt 0.0551 0.7218
vt 0.0465 0.7255
vt 0.0393 0.7194
vt 0.0356 0.7107
vt 0.0431 0.7588
vt 0.0504 0.7609
vt 0.0515 0.7776
vt 0.0315 0.7722
vt 0.0234 0.7531
vt 0.0400 0.7519
vt 0.0447 0.7516
vt 0.0472 0.7541
vt 0.0500 0.7562
vt 0.0497 0.7512
vt 0.0526 0.7538
vt 0.0468 0.7487
vt 0.0572 0.7578
vt 0.0706 0.7694
vt 0.0422 0.7447
vt 0.0288 0.7330
vt 0.0562 0.7437
vt 0.0594 0.7506
vt 0.0546 0.7509
vt 0.0522 0.7484
vt 0.0493 0.7463
vt 0.0490 0.7416
vt 0.0479 0.7249
vt 0.0679 0.7303
vt 0.0760 0.7494
vt 0.0484 0.7127
vt 0.0418 0.7036
vt 0.0504 0.6999
vt 0.0576 0.7060
vt 0.0612 0.7147
vt 0.0551 0.7218
vt 0.0465 0.7255
vt 0.0393 0.7194
vt 0.0356 0.7107
vt 0.0431 0.7588
vt 0.0504 0.7609
vt 0.0515 0.7776
vt 0.0315 0.7722
vt 0.0234 0.7531
vt 0.0400 0.7519
vt 0.0447 0.7516
vt 0.0472 0.7541
vt 0.0500 0.7562
vt 0.0497 0.7512
vt 0.0526 0.7538
vt 0.0468 0.7487
vt 0.0572 0.7578
vt 0.0706 0.7694
vt 0.0422 0.7447
vt 0.0288 0.7330
vt 0.0562 0.7437
vt 0.0594 0.7506
vt 0.0546 0.7509
vt 0.0522 0.7484
vt 0.0493 0.7463
vt 0.0490 0.7416
vt 0.0479 0.7249
vt 0.0679 0.7303
vt 0.0760 0.7494
vt 0.0484 0.7127
vt 0.0418 0.7036
vt 0.0504 0.6999
vt 0.0576 0.7060
vt 0.0612 0.7147
vt 0.0551 0.7218
vt 0.0465 0.7255
vt 0.0393 0.7194
vt 0.0356 0.7107
vt 0.0431 0.7588
vt 0.0504 0.7609
vt 0.0515 0.7776
vt 0.0315 0.7722
vt 0.0234 0.7531
vt 0.0400 0.7519
vt 0.0447 0.7516
vt 0.0472 0.7541
vt 0.0500 0.7562
vt 0.0497 0.7512
vt 0.0526 0.7538
vt 0.0468 0.7487
vt 0.0572 0.7578
vt 0.0706 0.7694
vt 0.0422 0.7447
vt 0.0288 0.7330
vt 0.0562 0.7437
vt 0.0594 0.7506
vt 0.0546 0.7509
vt 0.0522 0.7484
vt 0.0493 0.7463
vt 0.0490 0.7416
vt 0.0479 0.7249
vt 0.0679 0.7303
vt 0.0760 0.7494
vt 0.0484 0.7127
vt 0.0418 0.7036
vt 0.0504 0.6999
vt 0.0576 0.7060
vt 0.0612 0.7147
vt 0.0551 0.7218
vt 0.0465 0.7255
vt 0.0393 0.7194
vt 0.0356 0.7107
vt 0.0431 0.7588
vt 0.0504 0.7609
vt 0.0515 0.7776
vt 0.0315 0.7722
vt 0.0234 0.7531
vt 0.0400 0.7519
vt 0.0447 0.7516
vt 0.0472 0.7541
vt 0.0500 0.7562
vt 0.0497 0.7512
vt 0.0526 0.7538
vt 0.0468 0.7487
vt 0.0572 0.7578
vt 0.0706 0.7694
vt 0.0422 0.7447
vt 0.0288 0.7330
vt 0.9627 0.7470
vt 0.9615 0.7523
vt 0.9644 0.7533
vt 0.9680 0.7511
vt 0.9562 0.7483
vt 0.9584 0.7519
vt 0.9664 0.7317
vt 0.9484 0.7357
vt 0.9806 0.7434
vt 0.9620 0.7129
vt 0.9664 0.7039
vt 0.9583 0.7020
vt 0.9530 0.7085
vt 0.9710 0.7173
vt 0.9729 0.7092
vt 0.9576 0.7219
vt 0.9657 0.7238
vt 0.9511 0.7166
vt 0.9586 0.7643
vt 0.9550 0.7796
vt 0.9730 0.7756
vt 0.9652 0.7630
vt 0.9533 0.7602
vt 0.9407 0.7679
vt 0.9599 0.7590
vt 0.9569 0.7580
vt 0.9630 0.7594
vt 0.9607 0.7557
vt 0.9640 0.7564
vt 0.9574 0.7549
vt 0.9693 0.7577
vt 0.9847 0.7614
vt 0.9521 0.7536
vt 0.9367 0.7500
vt 0.9627 0.7470
vt 0.9615 0.7523
vt 0.9644 0.7533
vt 0.9680 0.7511
vt 0.9562 0.7483
vt 0.9584 0.7519
vt 0.9664 0.7317
vt 0.9484 0.7357
vt 0.9806 0.7434
vt 0.9620 0.7129
vt 0.9664 0.7039
vt 0.9583 0.7020
vt 0.9530 0.7085
vt 0.9710 0.7173
vt 0.9729 0.7092
vt 0.9576 0.7219
vt 0.9657 0.7238
vt 0.9511 0.7166
vt 0.9586 0.7643
vt 0.9550 0.7796
vt 0.9730 0.7756
vt 0.9652 0.7630
vt 0.9533 0.7602
vt 0.9407 0.7679
vt 0.9599 0.7590
vt 0.9569 0.7580
vt 0.9630 0.7594
vt 0.9607 0.7557
vt 0.9640 0.7564
vt 0.9574 0.7549
vt 0.9693 0.7577
vt 0.9847 0.7614
vt 0.9521 0.7536
vt 0.9367 0.7500
vt 0.0562 0.7437
vt 0.0522 0.7484
vt 0.0546 0.7509
vt 0.0594 0.7506
vt 0.0490 0.7416
vt 0.0493 0.7463
vt 0.0679 0.7303
vt 0.0479 0.7249
vt 0.0760 0.7494
vt 0.0484 0.7127
vt 0.0576 0.7060
vt 0.0504 0.6999
vt 0.0418 0.7036
vt 0.0551 0.7218
vt 0.0612 0.7147
vt 0.0393 0.7194
vt 0.0465 0.7255
vt 0.0356 0.7107
vt 0.0431 0.7588
vt 0.0315 0.7722
vt 0.0515 0.7776
vt 0.0504 0.7609
vt 0.0400 0.7519
vt 0.0234 0.7531
vt 0.0472 0.7541
vt 0.0447 0.7516
vt 0.0500 0.7562
vt 0.0497 0.7512
vt 0.0526 0.7538
vt 0.0468 0.7487
vt 0.0572 0.7578
vt 0.0706 0.7694
vt 0.0422 0.7447
vt 0.0288 0.7330
vt 0.0562 0.7437
vt 0.0522 0.7484
vt 0.0546 0.7509
vt 0.0594 0.7506
vt 0.0490 0.7416
vt 0.0493 0.7463
vt 0.0679 0.7303
vt 0.0479 0.7249
vt 0.0760 0.7494
vt 0.0484 0.7127
vt 0.0576 0.7060
vt 0.0504 0.6999
vt 0.0418 0.7036
vt 0.0551 0.7218
vt 0.0612 0.7147
vt 0.0393 0.7194
vt 0.0465 0.7255
vt 0.0356 0.7107
vt 0.0431 0.7588
vt 0.0315 0.7722
vt 0.0515 0.7776
vt 0.0504 0.7609
vt 0.0400 0.7519
vt 0.0234 0.7531
vt 0.0472 0.7541
vt 0.0447 0.7516
vt 0.0500 0.7562
vt 0.0497 0.7512
vt 0.0526 0.7538
vt 0.0468 0.7487
vt 0.0572 0.7578
vt 0.0706 0.7694
vt 0.0422 0.7447
vt 0.0288 0.7330
vt 0.0562 0.7437
vt 0.0522 0.7484
vt 0.0546 0.7509
vt 0.0594 0.7506
vt 0.0490 0.7416
vt 0.0493 0.7463
vt 0.0679 0.7303
vt 0.0479 0.7249
vt 0.0760 0.7494
vt 0.0484 0.7127
vt 0.0576 0.7060
vt 0.0504 0.6999
vt 0.0418 0.7036
vt 0.0551 0.7218
vt 0.0612 0.7147
vt 0.0393 0.7194
vt 0.0465 0.7255
vt 0.0356 0.7107
vt 0.0431 0.7588
vt 0.0315 0.7722
vt 0.0515 0.7776
vt 0.0504 0.7609
vt 0.0400 0.7519
vt 0.0234 0.7531
vt 0.0472 0.7541
vt 0.0447 0.7516
vt 0.0500 0.7562
vt 0.0497 0.7512
vt 0.0526 0.7538
vt 0.0468 0.7487
vt 0.0572 0.7578
vt 0.0706 0.7694
vt 0.0422 0.7447
vt 0.0288 0.7330
vt 0.9627 0.7470
vt 0.9615 0.7523
vt 0.9644 0.7533
vt 0.9680 0.7511
vt 0.9562 0.7483
vt 0.9584 0.7519
vt 0.9664 0.7317
vt 0.9484 0.7357
vt 0.9806 0.7434
vt 0.9620 0.7129
vt 0.9664 0.7039
vt 0.9583 0.7020
vt 0.9530 0.7085
vt 0.9710 0.7173
vt 0.9729 0.7092
vt 0.9576 0.7219
vt 0.9657 0.7238
vt 0.9511 0.7166
vt 0.9586 0.7643
vt 0.9550 0.7796
vt 0.9730 0.7756
vt 0.9652 0.7630
vt 0.9533 0.7602
vt 0.9407 0.7679
vt 0.9599 0.7590
vt 0.9569 0.7580
vt 0.9630 0.7594
vt 0.9607 0.7557
vt 0.9640 0.7564
vt 0.9574 0.7549
vt 0.9693 0.7577
vt 0.9847 0.7614
vt 0.9521 0.7536
vt 0.9367 0.7500
vt 0.9627 0.7470
vt 0.9615 0.7523
vt 0.9644 0.7533
vt 0.9680 0.7511
vt 0.9562 0.7483
vt 0.9584 0.7519
vt 0.9664 0.7317
vt 0.9484 0.7357
vt 0.9806 0.7434
vt 0.9620 0.7129
vt 0.9664 0.7039
vt 0.9583 0.7020
vt 0.9530 0.7085
vt 0.9710 0.7173
vt 0.9729 0.7092
vt 0.9576 0.7219
vt 0.9657 0.7238
vt 0.9511 0.7166
vt 0.9586 0.7643
vt 0.9550 0.7796
vt 0.9730 0.7756
vt 0.9652 0.7630
vt 0.9533 0.7602
vt 0.9407 0.7679
vt 0.9599 0.7590
vt 0.9569 0.7580
vt 0.9630 0.7594
vt 0.9607 0.7557
vt 0.9640 0.7564
vt 0.9574 0.7549
vt 0.9693 0.7577
vt 0.9847 0.7614
vt 0.9521 0.7536
vt 0.9367 0.7500
vt 0.0562 0.7437
vt 0.0522 0.7484
vt 0.0546 0.7509
vt 0.0594 0.7506
vt 0.0490 0.7416
vt 0.0493 0.7463
vt 0.0679 0.7303
vt 0.0479 0.7249
vt 0.0760 0.7494
vt 0.0484 0.7127
vt 0.0576 0.7060
vt 0.0504 0.6999
vt 0.0418 0.7036
vt 0.0551 0.7218
vt 0.0612 0.7147
vt 0.0393 0.7194
vt 0.0465 0.7255
vt 0.0356 0.7107
vt 0.0431 0.7588
vt 0.0315 0.7722
vt 0.0515 0.7776
vt 0.0504 0.7609
vt 0.0400 0.7519
vt 0.0234 0.7531
vt 0.0472 0.7541
vt 0.0447 0.7516
vt 0.0500 0.7562
vt 0.0497 0.7512
vt 0.0526 0.7538
vt 0.0468 0.7487
vt 0.0572 0.7578
vt 0.0706 0.7694
vt 0.0422 0.7447
vt 0.0288 0.7330
vt 0.0562 0.7437
vt 0.0522 0.7484
vt 0.0546 0.7509
vt 0.0594 0.7506
vt 0.0490 0.7416
vt 0.0493 0.7463
vt 0.0679 0.7303
vt 0.0479 0.7249
vt 0.0760 0.7494
vt 0.0484 0.7127
vt 0.0576 0.7060
vt 0.0504 0.6999
vt 0.0418 0.7036
vt 0.0551 0.7218
vt 0.0612 0.7147
vt 0.0393 0.7194
vt 0.0465 0.7255
vt 0.0356 0.7107
vt 0.0431 0.7588
vt 0.0315 0.7722
vt 0.0515 0.7776
vt 0.0504 0.7609
vt 0.0400 0.7519
vt 0.0234 0.7531
vt 0.0472 0.7541
vt 0.0447 0.7516
vt 0.0500 0.7562
vt 0.0497 0.7512
vt 0.0526 0.7538
vt 0.0468 0.7487
vt 0.0572 0.7578
vt 0.0706 0.7694
vt 0.0422 0.7447
vt 0.0288 0.7330
vt 0.0562 0.7437
vt 0.0522 0.7484
vt 0.0546 0.7509
vt 0.0594 0.7506
vt 0.0490 0.7416
vt 0.0493 0.7463
vt 0.0679 0.7303
vt 0.0479 0.7249
vt 0.0760 0.7494
vt 0.0484 0.7127
vt 0.0576 0.7060
vt 0.0504 0.6999
vt 0.0418 0.7036
vt 0.0551 0.7218
vt 0.0612 0.7147
vt 0.0393 0.7194
vt 0.0465 0.7255
vt 0.0356 0.7107
vt 0.0431 0.7588
vt 0.0315 0.7722
vt 0.0515 0.7776
vt 0.0504 0.7609
vt 0.0400 0.7519
vt 0.0234 0.7531
vt 0.0472 0.7541
vt 0.0447 0.7516
vt 0.0500 0.7562
vt 0.0497 0.7512
vt 0.0526 0.7538
vt 0.0468 0.7487
vt 0.0572 0.7578
vt 0.0706 0.7694
vt 0.0422 0.7447
vt 0.0288 0.7330
vt 0.0562 0.7437
vt 0.0522 0.7484
vt 0.0546 0.7509
vt 0.0594 0.7506
vt 0.0490 0.7416
vt 0.0493 0.7463
vt 0.0679 0.7303
vt 0.0479 0.7249
vt 0.0760 0.7494
vt 0.0484 0.7127
vt 0.0576 0.7060
vt 0.0504 0.6999
vt 0.0418 0.7036
vt 0.0551 0.7218
vt 0.0612 0.7147
vt 0.0393 0.7194
vt 0.0465 0.7255
vt 0.0356 0.7107
vt 0.0431 0.7588
vt 0.0315 0.7722
vt 0.0515 0.7776
vt 0.0504 0.7609
vt 0.0400 0.7519
vt 0.0234 0.7531
vt 0.0472 0.7541
vt 0.0447 0.7516
vt 0.0500 0.7562
vt 0.0497 0.7512
vt 0.0526 0.7538
vt 0.0468 0.7487
vt 0.0572 0.7578
vt 0.0706 0.7694
vt 0.0422 0.7447
vt 0.0288 0.7330
vt 0.0562 0.7437
vt 0.0522 0.7484
vt 0.0546 0.7509
vt 0.0594 0.7506
vt 0.0490 0.7416
vt 0.0493 0.7463
vt 0.0679 0.7303
vt 0.0479 0.7249
vt 0.0760 0.7494
vt 0.0484 0.7127
vt 0.0576 0.7060
vt 0.0504 0.6999
vt 0.0418 0.7036
vt 0.0551 0.7218
vt 0.0612 0.7147
vt 0.0393 0.7194
vt 0.0465 0.7255
vt 0.0356 0.7107
vt 0.0431 0.7588
vt 0.0315 0.7722
vt 0.0515 0.7776
vt 0.0504 0.7609
vt 0.0400 0.7519
vt 0.0234 0.7531
vt 0.0472 0.7541
vt 0.0447 0.7516
vt 0.0500 0.7562
vt 0.0497 0.7512
vt 0.0526 0.7538
vt 0.0468 0.7487
vt 0.0572 0.7578
vt 0.0706 0.7694
vt 0.0422 0.7447
vt 0.0288 0.7330
vt 0.0562 0.7437
vt 0.0522 0.7484
vt 0.0546 0.7509
vt 0.0594 0.7506
vt 0.0490 0.7416
vt 0.0493 0.7463
vt 0.0679 0.7303
vt 0.0479 0.7249
vt 0.0760 0.7494
vt 0.0484 0.7127
vt 0.0576 0.7060
vt 0.0504 0.6999
vt 0.0418 0.7036
vt 0.0551 0.7218
vt 0.0612 0.7147
vt 0.0393 0.7194
vt 0.0465 0.7255
vt 0.0356 0.7107
vt 0.0431 0.7588
vt 0.0315 0.7722
vt 0.0515 0.7776
vt 0.0504 0.7609
vt 0.0400 0.7519
vt 0.0234 0.7531
vt 0.0472 0.7541
vt 0.0447 0.7516
vt 0.0500 0.7562
vt 0.0497 0.7512
vt 0.0526 0.7538
vt 0.0468 0.7487
vt 0.0572 0.7578
vt 0.0706 0.7694
vt 0.0422 0.7447
vt 0.0288 0.7330
vt 0.0562 0.7437
vt 0.0522 0.7484
vt 0.0546 0.7509
vt 0.0594 0.7506
vt 0.0490 0.7416
vt 0.0493 0.7463
vt 0.0679 0.7303
vt 0.0479 0.7249
vt 0.0760 0.7494
vt 0.0484 0.7127
vt 0.0576 0.7060
vt 0.0504 0.6999
vt 0.0418 0.7036
vt 0.0551 0.7218
vt 0.0612 0.7147
vt 0.0393 0.7194
vt 0.0465 0.7255
vt 0.0356 0.7107
vt 0.0431 0.7588
vt 0.0315 0.7722
vt 0.0515 0.7776
vt 0.0504 0.7609
vt 0.0400 0.7519
vt 0.0234 0.7531
vt 0.0472 0.7541
vt 0.0447 0.7516
vt 0.0500 0.7562
vt 0.0497 0.7512
vt 0.0526 0.7538
vt 0.0468 0.7487
vt 0.0572 0.7578
vt 0.0706 0.7694
vt 0.0422 0.7447
vt 0.0288 0.7330
vt 0.9627 0.7470
vt 0.9615 0.7523
vt 0.9644 0.7533
vt 0.9680 0.7511
vt 0.9562 0.7483
vt 0.9584 0.7519
vt 0.9664 0.7317
vt 0.9484 0.7357
vt 0.9806 0.7434
vt 0.9620 0.7129
vt 0.9664 0.7039
vt 0.9583 0.7020
vt 0.9530 0.7085
vt 0.9710 0.7173
vt 0.9729 0.7092
vt 0.9576 0.7219
vt 0.9657 0.7238
vt 0.9511 0.7166
vt 0.9586 0.7643
vt 0.9550 0.7796
vt 0.9730 0.7756
vt 0.9652 0.7630
vt 0.9533 0.7602
vt 0.9407 0.7679
vt 0.9599 0.7590
vt 0.9569 0.7580
vt 0.9630 0.7594
vt 0.9607 0.7557
vt 0.9640 0.7564
vt 0.9574 0.7549
vt 0.9693 0.7577
vt 0.9847 0.7614
vt 0.9521 0.7536
vt 0.9367 0.7500
vt 0.0562 0.7437
vt 0.0522 0.7484
vt 0.0546 0.7509
vt 0.0594 0.7506
vt 0.0490 0.7416
vt 0.0493 0.7463
vt 0.0679 0.7303
vt 0.0479 0.7249
vt 0.0760 0.7494
vt 0.0484 0.7127
vt 0.0576 0.7060
vt 0.0504 0.6999
vt 0.0418 0.7036
vt 0.0551 0.7218
vt 0.0612 0.7147
vt 0.0393 0.7194
vt 0.0465 0.7255
vt 0.0356 0.7107
vt 0.0431 0.7588
vt 0.0315 0.7722
vt 0.0515 0.7776
vt 0.0504 0.7609
vt 0.0400 0.7519
vt 0.0234 0.7531
vt 0.0472 0.7541
vt 0.0447 0.7516
vt 0.0500 0.7562
vt 0.0497 0.7512
vt 0.0526 0.7538
vt 0.0468 0.7487
vt 0.0572 0.7578
vt 0.0706 0.7694
vt 0.0422 0.7447
vt 0.0288 0.7330
vt 0.0562 0.7437
vt 0.0522 0.7484
vt 0.0546 0.7509
vt 0.0594 0.7506
vt 0.0490 0.7416
vt 0.0493 0.7463
vt 0.0679 0.7303
vt 0.0479 0.7249
vt 0.0760 0.7494
vt 0.0484 0.7127
vt 0.0576 0.7060
vt 0.0504 0.6999
vt 0.0418 0.7036
vt 0.0551 0.7218
vt 0.0612 0.7147
vt 0.0393 0.7194
vt 0.0465 0.7255
vt 0.0356 0.7107
vt 0.0431 0.7588
vt 0.0315 0.7722
vt 0.0515 0.7776
vt 0.0504 0.7609
vt 0.0400 0.7519
vt 0.0234 0.7531
vt 0.0472 0.7541
vt 0.0447 0.7516
vt 0.0500 0.7562
vt 0.0497 0.7512
vt 0.0526 0.7538
vt 0.0468 0.7487
vt 0.0572 0.7578
vt 0.0706 0.7694
vt 0.0422 0.7447
vt 0.0288 0.7330
vt 0.0562 0.7437
vt 0.0522 0.7484
vt 0.0546 0.7509
vt 0.0594 0.7506
vt 0.0490 0.7416
vt 0.0493 0.7463
vt 0.0679 0.7303
vt 0.0479 0.7249
vt 0.0760 0.7494
vt 0.0484 0.7127
vt 0.0576 0.7060
vt 0.0504 0.6999
vt 0.0418 0.7036
vt 0.0551 0.7218
vt 0.0612 0.7147
vt 0.0393 0.7194
vt 0.0465 0.7255
vt 0.0356 0.7107
vt 0.0431 0.7588
vt 0.0315 0.7722
vt 0.0515 0.7776
vt 0.0504 0.7609
vt 0.0400 0.7519
vt 0.0234 0.7531
vt 0.0472 0.7541
vt 0.0447 0.7516
vt 0.0500 0.7562
vt 0.0497 0.7512
vt 0.0526 0.7538
vt 0.0468 0.7487
vt 0.0572 0.7578
vt 0.0706 0.7694
vt 0.0422 0.7447
vt 0.0288 0.7330
vt 0.0562 0.7437
vt 0.0522 0.7484
vt 0.0546 0.7509
vt 0.0594 0.7506
vt 0.0490 0.7416
vt 0.0493 0.7463
vt 0.0679 0.7303
vt 0.0479 0.7249
vt 0.0760 0.7494
vt 0.0484 0.7127
vt 0.0576 0.7060
vt 0.0504 0.6999
vt 0.0418 0.7036
vt 0.0551 0.7218
vt 0.0612 0.7147
vt 0.0393 0.7194
vt 0.0465 0.7255
vt 0.0356 0.7107
vt 0.0431 0.7588
vt 0.0315 0.7722
vt 0.0515 0.7776
vt 0.0504 0.7609
vt 0.0400 0.7519
vt 0.0234 0.7531
vt 0.0472 0.7541
vt 0.0447 0.7516
vt 0.0500 0.7562
vt 0.0497 0.7512
vt 0.0526 0.7538
vt 0.0468 0.7487
vt 0.0572 0.7578
vt 0.0706 0.7694
vt 0.0422 0.7447
vt 0.0288 0.7330
vt 0.0562 0.7437
vt 0.0522 0.7484
vt 0.0546 0.7509
vt 0.0594 0.7506
vt 0.0490 0.7416
vt 0.0493 0.7463
vt 0.0679 0.7303
vt 0.0479 0.7249
vt 0.0760 0.7494
vt 0.0484 0.7127
vt 0.0576 0.7060
vt 0.0504 0.6999
vt 0.0418 0.7036
vt 0.0551 0.7218
vt 0.0612 0.7147
vt 0.0393 0.7194
vt 0.0465 0.7255
vt 0.0356 0.7107
vt 0.0431 0.7588
vt 0.0315 0.7722
vt 0.0515 0.7776
vt 0.0504 0.7609
vt 0.0400 0.7519
vt 0.0234 0.7531
vt 0.0472 0.7541
vt 0.0447 0.7516
vt 0.0500 0.7562
vt 0.0497 0.7512
vt 0.0526 0.7538
vt 0.0468 0.7487
vt 0.0572 0.7578
vt 0.0706 0.7694
vt 0.0422 0.7447
vt 0.0288 0.7330
vt 0.9627 0.7470
vt 0.9680 0.7511
vt 0.9644 0.7533
vt 0.9615 0.7523
vt 0.9584 0.7519
vt 0.9562 0.7483
vt 0.9484 0.7357
vt 0.9664 0.7317
vt 0.9806 0.7434
vt 0.9620 0.7129
vt 0.9530 0.7085
vt 0.9583 0.7020
vt 0.9664 0.7039
vt 0.9729 0.7092
vt 0.9710 0.7173
vt 0.9657 0.7238
vt 0.9576 0.7219
vt 0.9511 0.7166
vt 0.9586 0.7643
vt 0.9652 0.7630
vt 0.9730 0.7756
vt 0.9550 0.7796
vt 0.9407 0.7679
vt 0.9533 0.7602
vt 0.9569 0.7580
vt 0.9599 0.7590
vt 0.9630 0.7594
vt 0.9607 0.7557
vt 0.9640 0.7564
vt 0.9574 0.7549
vt 0.9693 0.7577
vt 0.9847 0.7614
vt 0.9521 0.7536
vt 0.9367 0.7500
vt 0.9627 0.7470
vt 0.9680 0.7511
vt 0.9644 0.7533
vt 0.9615 0.7523
vt 0.9584 0.7519
vt 0.9562 0.7483
vt 0.9484 0.7357
vt 0.9664 0.7317
vt 0.9806 0.7434
vt 0.9620 0.7129
vt 0.9530 0.7085
vt 0.9583 0.7020
vt 0.9664 0.7039
vt 0.9729 0.7092
vt 0.9710 0.7173
vt 0.9657 0.7238
vt 0.9576 0.7219
vt 0.9511 0.7166
vt 0.9586 0.7643
vt 0.9652 0.7630
vt 0.9730 0.7756
vt 0.9550 0.7796
vt 0.9407 0.7679
vt 0.9533 0.7602
vt 0.9569 0.7580
vt 0.9599 0.7590
vt 0.9630 0.7594
vt 0.9607 0.7557
vt 0.9640 0.7564
vt 0.9574 0.7549
vt 0.9693 0.7577
vt 0.9847 0.7614
vt 0.9521 0.7536
vt 0.9367 0.7500
vt 0.0562 0.7437
vt 0.0594 0.7506
vt 0.0546 0.7509
vt 0.0522 0.7484
vt 0.0493 0.7463
vt 0.0490 0.7416
vt 0.0479 0.7249
vt 0.0679 0.7303
vt 0.0760 0.7494
vt 0.0484 0.7127
vt 0.0418 0.7036
vt 0.0504 0.6999
vt 0.0576 0.7060
vt 0.0612 0.7147
vt 0.0551 0.7218
vt 0.0465 0.7255
vt 0.0393 0.7194
vt 0.0356 0.7107
vt 0.0431 0.7588
vt 0.0504 0.7609
vt 0.0515 0.7776
vt 0.0315 0.7722
vt 0.0234 0.7531
vt 0.0400 0.7519
vt 0.0447 0.7516
vt 0.0472 0.7541
vt 0.0500 0.7562
vt 0.0497 0.7512
vt 0.0526 0.7538
vt 0.0468 0.7487
vt 0.0572 0.7578
vt 0.0706 0.7694
vt 0.0422 0.7447
vt 0.0288 0.7330
vt 0.0562 0.7437
vt 0.0594 0.7506
vt 0.0546 0.7509
vt 0.0522 0.7484
vt 0.0493 0.7463
vt 0.0490 0.7416
vt 0.0479 0.7249
vt 0.0679 0.7303
vt 0.0760 0.7494
vt 0.0484 0.7127
vt 0.0418 0.7036
vt 0.0504 0.6999
vt 0.0576 0.7060
vt 0.0612 0.7147
vt 0.0551 0.7218
vt 0.0465 0.7255
vt 0.0393 0.7194
vt 0.0356 0.7107
vt 0.0431 0.7588
vt 0.0504 0.7609
vt 0.0515 0.7776
vt 0.0315 0.7722
vt 0.0234 0.7531
vt 0.0400 0.7519
vt 0.0447 0.7516
vt 0.0472 0.7541
vt 0.0500 0.7562
vt 0.0497 0.7512
vt 0.0526 0.7538
vt 0.0468 0.7487
vt 0.0572 0.7578
vt 0.0706 0.7694
vt 0.0422 0.7447
vt 0.0288 0.7330
vt 0.0562 0.7437
vt 0.0594 0.7506
vt 0.0546 0.7509
vt 0.0522 0.7484
vt 0.0493 0.7463
vt 0.0490 0.7416
vt 0.0479 0.7249
vt 0.0679 0.7303
vt 0.0760 0.7494
vt 0.0484 0.7127
vt 0.0418 0.7036
vt 0.0504 0.6999
vt 0.0576 0.7060
vt 0.0612 0.7147
vt 0.0551 0.7218
vt 0.0465 0.7255
vt 0.0393 0.7194
vt 0.0356 0.7107
vt 0.0431 0.7588
vt 0.0504 0.7609
vt 0.0515 0.7776
vt 0.0315 0.7722
vt 0.0234 0.7531
vt 0.0400 0.7519
vt 0.0447 0.7516
vt 0.0472 0.7541
vt 0.0500 0.7562
vt 0.0497 0.7512
vt 0.0526 0.7538
vt 0.0468 0.7487
vt 0.0572 0.7578
vt 0.0706 0.7694
vt 0.0422 0.7447
vt 0.0288 0.7330
vt 0.9627 0.7470
vt 0.9680 0.7511
vt 0.9644 0.7533
vt 0.9615 0.7523
vt 0.9584 0.7519
vt 0.9562 0.7483
vt 0.9484 0.7357
vt 0.9664 0.7317
vt 0.9806 0.7434
vt 0.9620 0.7129
vt 0.9530 0.7085
vt 0.9583 0.7020
vt 0.9664 0.7039
vt 0.9729 0.7092
vt 0.9710 0.7173
vt 0.9657 0.7238
vt 0.9576 0.7219
vt 0.9511 0.7166
vt 0.9586 0.7643
vt 0.9652 0.7630
vt 0.9730 0.7756
vt 0.9550 0.7796
vt 0.9407 0.7679
vt 0.9533 0.7602
vt 0.9569 0.7580
vt 0.9599 0.7590
vt 0.9630 0.7594
vt 0.9607 0.7557
vt 0.9640 0.7564
vt 0.9574 0.7549
vt 0.9693 0.7577
vt 0.9847 0.7614
vt 0.9521 0.7536
vt 0.9367 0.7500
vt 0.9627 0.7470
vt 0.9680 0.7511
vt 0.9644 0.7533
vt 0.9615 0.7523
vt 0.9584 0.7519
vt 0.9562 0.7483
vt 0.9484 0.7357
vt 0.9664 0.7317
vt 0.9806 0.7434
vt 0.9620 0.7129
vt 0.9530 0.7085
vt 0.9583 0.7020
vt 0.9664 0.7039
vt 0.9729 0.7092
vt 0.9710 0.7173
vt 0.9657 0.7238
vt 0.9576 0.7219
vt 0.9511 0.7166
vt 0.9586 0.7643
vt 0.9652 0.7630
vt 0.9730 0.7756
vt 0.9550 0.7796
vt 0.9407 0.7679
vt 0.9533 0.7602
vt 0.9569 0.7580
vt 0.9599 0.7590
vt 0.9630 0.7594
vt 0.9607 0.7557
vt 0.9640 0.7564
vt 0.9574 0.7549
vt 0.9693 0.7577
vt 0.9847 0.7614
vt 0.9521 0.7536
vt 0.9367 0.7500
vt 0.0562 0.7437
vt 0.0594 0.7506
vt 0.0546 0.7509
vt 0.0522 0.7484
vt 0.0493 0.7463
vt 0.0490 0.7416
vt 0.0479 0.7249
vt 0.0679 0.7303
vt 0.0760 0.7494
vt 0.0484 0.7127
vt 0.0418 0.7036
vt 0.0504 0.6999
vt 0.0576 0.7060
vt 0.0612 0.7147
vt 0.0551 0.7218
vt 0.0465 0.7255
vt 0.0393 0.7194
vt 0.0356 0.7107
vt 0.0431 0.7588
vt 0.0504 0.7609
vt 0.0515 0.7776
vt 0.0315 0.7722
vt 0.0234 0.7531
vt 0.0400 0.7519
vt 0.0447 0.7516
vt 0.0472 0.7541
vt 0.0500 0.7562
vt 0.0497 0.7512
vt 0.0526 0.7538
vt 0.0468 0.7487
vt 0.0572 0.7578
vt 0.0706 0.7694
vt 0.0422 0.7447
vt 0.0288 0.7330
vt 0.9627 0.7470
vt 0.9680 0.7511
vt 0.9644 0.7533
vt 0.9615 0.7523
vt 0.9584 0.7519
vt 0.9562 0.7483
vt 0.9484 0.7357
vt 0.9664 0.7317
vt 0.9806 0.7434
vt 0.9620 0.7129
vt 0.9530 0.7085
vt 0.9583 0.7020
vt 0.9664 0.7039
vt 0.9729 0.7092
vt 0.9710 0.7173
vt 0.9657 0.7238
vt 0.9576 0.7219
vt 0.9511 0.7166
vt 0.9586 0.7643
vt 0.9652 0.7630
vt 0.9730 0.7756
vt 0.9550 0.7796
vt 0.9407 0.7679
vt 0.9533 0.7602
vt 0.9569 0.7580
vt 0.9599 0.7590
vt 0.9630 0.7594
vt 0.9607 0.7557
vt 0.9640 0.7564
vt 0.9574 0.7549
vt 0.9693 0.7577
vt 0.9847 0.7614
vt 0.9521 0.7536
vt 0.9367 0.7500
vt 0.9521 0.7536
vt 0.9562 0.7483
vt 0.9584 0.7519
vt 0.9574 0.7549
vt 0.9569 0.7580
vt 0.9533 0.7602
vt 0.9367 0.7500
vt 0.9484 0.7357
vt 0.9407 0.7679
vt 0.9693 0.7577
vt 0.9652 0.7630
vt 0.9630 0.7594
vt 0.9640 0.7564
vt 0.9644 0.7533
vt 0.9680 0.7511
vt 0.9847 0.7614
vt 0.9730 0.7756
vt 0.9806 0.7434
vt 0.9607 0.7557
vt 0.9615 0.7523
vt 0.9599 0.7590
vt 0.9586 0.7643
vt 0.9550 0.7796
vt 0.9620 0.7129
vt 0.9710 0.7173
vt 0.9657 0.7238
vt 0.9576 0.7219
vt 0.9511 0.7166
vt 0.9530 0.7085
vt 0.9664 0.7039
vt 0.9729 0.7092
vt 0.9583 0.7020
vt 0.9627 0.7470
vt 0.9664 0.7317
vt 0.9627 0.7470
vt 0.9680 0.7511
vt 0.9644 0.7533
vt 0.9615 0.7523
vt 0.9584 0.7519
vt 0.9562 0.7483
vt 0.9484 0.7357
vt 0.9664 0.7317
vt 0.9806 0.7434
vt 0.9620 0.7129
vt 0.9530 0.7085
vt 0.9583 0.7020
vt 0.9664 0.7039
vt 0.9729 0.7092
vt 0.9710 0.7173
vt 0.9657 0.7238
vt 0.9576 0.7219
vt 0.9511 0.7166
vt 0.9586 0.7643
vt 0.9652 0.7630
vt 0.9730 0.7756
vt 0.9550 0.7796
vt 0.9407 0.7679
vt 0.9533 0.7602
vt 0.9569 0.7580
vt 0.9599 0.7590
vt 0.9630 0.7594
vt 0.9607 0.7557
vt 0.9640 0.7564
vt 0.9574 0.7549
vt 0.9693 0.7577
vt 0.9847 0.7614
vt 0.9521 0.7536
vt 0.9367 0.7500
vt 0.9627 0.7470
vt 0.9680 0.7511
vt 0.9644 0.7533
vt 0.9615 0.7523
vt 0.9584 0.7519
vt 0.9562 0.7483
vt 0.9484 0.7357
vt 0.9664 0.7317
vt 0.9806 0.7434
vt 0.9620 0.7129
vt 0.9530 0.7085
vt 0.9583 0.7020
vt 0.9664 0.7039
vt 0.9729 0.7092
vt 0.9710 0.7173
vt 0.9657 0.7238
vt 0.9576 0.7219
vt 0.9511 0.7166
vt 0.9586 0.7643
vt 0.9652 0.7630
vt 0.9730 0.7756
vt 0.9550 0.7796
vt 0.9407 0.7679
vt 0.9533 0.7602
vt 0.9569 0.7580
vt 0.9599 0.7590
vt 0.9630 0.7594
vt 0.9607 0.7557
vt 0.9640 0.7564
vt 0.9574 0.7549
vt 0.9693 0.7577
vt 0.9847 0.7614
vt 0.9521 0.7536
vt 0.9367 0.7500
vt 0.9627 0.7470
vt 0.9680 0.7511
vt 0.9644 0.7533
vt 0.9615 0.7523
vt 0.9584 0.7519
vt 0.9562 0.7483
vt 0.9484 0.7357
vt 0.9664 0.7317
vt 0.9806 0.7434
vt 0.9620 0.7129
vt 0.9530 0.7085
vt 0.9583 0.7020
vt 0.9664 0.7039
vt 0.9729 0.7092
vt 0.9710 0.7173
vt 0.9657 0.7238
vt 0.9576 0.7219
vt 0.9511 0.7166
vt 0.9586 0.7643
vt 0.9652 0.7630
vt 0.9730 0.7756
vt 0.9550 0.7796
vt 0.9407 0.7679
vt 0.9533 0.7602
vt 0.9569 0.7580
vt 0.9599 0.7590
vt 0.9630 0.7594
vt 0.9607 0.7557
vt 0.9640 0.7564
vt 0.9574 0.7549
vt 0.9693 0.7577
vt 0.9847 0.7614
vt 0.9521 0.7536
vt 0.9367 0.7500
vt 0.9627 0.7470
vt 0.9680 0.7511
vt 0.9644 0.7533
vt 0.9615 0.7523
vt 0.9584 0.7519
vt 0.9562 0.7483
vt 0.9484 0.7357
vt 0.9664 0.7317
vt 0.9806 0.7434
vt 0.9620 0.7129
vt 0.9530 0.7085
vt 0.9583 0.7020
vt 0.9664 0.7039
vt 0.9729 0.7092
vt 0.9710 0.7173
vt 0.9657 0.7238
vt 0.9576 0.7219
vt 0.9511 0.7166
vt 0.9586 0.7643
vt 0.9652 0.7630
vt 0.9730 0.7756
vt 0.9550 0.7796
vt 0.9407 0.7679
vt 0.9533 0.7602
vt 0.9569 0.7580
vt 0.9599 0.7590
vt 0.9630 0.7594
vt 0.9607 0.7557
vt 0.9640 0.7564
vt 0.9574 0.7549
vt 0.9693 0.7577
vt 0.9847 0.7614
vt 0.9521 0.7536
vt 0.9367 0.7500
vt 0.0562 0.7437
vt 0.0594 0.7506
vt 0.0546 0.7509
vt 0.0522 0.7484
vt 0.0493 0.7463
vt 0.0490 0.7416
vt 0.0479 0.7249
vt 0.0679 0.7303
vt 0.0760 0.7494
vt 0.0484 0.7127
vt 0.0418 0.7036
vt 0.0504 0.6999
vt 0.0576 0.7060
vt 0.0612 0.7147
vt 0.0551 0.7218
vt 0.0465 0.7255
vt 0.0393 0.7194
vt 0.0356 0.7107
vt 0.0431 0.7588
vt 0.0504 0.7609
vt 0.0515 0.7776
vt 0.0315 0.7722
vt 0.0234 0.7531
vt 0.0400 0.7519
vt 0.0447 0.7516
vt 0.0472 0.7541
vt 0.0500 0.7562
vt 0.0497 0.7512
vt 0.0526 0.7538
vt 0.0468 0.7487
vt 0.0572 0.7578
vt 0.0706 0.7694
vt 0.0422 0.7447
vt 0.0288 0.7330
vt 0.0562 0.7437
vt 0.0594 0.7506
vt 0.0546 0.7509
vt 0.0522 0.7484
vt 0.0493 0.7463
vt 0.0490 0.7416
vt 0.0479 0.7249
vt 0.0679 0.7303
vt 0.0760 0.7494
vt 0.0484 0.7127
vt 0.0418 0.7036
vt 0.0504 0.6999
vt 0.0576 0.7060
vt 0.0612 0.7147
vt 0.0551 0.7218
vt 0.0465 0.7255
vt 0.0393 0.7194
vt 0.0356 0.7107
vt 0.0431 0.7588
vt 0.0504 0.7609
vt 0.0515 0.7776
vt 0.0315 0.7722
vt 0.0234 0.7531
vt 0.0400 0.7519
vt 0.0447 0.7516
vt 0.0472 0.7541
vt 0.0500 0.7562
vt 0.0497 0.7512
vt 0.0526 0.7538
vt 0.0468 0.7487
vt 0.0572 0.7578
vt 0.0706 0.7694
vt 0.0422 0.7447
vt 0.0288 0.7330
vt 0.0562 0.7437
vt 0.0594 0.7506
vt 0.0546 0.7509
vt 0.0522 0.7484
vt 0.0493 0.7463
vt 0.0490 0.7416
vt 0.0479 0.7249
vt 0.0679 0.7303
vt 0.0760 0.7494
vt 0.0484 0.7127
vt 0.0418 0.7036
vt 0.0504 0.6999
vt 0.0576 0.7060
vt 0.0612 0.7147
vt 0.0551 0.7218
vt 0.0465 0.7255
vt 0.0393 0.7194
vt 0.0356 0.7107
vt 0.0431 0.7588
vt 0.0504 0.7609
vt 0.0515 0.7776
vt 0.0315 0.7722
vt 0.0234 0.7531
vt 0.0400 0.7519
vt 0.0447 0.7516
vt 0.0472 0.7541
vt 0.0500 0.7562
vt 0.0497 0.7512
vt 0.0526 0.7538
vt 0.0468 0.7487
vt 0.0572 0.7578
vt 0.0706 0.7694
vt 0.0422 0.7447
vt 0.0288 0.7330
vt 0.0562 0.7437
vt 0.0594 0.7506
vt 0.0546 0.7509
vt 0.0522 0.7484
vt 0.0493 0.7463
vt 0.0490 0.7416
vt 0.0479 0.7249
vt 0.0679 0.7303
vt 0.0760 0.7494
vt 0.0484 0.7127
vt 0.0418 0.7036
vt 0.0504 0.6999
vt 0.0576 0.7060
vt 0.0612 0.7147
vt 0.0551 0.7218
vt 0.0465 0.7255
vt 0.0393 0.7194
vt 0.0356 0.7107
vt 0.0431 0.7588
vt 0.0504 0.7609
vt 0.0515 0.7776
vt 0.0315 0.7722
vt 0.0234 0.7531
vt 0.0400 0.7519
vt 0.0447 0.7516
vt 0.0472 0.7541
vt 0.0500 0.7562
vt 0.0497 0.7512
vt 0.0526 0.7538
vt 0.0468 0.7487
vt 0.0572 0.7578
vt 0.0706 0.7694
vt 0.0422 0.7447
vt 0.0288 0.7330
vt 0.0562 0.7437
vt 0.0594 0.7506
vt 0.0546 0.7509
vt 0.0522 0.7484
vt 0.0493 0.7463
vt 0.0490 0.7416
vt 0.0479 0.7249
vt 0.0679 0.7303
vt 0.0760 0.7494
vt 0.0484 0.7127
vt 0.0418 0.7036
vt 0.0504 0.6999
vt 0.0576 0.7060
vt 0.0612 0.7147
vt 0.0551 0.7218
vt 0.0465 0.7255
vt 0.0393 0.7194
vt 0.0356 0.7107
vt 0.0431 0.7588
vt 0.0504 0.7609
vt 0.0515 0.7776
vt 0.0315 0.7722
vt 0.0234 0.7531
vt 0.0400 0.7519
vt 0.0447 0.7516
vt 0.0472 0.7541
vt 0.0500 0.7562
vt 0.0497 0.7512
vt 0.0526 0.7538
vt 0.0468 0.7487
vt 0.0572 0.7578
vt 0.0706 0.7694
vt 0.0422 0.7447
vt 0.0288 0.7330
vt 0.0562 0.7437
vt 0.0594 0.7506
vt 0.0546 0.7509
vt 0.0522 0.7484
vt 0.0493 0.7463
vt 0.0490 0.7416
vt 0.0479 0.7249
vt 0.0679 0.7303
vt 0.0760 0.7494
vt 0.0484 0.7127
vt 0.0418 0.7036
vt 0.0504 0.6999
vt 0.0576 0.7060
vt 0.0612 0.7147
vt 0.0551 0.7218
vt 0.0465 0.7255
vt 0.0393 0.7194
vt 0.0356 0.7107
vt 0.0431 0.7588
vt 0.0504 0.7609
vt 0.0515 0.7776
vt 0.0315 0.7722
vt 0.0234 0.7531
vt 0.0400 0.7519
vt 0.0447 0.7516
vt 0.0472 0.7541
vt 0.0500 0.7562
vt 0.0497 0.7512
vt 0.0526 0.7538
vt 0.0468 0.7487
vt 0.0572 0.7578
vt 0.0706 0.7694
vt 0.0422 0.7447
vt 0.0288 0.7330
vt 0.9627 0.7470
vt 0.9615 0.7523
vt 0.9644 0.7533
vt 0.9680 0.7511
vt 0.9562 0.7483
vt 0.9584 0.7519
vt 0.9664 0.7317
vt 0.9484 0.7357
vt 0.9806 0.7434
vt 0.9620 0.7129
vt 0.9664 0.7039
vt 0.9583 0.7020
vt 0.9530 0.7085
vt 0.9710 0.7173
vt 0.9729 0.7092
vt 0.9576 0.7219
vt 0.9657 0.7238
vt 0.9511 0.7166
vt 0.9586 0.7643
vt 0.9550 0.7796
vt 0.9730 0.7756
vt 0.9652 0.7630
vt 0.9533 0.7602
vt 0.9407 0.7679
vt 0.9599 0.7590
vt 0.9569 0.7580
vt 0.9630 0.7594
vt 0.9607 0.7557
vt 0.9640 0.7564
vt 0.9574 0.7549
vt 0.9693 0.7577
vt 0.9847 0.7614
vt 0.9521 0.7536
vt 0.9367 0.7500
vt 0.9627 0.7470
vt 0.9615 0.7523
vt 0.9644 0.7533
vt 0.9680 0.7511
vt 0.9562 0.7483
vt 0.9584 0.7519
vt 0.9664 0.7317
vt 0.9484 0.7357
vt 0.9806 0.7434
vt 0.9620 0.7129
vt 0.9664 0.7039
vt 0.9583 0.7020
vt 0.9530 0.7085
vt 0.9710 0.7173
vt 0.9729 0.7092
vt 0.9576 0.7219
vt 0.9657 0.7238
vt 0.9511 0.7166
vt 0.9586 0.7643
vt 0.9550 0.7796
vt 0.9730 0.7756
vt 0.9652 0.7630
vt 0.9533 0.7602
vt 0.9407 0.7679
vt 0.9599 0.7590
vt 0.9569 0.7580
vt 0.9630 0.7594
vt 0.9607 0.7557
vt 0.9640 0.7564
vt 0.9574 0.7549
vt 0.9693 0.7577
vt 0.9847 0.7614
vt 0.9521 0.7536
vt 0.9367 0.7500
vt 0.0562 0.7437
vt 0.0522 0.7484
vt 0.0546 0.7509
vt 0.0594 0.7506
vt 0.0490 0.7416
vt 0.0493 0.7463
vt 0.0679 0.7303
vt 0.0479 0.7249
vt 0.0760 0.7494
vt 0.0484 0.7127
vt 0.0576 0.7060
vt 0.0504 0.6999
vt 0.0418 0.7036
vt 0.0551 0.7218
vt 0.0612 0.7147
vt 0.0393 0.7194
vt 0.0465 0.7255
vt 0.0356 0.7107
vt 0.0431 0.7588
vt 0.0315 0.7722
vt 0.0515 0.7776
vt 0.0504 0.7609
vt 0.0400 0.7519
vt 0.0234 0.7531
vt 0.0472 0.7541
vt 0.0447 0.7516
vt 0.0500 0.7562
vt 0.0497 0.7512
vt 0.0526 0.7538
vt 0.0468 0.7487
vt 0.0572 0.7578
vt 0.0706 0.7694
vt 0.0422 0.7447
vt 0.0288 0.7330
vt 0.0562 0.7437
vt 0.0522 0.7484
vt 0.0546 0.7509
vt 0.0594 0.7506
vt 0.0490 0.7416
vt 0.0493 0.7463
vt 0.0679 0.7303
vt 0.0479 0.7249
vt 0.0760 0.7494
vt 0.0484 0.7127
vt 0.0576 0.7060
vt 0.0504 0.6999
vt 0.0418 0.7036
vt 0.0551 0.7218
vt 0.0612 0.7147
vt 0.0393 0.7194
vt 0.0465 0.7255
vt 0.0356 0.7107
vt 0.0431 0.7588
vt 0.0315 0.7722
vt 0.0515 0.7776
vt 0.0504 0.7609
vt 0.0400 0.7519
vt 0.0234 0.7531
vt 0.0472 0.7541
vt 0.0447 0.7516
vt 0.0500 0.7562
vt 0.0497 0.7512
vt 0.0526 0.7538
vt 0.0468 0.7487
vt 0.0572 0.7578
vt 0.0706 0.7694
vt 0.0422 0.7447
vt 0.0288 0.7330
vt 0.0562 0.7437
vt 0.0522 0.7484
vt 0.0546 0.7509
vt 0.0594 0.7506
vt 0.0490 0.7416
vt 0.0493 0.7463
vt 0.0679 0.7303
vt 0.0479 0.7249
vt 0.0760 0.7494
vt 0.0484 0.7127
vt 0.0576 0.7060
vt 0.0504 0.6999
vt 0.0418 0.7036
vt 0.0551 0.7218
vt 0.0612 0.7147
vt 0.0393 0.7194
vt 0.0465 0.7255
vt 0.0356 0.7107
vt 0.0431 0.7588
vt 0.0315 0.7722
vt 0.0515 0.7776
vt 0.0504 0.7609
vt 0.0400 0.7519
vt 0.0234 0.7531
vt 0.0472 0.7541
vt 0.0447 0.7516
vt 0.0500 0.7562
vt 0.0497 0.7512
vt 0.0526 0.7538
vt 0.0468 0.7487
vt 0.0572 0.7578
vt 0.0706 0.7694
vt 0.0422 0.7447
vt 0.0288 0.7330
vt 0.9627 0.7470
vt 0.9615 0.7523
vt 0.9644 0.7533
vt 0.9680 0.7511
vt 0.9562 0.7483
vt 0.9584 0.7519
vt 0.9664 0.7317
vt 0.9484 0.7357
vt 0.9806 0.7434
vt 0.9620 0.7129
vt 0.9664 0.7039
vt 0.9583 0.7020
vt 0.9530 0.7085
vt 0.9710 0.7173
vt 0.9729 0.7092
vt 0.9576 0.7219
vt 0.9657 0.7238
vt 0.9511 0.7166
vt 0.9586 0.7643
vt 0.9550 0.7796
vt 0.9730 0.7756
vt 0.9652 0.7630
vt 0.9533 0.7602
vt 0.9407 0.7679
vt 0.9599 0.7590
vt 0.9569 0.7580
vt 0.9630 0.7594
vt 0.9607 0.7557
vt 0.9640 0.7564
vt 0.9574 0.7549
vt 0.9693 0.7577
vt 0.9847 0.7614
vt 0.9521 0.7536
vt 0.9367 0.7500
vt 0.9627 0.7470
vt 0.9615 0.7523
vt 0.9644 0.7533
vt 0.9680 0.7511
vt 0.9562 0.7483
vt 0.9584 0.7519
vt 0.9664 0.7317
vt 0.9484 0.7357
vt 0.9806 0.7434
vt 0.9620 0.7129
vt 0.9664 0.7039
vt 0.9583 0.7020
vt 0.9530 0.7085
vt 0.9710 0.7173
vt 0.9729 0.7092
vt 0.9576 0.7219
vt 0.9657 0.7238
vt 0.9511 0.7166
vt 0.9586 0.7643
vt 0.9550 0.7796
vt 0.9730 0.7756
vt 0.9652 0.7630
vt 0.9533 0.7602
vt 0.9407 0.7679
vt 0.9599 0.7590
vt 0.9569 0.7580
vt 0.9630 0.7594
vt 0.9607 0.7557
vt 0.9640 0.7564
vt 0.9574 0.7549
vt 0.9693 0.7577
vt 0.9847 0.7614
vt 0.9521 0.7536
vt 0.9367 0.7500
vt 0.0562 0.7437
vt 0.0522 0.7484
vt 0.0546 0.7509
vt 0.0594 0.7506
vt 0.0490 0.7416
vt 0.0493 0.7463
vt 0.0679 0.7303
vt 0.0479 0.7249
vt 0.0760 0.7494
vt 0.0484 0.7127
vt 0.0576 0.7060
vt 0.0504 0.6999
vt 0.0418 0.7036
vt 0.0551 0.7218
vt 0.0612 0.7147
vt 0.0393 0.7194
vt 0.0465 0.7255
vt 0.0356 0.7107
vt 0.0431 0.7588
vt 0.0315 0.7722
vt 0.0515 0.7776
vt 0.0504 0.7609
vt 0.0400 0.7519
vt 0.0234 0.7531
vt 0.0472 0.7541
vt 0.0447 0.7516
vt 0.0500 0.7562
vt 0.0497 0.7512
vt 0.0526 0.7538
vt 0.0468 0.7487
vt 0.0572 0.7578
vt 0.0706 0.7694
vt 0.0422 0.7447
vt 0.0288 0.7330
vt 0.9627 0.7470
vt 0.9615 0.7523
vt 0.9644 0.7533
vt 0.9680 0.7511
vt 0.9562 0.7483
vt 0.9584 0.7519
vt 0.9664 0.7317
vt 0.9484 0.7357
vt 0.9806 0.7434
vt 0.9620 0.7129
vt 0.9664 0.7039
vt 0.9583 0.7020
vt 0.9530 0.7085
vt 0.9710 0.7173
vt 0.9729 0.7092
vt 0.9576 0.7219
vt 0.9657 0.7238
vt 0.9511 0.7166
vt 0.9586 0.7643
vt 0.9550 0.7796
vt 0.9730 0.7756
vt 0.9652 0.7630
vt 0.9533 0.7602
vt 0.9407 0.7679
vt 0.9599 0.7590
vt 0.9569 0.7580
vt 0.9630 0.7594
vt 0.9607 0.7557
vt 0.9640 0.7564
vt 0.9574 0.7549
vt 0.9693 0.7577
vt 0.9847 0.7614
vt 0.9521 0.7536
vt 0.9367 0.7500
vt 0.9521 0.7536
vt 0.9574 0.7549
vt 0.9584 0.7519
vt 0.9562 0.7483
vt 0.9533 0.7602
vt 0.9569 0.7580
vt 0.9484 0.7357
vt 0.9367 0.7500
vt 0.9407 0.7679
vt 0.9693 0.7577
vt 0.9640 0.7564
vt 0.9630 0.7594
vt 0.9652 0.7630
vt 0.9680 0.7511
vt 0.9644 0.7533
vt 0.9730 0.7756
vt 0.9847 0.7614
vt 0.9806 0.7434
vt 0.9607 0.7557
vt 0.9615 0.7523
vt 0.9599 0.7590
vt 0.9586 0.7643
vt 0.9550 0.7796
vt 0.9620 0.7129
vt 0.9576 0.7219
vt 0.9657 0.7238
vt 0.9710 0.7173
vt 0.9530 0.7085
vt 0.9511 0.7166
vt 0.9729 0.7092
vt 0.9664 0.7039
vt 0.9583 0.7020
vt 0.9627 0.7470
vt 0.9664 0.7317
vt 0.9627 0.7470
vt 0.9615 0.7523
vt 0.9644 0.7533
vt 0.9680 0.7511
vt 0.9562 0.7483
vt 0.9584 0.7519
vt 0.9664 0.7317
vt 0.9484 0.7357
vt 0.9806 0.7434
vt 0.9620 0.7129
vt 0.9664 0.7039
vt 0.9583 0.7020
vt 0.9530 0.7085
vt 0.9710 0.7173
vt 0.9729 0.7092
vt 0.9576 0.7219
vt 0.9657 0.7238
vt 0.9511 0.7166
vt 0.9586 0.7643
vt 0.9550 0.7796
vt 0.9730 0.7756
vt 0.9652 0.7630
vt 0.9533 0.7602
vt 0.9407 0.7679
vt 0.9599 0.7590
vt 0.9569 0.7580
vt 0.9630 0.7594
vt 0.9607 0.7557
vt 0.9640 0.7564
vt 0.9574 0.7549
vt 0.9693 0.7577
vt 0.9847 0.7614
vt 0.9521 0.7536
vt 0.9367 0.7500
vt 0.9627 0.7470
vt 0.9615 0.7523
vt 0.9644 0.7533
vt 0.9680 0.7511
vt 0.9562 0.7483
vt 0.9584 0.7519
vt 0.9664 0.7317
vt 0.9484 0.7357
vt 0.9806 0.7434
vt 0.9620 0.7129
vt 0.9664 0.7039
vt 0.9583 0.7020
vt 0.9530 0.7085
vt 0.9710 0.7173
vt 0.9729 0.7092
vt 0.9576 0.7219
vt 0.9657 0.7238
vt 0.9511 0.7166
vt 0.9586 0.7643
vt 0.9550 0.7796
vt 0.9730 0.7756
vt 0.9652 0.7630
vt 0.9533 0.7602
vt 0.9407 0.7679
vt 0.9599 0.7590
vt 0.9569 0.7580
vt 0.9630 0.7594
vt 0.9607 0.7557
vt 0.9640 0.7564
vt 0.9574 0.7549
vt 0.9693 0.7577
vt 0.9847 0.7614
vt 0.9521 0.7536
vt 0.9367 0.7500
vt 0.9627 0.7470
vt 0.9615 0.7523
vt 0.9644 0.7533
vt 0.9680 0.7511
vt 0.9562 0.7483
vt 0.9584 0.7519
vt 0.9664 0.7317
vt 0.9484 0.7357
vt 0.9806 0.7434
vt 0.9620 0.7129
vt 0.9664 0.7039
vt 0.9583 0.7020
vt 0.9530 0.7085
vt 0.9710 0.7173
vt 0.9729 0.7092
vt 0.9576 0.7219
vt 0.9657 0.7238
vt 0.9511 0.7166
vt 0.9586 0.7643
vt 0.9550 0.7796
vt 0.9730 0.7756
vt 0.9652 0.7630
vt 0.9533 0.7602
vt 0.9407 0.7679
vt 0.9599 0.7590
vt 0.9569 0.7580
vt 0.9630 0.7594
vt 0.9607 0.7557
vt 0.9640 0.7564
vt 0.9574 0.7549
vt 0.9693 0.7577
vt 0.9847 0.7614
vt 0.9521 0.7536
vt 0.9367 0.7500
vt 0.9627 0.7470
vt 0.9615 0.7523
vt 0.9644 0.7533
vt 0.9680 0.7511
vt 0.9562 0.7483
vt 0.9584 0.7519
vt 0.9664 0.7317
vt 0.9484 0.7357
vt 0.9806 0.7434
vt 0.9620 0.7129
vt 0.9664 0.7039
vt 0.9583 0.7020
vt 0.9530 0.7085
vt 0.9710 0.7173
vt 0.9729 0.7092
vt 0.9576 0.7219
vt 0.9657 0.7238
vt 0.9511 0.7166
vt 0.9586 0.7643
vt 0.9550 0.7796
vt 0.9730 0.7756
vt 0.9652 0.7630
vt 0.9533 0.7602
vt 0.9407 0.7679
vt 0.9599 0.7590
vt 0.9569 0.7580
vt 0.9630 0.7594
vt 0.9607 0.7557
vt 0.9640 0.7564
vt 0.9574 0.7549
vt 0.9693 0.7577
vt 0.9847 0.7614
vt 0.9521 0.7536
vt 0.9367 0.7500
vt 0.0562 0.7437
vt 0.0522 0.7484
vt 0.0546 0.7509
vt 0.0594 0.7506
vt 0.0490 0.7416
vt 0.0493 0.7463
vt 0.0679 0.7303
vt 0.0479 0.7249
vt 0.0760 0.7494
vt 0.0484 0.7127
vt 0.0576 0.7060
vt 0.0504 0.6999
vt 0.0418 0.7036
vt 0.0551 0.7218
vt 0.0612 0.7147
vt 0.0393 0.7194
vt 0.0465 0.7255
vt 0.0356 0.7107
vt 0.0431 0.7588
vt 0.0315 0.7722
vt 0.0515 0.7776
vt 0.0504 0.7609
vt 0.0400 0.7519
vt 0.0234 0.7531
vt 0.0472 0.7541
vt 0.0447 0.7516
vt 0.0500 0.7562
vt 0.0497 0.7512
vt 0.0526 0.7538
vt 0.0468 0.7487
vt 0.0572 0.7578
vt 0.0706 0.7694
vt 0.0422 0.7447
vt 0.0288 0.7330
vt 0.0562 0.7437
vt 0.0522 0.7484
vt 0.0546 0.7509
vt 0.0594 0.7506
vt 0.0490 0.7416
vt 0.0493 0.7463
vt 0.0679 0.7303
vt 0.0479 0.7249
vt 0.0760 0.7494
vt 0.0484 0.7127
vt 0.0576 0.7060
vt 0.0504 0.6999
vt 0.0418 0.7036
vt 0.0551 0.7218
vt 0.0612 0.7147
vt 0.0393 0.7194
vt 0.0465 0.7255
vt 0.0356 0.7107
vt 0.0431 0.7588
vt 0.0315 0.7722
vt 0.0515 0.7776
vt 0.0504 0.7609
vt 0.0400 0.7519
vt 0.0234 0.7531
vt 0.0472 0.7541
vt 0.0447 0.7516
vt 0.0500 0.7562
vt 0.0497 0.7512
vt 0.0526 0.7538
vt 0.0468 0.7487
vt 0.0572 0.7578
vt 0.0706 0.7694
vt 0.0422 0.7447
vt 0.0288 0.7330
vt 0.0562 0.7437
vt 0.0522 0.7484
vt 0.0546 0.7509
vt 0.0594 0.7506
vt 0.0490 0.7416
vt 0.0493 0.7463
vt 0.0679 0.7303
vt 0.0479 0.7249
vt 0.0760 0.7494
vt 0.0484 0.7127
vt 0.0576 0.7060
vt 0.0504 0.6999
vt 0.0418 0.7036
vt 0.0551 0.7218
vt 0.0612 0.7147
vt 0.0393 0.7194
vt 0.0465 0.7255
vt 0.0356 0.7107
vt 0.0431 0.7588
vt 0.0315 0.7722
vt 0.0515 0.7776
vt 0.0504 0.7609
vt 0.0400 0.7519
vt 0.0234 0.7531
vt 0.0472 0.7541
vt 0.0447 0.7516
vt 0.0500 0.7562
vt 0.0497 0.7512
vt 0.0526 0.7538
vt 0.0468 0.7487
vt 0.0572 0.7578
vt 0.0706 0.7694
vt 0.0422 0.7447
vt 0.0288 0.7330
vt 0.0562 0.7437
vt 0.0522 0.7484
vt 0.0546 0.7509
vt 0.0594 0.7506
vt 0.0490 0.7416
vt 0.0493 0.7463
vt 0.0679 0.7303
vt 0.0479 0.7249
vt 0.0760 0.7494
vt 0.0484 0.7127
vt 0.0576 0.7060
vt 0.0504 0.6999
vt 0.0418 0.7036
vt 0.0551 0.7218
vt 0.0612 0.7147
vt 0.0393 0.7194
vt 0.0465 0.7255
vt 0.0356 0.7107
vt 0.0431 0.7588
vt 0.0315 0.7722
vt 0.0515 0.7776
vt 0.0504 0.7609
vt 0.0400 0.7519
vt 0.0234 0.7531
vt 0.0472 0.7541
vt 0.0447 0.7516
vt 0.0500 0.7562
vt 0.0497 0.7512
vt 0.0526 0.7538
vt 0.0468 0.7487
vt 0.0572 0.7578
vt 0.0706 0.7694
vt 0.0422 0.7447
vt 0.0288 0.7330
vt 0.0562 0.7437
vt 0.0522 0.7484
vt 0.0546 0.7509
vt 0.0594 0.7506
vt 0.0490 0.7416
vt 0.0493 0.7463
vt 0.0679 0.7303
vt 0.0479 0.7249
vt 0.0760 0.7494
vt 0.0484 0.7127
vt 0.0576 0.7060
vt 0.0504 0.6999
vt 0.0418 0.7036
vt 0.0551 0.7218
vt 0.0612 0.7147
vt 0.0393 0.7194
vt 0.0465 0.7255
vt 0.0356 0.7107
vt 0.0431 0.7588
vt 0.0315 0.7722
vt 0.0515 0.7776
vt 0.0504 0.7609
vt 0.0400 0.7519
vt 0.0234 0.7531
vt 0.0472 0.7541
vt 0.0447 0.7516
vt 0.0500 0.7562
vt 0.0497 0.7512
vt 0.0526 0.7538
vt 0.0468 0.7487
vt 0.0572 0.7578
vt 0.0706 0.7694
vt 0.0422 0.7447
vt 0.0288 0.7330
vt 0.0562 0.7437
vt 0.0522 0.7484
vt 0.0546 0.7509
vt 0.0594 0.7506
vt 0.0490 0.7416
vt 0.0493 0.7463
vt 0.0679 0.7303
vt 0.0479 0.7249
vt 0.0760 0.7494
vt 0.0484 0.7127
vt 0.0576 0.7060
vt 0.0504 0.6999
vt 0.0418 0.7036
vt 0.0551 0.7218
vt 0.0612 0.7147
vt 0.0393 0.7194
vt 0.0465 0.7255
vt 0.0356 0.7107
vt 0.0431 0.7588
vt 0.0315 0.7722
vt 0.0515 0.7776
vt 0.0504 0.7609
vt 0.0400 0.7519
vt 0.0234 0.7531
vt 0.0472 0.7541
vt 0.0447 0.7516
vt 0.0500 0.7562
vt 0.0497 0.7512
vt 0.0526 0.7538
vt 0.0468 0.7487
vt 0.0572 0.7578
vt 0.0706 0.7694
vt 0.0422 0.7447
vt 0.0288 0.7330
f 1/1 7/2 19/3 8/4
f 1/1 8/4 20/5 9/6
f 1/1 9/6 22/7 10/8
f 1/1 10/8 21/9 7/2
f 2/10 11/11 21/12 10/13
f 2/10 10/13 22/14 12/15
f 2/10 12/15 26/16 13/17
f 2/10 13/17 25/18 11/11
f 3/19 14/20 25/21 13/22
f 3/19 13/22 26/23 15/24
f 3/19 15/24 24/25 16/26
f 3/19 16/26 23/27 14/20
f 4/28 17/29 23/27 16/26
f 4/28 16/26 24/25 18/30
f 4/28 18/30 20/5 8/4
f 4/28 8/4 19/3 17/29
f 5/31 7/2 21/9 11/32
f 5/31 11/32 25/21 14/20
f 5/31 14/20 23/27 17/29
f 5/31 17/29 19/3 7/2
f 6/33 15/24 26/23 12/34
f 6/33 12/34 22/7 9/6
f 6/33 9/6 20/5 18/30
f 6/33 18/30 24/25 15/24
f 59/35 43/36 82/37 60/38
f 41/39 42/40 47/41 46/42
f 41/39 46/42 45/43 40/44
f 40/44 45/43 44/45 39/46
f 48/47 39/46 44/45 54/48
f 27/49 28/50 48/47 54/48
f 28/50 27/49 55/51 38/52
f 34/53 33/54 56/55 58/56
f 35/57 57/58 52/59 30/60
f 49/61 36/62 30/60 52/59
f 50/63 37/64 36/62 49/61
f 53/65 32/66 37/64 50/63
f 51/67 31/68 32/66 53/65
f 61/69 87/70 29/71 62/72
f 42/40 59/35 60/38 47/41
f 51/67 61/69 62/72 31/68
f 35/57 34/53 58/56 57/58
f 33/73 38/52 55/51 56/74
f 76/75 80/76 81/77 77/78
f 76/75 75/79 79/80 80/76
f 75/79 74/81 78/82 79/80
f 83/83 90/84 78/82 74/81
f 63/85 90/84 83/83 64/86
f 64/86 73/87 91/88 63/85
f 69/89 94/90 92/91 68/92
f 70/93 65/94 88/95 93/96
f 84/97 88/95 65/94 71/98
f 85/99 84/97 71/98 72/100
f 89/101 85/99 72/100 67/102
f 86/103 89/101 67/102 66/104
f 77/78 81/77 96/105 95/106
f 97/107 98/108 29/71 87/70
f 86/103 66/104 98/108 97/107
f 95/106 96/105 82/37 43/36
f 70/93 93/96 94/90 69/89
f 68/109 92/110 91/88 73/87
f 84/97 85/99 123/111 122/112
f 87/70 61/69 115/113 125/114
f 50/63 49/61 104/115 105/116
f 79/80 78/82 117/117 118/118
f 60/38 82/37 121/119 114/120
f 45/43 46/42 102/121 101/122
f 91/88 92/110 130/123 129/124
f 96/105 81/77 120/125 133/126
f 88/95 84/97 122/112 126/127
f 49/61 52/59 107/128 104/115
f 82/37 96/105 133/126 121/119
f 78/82 90/84 128/129 117/117
f 56/74 55/51 110/130 111/131
f 54/48 44/45 100/132 109/133
f 89/101 86/103 124/134 127/135
f 47/41 60/38 114/120 103/136
f 51/67 53/65 108/137 106/138
f 86/103 97/107 134/139 124/134
f 44/45 45/43 101/122 100/132
f 94/90 93/96 131/140 132/141
f 93/96 88/95 126/127 131/140
f 52/59 57/58 112/142 107/128
f 92/91 94/90 132/141 130/143
f 63/85 91/88 129/124 116/144
f 58/56 56/55 111/145 113/146
f 85/99 89/101 127/135 123/111
f 53/65 50/63 105/116 108/137
f 80/76 79/80 118/118 119/147
f 61/69 51/67 106/138 115/113
f 57/58 58/56 113/146 112/142
f 97/107 87/70 125/114 134/139
f 46/42 47/41 103/136 102/121
f 90/84 63/85 116/144 128/129
f 27/49 54/48 109/133 99/148
f 55/51 27/49 99/148 110/130
f 81/77 80/76 119/147 120/125
f 130/143 132/141 168/149 166/150
f 113/146 111/145 147/151 149/152
f 124/134 134/139 170/153 160/154
f 115/113 106/138 142/155 151/156
f 119/147 118/118 154/157 155/158
f 101/122 102/121 138/159 137/160
f 128/129 116/144 152/161 164/162
f 99/148 109/133 145/163 135/164
f 134/139 125/114 161/165 170/153
f 125/114 115/113 151/156 161/165
f 129/124 130/123 166/166 165/167
f 111/131 110/130 146/168 147/169
f 127/135 124/134 160/154 163/170
f 106/138 108/137 144/171 142/155
f 117/117 128/129 164/162 153/172
f 109/133 100/132 136/173 145/163
f 121/119 133/126 169/174 157/175
f 114/120 121/119 157/175 150/176
f 118/118 117/117 153/172 154/157
f 100/132 101/122 137/160 136/173
f 123/111 127/135 163/170 159/177
f 108/137 105/116 141/178 144/171
f 133/126 120/125 156/179 169/174
f 103/136 114/120 150/176 139/180
f 132/141 131/140 167/181 168/149
f 112/142 113/146 149/152 148/182
f 126/127 122/112 158/183 162/184
f 104/115 107/128 143/185 140/186
f 131/140 126/127 162/184 167/181
f 107/128 112/142 148/182 143/185
f 120/125 119/147 155/158 156/179
f 102/121 103/136 139/180 138/159
f 116/144 129/124 165/167 152/161
f 110/130 99/148 135/164 146/168
f 122/112 123/111 159/177 158/183
f 105/116 104/115 140/186 141/178
f 167/181 162/184 198/187 203/188
f 143/185 148/182 184/189 179/190
f 156/179 155/158 191/191 192/192
f 138/159 139/180 175/193 174/194
f 152/161 165/167 201/195 188/196
f 146/168 135/164 171/197 182/198
f 158/183 159/177 195/199 194/200
f 141/178 140/186 176/201 177/202
f 166/150 168/149 204/203 202/204
f 149/152 147/151 183/205 185/206
f 160/154 170/153 206/207 196/208
f 151/156 142/155 178/209 187/210
f 155/158 154/157 190/211 191/191
f 137/160 138/159 174/194 173/212
f 164/162 152/161 188/196 200/213
f 135/164 145/163 181/214 171/197
f 170/153 161/165 197/215 206/207
f 161/165 151/156 187/210 197/215
f 165/167 166/166 202/216 201/195
f 147/169 146/168 182/198 183/217
f 163/170 160/154 196/208 199/218
f 142/155 144/171 180/219 178/209
f 153/172 164/162 200/213 189/220
f 145/163 136/173 172/221 181/214
f 157/175 169/174 205/222 193/223
f 150/176 157/175 193/223 186/224
f 154/157 153/172 189/220 190/211
f 136/173 137/160 173/212 172/221
f 159/177 163/170 199/218 195/199
f 144/171 141/178 177/202 180/219
f 169/174 156/179 192/192 205/222
f 139/180 150/176 186/224 175/193
f 168/149 167/181 203/188 204/203
f 148/182 149/152 185/206 184/189
f 162/184 158/183 194/200 198/187
f 140/186 143/185 179/190 176/201
f 203/188 198/187 234/225 239/226
f 179/190 184/189 220/227 215/228
f 192/192 191/191 227/229 228/230
f 174/194 175/193 211/231 210/232
f 188/196 201/195 237/233 224/234
f 182/198 171/197 207/235 218/236
f 194/200 195/199 231/237 230/238
f 177/202 176/201 212/239 213/240
f 202/204 204/203 240/241 238/242
f 185/206 183/205 219/243 221/244
f 196/208 206/207 242/245 232/246
f 187/210 178/209 214/247 223/248
f 191/191 190/211 226/249 227/229
f 173/212 174/194 210/232 209/250
f 200/213 188/196 224/234 236/251
f 171/197 181/214 217/252 207/235
f 206/207 197/215 233/253 242/245
f 197/215 187/210 223/248 233/253
f 201/195 202/216 238/254 237/233
f 183/217 182/198 218/236 219/255
f 199/218 196/208 232/246 235/256
f 178/209 180/219 216/257 214/247
f 189/220 200/213 236/251 225/258
f 181/214 172/221 208/259 217/252
f 193/223 205/222 241/260 229/261
f 186/224 193/223 229/261 222/262
f 190/211 189/220 225/258 226/249
f 172/221 173/212 209/250 208/259
f 195/199 199/218 235/256 231/237
f 180/219 177/202 213/240 216/257
f 205/222 192/192 228/230 241/260
f 175/193 186/224 222/262 211/231
f 204/203 203/188 239/226 240/241
f 184/189 185/206 221/244 220/227
f 198/187 194/200 230/238 234/225
f 176/201 179/190 215/228 212/239
f 228/230 227/229 263/263 264/264
f 210/232 211/231 247/265 246/266
f 224/234 237/233 273/267 260/268
f 218/236 207/235 243/269 254/270
f 230/238 231/237 267/271 266/272
f 213/240 212/239 248/273 249/274
f 238/242 240/241 276/275 274/276
f 221/244 219/243 255/277 257/278
f 232/246 242/245 278/279 268/280
f 223/248 214/247 250/281 259/282
f 227/229 226/249 262/283 263/263
f 209/250 210/232 246/266 245/284
f 236/251 224/234 260/268 272/285
f 207/235 217/252 253/286 243/269
f 242/245 233/253 269/287 278/279
f 233/253 223/248 259/282 269/287
f 237/233 238/254 274/288 273/267
f 219/255 218/236 254/270 255/289
f 235/256 232/246 268/280 271/290
f 214/247 216/257 252/291 250/281
f 225/258 236/251 272/285 261/292
f 217/252 208/259 244/293 253/286
f 229/261 241/260 277/294 265/295
f 222/262 229/261 265/295 258/296
f 226/249 225/258 261/292 262/283
f 208/259 209/250 245/284 244/293
f 231/237 235/256 271/290 267/271
f 216/257 213/240 249/274 252/291
f 241/260 228/230 264/264 277/294
f 211/231 222/262 258/296 247/265
f 240/241 239/226 275/297 276/275
f 220/227 221/244 257/278 256/298
f 234/225 230/238 266/272 270/299
f 212/239 215/228 251/300 248/273
f 239/226 234/225 270/299 275/297
f 215/228 220/227 256/298 251/300
f 246/266 247/265 283/301 282/302
f 260/268 273/267 309/303 296/304
f 254/270 243/269 279/305 290/306
f 266/272 267/271 303/307 302/308
f 249/274 248/273 284/309 285/310
f 274/276 276/275 312/311 310/312
f 257/278 255/277 291/313 293/314
f 268/280 278/279 314/315 304/316
f 259/282 250/281 286/317 295/318
f 263/263 262/283 298/319 299/320
f 245/284 246/266 282/302 281/321
f 272/285 260/268 296/304 308/322
f 243/269 253/286 289/323 279/305
f 278/279 269/287 305/324 314/315
f 269/287 259/282 295/318 305/324
f 273/267 274/288 310/325 309/303
f 255/289 254/270 290/306 291/326
f 271/290 268/280 304/316 307/327
f 250/281 252/291 288/328 286/317
f 261/292 272/285 308/322 297/329
f 253/286 244/293 280/330 289/323
f 265/295 277/294 313/331 301/332
f 258/296 265/295 301/332 294/333
f 262/283 261/292 297/329 298/319
f 244/293 245/284 281/321 280/330
f 267/271 271/290 307/327 303/307
f 252/291 249/274 285/310 288/328
f 277/294 264/264 300/334 313/331
f 247/265 258/296 294/333 283/301
f 276/275 275/297 311/335 312/311
f 256/298 257/278 293/314 292/336
f 270/299 266/272 302/308 306/337
f 248/273 251/300 287/338 284/309
f 275/297 270/299 306/337 311/335
f 251/300 256/298 292/336 287/338
f 264/264 263/263 299/320 300/334
f 296/304 309/303 345/339 332/340
f 290/306 279/305 315/341 326/342
f 302/308 303/307 339/343 338/344
f 285/310 284/309 320/345 321/346
f 310/312 312/311 348/347 346/348
f 293/314 291/313 327/349 329/350
f 304/316 314/315 350/351 340/352
f 295/318 286/317 322/353 331/354
f 299/320 298/319 334/355 335/356
f 281/321 282/302 318/357 317/358
f 308/322 296/304 332/340 344/359
f 279/305 289/323 325/360 315/341
f 314/315 305/324 341/361 350/351
f 305/324 295/318 331/354 341/361
f 309/303 310/325 346/362 345/339
f 291/326 290/306 326/342 327/363
f 307/327 304/316 340/352 343/364
f 286/317 288/328 324/365 322/353
f 297/329 308/322 344/359 333/366
f 289/323 280/330 316/367 325/360
f 301/332 313/331 349/368 337/369
f 294/333 301/332 337/369 330/370
f 298/319 297/329 333/366 334/355
f 280/330 281/321 317/358 316/367
f 303/307 307/327 343/364 339/343
f 288/328 285/310 321/346 324/365
f 313/331 300/334 336/371 349/368
f 283/301 294/333 330/370 319/372
f 312/311 311/335 347/373 348/347
f 292/336 293/314 329/350 328/374
f 306/337 302/308 338/344 342/375
f 284/309 287/338 323/376 320/345
f 311/335 306/337 342/375 347/373
f 287/338 292/336 328/374 323/376
f 300/334 299/320 335/356 336/371
f 282/302 283/301 319/372 318/357
f 326/342 315/341 351/377 362/378
f 338/344 339/343 375/379 374/380
f 321/346 320/345 356/381 357/382
f 346/348 348/347 384/383 382/384
f 329/350 327/349 363/385 365/386
f 340/352 350/351 386/387 376/388
f 331/354 322/353 358/389 367/390
f 335/356 334/355 370/391 371/392
f 317/358 318/357 354/393 353/394
f 344/359 332/340 368/395 380/396
f 315/341 325/360 361/397 351/377
f 350/351 341/361 377/398 386/387
f 341/361 331/354 367/390 377/398
f 345/339 346/362 382/399 381/400
f 327/363 326/342 362/378 363/401
f 343/364 340/352 376/388 379/402
f 322/353 324/365 360/403 358/389
f 333/366 344/359 380/396 369/404
f 325/360 316/367 352/405 361/397
f 337/369 349/368 385/406 373/407
f 330/370 337/369 373/407 366/408
f 334/355 333/366 369/404 370/391
f 316/367 317/358 353/394 352/405
f 339/343 343/364 379/402 375/379
f 324/365 321/346 357/382 360/403
f 349/368 336/371 372/409 385/406
f 319/372 330/370 366/408 355/410
f 348/347 347/373 383/411 384/383
f 328/374 329/350 365/386 364/412
f 342/375 338/344 374/380 378/413
f 320/345 323/376 359/414 356/381
f 347/373 342/375 378/413 383/411
f 323/376 328/374 364/412 359/414
f 336/371 335/356 371/392 372/409
f 318/357 319/372 355/410 354/393
f 332/340 345/339 381/400 368/395
f 374/380 375/379 411/415 410/416
f 357/382 356/381 392/417 393/418
f 382/384 384/383 420/419 418/420
f 365/386 363/385 399/421 401/422
f 376/388 386/387 422/423 412/424
f 367/390 358/389 394/425 403/426
f 371/392 370/391 406/427 407/428
f 353/394 354/393 390/429 389/430
f 380/396 368/395 404/431 416/432
f 351/377 361/397 397/433 387/434
f 386/387 377/398 413/435 422/423
f 377/398 367/390 403/426 413/435
f 381/400 382/399 418/436 417/437
f 363/401 362/378 398/438 399/439
f 379/402 376/388 412/424 415/440
f 358/389 360/403 396/441 394/425
f 369/404 380/396 416/432 405/442
f 361/397 352/405 388/443 397/433
f 373/407 385/406 421/444 409/445
f 366/408 373/407 409/445 402/446
f 370/391 369/404 405/442 406/427
f 352/405 353/394 389/430 388/443
f 375/379 379/402 415/440 411/415
f 360/403 357/382 393/418 396/441
f 385/406 372/409 408/447 421/444
f 355/410 366/408 402/446 391/448
f 384/383 383/411 419/449 420/419
f 364/412 365/386 401/422 400/450
f 378/413 374/380 410/416 414/451
f 356/381 359/414 395/452 392/417
f 383/411 378/413 414/451 419/449
f 359/414 364/412 400/450 395/452
f 372/409 371/392 407/428 408/447
f 354/393 355/410 391/448 390/429
f 368/395 381/400 417/437 404/431
f 362/378 351/377 387/434 398/438
f 418/420 420/419 456/453 454/454
f 401/422 399/421 435/455 437/456
f 412/424 422/423 458/457 448/458
f 403/426 394/425 430/459 439/460
f 407/428 406/427 442/461 443/462
f 389/430 390/429 426/463 425/464
f 416/432 404/431 440/465 452/466
f 387/434 397/433 433/467 423/468
f 422/423 413/435 449/469 458/457
f 413/435 403/426 439/460 449/469
f 417/437 418/436 454/470 453/471
f 399/439 398/438 434/472 435/473
f 415/440 412/424 448/458 451/474
f 394/425 396/441 432/475 430/459
f 405/442 416/432 452/466 441/476
f 397/433 388/443 424/477 433/467
f 409/445 421/444 457/478 445/479
f 402/446 409/445 445/479 438/480
f 406/427 405/442 441/476 442/461
f 388/443 389/430 425/464 424/477
f 411/415 415/440 451/474 447/481
f 396/441 393/418 429/482 432/475
f 421/444 408/447 444/483 457/478
f 391/448 402/446 438/480 427/484
f 420/419 419/449 455/485 456/453
f 400/450 401/422 437/456 436/486
f 414/451 410/416 446/487 450/488
f 392/417 395/452 431/489 428/490
f 419/449 414/451 450/488 455/485
f 395/452 400/450 436/486 431/489
f 408/447 407/428 443/462 444/483
f 390/429 391/448 427/484 426/463
f 404/431 417/437 453/471 440/465
f 398/438 387/434 423/468 434/472
f 410/416 411/415 447/481 446/487
f 393/418 392/417 428/490 429/482
f 454/454 456/453 492/491 490/492
f 437/456 435/455 471/493 473/494
f 448/458 458/457 494/495 484/496
f 439/460 430/459 466/497 475/498
f 443/462 442/461 478/499 479/500
f 425/464 426/463 462/501 461/502
f 452/466 440/465 476/503 488/504
f 423/468 433/467 469/505 459/506
f 458/457 449/469 485/507 494/495
f 449/469 439/460 475/498 485/507
f 453/471 454/470 490/508 489/509
f 435/473 434/472 470/510 471/511
f 451/474 448/458 484/496 487/512
f 430/459 432/475 468/513 466/497
f 441/476 452/466 488/504 477/514
f 433/467 424/477 460/515 469/505
f 445/479 457/478 493/516 481/517
f 438/480 445/479 481/517 474/518
f 442/461 441/476 477/514 478/499
f 424/477 425/464 461/502 460/515
f 447/481 451/474 487/512 483/519
f 432/475 429/482 465/520 468/513
f 457/478 444/483 480/521 493/516
f 427/484 438/480 474/518 463/522
f 456/453 455/485 491/523 492/491
f 436/486 437/456 473/494 472/524
f 450/488 446/487 482/525 486/526
f 428/490 431/489 467/527 464/528
f 455/485 450/488 486/526 491/523
f 431/489 436/486 472/524 467/527
f 444/483 443/462 479/500 480/521
f 426/463 427/484 463/522 462/501
f 440/465 453/471 489/509 476/503
f 434/472 423/468 459/506 470/510
f 446/487 447/481 483/519 482/525
f 429/482 428/490 464/528 465/520
f 484/496 494/495 530/529 520/530
f 475/498 466/497 502/531 511/532
f 479/500 478/499 514/533 515/534
f 461/502 462/501 498/535 497/536
f 488/504 476/503 512/537 524/538
f 459/506 469/505 505/539 495/540
f 494/495 485/507 521/541 530/529
f 485/507 475/498 511/532 521/541
f 489/509 490/508 526/542 525/543
f 471/511 470/510 506/544 507/545
f 487/512 484/496 520/530 523/546
f 466/497 468/513 504/547 502/531
f 477/514 488/504 524/538 513/548
f 469/505 460/515 496/549 505/539
f 481/517 493/516 529/550 517/551
f 474/518 481/517 517/551 510/552
f 478/499 477/514 513/548 514/533
f 460/515 461/502 497/536 496/549
f 483/519 487/512 523/546 519/553
f 468/513 465/520 501/554 504/547
f 493/516 480/521 516/555 529/550
f 463/522 474/518 510/552 499/556
f 492/491 491/523 527/557 528/558
f 472/524 473/494 509/559 508/560
f 486/526 482/525 518/561 522/562
f 464/528 467/527 503/563 500/564
f 491/523 486/526 522/562 527/557
f 467/527 472/524 508/560 503/563
f 480/521 479/500 515/534 516/555
f 462/501 463/522 499/556 498/535
f 476/503 489/509 525/543 512/537
f 470/510 459/506 495/540 506/544
f 482/525 483/519 519/553 518/561
f 465/520 464/528 500/564 501/554
f 490/492 492/491 528/558 526/565
f 473/494 471/493 507/566 509/559
f 520/530 530/529 566/567 556/568
f 511/532 502/531 538/569 547/570
f 515/534 514/533 550/571 551/572
f 497/536 498/535 534/573 533/574
f 524/538 512/537 548/575 560/576
f 495/540 505/539 541/577 531/578
f 530/529 521/541 557/579 566/567
f 521/541 511/532 547/570 557/579
f 525/543 526/542 562/580 561/581
f 507/545 506/544 542/582 543/583
f 523/546 520/530 556/568 559/584
f 502/531 504/547 540/585 538/569
f 513/548 524/538 560/576 549/586
f 505/539 496/549 532/587 541/577
f 517/551 529/550 565/588 553/589
f 510/552 517/551 553/589 546/590
f 514/533 513/548 549/586 550/571
f 496/549 497/536 533/574 532/587
f 519/553 523/546 559/584 555/591
f 504/547 501/554 537/592 540/585
f 529/550 516/555 552/593 565/588
f 499/556 510/552 546/590 535/594
f 528/558 527/557 563/595 564/596
f 508/560 509/559 545/597 544/598
f 522/562 518/561 554/599 558/600
f 500/564 503/563 539/601 536/602
f 527/557 522/562 558/600 563/595
f 503/563 508/560 544/598 539/601
f 516/555 515/534 551/572 552/593
f 498/535 499/556 535/594 534/573
f 512/537 525/543 561/581 548/575
f 506/544 495/540 531/578 542/582
f 518/561 519/553 555/591 554/599
f 501/554 500/564 536/602 537/592
f 526/565 528/558 564/596 562/603
f 509/559 507/566 543/604 545/597
f 556/568 566/567 602/605 592/606
f 547/570 538/569 574/607 583/608
f 551/572 550/571 586/609 587/610
f 533/574 534/573 570/611 569/612
f 560/576 548/575 584/613 596/614
f 531/578 541/577 577/615 567/616
f 566/567 557/579 593/617 602/605
f 557/579 547/570 583/608 593/617
f 561/581 562/580 598/618 597/619
f 543/583 542/582 578/620 579/621
f 559/584 556/568 592/606 595/622
f 538/569 540/585 576/623 574/607
f 549/586 560/576 596/614 585/624
f 541/577 532/587 568/625 577/615
f 553/589 565/588 601/626 589/627
f 546/590 553/589 589/627 582/628
f 550/571 549/586 585/624 586/609
f 532/587 533/574 569/612 568/625
f 555/591 559/584 595/622 591/629
f 540/585 537/592 573/630 576/623
f 565/588 552/593 588/631 601/626
f 535/594 546/590 582/628 571/632
f 564/596 563/595 599/633 600/634
f 544/598 545/597 581/635 580/636
f 558/600 554/599 590/637 594/638
f 536/602 539/601 575/639 572/640
f 563/595 558/600 594/638 599/633
f 539/601 544/598 580/636 575/639
f 552/593 551/572 587/610 588/631
f 534/573 535/594 571/632 570/611
f 548/575 561/581 597/619 584/613
f 542/582 531/578 567/616 578/620
f 554/599 555/591 591/629 590/637
f 537/592 536/602 572/640 573/630
f 562/603 564/596 600/634 598/641
f 545/597 543/604 579/642 581/635
f 584/613 597/619 633/643 620/644
f 578/620 567/616 603/645 614/646
f 590/637 591/629 627/647 626/648
f 573/630 572/640 608/649 609/650
f 598/641 600/634 636/651 634/652
f 581/635 579/642 615/653 617/654
f 592/606 602/605 638/655 628/656
f 583/608 574/607 610/657 619/658
f 587/610 586/609 622/659 623/660
f 569/612 570/611 606/661 605/662
f 596/614 584/613 620/644 632/663
f 567/616 577/615 613/664 603/645
f 602/605 593/617 629/665 638/655
f 593/617 583/608 619/658 629/665
f 597/619 598/618 634/666 633/643
f 579/621 578/620 614/646 615/667
f 595/622 592/606 628/656 631/668
f 574/607 576/623 612/669 610/657
f 585/624 596/614 632/663 621/670
f 577/615 568/625 604/671 613/664
f 589/627 601/626 637/672 625/673
f 582/628 589/627 625/673 618/674
f 586/609 585/624 621/670 622/659
f 568/625 569/612 605/662 604/671
f 591/629 595/622 631/668 627/647
f 576/623 573/630 609/650 612/669
f 601/626 588/631 624/675 637/672
f 571/632 582/628 618/674 607/676
f 600/634 599/633 635/677 636/651
f 580/636 581/635 617/654 616/678
f 594/638 590/637 626/648 630/679
f 572/640 575/639 611/680 608/649
f 599/633 594/638 630/679 635/677
f 575/639 580/636 616/678 611/680
f 588/631 587/610 623/660 624/675
f 570/611 571/632 607/676 606/661
f 626/648 627/647 663/681 662/682
f 609/650 608/649 644/683 645/684
f 634/652 636/651 672/685 670/686
f 617/654 615/653 651/687 653/688
f 628/656 638/655 674/689 664/690
f 619/658 610/657 646/691 655/692
f 623/660 622/659 658/693 659/694
f 605/662 606/661 642/695 641/696
f 632/663 620/644 656/697 668/698
f 603/645 613/664 649/699 639/700
f 638/655 629/665 665/701 674/689
f 629/665 619/658 655/692 665/701
f 633/643 634/666 670/702 669/703
f 615/667 614/646 650/704 651/705
f 631/668 628/656 664/690 667/706
f 610/657 612/669 648/707 646/691
f 621/670 632/663 668/698 657/708
f 613/664 604/671 640/709 649/699
f 625/673 637/672 673/710 661/711
f 618/674 625/673 661/711 654/712
f 622/659 621/670 657/708 658/693
f 604/671 605/662 641/696 640/709
f 627/647 631/668 667/706 663/681
f 612/669 609/650 645/684 648/707
f 637/672 624/675 660/713 673/710
f 607/676 618/674 654/712 643/714
f 636/651 635/677 671/715 672/685
f 616/678 617/654 653/688 652/716
f 630/679 626/648 662/682 666/717
f 608/649 611/680 647/718 644/683
f 635/677 630/679 666/717 671/715
f 611/680 616/678 652/716 647/718
f 624/675 623/660 659/694 660/713
f 606/661 607/676 643/714 642/695
f 620/644 633/643 669/703 656/697
f 614/646 603/645 639/700 650/704
f 662/682 663/681 699/719 698/720
f 645/684 644/683 680/721 681/722
f 670/686 672/685 708/723 706/724
f 653/688 651/687 687/725 689/726
f 664/690 674/689 710/727 700/728
f 655/692 646/691 682/729 691/730
f 659/694 658/693 694/731 695/732
f 641/696 642/695 678/733 677/734
f 668/698 656/697 692/735 704/736
f 639/700 649/699 685/737 675/738
f 674/689 665/701 701/739 710/727
f 665/701 655/692 691/730 701/739
f 669/703 670/702 706/740 705/741
f 651/705 650/704 686/742 687/743
f 667/706 664/690 700/728 703/744
f 646/691 648/707 684/745 682/729
f 657/708 668/698 704/736 693/746
f 649/699 640/709 676/747 685/737
f 661/711 673/710 709/748 697/749
f 654/712 661/711 697/749 690/750
f 658/693 657/708 693/746 694/731
f 640/709 641/696 677/734 676/747
f 663/681 667/706 703/744 699/719
f 648/707 645/684 681/722 684/745
f 673/710 660/713 696/751 709/748
f 643/714 654/712 690/750 679/752
f 672/685 671/715 707/753 708/723
f 652/716 653/688 689/726 688/754
f 666/717 662/682 698/720 702/755
f 644/683 647/718 683/756 680/721
f 671/715 666/717 702/755 707/753
f 647/718 652/716 688/754 683/756
f 660/713 659/694 695/732 696/751
f 642/695 643/714 679/752 678/733
f 656/697 669/703 705/741 692/735
f 650/704 639/700 675/738 686/742
f 706/724 708/723 744/757 742/758
f 689/726 687/725 723/759 725/760
f 700/728 710/727 746/761 736/762
f 691/730 682/729 718/763 727/764
f 695/732 694/731 730/765 731/766
f 677/734 678/733 714/767 713/768
f 704/736 692/735 728/769 740/770
f 675/738 685/737 721/771 711/772
f 710/727 701/739 737/773 746/761
f 701/739 691/730 727/764 737/773
f 705/741 706/740 742/774 741/775
f 687/743 686/742 722/776 723/777
f 703/744 700/728 736/762 739/778
f 682/729 684/745 720/779 718/763
f 693/746 704/736 740/770 729/780
f 685/737 676/747 712/781 721/771
f 697/749 709/748 745/782 733/783
f 690/750 697/749 733/783 726/784
f 694/731 693/746 729/780 730/765
f 676/747 677/734 713/768 712/781
f 699/719 703/744 739/778 735/785
f 684/745 681/722 717/786 720/779
f 709/748 696/751 732/787 745/782
f 679/752 690/750 726/784 715/788
f 708/723 707/753 743/789 744/757
f 688/754 689/726 725/760 724/790
f 702/755 698/720 734/791 738/792
f 680/721 683/756 719/793 716/794
f 707/753 702/755 738/792 743/789
f 683/756 688/754 724/790 719/793
f 696/751 695/732 731/766 732/787
f 678/733 679/752 715/788 714/767
f 692/735 705/741 741/775 728/769
f 686/742 675/738 711/772 722/776
f 698/720 699/719 735/785 734/791
f 681/722 680/721 716/794 717/786
f 98/108 66/104 768/795 782/796
f 42/40 41/39 760/797 761/798
f 32/66 31/68 750/799 751/800
f 40/44 39/46 758/801 759/802
f 65/94 70/93 772/803 767/804
f 35/57 30/60 749/805 754/806
f 95/106 43/36 762/807 781/808
f 28/50 38/52 757/809 747/810
f 83/83 74/81 776/811 780/812
f 76/75 77/78 779/813 778/814
f 68/109 73/87 775/815 770/816
f 34/53 35/57 754/806 753/817
f 59/35 42/40 761/798 764/818
f 77/78 95/106 781/808 779/813
f 66/104 67/102 769/819 768/795
f 67/102 72/100 774/820 769/819
f 71/98 65/94 767/804 773/821
f 69/89 68/92 770/822 771/823
f 39/46 48/47 763/824 758/801
f 38/52 33/73 752/825 757/809
f 48/47 28/50 747/810 763/824
f 43/36 59/35 764/818 762/807
f 75/79 76/75 778/814 777/826
f 73/87 64/86 766/827 775/815
f 36/62 37/64 756/828 755/829
f 41/39 40/44 759/802 760/797
f 62/72 29/71 748/830 765/831
f 31/68 62/72 765/831 750/799
f 30/60 36/62 755/829 749/805
f 74/81 75/79 777/826 776/811
f 29/71 98/108 782/796 748/830
f 70/93 69/89 771/823 772/803
f 33/54 34/53 753/817 752/832
f 72/100 71/98 773/821 774/820
f 37/64 32/66 751/800 756/828
f 64/86 83/83 780/812 766/827
f 761/798 760/797 796/833 797/834
f 765/831 748/830 784/835 801/836
f 773/821 767/804 803/837 809/838
f 763/824 747/810 783/839 799/840
f 750/799 765/831 801/836 786/841
f 767/804 772/803 808/842 803/837
f 747/810 757/809 793/843 783/839
f 748/830 782/796 818/844 784/835
f 769/819 774/820 810/845 805/846
f 749/805 755/829 791/847 785/848
f 755/829 756/828 792/849 791/847
f 775/815 766/827 802/850 811/851
f 751/800 750/799 786/841 787/852
f 759/802 758/801 794/853 795/854
f 766/827 780/812 816/855 802/850
f 754/806 749/805 785/848 790/856
f 753/817 754/806 790/856 789/857
f 778/814 779/813 815/858 814/859
f 782/796 768/795 804/860 818/844
f 752/832 753/817 789/857 788/861
f 777/826 778/814 814/859 813/862
f 779/813 781/808 817/863 815/858
f 757/809 752/825 788/864 793/843
f 776/811 777/826 813/862 812/865
f 771/823 770/822 806/866 807/867
f 762/807 764/818 800/868 798/869
f 772/803 771/823 807/867 808/842
f 756/828 751/800 787/852 792/849
f 780/812 776/811 812/865 816/855
f 764/818 761/798 797/834 800/868
f 768/795 769/819 805/846 804/860
f 758/801 763/824 799/840 794/853
f 774/820 773/821 809/838 810/845
f 760/797 759/802 795/854 796/833
f 781/808 762/807 798/869 817/863
f 770/816 775/815 811/851 806/870
f 737/773 727/764 835/871 845/872
f 740/770 728/769 836/873 848/874
f 721/771 712/781 820/875 829/876
f 735/785 739/778 847/877 843/878
f 736/762 746/761 854/879 844/880
f 715/788 726/784 834/881 823/882
f 717/786 716/794 824/883 825/884
f 719/793 724/790 832/885 827/886
f 728/769 741/775 849/887 836/873
f 724/790 725/760 833/888 832/885
f 732/787 731/766 839/889 840/890
f 713/768 714/767 822/891 821/892
f 745/782 732/787 840/890 853/893
f 742/758 744/757 852/894 850/895
f 738/792 734/791 842/896 846/897
f 741/775 742/774 850/898 849/887
f 727/764 718/763 826/899 835/871
f 734/791 735/785 843/878 842/896
f 739/778 736/762 844/880 847/877
f 711/772 721/771 829/876 819/900
f 733/783 745/782 853/893 841/901
f 723/777 722/776 830/902 831/903
f 729/780 740/770 848/874 837/904
f 720/779 717/786 825/884 828/905
f 726/784 733/783 841/901 834/881
f 731/766 730/765 838/906 839/889
f 718/763 720/779 828/905 826/899
f 722/776 711/772 819/900 830/902
f 746/761 737/773 845/872 854/879
f 716/794 719/793 827/886 824/883
f 725/760 723/759 831/907 833/888
f 712/781 713/768 821/892 820/875
f 743/789 738/792 846/897 851/908
f 714/767 715/788 823/882 822/891
f 730/765 729/780 837/904 838/906
f 744/757 743/789 851/908 852/894
f 832/885 833/888 869/909 868/910
f 820/875 821/892 857/911 856/912
f 848/874 836/873 872/913 884/914
f 833/888 831/907 867/915 869/909
f 852/894 851/908 887/916 888/917
f 836/873 849/887 885/918 872/913
f 838/906 837/904 873/919 874/920
f 850/895 852/894 888/917 886/921
f 853/893 840/890 876/922 889/923
f 844/880 854/879 890/924 880/925
f 849/887 850/898 886/926 885/918
f 837/904 848/874 884/914 873/919
f 846/897 842/896 878/927 882/928
f 842/896 843/878 879/929 878/927
f 839/889 838/906 874/920 875/930
f 826/899 828/905 864/931 862/932
f 843/878 847/877 883/933 879/929
f 828/905 825/884 861/934 864/931
f 840/890 839/889 875/930 876/922
f 821/892 822/891 858/935 857/911
f 847/877 844/880 880/925 883/933
f 830/902 819/900 855/936 866/937
f 824/883 827/886 863/938 860/939
f 841/901 853/893 889/923 877/940
f 823/882 834/881 870/941 859/942
f 822/891 823/882 859/942 858/935
f 834/881 841/901 877/940 870/941
f 827/886 832/885 868/910 863/938
f 825/884 824/883 860/939 861/934
f 845/872 835/871 871/943 881/944
f 835/871 826/899 862/932 871/943
f 829/876 820/875 856/912 865/945
f 854/879 845/872 881/944 890/924
f 831/903 830/902 866/937 867/946
f 819/900 829/876 865/945 855/936
f 851/908 846/897 882/928 887/916
f 1174/947 1175/948 910/949 909/950
f 1174/947 909/950 908/951 1172/952
f 1172/952 908/951 907/953 1173/954
f 1190/955 1173/954 907/953 917/956
f 1185/957 892/958 911/959 1190/960
f 1185/961 891/962 918/963 1176/964
f 1179/965 1178/966 919/967 921/968
f 1180/969 920/970 915/971 1184/972
f 1181/973 900/974 894/975 1184/976
f 1182/977 901/978 900/974 1181/973
f 1177/979 896/980 901/978 1182/977
f 1183/981 895/982 896/980 1177/979
f 1192/983 1171/984 893/985 925/986
f 1175/948 1189/987 923/988 910/949
f 1183/981 1192/983 925/986 895/982
f 1180/969 1179/965 921/968 920/970
f 1178/966 1176/964 918/963 919/967
f 1196/989 943/990 944/991 1199/992
f 1196/989 1198/993 942/994 943/990
f 1198/993 1195/995 941/996 942/994
f 1188/997 952/998 941/996 1195/995
f 1193/999 1188/1000 945/1001 927/1002
f 1193/1003 1197/1004 953/1005 926/1006
f 1191/1007 956/1008 954/1009 1201/1010
f 1200/1011 1202/1012 950/1013 955/1014
f 1203/1015 1202/1016 928/1017 934/1018
f 1194/1019 1203/1015 934/1018 935/1020
f 1204/1021 1194/1019 935/1020 930/1022
f 1205/1023 1204/1021 930/1022 929/1024
f 1199/992 944/991 958/1025 1187/1026
f 1186/1027 960/1028 893/985 1171/984
f 1205/1023 929/1024 960/1028 1186/1027
f 1200/1011 955/1014 956/1008 1191/1007
f 1201/1010 954/1009 953/1005 1197/1004
f 1102/1029 1101/1030 981/1031 995/1032
f 1104/1033 1103/1034 974/1035 975/1036
f 1106/1037 1105/1038 964/1039 965/1040
f 1108/1041 1107/1042 972/1043 973/1044
f 1110/1045 1109/1046 985/1047 980/1048
f 1112/1049 1111/1050 963/1051 968/1052
f 1115/1053 1114/1054 971/1055 961/1056
f 1117/1057 1116/1058 989/1059 993/1060
f 1119/1061 1118/1062 992/1063 991/1064
f 1121/1065 1120/1066 988/1067 983/1068
f 1122/1069 1112/1049 968/1052 967/1070
f 1123/1071 1104/1033 975/1036 977/1072
f 1118/1062 1113/1073 994/1074 992/1063
f 1101/1030 1124/1075 982/1076 981/1031
f 1124/1075 1125/1077 987/1078 982/1076
f 1126/1079 1110/1045 980/1048 986/1080
f 1127/1081 1121/1065 983/1068 984/1082
f 1107/1042 1128/1083 976/1084 972/1043
f 1114/1054 1129/1085 966/1086 971/1055
f 1128/1083 1115/1053 961/1056 976/1084
f 1130/1087 1119/1061 991/1064 990/1088
f 1120/1066 1131/1089 979/1090 988/1067
f 1133/1091 1132/1092 970/1093 969/1094
f 1103/1034 1108/1041 973/1044 974/1035
f 1135/1095 1134/1096 962/1097 978/1098
f 1105/1038 1135/1095 978/1098 964/1039
f 1111/1050 1133/1091 969/1094 963/1051
f 1116/1058 1130/1087 990/1088 989/1059
f 1134/1096 1102/1029 995/1032 962/1097
f 1109/1046 1127/1081 984/1082 985/1047
f 1129/1085 1122/1069 967/1070 966/1086
f 1125/1077 1126/1079 986/1080 987/1078
f 1132/1092 1106/1037 965/1040 970/1093
f 1131/1089 1117/1057 993/1060 979/1090
f 1206/1099 997/1100 998/1101 1207/1102
f 1206/1099 1208/1103 1001/1104 997/1100
f 1208/1103 1209/1105 1003/1106 1001/1104
f 1210/1107 1005/1108 1003/1106 1209/1105
f 1211/1109 1210/1110 1004/1111 1007/1112
f 1211/1113 1212/1114 1009/1115 1006/1116
f 1213/1117 1011/1118 1012/1119 1214/1120
f 1216/1121 1215/1122 1016/1123 1017/1124
f 1217/1125 1215/1126 1015/1127 1019/1128
f 1218/1129 1217/1125 1019/1128 1021/1130
f 1219/1131 1218/1129 1021/1130 1023/1132
f 1220/1133 1219/1131 1023/1132 1025/1134
f 1221/1135 1027/1136 1028/1137 1222/1138
f 1207/1102 998/1101 1030/1139 1223/1140
f 1220/1133 1025/1134 1027/1136 1221/1135
f 1216/1121 1017/1124 1011/1118 1213/1117
f 1214/1120 1012/1119 1009/1115 1212/1114
f 1225/1141 1224/1142 1034/1143 1035/1144
f 1225/1141 1035/1144 1036/1145 1226/1146
f 1226/1146 1036/1145 1038/1147 1227/1148
f 1228/1149 1227/1148 1038/1147 1041/1150
f 1229/1151 1043/1152 1040/1153 1228/1154
f 1229/1155 1042/1156 1044/1157 1230/1158
f 1232/1159 1231/1160 1048/1161 1049/1162
f 1233/1163 1051/1164 1052/1165 1234/1166
f 1235/1167 1055/1168 1053/1169 1234/1170
f 1236/1171 1057/1172 1055/1168 1235/1167
f 1237/1173 1059/1174 1057/1172 1236/1171
f 1238/1175 1061/1176 1059/1174 1237/1173
f 1224/1142 1239/1177 1063/1178 1034/1143
f 1240/1179 1222/1138 1028/1137 1065/1180
f 1238/1175 1240/1179 1065/1180 1061/1176
f 1233/1163 1232/1159 1049/1162 1051/1164
f 1231/1160 1230/1158 1044/1157 1048/1161
f 1136/1181 1066/1182 1067/1183 1137/1184
f 1138/1185 1068/1186 1069/1187 1139/1188
f 1140/1189 1070/1190 1071/1191 1141/1192
f 1142/1193 1072/1194 1073/1195 1143/1196
f 1144/1197 1074/1198 1075/1199 1145/1200
f 1146/1201 1076/1202 1077/1203 1147/1204
f 1148/1205 1078/1206 1079/1207 1149/1208
f 1150/1209 1080/1210 1081/1211 1151/1212
f 1152/1213 1082/1214 1083/1215 1153/1216
f 1154/1217 1084/1218 1085/1219 1155/1220
f 1156/1221 1086/1222 1076/1202 1146/1201
f 1157/1223 1087/1224 1068/1186 1138/1185
f 1153/1216 1083/1215 1088/1225 1158/1226
f 1137/1184 1067/1183 1089/1227 1159/1228
f 1159/1228 1089/1227 1090/1229 1160/1230
f 1161/1231 1091/1232 1074/1198 1144/1197
f 1162/1233 1092/1234 1084/1218 1154/1217
f 1143/1196 1073/1195 1093/1235 1163/1236
f 1149/1208 1079/1207 1094/1237 1164/1238
f 1163/1236 1093/1235 1078/1206 1148/1205
f 1165/1239 1095/1240 1082/1214 1152/1213
f 1155/1220 1085/1219 1096/1241 1166/1242
f 1167/1243 1097/1244 1098/1245 1168/1246
f 1139/1188 1069/1187 1072/1194 1142/1193
f 1169/1247 1099/1248 1100/1249 1170/1250
f 1141/1192 1071/1191 1099/1248 1169/1247
f 1147/1204 1077/1203 1097/1244 1167/1243
f 1151/1212 1081/1211 1095/1240 1165/1239
f 1170/1250 1100/1249 1066/1182 1136/1181
f 1145/1200 1075/1199 1092/1234 1162/1233
f 1164/1238 1094/1237 1086/1222 1156/1221
f 1160/1230 1090/1229 1091/1232 1161/1231
f 1168/1246 1098/1245 1070/1190 1140/1189
f 1166/1242 1096/1241 1080/1210 1150/1209
f 987/1078 986/1080 1091/1232 1090/1229
f 947/1251 951/1252 1058/1253 1056/1254
f 983/1068 988/1067 1085/1219 1084/1218
f 941/996 952/998 1041/1255 1038/1256
f 946/1257 947/1251 1056/1254 1054/1258
f 986/1080 980/1048 1074/1198 1091/1232
f 978/1098 962/1097 1100/1249 1099/1248
f 958/1025 944/991 1034/1259 1063/1260
f 980/1048 985/1047 1075/1199 1074/1198
f 964/1039 978/1098 1099/1248 1071/1191
f 1189/1261 922/1262 1031/1263 1223/1264
f 982/1076 987/1078 1090/1229 1089/1227
f 962/1097 995/1032 1066/1182 1100/1249
f 921/968 919/967 1012/1265 1011/1266
f 988/1067 979/1090 1096/1241 1085/1219
f 969/1094 970/1093 1098/1245 1097/1244
f 948/1267 959/1268 1064/1269 1060/1270
f 1123/1071 977/1072 1087/1224 1157/1271
f 979/1090 993/1060 1080/1210 1096/1241
f 973/1044 972/1043 1073/1195 1072/1194
f 920/970 921/968 1011/1266 1017/1272
f 991/1064 992/1063 1083/1215 1082/1214
f 967/1070 968/1052 1076/1202 1086/1222
f 959/1268 949/1273 1029/1274 1064/1269
f 990/1088 991/1064 1082/1214 1095/1240
f 966/1086 967/1070 1086/1222 1094/1237
f 912/1275 915/1276 1016/1277 1018/1278
f 989/1059 990/1088 1095/1240 1081/1211
f 910/949 923/988 1030/1279 998/1280
f 971/1055 966/1086 1094/1237 1079/1207
f 919/967 918/963 1009/1281 1012/1265
f 917/956 907/953 1003/1282 1005/1283
f 970/1093 965/1040 1070/1190 1098/1245
f 915/971 920/970 1017/1272 1016/1277
f 918/963 891/962 1006/1284 1009/1281
f 977/1072 975/1036 1068/1186 1087/1224
f 913/1285 912/1275 1018/1278 1020/1286
f 891/962 917/956 1005/1283 1006/1284
f 972/1043 976/1084 1093/1235 1073/1195
f 974/1035 973/1044 1072/1194 1069/1187
f 954/1009 956/1008 1049/1287 1048/1288
f 975/1036 974/1035 1069/1187 1068/1186
f 956/1008 955/1014 1051/1289 1049/1287
f 976/1084 961/1056 1078/1206 1093/1235
f 916/1290 913/1285 1020/1286 1022/1291
f 961/1056 971/1055 1079/1207 1078/1206
f 914/1292 916/1290 1022/1291 1024/1293
f 963/1051 969/1094 1097/1244 1077/1203
f 942/994 941/996 1038/1256 1036/1294
f 965/1040 964/1039 1071/1191 1070/1190
f 949/1273 924/1295 1026/1296 1029/1274
f 1187/1026 958/1025 1063/1260 1239/1297
f 968/1052 963/1051 1077/1203 1076/1202
f 926/1006 953/1005 1044/1298 1042/1299
f 953/1005 954/1009 1048/1288 1044/1298
f 907/953 908/951 1001/1300 1003/1282
f 995/1032 981/1031 1067/1183 1066/1182
f 952/998 926/1006 1042/1299 1041/1255
f 955/1014 950/1013 1052/1301 1051/1289
f 908/951 909/950 997/1302 1001/1300
f 992/1063 994/1074 1088/1225 1083/1215
f 924/1295 914/1292 1024/1293 1026/1296
f 950/1013 946/1257 1054/1258 1052/1301
f 1113/1303 957/1304 1062/1305 1158/1306
f 984/1082 983/1068 1084/1218 1092/1234
f 944/991 943/990 1035/1307 1034/1259
f 909/950 910/949 998/1280 997/1302
f 985/1047 984/1082 1092/1234 1075/1199
f 943/990 942/994 1036/1294 1035/1307
f 993/1060 989/1059 1081/1211 1080/1210
f 981/1031 982/1076 1089/1227 1067/1183
f 951/1252 948/1267 1060/1270 1058/1253
f 994/1074 1113/1073 1158/1306 1088/1225
f 922/1262 1123/1071 1157/1271 1031/1263
f 1043/1152 1166/1242 1150/1209 1040/1153
f 1021/1130 1168/1246 1140/1189 1023/1132
f 1057/1172 1160/1230 1161/1231 1055/1168
f 1013/1308 1164/1238 1156/1221 1010/1309
f 1050/1310 1145/1200 1162/1233 1046/1311
f 1028/1137 1170/1250 1136/1181 1065/1180
f 1039/1312 1151/1212 1165/1239 1037/1313
f 1015/1127 1147/1204 1167/1243 1019/1128
f 1025/1134 1141/1192 1169/1247 1027/1136
f 1027/1136 1169/1247 1170/1250 1028/1137
f 996/1314 1139/1188 1142/1193 1000/1315
f 1019/1128 1167/1243 1168/1246 1021/1130
f 1045/1316 1155/1220 1166/1242 1043/1152
f 1037/1313 1165/1239 1152/1213 1032/1317
f 1004/1111 1163/1236 1148/1205 1007/1112
f 1008/1318 1149/1208 1164/1238 1013/1308
f 1002/1319 1143/1196 1163/1236 1004/1111
f 1046/1311 1162/1233 1154/1217 1047/1320
f 1055/1168 1161/1231 1144/1197 1053/1169
f 1059/1174 1159/1228 1160/1230 1057/1172
f 1061/1176 1137/1184 1159/1228 1059/1174
f 1033/1321 1153/1216 1158/1226 1062/1322
f 1031/1323 1157/1223 1138/1185 999/1324
f 1010/1309 1156/1221 1146/1201 1014/1325
f 1047/1320 1154/1217 1155/1220 1045/1316
f 1032/1317 1152/1213 1153/1216 1033/1321
f 1040/1153 1150/1209 1151/1212 1039/1312
f 1007/1112 1148/1205 1149/1208 1008/1318
f 1014/1325 1146/1201 1147/1204 1015/1127
f 1053/1169 1144/1197 1145/1200 1050/1310
f 1000/1315 1142/1193 1143/1196 1002/1319
f 1023/1132 1140/1189 1141/1192 1025/1134
f 999/1324 1138/1185 1139/1188 996/1314
f 1065/1180 1136/1181 1137/1184 1061/1176
f 927/1002 945/1001 1117/1057 1131/1089
f 901/978 896/980 1106/1037 1132/1092
f 935/1020 934/1018 1126/1079 1125/1077
f 897/1326 898/1327 1122/1069 1129/1085
f 933/1328 932/1329 1127/1081 1109/1046
f 893/985 960/1028 1102/1029 1134/1096
f 937/1330 938/1331 1130/1087 1116/1058
f 894/975 900/974 1133/1091 1111/1050
f 895/982 925/986 1135/1095 1105/1038
f 925/986 893/985 1134/1096 1135/1095
f 905/1332 904/1333 1108/1041 1103/1034
f 900/974 901/978 1132/1092 1133/1091
f 936/1334 927/1002 1131/1089 1120/1066
f 938/1331 939/1335 1119/1061 1130/1087
f 911/959 892/958 1115/1053 1128/1083
f 902/1336 897/1326 1129/1085 1114/1054
f 903/1337 911/959 1128/1083 1107/1042
f 932/1329 931/1338 1121/1065 1127/1081
f 934/1018 928/1017 1110/1045 1126/1079
f 930/1022 935/1020 1125/1077 1124/1075
f 929/1024 930/1022 1124/1075 1101/1030
f 940/1339 957/1304 1113/1303 1118/1062
f 922/1262 906/1340 1104/1033 1123/1071
f 898/1327 899/1341 1112/1049 1122/1069
f 931/1338 936/1334 1120/1066 1121/1065
f 939/1335 940/1339 1118/1062 1119/1061
f 945/1001 937/1330 1116/1058 1117/1057
f 892/958 902/1336 1114/1054 1115/1053
f 899/1341 894/975 1111/1050 1112/1049
f 928/1017 933/1328 1109/1046 1110/1045
f 904/1333 903/1337 1107/1042 1108/1041
f 896/980 895/982 1105/1038 1106/1037
f 906/1340 905/1332 1103/1034 1104/1033
f 960/1028 929/1024 1101/1030 1102/1029
f 957/1304 1187/1026 1239/1297 1062/1305
f 923/988 1189/987 1223/1264 1030/1279
f 1047/1320 1045/1316 1230/1158 1231/1160
f 1050/1310 1046/1311 1232/1159 1233/1163
f 1060/1342 1064/1343 1240/1179 1238/1175
f 1064/1343 1029/1344 1222/1138 1240/1179
f 1033/1321 1062/1322 1239/1177 1224/1142
f 1060/1342 1238/1175 1237/1173 1058/1345
f 1058/1345 1237/1173 1236/1171 1056/1346
f 1056/1346 1236/1171 1235/1167 1054/1347
f 1054/1347 1235/1167 1234/1170 1052/1165
f 1050/1310 1233/1163 1234/1166 1053/1169
f 1046/1311 1047/1320 1231/1160 1232/1159
f 1043/1152 1229/1151 1230/1158 1045/1316
f 1042/1156 1229/1155 1228/1154 1041/1150
f 1040/1153 1039/1312 1227/1148 1228/1154
f 1037/1313 1226/1146 1227/1148 1039/1312
f 1032/1317 1225/1141 1226/1146 1037/1313
f 1032/1317 1033/1321 1224/1142 1225/1141
f 1013/1308 1214/1120 1212/1114 1008/1318
f 1014/1325 1216/1121 1213/1117 1010/1309
f 1024/1348 1220/1133 1221/1135 1026/1349
f 999/1324 1207/1102 1223/1140 1031/1323
f 1026/1349 1221/1135 1222/1138 1029/1344
f 1024/1348 1022/1350 1219/1131 1220/1133
f 1022/1350 1020/1351 1218/1129 1219/1131
f 1020/1351 1018/1352 1217/1125 1218/1129
f 1018/1352 1016/1123 1215/1122 1217/1125
f 1014/1325 1015/1127 1215/1126 1216/1121
f 1010/1309 1213/1117 1214/1120 1013/1308
f 1007/1112 1008/1318 1212/1114 1211/1109
f 1006/1116 1005/1108 1210/1107 1211/1113
f 1004/1111 1210/1110 1209/1105 1002/1319
f 1000/1315 1002/1319 1209/1105 1208/1103
f 996/1314 1000/1315 1208/1103 1206/1099
f 996/1314 1206/1099 1207/1102 999/1324
f 931/1338 1201/1010 1197/1004 936/1334
f 933/1328 1200/1011 1191/1007 932/1329
f 948/1267 1205/1023 1186/1027 959/1268
f 959/1268 1186/1027 1171/984 949/1273
f 940/1339 1199/992 1187/1026 957/1304
f 948/1267 951/1252 1204/1021 1205/1023
f 951/1252 947/1251 1194/1019 1204/1021
f 947/1251 946/1257 1203/1015 1194/1019
f 946/1257 950/1013 1202/1012 1203/1015
f 933/1328 928/1017 1202/1016 1200/1011
f 932/1329 1191/1007 1201/1010 931/1338
f 927/1002 936/1334 1197/1004 1193/999
f 926/1006 952/998 1188/997 1193/1003
f 945/1001 1188/1000 1195/995 937/1330
f 938/1331 937/1330 1195/995 1198/993
f 939/1335 938/1331 1198/993 1196/989
f 939/1335 1196/989 1199/992 940/1339
f 897/1326 902/1336 1176/964 1178/966
f 899/1341 898/1327 1179/965 1180/969
f 914/1292 924/1295 1192/983 1183/981
f 906/1340 922/1262 1189/1261 1175/948
f 924/1295 949/1273 1171/984 1192/983
f 914/1292 1183/981 1177/979 916/1290
f 916/1290 1177/979 1182/977 913/1285
f 913/1285 1182/977 1181/973 912/1275
f 912/1275 1181/973 1184/976 915/1276
f 899/1341 1180/969 1184/972 894/975
f 898/1327 897/1326 1178/966 1179/965
f 892/958 1185/957 1176/964 902/1336
f 891/962 1185/961 1190/960 917/956
f 911/959 903/1337 1173/954 1190/960
f 904/1333 1172/952 1173/954 903/1337
f 905/1332 1174/947 1172/952 904/1333
f 905/1332 906/1340 1175/948 1174/947
f 1249/1353 1245/1354 1243/1355 1255/1356
f 1247/1357 1246/1358 1241/1359 1242/1360
f 1248/1361 1247/1357 1242/1360 1244/1362
f 1245/1354 1248/1361 1244/1362 1243/1355
f 1246/1358 1254/1363 1260/1364 1241/1359
f 1254/1363 1253/1365 1259/1366 1260/1364
f 1253/1365 1252/1367 1258/1368 1259/1366
f 1252/1367 1251/1369 1257/1370 1258/1368
f 1251/1369 1250/1371 1256/1372 1257/1370
f 1250/1371 1249/1353 1255/1356 1256/1372
f 1260/1364 1259/1366 1265/1373 1266/1374
f 1258/1368 1257/1370 1263/1375 1264/1376
f 1256/1372 1255/1356 1261/1377 1262/1378
f 1266/1374 1265/1373 1271/1379 1272/1380
f 1264/1376 1263/1375 1269/1381 1270/1382
f 1262/1378 1261/1377 1267/1383 1268/1384
f 1272/1380 1271/1379 1277/1385 1278/1386
f 1270/1382 1269/1381 1275/1387 1276/1388
f 1268/1384 1267/1383 1273/1389 1274/1390
f 1278/1386 1277/1385 1283/1391 1284/1392
f 1276/1388 1275/1387 1281/1393 1282/1394
f 1274/1390 1273/1389 1279/1395 1280/1396
f 1293/1397 1294/1398 1288/1399 1287/1400
f 1291/1401 1292/1402 1286/1403 1285/1404
f 1295/1405 1296/1406 1290/1407 1289/1408
f 1313/1409 1314/1410 1308/1411 1307/1412
f 1303/1413 1304/1414 1298/1415 1297/1416
f 1305/1417 1306/1418 1300/1419 1299/1420
f 1307/1412 1308/1411 1302/1421 1301/1422
f 1319/1423 1320/1424 1314/1410 1313/1409
f 1309/1425 1310/1426 1304/1414 1303/1413
f 1311/1427 1312/1428 1306/1418 1305/1417
f 1316/1429 1317/1430 1311/1431 1310/1432
f 1317/1430 1318/1433 1312/1428 1311/1431
f 1318/1433 1319/1423 1313/1409 1312/1428
f 1324/1434 1321/1435 1325/1436 1326/1437
f 1323/1438 1315/1439 1309/1440 1328/1441
f 1315/1439 1316/1429 1310/1432 1309/1440
f 1320/1424 1324/1434 1326/1437 1314/1410
f 1322/1442 1323/1438 1328/1441 1327/1443
f 1321/1435 1322/1442 1327/1443 1325/1436
f 1330/1444 1329/1445 1300/1446 1294/1447
f 1332/1448 1331/1449 1293/1450 1299/1451
f 1334/1452 1333/1453 1298/1454 1292/1455
f 1336/1456 1335/1457 1302/1458 1296/1459
f 1337/1460 1338/1461 1295/1462 1301/1463
f 1339/1464 1340/1465 1291/1466 1297/1467
f 1331/1449 1330/1444 1294/1447 1293/1450
f 1329/1445 1332/1448 1299/1451 1300/1446
f 1333/1453 1339/1464 1297/1467 1298/1454
f 1338/1461 1336/1456 1296/1459 1295/1462
f 1340/1465 1334/1452 1292/1455 1291/1466
f 1335/1457 1337/1460 1301/1463 1302/1458
f 1341/1468 1342/1469 1343/1470 1344/1471
f 1345/1472 1346/1473 1347/1474 1348/1475
f 1349/1476 1350/1477 1346/1473 1345/1472
f 1344/1471 1343/1470 1350/1477 1349/1476
f 1348/1475 1347/1474 1351/1478 1352/1479
f 1352/1479 1351/1478 1353/1480 1354/1481
f 1354/1481 1353/1480 1355/1482 1356/1483
f 1356/1483 1355/1482 1357/1484 1358/1485
f 1358/1485 1357/1484 1359/1486 1360/1487
f 1360/1487 1359/1486 1342/1469 1341/1468
f 1351/1478 1361/1488 1362/1489 1353/1480
f 1355/1482 1363/1490 1364/1491 1357/1484
f 1359/1486 1365/1492 1366/1493 1342/1469
f 1361/1488 1367/1494 1368/1495 1362/1489
f 1363/1490 1369/1496 1370/1497 1364/1491
f 1365/1492 1371/1498 1372/1499 1366/1493
f 1367/1494 1373/1500 1374/1501 1368/1495
f 1369/1496 1375/1502 1376/1503 1370/1497
f 1371/1498 1377/1504 1378/1505 1372/1499
f 1373/1500 1379/1506 1380/1507 1374/1501
f 1375/1502 1381/1508 1382/1509 1376/1503
f 1377/1504 1383/1510 1384/1511 1378/1505
f 1385/1512 1386/1513 1387/1514 1388/1515
f 1389/1516 1390/1517 1391/1518 1392/1519
f 1393/1520 1394/1521 1395/1522 1396/1523
f 1397/1524 1398/1525 1399/1526 1400/1527
f 1401/1528 1402/1529 1403/1530 1404/1531
f 1405/1532 1406/1533 1407/1534 1408/1535
f 1398/1525 1409/1536 1410/1537 1399/1526
f 1411/1538 1397/1524 1400/1527 1412/1539
f 1413/1540 1401/1528 1404/1531 1414/1541
f 1415/1542 1405/1532 1408/1535 1416/1543
f 1417/1544 1414/1545 1415/1546 1418/1547
f 1418/1547 1415/1546 1416/1543 1419/1548
f 1419/1548 1416/1543 1397/1524 1411/1538
f 1420/1549 1421/1550 1422/1551 1423/1552
f 1424/1553 1425/1554 1413/1555 1426/1556
f 1426/1556 1413/1555 1414/1541 1417/1544
f 1412/1539 1400/1527 1421/1550 1420/1549
f 1427/1557 1428/1558 1425/1554 1424/1553
f 1423/1552 1422/1551 1428/1558 1427/1557
f 1429/1559 1388/1560 1407/1561 1430/1562
f 1431/1563 1406/1564 1385/1565 1432/1566
f 1433/1567 1392/1568 1403/1569 1434/1570
f 1435/1571 1396/1572 1410/1573 1436/1574
f 1437/1575 1409/1576 1393/1577 1438/1578
f 1439/1579 1402/1580 1389/1581 1440/1582
f 1432/1566 1385/1565 1388/1515 1429/1559
f 1430/1562 1407/1561 1406/1533 1431/1563
f 1434/1570 1403/1569 1402/1529 1439/1579
f 1438/1578 1393/1577 1396/1523 1435/1571
f 1440/1582 1389/1581 1392/1519 1433/1567
f 1436/1574 1410/1573 1409/1536 1437/1575
f 1269/1381 1263/1375 1364/1583 1370/1584
f 1262/1378 1268/1384 1371/1585 1365/1586
f 1267/1383 1261/1377 1366/1587 1372/1588
f 1309/1425 1303/1413 1401/1589 1413/1590
f 1311/1427 1305/1417 1405/1591 1415/1592
f 1272/1380 1278/1386 1373/1593 1367/1594
f 1254/1363 1246/1358 1348/1595 1352/1596
f 1313/1409 1307/1412 1398/1597 1397/1598
f 1277/1385 1271/1379 1368/1599 1374/1600
f 1246/1358 1247/1357 1345/1601 1348/1595
f 1270/1382 1276/1388 1375/1602 1369/1603
f 1247/1357 1248/1361 1349/1604 1345/1601
f 1312/1428 1313/1409 1397/1598 1416/1605
f 1275/1387 1269/1381 1370/1584 1376/1606
f 1248/1361 1245/1354 1344/1607 1349/1604
f 1316/1429 1315/1439 1426/1608 1417/1609
f 1268/1384 1274/1390 1377/1610 1371/1585
f 1241/1359 1260/1364 1351/1611 1347/1612
f 1319/1423 1318/1433 1419/1613 1411/1614
f 1273/1389 1267/1383 1372/1588 1378/1615
f 1242/1360 1241/1359 1347/1612 1346/1616
f 1280/1396 1279/1395 1384/1617 1383/1618
f 1244/1362 1242/1360 1346/1616 1350/1619
f 1310/1432 1311/1431 1415/1592 1414/1620
f 1282/1394 1281/1393 1382/1621 1381/1622
f 1243/1355 1244/1362 1350/1619 1343/1623
f 1284/1392 1283/1391 1380/1624 1379/1625
f 1278/1386 1284/1392 1379/1625 1373/1593
f 1283/1391 1277/1385 1374/1600 1380/1624
f 1276/1388 1282/1394 1381/1622 1375/1602
f 1281/1393 1275/1387 1376/1606 1382/1621
f 1245/1354 1249/1353 1341/1626 1344/1607
f 1274/1390 1280/1396 1383/1618 1377/1610
f 1249/1353 1250/1371 1360/1627 1341/1626
f 1327/1443 1328/1441 1425/1628 1428/1629
f 1279/1395 1273/1389 1378/1615 1384/1617
f 1250/1371 1251/1369 1358/1630 1360/1627
f 1324/1434 1320/1424 1412/1631 1420/1632
f 1329/1445 1330/1444 1429/1633 1430/1634
f 1251/1369 1252/1367 1356/1635 1358/1630
f 1320/1424 1319/1423 1411/1614 1412/1631
f 1331/1449 1332/1448 1431/1636 1432/1637
f 1252/1367 1253/1365 1354/1638 1356/1635
f 1318/1433 1317/1430 1418/1639 1419/1613
f 1333/1453 1334/1452 1433/1640 1434/1641
f 1253/1365 1254/1363 1352/1596 1354/1638
f 1317/1430 1316/1429 1417/1609 1418/1639
f 1335/1457 1336/1456 1435/1642 1436/1643
f 1255/1356 1243/1355 1343/1623 1342/1644
f 1314/1410 1326/1437 1421/1645 1400/1646
f 1290/1407 1296/1406 1396/1647 1395/1648
f 1295/1405 1289/1408 1394/1649 1393/1650
f 1257/1370 1256/1372 1359/1651 1357/1652
f 1322/1442 1321/1435 1423/1653 1427/1654
f 1293/1397 1287/1400 1386/1655 1385/1656
f 1323/1438 1322/1442 1427/1654 1424/1657
f 1291/1401 1285/1404 1390/1658 1389/1659
f 1259/1366 1258/1368 1355/1660 1353/1661
f 1315/1439 1323/1438 1424/1657 1426/1608
f 1288/1399 1294/1398 1388/1662 1387/1663
f 1321/1435 1324/1434 1420/1632 1423/1653
f 1285/1404 1286/1403 1391/1664 1390/1658
f 1328/1441 1309/1440 1413/1590 1425/1628
f 1286/1403 1292/1402 1392/1665 1391/1664
f 1325/1436 1327/1443 1428/1629 1422/1666
f 1289/1408 1290/1407 1395/1648 1394/1649
f 1326/1437 1325/1436 1422/1666 1421/1645
f 1338/1461 1337/1460 1437/1667 1438/1668
f 1340/1465 1339/1464 1439/1669 1440/1670
f 1294/1447 1300/1446 1407/1671 1388/1662
f 1302/1421 1308/1411 1399/1672 1410/1673
f 1299/1451 1293/1450 1385/1656 1406/1674
f 1300/1419 1306/1418 1408/1675 1407/1671
f 1292/1455 1298/1454 1403/1676 1392/1665
f 1298/1415 1304/1414 1404/1677 1403/1676
f 1296/1459 1302/1458 1410/1673 1396/1647
f 1287/1400 1288/1399 1387/1663 1386/1655
f 1260/1364 1266/1374 1361/1678 1351/1611
f 1301/1463 1295/1462 1393/1650 1409/1679
f 1265/1373 1259/1366 1353/1661 1362/1680
f 1297/1467 1291/1466 1389/1659 1402/1681
f 1308/1411 1314/1410 1400/1646 1399/1672
f 1258/1368 1264/1376 1363/1682 1355/1660
f 1330/1444 1331/1449 1432/1637 1429/1633
f 1306/1418 1312/1428 1416/1605 1408/1675
f 1263/1375 1257/1370 1357/1652 1364/1583
f 1332/1448 1329/1445 1430/1634 1431/1636
f 1304/1414 1310/1426 1414/1620 1404/1677
f 1256/1372 1262/1378 1365/1586 1359/1651
f 1339/1464 1333/1453 1434/1641 1439/1669
f 1261/1377 1255/1356 1342/1644 1366/1587
f 1336/1456 1338/1461 1438/1668 1435/1642
f 1334/1452 1340/1465 1440/1670 1433/1640
f 1303/1413 1297/1416 1402/1681 1401/1589
f 1337/1460 1335/1457 1436/1643 1437/1667
f 1305/1417 1299/1420 1406/1674 1405/1591
f 1307/1412 1301/1422 1409/1679 1398/1597
f 1266/1374 1272/1380 1367/1594 1361/1678
f 1271/1379 1265/1373 1362/1680 1368/1599
f 1264/1376 1270/1382 1369/1603 1363/1682
f 1441/1683 1447/1684 1459/1685 1448/1686
f 1441/1683 1448/1686 1460/1687 1449/1688
f 1441/1683 1449/1688 1462/1689 1450/1690
f 1441/1683 1450/1690 1461/1691 1447/1684
f 1442/1692 1451/1693 1461/1694 1450/1695
f 1442/1692 1450/1695 1462/1696 1452/1697
f 1442/1692 1452/1697 1466/1698 1453/1699
f 1442/1692 1453/1699 1465/1700 1451/1693
f 1443/1701 1454/1702 1465/1703 1453/1704
f 1443/1701 1453/1704 1466/1705 1455/1706
f 1443/1701 1455/1706 1464/1707 1456/1708
f 1443/1701 1456/1708 1463/1709 1454/1702
f 1444/1710 1457/1711 1463/1709 1456/1708
f 1444/1710 1456/1708 1464/1707 1458/1712
f 1444/1710 1458/1712 1460/1687 1448/1686
f 1444/1710 1448/1686 1459/1685 1457/1711
f 1445/1713 1447/1684 1461/1691 1451/1714
f 1445/1713 1451/1714 1465/1703 1454/1702
f 1445/1713 1454/1702 1463/1709 1457/1711
f 1445/1713 1457/1711 1459/1685 1447/1684
f 1446/1715 1455/1706 1466/1705 1452/1716
f 1446/1715 1452/1716 1462/1689 1449/1688
f 1446/1715 1449/1688 1460/1687 1458/1712
f 1446/1715 1458/1712 1464/1707 1455/1706
f 1467/1717 1473/1718 1485/1719 1474/1720
f 1467/1717 1474/1720 1486/1721 1475/1722
f 1467/1717 1475/1722 1488/1723 1476/1724
f 1467/1717 1476/1724 1487/1725 1473/1718
f 1468/1726 1477/1727 1487/1728 1476/1729
f 1468/1726 1476/1729 1488/1730 1478/1731
f 1468/1726 1478/1731 1492/1732 1479/1733
f 1468/1726 1479/1733 1491/1734 1477/1727
f 1469/1735 1480/1736 1491/1737 1479/1738
f 1469/1735 1479/1738 1492/1739 1481/1740
f 1469/1735 1481/1740 1490/1741 1482/1742
f 1469/1735 1482/1742 1489/1743 1480/1736
f 1470/1744 1483/1745 1489/1743 1482/1742
f 1470/1744 1482/1742 1490/1741 1484/1746
f 1470/1744 1484/1746 1486/1721 1474/1720
f 1470/1744 1474/1720 1485/1719 1483/1745
f 1471/1747 1473/1718 1487/1725 1477/1748
f 1471/1747 1477/1748 1491/1737 1480/1736
f 1471/1747 1480/1736 1489/1743 1483/1745
f 1471/1747 1483/1745 1485/1719 1473/1718
f 1472/1749 1481/1740 1492/1739 1478/1750
f 1472/1749 1478/1750 1488/1723 1475/1722
f 1472/1749 1475/1722 1486/1721 1484/1746
f 1472/1749 1484/1746 1490/1741 1481/1740
f 1493/1751 1499/1752 1511/1753 1500/1754
f 1493/1751 1500/1754 1512/1755 1501/1756
f 1493/1751 1501/1756 1514/1757 1502/1758
f 1493/1751 1502/1758 1513/1759 1499/1752
f 1494/1760 1503/1761 1513/1762 1502/1763
f 1494/1760 1502/1763 1514/1764 1504/1765
f 1494/1760 1504/1765 1518/1766 1505/1767
f 1494/1760 1505/1767 1517/1768 1503/1761
f 1495/1769 1506/1770 1517/1771 1505/1772
f 1495/1769 1505/1772 1518/1773 1507/1774
f 1495/1769 1507/1774 1516/1775 1508/1776
f 1495/1769 1508/1776 1515/1777 1506/1770
f 1496/1778 1509/1779 1515/1777 1508/1776
f 1496/1778 1508/1776 1516/1775 1510/1780
f 1496/1778 1510/1780 1512/1755 1500/1754
f 1496/1778 1500/1754 1511/1753 1509/1779
f 1497/1781 1499/1752 1513/1759 1503/1782
f 1497/1781 1503/1782 1517/1771 1506/1770
f 1497/1781 1506/1770 1515/1777 1509/1779
f 1497/1781 1509/1779 1511/1753 1499/1752
f 1498/1783 1507/1774 1518/1773 1504/1784
f 1498/1783 1504/1784 1514/1757 1501/1756
f 1498/1783 1501/1756 1512/1755 1510/1780
f 1498/1783 1510/1780 1516/1775 1507/1774
f 1519/1785 1525/1786 1537/1787 1526/1788
f 1519/1785 1526/1788 1538/1789 1527/1790
f 1519/1785 1527/1790 1540/1791 1528/1792
f 1519/1785 1528/1792 1539/1793 1525/1786
f 1520/1794 1529/1795 1539/1796 1528/1797
f 1520/1794 1528/1797 1540/1798 1530/1799
f 1520/1794 1530/1799 1544/1800 1531/1801
f 1520/1794 1531/1801 1543/1802 1529/1795
f 1521/1803 1532/1804 1543/1805 1531/1806
f 1521/1803 1531/1806 1544/1807 1533/1808
f 1521/1803 1533/1808 1542/1809 1534/1810
f 1521/1803 1534/1810 1541/1811 1532/1804
f 1522/1812 1535/1813 1541/1811 1534/1810
f 1522/1812 1534/1810 1542/1809 1536/1814
f 1522/1812 1536/1814 1538/1789 1526/1788
f 1522/1812 1526/1788 1537/1787 1535/1813
f 1523/1815 1525/1786 1539/1793 1529/1816
f 1523/1815 1529/1816 1543/1805 1532/1804
f 1523/1815 1532/1804 1541/1811 1535/1813
f 1523/1815 1535/1813 1537/1787 1525/1786
f 1524/1817 1533/1808 1544/1807 1530/1818
f 1524/1817 1530/1818 1540/1791 1527/1790
f 1524/1817 1527/1790 1538/1789 1536/1814
f 1524/1817 1536/1814 1542/1809 1533/1808
f 1545/1819 1551/1820 1563/1821 1552/1822
f 1545/1819 1552/1822 1564/1823 1553/1824
f 1545/1819 1553/1824 1566/1825 1554/1826
f 1545/1819 1554/1826 1565/1827 1551/1820
f 1546/1828 1555/1829 1565/1830 1554/1831
f 1546/1828 1554/1831 1566/1832 1556/1833
f 1546/1828 1556/1833 1570/1834 1557/1835
f 1546/1828 1557/1835 1569/1836 1555/1829
f 1547/1837 1558/1838 1569/1839 1557/1840
f 1547/1837 1557/1840 1570/1841 1559/1842
f 1547/1837 1559/1842 1568/1843 1560/1844
f 1547/1837 1560/1844 1567/1845 1558/1838
f 1548/1846 1561/1847 1567/1845 1560/1844
f 1548/1846 1560/1844 1568/1843 1562/1848
f 1548/1846 1562/1848 1564/1823 1552/1822
f 1548/1846 1552/1822 1563/1821 1561/1847
f 1549/1849 1551/1820 1565/1827 1555/1850
f 1549/1849 1555/1850 1569/1839 1558/1838
f 1549/1849 1558/1838 1567/1845 1561/1847
f 1549/1849 1561/1847 1563/1821 1551/1820
f 1550/1851 1559/1842 1570/1841 1556/1852
f 1550/1851 1556/1852 1566/1825 1553/1824
f 1550/1851 1553/1824 1564/1823 1562/1848
f 1550/1851 1562/1848 1568/1843 1559/1842
f 1571/1853 1577/1854 1589/1855 1578/1856
f 1571/1853 1578/1856 1590/1857 1579/1858
f 1571/1853 1579/1858 1592/1859 1580/1860
f 1571/1853 1580/1860 1591/1861 1577/1854
f 1572/1862 1581/1863 1591/1864 1580/1865
f 1572/1862 1580/1865 1592/1866 1582/1867
f 1572/1862 1582/1867 1596/1868 1583/1869
f 1572/1862 1583/1869 1595/1870 1581/1863
f 1573/1871 1584/1872 1595/1873 1583/1874
f 1573/1871 1583/1874 1596/1875 1585/1876
f 1573/1871 1585/1876 1594/1877 1586/1878
f 1573/1871 1586/1878 1593/1879 1584/1872
f 1574/1880 1587/1881 1593/1879 1586/1878
f 1574/1880 1586/1878 1594/1877 1588/1882
f 1574/1880 1588/1882 1590/1857 1578/1856
f 1574/1880 1578/1856 1589/1855 1587/1881
f 1575/1883 1577/1854 1591/1861 1581/1884
f 1575/1883 1581/1884 1595/1873 1584/1872
f 1575/1883 1584/1872 1593/1879 1587/1881
f 1575/1883 1587/1881 1589/1855 1577/1854
f 1576/1885 1585/1876 1596/1875 1582/1886
f 1576/1885 1582/1886 1592/1859 1579/1858
f 1576/1885 1579/1858 1590/1857 1588/1882
f 1576/1885 1588/1882 1594/1877 1585/1876
f 1597/1887 1603/1888 1615/1889 1604/1890
f 1597/1887 1604/1890 1616/1891 1605/1892
f 1597/1887 1605/1892 1618/1893 1606/1894
f 1597/1887 1606/1894 1617/1895 1603/1888
f 1598/1896 1607/1897 1617/1898 1606/1899
f 1598/1896 1606/1899 1618/1900 1608/1901
f 1598/1896 1608/1901 1622/1902 1609/1903
f 1598/1896 1609/1903 1621/1904 1607/1897
f 1599/1905 1610/1906 1621/1907 1609/1908
f 1599/1905 1609/1908 1622/1909 1611/1910
f 1599/1905 1611/1910 1620/1911 1612/1912
f 1599/1905 1612/1912 1619/1913 1610/1906
f 1600/1914 1613/1915 1619/1913 1612/1912
f 1600/1914 1612/1912 1620/1911 1614/1916
f 1600/1914 1614/1916 1616/1891 1604/1890
f 1600/1914 1604/1890 1615/1889 1613/1915
f 1601/1917 1603/1888 1617/1895 1607/1918
f 1601/1917 1607/1918 1621/1907 1610/1906
f 1601/1917 1610/1906 1619/1913 1613/1915
f 1601/1917 1613/1915 1615/1889 1603/1888
f 1602/1919 1611/1910 1622/1909 1608/1920
f 1602/1919 1608/1920 1618/1893 1605/1892
f 1602/1919 1605/1892 1616/1891 1614/1916
f 1602/1919 1614/1916 1620/1911 1611/1910
f 1623/1921 1629/1922 1641/1923 1630/1924
f 1623/1921 1630/1924 1642/1925 1631/1926
f 1623/1921 1631/1926 1644/1927 1632/1928
f 1623/1921 1632/1928 1643/1929 1629/1922
f 1624/1930 1633/1931 1643/1932 1632/1933
f 1624/1930 1632/1933 1644/1934 1634/1935
f 1624/1930 1634/1935 1648/1936 1635/1937
f 1624/1930 1635/1937 1647/1938 1633/1931
f 1625/1939 1636/1940 1647/1941 1635/1942
f 1625/1939 1635/1942 1648/1943 1637/1944
f 1625/1939 1637/1944 1646/1945 1638/1946
f 1625/1939 1638/1946 1645/1947 1636/1940
f 1626/1948 1639/1949 1645/1947 1638/1946
f 1626/1948 1638/1946 1646/1945 1640/1950
f 1626/1948 1640/1950 1642/1925 1630/1924
f 1626/1948 1630/1924 1641/1923 1639/1949
f 1627/1951 1629/1922 1643/1929 1633/1952
f 1627/1951 1633/1952 1647/1941 1636/1940
f 1627/1951 1636/1940 1645/1947 1639/1949
f 1627/1951 1639/1949 1641/1923 1629/1922
f 1628/1953 1637/1944 1648/1943 1634/1954
f 1628/1953 1634/1954 1644/1927 1631/1926
f 1628/1953 1631/1926 1642/1925 1640/1950
f 1628/1953 1640/1950 1646/1945 1637/1944
f 1649/1955 1655/1956 1667/1957 1656/1958
f 1649/1955 1656/1958 1668/1959 1657/1960
f 1649/1955 1657/1960 1670/1961 1658/1962
f 1649/1955 1658/1962 1669/1963 1655/1956
f 1650/1964 1659/1965 1669/1966 1658/1967
f 1650/1964 1658/1967 1670/1968 1660/1969
f 1650/1964 1660/1969 1674/1970 1661/1971
f 1650/1964 1661/1971 1673/1972 1659/1965
f 1651/1973 1662/1974 1673/1975 1661/1976
f 1651/1973 1661/1976 1674/1977 1663/1978
f 1651/1973 1663/1978 1672/1979 1664/1980
f 1651/1973 1664/1980 1671/1981 1662/1974
f 1652/1982 1665/1983 1671/1981 1664/1980
f 1652/1982 1664/1980 1672/1979 1666/1984
f 1652/1982 1666/1984 1668/1959 1656/1958
f 1652/1982 1656/1958 1667/1957 1665/1983
f 1653/1985 1655/1956 1669/1963 1659/1986
f 1653/1985 1659/1986 1673/1975 1662/1974
f 1653/1985 1662/1974 1671/1981 1665/1983
f 1653/1985 1665/1983 1667/1957 1655/1956
f 1654/1987 1663/1978 1674/1977 1660/1988
f 1654/1987 1660/1988 1670/1961 1657/1960
f 1654/1987 1657/1960 1668/1959 1666/1984
f 1654/1987 1666/1984 1672/1979 1663/1978
f 1675/1989 1681/1990 1693/1991 1682/1992
f 1675/1989 1682/1992 1694/1993 1683/1994
f 1675/1989 1683/1994 1696/1995 1684/1996
f 1675/1989 1684/1996 1695/1997 1681/1990
f 1676/1998 1685/1999 1695/2000 1684/2001
f 1676/1998 1684/2001 1696/2002 1686/2003
f 1676/1998 1686/2003 1700/2004 1687/2005
f 1676/1998 1687/2005 1699/2006 1685/1999
f 1677/2007 1688/2008 1699/2009 1687/2010
f 1677/2007 1687/2010 1700/2011 1689/2012
f 1677/2007 1689/2012 1698/2013 1690/2014
f 1677/2007 1690/2014 1697/2015 1688/2008
f 1678/2016 1691/2017 1697/2015 1690/2014
f 1678/2016 1690/2014 1698/2013 1692/2018
f 1678/2016 1692/2018 1694/1993 1682/1992
f 1678/2016 1682/1992 1693/1991 1691/2017
f 1679/2019 1681/1990 1695/1997 1685/2020
f 1679/2019 1685/2020 1699/2009 1688/2008
f 1679/2019 1688/2008 1697/2015 1691/2017
f 1679/2019 1691/2017 1693/1991 1681/1990
f 1680/2021 1689/2012 1700/2011 1686/2022
f 1680/2021 1686/2022 1696/1995 1683/1994
f 1680/2021 1683/1994 1694/1993 1692/2018
f 1680/2021 1692/2018 1698/2013 1689/2012
f 1701/2023 1707/2024 1719/2025 1708/2026
f 1701/2023 1708/2026 1720/2027 1709/2028
f 1701/2023 1709/2028 1722/2029 1710/2030
f 1701/2023 1710/2030 1721/2031 1707/2024
f 1702/2032 1711/2033 1721/2034 1710/2035
f 1702/2032 1710/2035 1722/2036 1712/2037
f 1702/2032 1712/2037 1726/2038 1713/2039
f 1702/2032 1713/2039 1725/2040 1711/2033
f 1703/2041 1714/2042 1725/2043 1713/2044
f 1703/2041 1713/2044 1726/2045 1715/2046
f 1703/2041 1715/2046 1724/2047 1716/2048
f 1703/2041 1716/2048 1723/2049 1714/2042
f 1704/2050 1717/2051 1723/2049 1716/2048
f 1704/2050 1716/2048 1724/2047 1718/2052
f 1704/2050 1718/2052 1720/2027 1708/2026
f 1704/2050 1708/2026 1719/2025 1717/2051
f 1705/2053 1707/2024 1721/2031 1711/2054
f 1705/2053 1711/2054 1725/2043 1714/2042
f 1705/2053 1714/2042 1723/2049 1717/2051
f 1705/2053 1717/2051 1719/2025 1707/2024
f 1706/2055 1715/2046 1726/2045 1712/2056
f 1706/2055 1712/2056 1722/2029 1709/2028
f 1706/2055 1709/2028 1720/2027 1718/2052
f 1706/2055 1718/2052 1724/2047 1715/2046
f 1727/2057 1733/2058 1745/2059 1734/2060
f 1727/2057 1734/2060 1746/2061 1735/2062
f 1727/2057 1735/2062 1748/2063 1736/2064
f 1727/2057 1736/2064 1747/2065 1733/2058
f 1728/2066 1737/2067 1747/2068 1736/2069
f 1728/2066 1736/2069 1748/2070 1738/2071
f 1728/2066 1738/2071 1752/2072 1739/2073
f 1728/2066 1739/2073 1751/2074 1737/2067
f 1729/2075 1740/2076 1751/2077 1739/2078
f 1729/2075 1739/2078 1752/2079 1741/2080
f 1729/2075 1741/2080 1750/2081 1742/2082
f 1729/2075 1742/2082 1749/2083 1740/2076
f 1730/2084 1743/2085 1749/2083 1742/2082
f 1730/2084 1742/2082 1750/2081 1744/2086
f 1730/2084 1744/2086 1746/2061 1734/2060
f 1730/2084 1734/2060 1745/2059 1743/2085
f 1731/2087 1733/2058 1747/2065 1737/2088
f 1731/2087 1737/2088 1751/2077 1740/2076
f 1731/2087 1740/2076 1749/2083 1743/2085
f 1731/2087 1743/2085 1745/2059 1733/2058
f 1732/2089 1741/2080 1752/2079 1738/2090
f 1732/2089 1738/2090 1748/2063 1735/2062
f 1732/2089 1735/2062 1746/2061 1744/2086
f 1732/2089 1744/2086 1750/2081 1741/2080
f 1753/2091 1759/2092 1771/2093 1760/2094
f 1753/2091 1760/2094 1772/2095 1761/2096
f 1753/2091 1761/2096 1774/2097 1762/2098
f 1753/2091 1762/2098 1773/2099 1759/2092
f 1754/2100 1763/2101 1773/2102 1762/2103
f 1754/2100 1762/2103 1774/2104 1764/2105
f 1754/2100 1764/2105 1778/2106 1765/2107
f 1754/2100 1765/2107 1777/2108 1763/2101
f 1755/2109 1766/2110 1777/2111 1765/2112
f 1755/2109 1765/2112 1778/2113 1767/2114
f 1755/2109 1767/2114 1776/2115 1768/2116
f 1755/2109 1768/2116 1775/2117 1766/2110
f 1756/2118 1769/2119 1775/2117 1768/2116
f 1756/2118 1768/2116 1776/2115 1770/2120
f 1756/2118 1770/2120 1772/2095 1760/2094
f 1756/2118 1760/2094 1771/2093 1769/2119
f 1757/2121 1759/2092 1773/2099 1763/2122
f 1757/2121 1763/2122 1777/2111 1766/2110
f 1757/2121 1766/2110 1775/2117 1769/2119
f 1757/2121 1769/2119 1771/2093 1759/2092
f 1758/2123 1767/2114 1778/2113 1764/2124
f 1758/2123 1764/2124 1774/2097 1761/2096
f 1758/2123 1761/2096 1772/2095 1770/2120
f 1758/2123 1770/2120 1776/2115 1767/2114
f 1779/2125 1785/2126 1797/2127 1786/2128
f 1779/2125 1786/2128 1798/2129 1787/2130
f 1779/2125 1787/2130 1800/2131 1788/2132
f 1779/2125 1788/2132 1799/2133 1785/2126
f 1780/2134 1789/2135 1799/2136 1788/2137
f 1780/2134 1788/2137 1800/2138 1790/2139
f 1780/2134 1790/2139 1804/2140 1791/2141
f 1780/2134 1791/2141 1803/2142 1789/2135
f 1781/2143 1792/2144 1803/2145 1791/2146
f 1781/2143 1791/2146 1804/2147 1793/2148
f 1781/2143 1793/2148 1802/2149 1794/2150
f 1781/2143 1794/2150 1801/2151 1792/2144
f 1782/2152 1795/2153 1801/2151 1794/2150
f 1782/2152 1794/2150 1802/2149 1796/2154
f 1782/2152 1796/2154 1798/2129 1786/2128
f 1782/2152 1786/2128 1797/2127 1795/2153
f 1783/2155 1785/2126 1799/2133 1789/2156
f 1783/2155 1789/2156 1803/2145 1792/2144
f 1783/2155 1792/2144 1801/2151 1795/2153
f 1783/2155 1795/2153 1797/2127 1785/2126
f 1784/2157 1793/2148 1804/2147 1790/2158
f 1784/2157 1790/2158 1800/2131 1787/2130
f 1784/2157 1787/2130 1798/2129 1796/2154
f 1784/2157 1796/2154 1802/2149 1793/2148
f 1805/2159 1811/2160 1823/2161 1812/2162
f 1805/2159 1812/2162 1824/2163 1813/2164
f 1805/2159 1813/2164 1826/2165 1814/2166
f 1805/2159 1814/2166 1825/2167 1811/2160
f 1806/2168 1815/2169 1825/2170 1814/2171
f 1806/2168 1814/2171 1826/2172 1816/2173
f 1806/2168 1816/2173 1830/2174 1817/2175
f 1806/2168 1817/2175 1829/2176 1815/2169
f 1807/2177 1818/2178 1829/2179 1817/2180
f 1807/2177 1817/2180 1830/2181 1819/2182
f 1807/2177 1819/2182 1828/2183 1820/2184
f 1807/2177 1820/2184 1827/2185 1818/2178
f 1808/2186 1821/2187 1827/2185 1820/2184
f 1808/2186 1820/2184 1828/2183 1822/2188
f 1808/2186 1822/2188 1824/2163 1812/2162
f 1808/2186 1812/2162 1823/2161 1821/2187
f 1809/2189 1811/2160 1825/2167 1815/2190
f 1809/2189 1815/2190 1829/2179 1818/2178
f 1809/2189 1818/2178 1827/2185 1821/2187
f 1809/2189 1821/2187 1823/2161 1811/2160
f 1810/2191 1819/2182 1830/2181 1816/2192
f 1810/2191 1816/2192 1826/2165 1813/2164
f 1810/2191 1813/2164 1824/2163 1822/2188
f 1810/2191 1822/2188 1828/2183 1819/2182
f 1831/2193 1837/2194 1849/2195 1838/2196
f 1831/2193 1838/2196 1850/2197 1839/2198
f 1831/2193 1839/2198 1852/2199 1840/2200
f 1831/2193 1840/2200 1851/2201 1837/2194
f 1832/2202 1841/2203 1851/2204 1840/2205
f 1832/2202 1840/2205 1852/2206 1842/2207
f 1832/2202 1842/2207 1856/2208 1843/2209
f 1832/2202 1843/2209 1855/2210 1841/2203
f 1833/2211 1844/2212 1855/2213 1843/2214
f 1833/2211 1843/2214 1856/2215 1845/2216
f 1833/2211 1845/2216 1854/2217 1846/2218
f 1833/2211 1846/2218 1853/2219 1844/2212
f 1834/2220 1847/2221 1853/2219 1846/2218
f 1834/2220 1846/2218 1854/2217 1848/2222
f 1834/2220 1848/2222 1850/2197 1838/2196
f 1834/2220 1838/2196 1849/2195 1847/2221
f 1835/2223 1837/2194 1851/2201 1841/2224
f 1835/2223 1841/2224 1855/2213 1844/2212
f 1835/2223 1844/2212 1853/2219 1847/2221
f 1835/2223 1847/2221 1849/2195 1837/2194
f 1836/2225 1845/2216 1856/2215 1842/2226
f 1836/2225 1842/2226 1852/2199 1839/2198
f 1836/2225 1839/2198 1850/2197 1848/2222
f 1836/2225 1848/2222 1854/2217 1845/2216
f 1857/2227 1863/2228 1875/2229 1864/2230
f 1857/2227 1864/2230 1876/2231 1865/2232
f 1857/2227 1865/2232 1878/2233 1866/2234
f 1857/2227 1866/2234 1877/2235 1863/2228
f 1858/2236 1867/2237 1877/2238 1866/2239
f 1858/2236 1866/2239 1878/2240 1868/2241
f 1858/2236 1868/2241 1882/2242 1869/2243
f 1858/2236 1869/2243 1881/2244 1867/2237
f 1859/2245 1870/2246 1881/2247 1869/2248
f 1859/2245 1869/2248 1882/2249 1871/2250
f 1859/2245 1871/2250 1880/2251 1872/2252
f 1859/2245 1872/2252 1879/2253 1870/2246
f 1860/2254 1873/2255 1879/2253 1872/2252
f 1860/2254 1872/2252 1880/2251 1874/2256
f 1860/2254 1874/2256 1876/2231 1864/2230
f 1860/2254 1864/2230 1875/2229 1873/2255
f 1861/2257 1863/2228 1877/2235 1867/2258
f 1861/2257 1867/2258 1881/2247 1870/2246
f 1861/2257 1870/2246 1879/2253 1873/2255
f 1861/2257 1873/2255 1875/2229 1863/2228
f 1862/2259 1871/2250 1882/2249 1868/2260
f 1862/2259 1868/2260 1878/2233 1865/2232
f 1862/2259 1865/2232 1876/2231 1874/2256
f 1862/2259 1874/2256 1880/2251 1871/2250
f 1883/2261 1889/2262 1901/2263 1890/2264
f 1883/2261 1890/2264 1902/2265 1891/2266
f 1883/2261 1891/2266 1904/2267 1892/2268
f 1883/2261 1892/2268 1903/2269 1889/2262
f 1884/2270 1893/2271 1903/2272 1892/2273
f 1884/2270 1892/2273 1904/2274 1894/2275
f 1884/2270 1894/2275 1908/2276 1895/2277
f 1884/2270 1895/2277 1907/2278 1893/2271
f 1885/2279 1896/2280 1907/2281 1895/2282
f 1885/2279 1895/2282 1908/2283 1897/2284
f 1885/2279 1897/2284 1906/2285 1898/2286
f 1885/2279 1898/2286 1905/2287 1896/2280
f 1886/2288 1899/2289 1905/2287 1898/2286
f 1886/2288 1898/2286 1906/2285 1900/2290
f 1886/2288 1900/2290 1902/2265 1890/2264
f 1886/2288 1890/2264 1901/2263 1899/2289
f 1887/2291 1889/2262 1903/2269 1893/2292
f 1887/2291 1893/2292 1907/2281 1896/2280
f 1887/2291 1896/2280 1905/2287 1899/2289
f 1887/2291 1899/2289 1901/2263 1889/2262
f 1888/2293 1897/2284 1908/2283 1894/2294
f 1888/2293 1894/2294 1904/2267 1891/2266
f 1888/2293 1891/2266 1902/2265 1900/2290
f 1888/2293 1900/2290 1906/2285 1897/2284
f 1909/2295 1915/2296 1927/2297 1916/2298
f 1909/2295 1916/2298 1928/2299 1917/2300
f 1909/2295 1917/2300 1930/2301 1918/2302
f 1909/2295 1918/2302 1929/2303 1915/2296
f 1910/2304 1919/2305 1929/2306 1918/2307
f 1910/2304 1918/2307 1930/2308 1920/2309
f 1910/2304 1920/2309 1934/2310 1921/2311
f 1910/2304 1921/2311 1933/2312 1919/2305
f 1911/2313 1922/2314 1933/2315 1921/2316
f 1911/2313 1921/2316 1934/2317 1923/2318
f 1911/2313 1923/2318 1932/2319 1924/2320
f 1911/2313 1924/2320 1931/2321 1922/2314
f 1912/2322 1925/2323 1931/2321 1924/2320
f 1912/2322 1924/2320 1932/2319 1926/2324
f 1912/2322 1926/2324 1928/2299 1916/2298
f 1912/2322 1916/2298 1927/2297 1925/2323
f 1913/2325 1915/2296 1929/2303 1919/2326
f 1913/2325 1919/2326 1933/2315 1922/2314
f 1913/2325 1922/2314 1931/2321 1925/2323
f 1913/2325 1925/2323 1927/2297 1915/2296
f 1914/2327 1923/2318 1934/2317 1920/2328
f 1914/2327 1920/2328 1930/2301 1917/2300
f 1914/2327 1917/2300 1928/2299 1926/2324
f 1914/2327 1926/2324 1932/2319 1923/2318
f 1935/2329 1941/2330 1953/2331 1942/2332
f 1935/2329 1942/2332 1954/2333 1943/2334
f 1935/2329 1943/2334 1956/2335 1944/2336
f 1935/2329 1944/2336 1955/2337 1941/2330
f 1936/2338 1945/2339 1955/2340 1944/2341
f 1936/2338 1944/2341 1956/2342 1946/2343
f 1936/2338 1946/2343 1960/2344 1947/2345
f 1936/2338 1947/2345 1959/2346 1945/2339
f 1937/2347 1948/2348 1959/2349 1947/2350
f 1937/2347 1947/2350 1960/2351 1949/2352
f 1937/2347 1949/2352 1958/2353 1950/2354
f 1937/2347 1950/2354 1957/2355 1948/2348
f 1938/2356 1951/2357 1957/2355 1950/2354
f 1938/2356 1950/2354 1958/2353 1952/2358
f 1938/2356 1952/2358 1954/2333 1942/2332
f 1938/2356 1942/2332 1953/2331 1951/2357
f 1939/2359 1941/2330 1955/2337 1945/2360
f 1939/2359 1945/2360 1959/2349 1948/2348
f 1939/2359 1948/2348 1957/2355 1951/2357
f 1939/2359 1951/2357 1953/2331 1941/2330
f 1940/2361 1949/2352 1960/2351 1946/2362
f 1940/2361 1946/2362 1956/2335 1943/2334
f 1940/2361 1943/2334 1954/2333 1952/2358
f 1940/2361 1952/2358 1958/2353 1949/2352
f 1961/2363 1967/2364 1979/2365 1968/2366
f 1961/2363 1968/2366 1980/2367 1969/2368
f 1961/2363 1969/2368 1982/2369 1970/2370
f 1961/2363 1970/2370 1981/2371 1967/2364
f 1962/2372 1971/2373 1981/2374 1970/2375
f 1962/2372 1970/2375 1982/2376 1972/2377
f 1962/2372 1972/2377 1986/2378 1973/2379
f 1962/2372 1973/2379 1985/2380 1971/2373
f 1963/2381 1974/2382 1985/2383 1973/2384
f 1963/2381 1973/2384 1986/2385 1975/2386
f 1963/2381 1975/2386 1984/2387 1976/2388
f 1963/2381 1976/2388 1983/2389 1974/2382
f 1964/2390 1977/2391 1983/2389 1976/2388
f 1964/2390 1976/2388 1984/2387 1978/2392
f 1964/2390 1978/2392 1980/2367 1968/2366
f 1964/2390 1968/2366 1979/2365 1977/2391
f 1965/2393 1967/2364 1981/2371 1971/2394
f 1965/2393 1971/2394 1985/2383 1974/2382
f 1965/2393 1974/2382 1983/2389 1977/2391
f 1965/2393 1977/2391 1979/2365 1967/2364
f 1966/2395 1975/2386 1986/2385 1972/2396
f 1966/2395 1972/2396 1982/2369 1969/2368
f 1966/2395 1969/2368 1980/2367 1978/2392
f 1966/2395 1978/2392 1984/2387 1975/2386
f 1987/2397 1993/2398 2005/2399 1994/2400
f 1987/2397 1994/2400 2006/2401 1995/2402
f 1987/2397 1995/2402 2008/2403 1996/2404
f 1987/2397 1996/2404 2007/2405 1993/2398
f 1988/2406 1997/2407 2007/2408 1996/2409
f 1988/2406 1996/2409 2008/2410 1998/2411
f 1988/2406 1998/2411 2012/2412 1999/2413
f 1988/2406 1999/2413 2011/2414 1997/2407
f 1989/2415 2000/2416 2011/2417 1999/2418
f 1989/2415 1999/2418 2012/2419 2001/2420
f 1989/2415 2001/2420 2010/2421 2002/2422
f 1989/2415 2002/2422 2009/2423 2000/2416
f 1990/2424 2003/2425 2009/2423 2002/2422
f 1990/2424 2002/2422 2010/2421 2004/2426
f 1990/2424 2004/2426 2006/2401 1994/2400
f 1990/2424 1994/2400 2005/2399 2003/2425
f 1991/2427 1993/2398 2007/2405 1997/2428
f 1991/2427 1997/2428 2011/2417 2000/2416
f 1991/2427 2000/2416 2009/2423 2003/2425
f 1991/2427 2003/2425 2005/2399 1993/2398
f 1992/2429 2001/2420 2012/2419 1998/2430
f 1992/2429 1998/2430 2008/2403 1995/2402
f 1992/2429 1995/2402 2006/2401 2004/2426
f 1992/2429 2004/2426 2010/2421 2001/2420
f 2013/2431 2019/2432 2031/2433 2020/2434
f 2013/2431 2020/2434 2032/2435 2021/2436
f 2013/2431 2021/2436 2034/2437 2022/2438
f 2013/2431 2022/2438 2033/2439 2019/2432
f 2014/2440 2023/2441 2033/2442 2022/2443
f 2014/2440 2022/2443 2034/2444 2024/2445
f 2014/2440 2024/2445 2038/2446 2025/2447
f 2014/2440 2025/2447 2037/2448 2023/2441
f 2015/2449 2026/2450 2037/2451 2025/2452
f 2015/2449 2025/2452 2038/2453 2027/2454
f 2015/2449 2027/2454 2036/2455 2028/2456
f 2015/2449 2028/2456 2035/2457 2026/2450
f 2016/2458 2029/2459 2035/2457 2028/2456
f 2016/2458 2028/2456 2036/2455 2030/2460
f 2016/2458 2030/2460 2032/2435 2020/2434
f 2016/2458 2020/2434 2031/2433 2029/2459
f 2017/2461 2019/2432 2033/2439 2023/2462
f 2017/2461 2023/2462 2037/2451 2026/2450
f 2017/2461 2026/2450 2035/2457 2029/2459
f 2017/2461 2029/2459 2031/2433 2019/2432
f 2018/2463 2027/2454 2038/2453 2024/2464
f 2018/2463 2024/2464 2034/2437 2021/2436
f 2018/2463 2021/2436 2032/2435 2030/2460
f 2018/2463 2030/2460 2036/2455 2027/2454
f 2039/2465 2045/2466 2057/2467 2046/2468
f 2039/2465 2046/2468 2058/2469 2047/2470
f 2039/2465 2047/2470 2060/2471 2048/2472
f 2039/2465 2048/2472 2059/2473 2045/2466
f 2040/2474 2049/2475 2059/2476 2048/2477
f 2040/2474 2048/2477 2060/2478 2050/2479
f 2040/2474 2050/2479 2064/2480 2051/2481
f 2040/2474 2051/2481 2063/2482 2049/2475
f 2041/2483 2052/2484 2063/2485 2051/2486
f 2041/2483 2051/2486 2064/2487 2053/2488
f 2041/2483 2053/2488 2062/2489 2054/2490
f 2041/2483 2054/2490 2061/2491 2052/2484
f 2042/2492 2055/2493 2061/2491 2054/2490
f 2042/2492 2054/2490 2062/2489 2056/2494
f 2042/2492 2056/2494 2058/2469 2046/2468
f 2042/2492 2046/2468 2057/2467 2055/2493
f 2043/2495 2045/2466 2059/2473 2049/2496
f 2043/2495 2049/2496 2063/2485 2052/2484
f 2043/2495 2052/2484 2061/2491 2055/2493
f 2043/2495 2055/2493 2057/2467 2045/2466
f 2044/2497 2053/2488 2064/2487 2050/2498
f 2044/2497 2050/2498 2060/2471 2047/2470
f 2044/2497 2047/2470 2058/2469 2056/2494
f 2044/2497 2056/2494 2062/2489 2053/2488
f 2065/2499 2071/2500 2083/2501 2072/2502
f 2065/2499 2072/2502 2084/2503 2073/2504
f 2065/2499 2073/2504 2086/2505 2074/2506
f 2065/2499 2074/2506 2085/2507 2071/2500
f 2066/2508 2075/2509 2085/2510 2074/2511
f 2066/2508 2074/2511 2086/2512 2076/2513
f 2066/2508 2076/2513 2090/2514 2077/2515
f 2066/2508 2077/2515 2089/2516 2075/2509
f 2067/2517 2078/2518 2089/2519 2077/2520
f 2067/2517 2077/2520 2090/2521 2079/2522
f 2067/2517 2079/2522 2088/2523 2080/2524
f 2067/2517 2080/2524 2087/2525 2078/2518
f 2068/2526 2081/2527 2087/2525 2080/2524
f 2068/2526 2080/2524 2088/2523 2082/2528
f 2068/2526 2082/2528 2084/2503 2072/2502
f 2068/2526 2072/2502 2083/2501 2081/2527
f 2069/2529 2071/2500 2085/2507 2075/2530
f 2069/2529 2075/2530 2089/2519 2078/2518
f 2069/2529 2078/2518 2087/2525 2081/2527
f 2069/2529 2081/2527 2083/2501 2071/2500
f 2070/2531 2079/2522 2090/2521 2076/2532
f 2070/2531 2076/2532 2086/2505 2073/2504
f 2070/2531 2073/2504 2084/2503 2082/2528
f 2070/2531 2082/2528 2088/2523 2079/2522
f 2091/2533 2097/2534 2109/2535 2098/2536
f 2091/2533 2098/2536 2110/2537 2099/2538
f 2091/2533 2099/2538 2112/2539 2100/2540
f 2091/2533 2100/2540 2111/2541 2097/2534
f 2092/2542 2101/2543 2111/2544 2100/2545
f 2092/2542 2100/2545 2112/2546 2102/2547
f 2092/2542 2102/2547 2116/2548 2103/2549
f 2092/2542 2103/2549 2115/2550 2101/2543
f 2093/2551 2104/2552 2115/2553 2103/2554
f 2093/2551 2103/2554 2116/2555 2105/2556
f 2093/2551 2105/2556 2114/2557 2106/2558
f 2093/2551 2106/2558 2113/2559 2104/2552
f 2094/2560 2107/2561 2113/2559 2106/2558
f 2094/2560 2106/2558 2114/2557 2108/2562
f 2094/2560 2108/2562 2110/2537 2098/2536
f 2094/2560 2098/2536 2109/2535 2107/2561
f 2095/2563 2097/2534 2111/2541 2101/2564
f 2095/2563 2101/2564 2115/2553 2104/2552
f 2095/2563 2104/2552 2113/2559 2107/2561
f 2095/2563 2107/2561 2109/2535 2097/2534
f 2096/2565 2105/2556 2116/2555 2102/2566
f 2096/2565 2102/2566 2112/2539 2099/2538
f 2096/2565 2099/2538 2110/2537 2108/2562
f 2096/2565 2108/2562 2114/2557 2105/2556
f 2117/2567 2123/2568 2135/2569 2124/2570
f 2117/2567 2124/2570 2136/2571 2125/2572
f 2117/2567 2125/2572 2138/2573 2126/2574
f 2117/2567 2126/2574 2137/2575 2123/2568
f 2118/2576 2127/2577 2137/2578 2126/2579
f 2118/2576 2126/2579 2138/2580 2128/2581
f 2118/2576 2128/2581 2142/2582 2129/2583
f 2118/2576 2129/2583 2141/2584 2127/2577
f 2119/2585 2130/2586 2141/2587 2129/2588
f 2119/2585 2129/2588 2142/2589 2131/2590
f 2119/2585 2131/2590 2140/2591 2132/2592
f 2119/2585 2132/2592 2139/2593 2130/2586
f 2120/2594 2133/2595 2139/2593 2132/2592
f 2120/2594 2132/2592 2140/2591 2134/2596
f 2120/2594 2134/2596 2136/2571 2124/2570
f 2120/2594 2124/2570 2135/2569 2133/2595
f 2121/2597 2123/2568 2137/2575 2127/2598
f 2121/2597 2127/2598 2141/2587 2130/2586
f 2121/2597 2130/2586 2139/2593 2133/2595
f 2121/2597 2133/2595 2135/2569 2123/2568
f 2122/2599 2131/2590 2142/2589 2128/2600
f 2122/2599 2128/2600 2138/2573 2125/2572
f 2122/2599 2125/2572 2136/2571 2134/2596
f 2122/2599 2134/2596 2140/2591 2131/2590
f 2143/2601 2149/2602 2161/2603 2150/2604
f 2143/2601 2150/2604 2162/2605 2151/2606
f 2143/2601 2151/2606 2164/2607 2152/2608
f 2143/2601 2152/2608 2163/2609 2149/2602
f 2144/2610 2153/2611 2163/2612 2152/2613
f 2144/2610 2152/2613 2164/2614 2154/2615
f 2144/2610 2154/2615 2168/2616 2155/2617
f 2144/2610 2155/2617 2167/2618 2153/2611
f 2145/2619 2156/2620 2167/2621 2155/2622
f 2145/2619 2155/2622 2168/2623 2157/2624
f 2145/2619 2157/2624 2166/2625 2158/2626
f 2145/2619 2158/2626 2165/2627 2156/2620
f 2146/2628 2159/2629 2165/2627 2158/2626
f 2146/2628 2158/2626 2166/2625 2160/2630
f 2146/2628 2160/2630 2162/2605 2150/2604
f 2146/2628 2150/2604 2161/2603 2159/2629
f 2147/2631 2149/2602 2163/2609 2153/2632
f 2147/2631 2153/2632 2167/2621 2156/2620
f 2147/2631 2156/2620 2165/2627 2159/2629
f 2147/2631 2159/2629 2161/2603 2149/2602
f 2148/2633 2157/2624 2168/2623 2154/2634
f 2148/2633 2154/2634 2164/2607 2151/2606
f 2148/2633 2151/2606 2162/2605 2160/2630
f 2148/2633 2160/2630 2166/2625 2157/2624
f 2169/2635 2175/2636 2187/2637 2176/2638
f 2169/2635 2176/2638 2188/2639 2177/2640
f 2169/2635 2177/2640 2190/2641 2178/2642
f 2169/2635 2178/2642 2189/2643 2175/2636
f 2170/2644 2179/2645 2189/2646 2178/2647
f 2170/2644 2178/2647 2190/2648 2180/2649
f 2170/2644 2180/2649 2194/2650 2181/2651
f 2170/2644 2181/2651 2193/2652 2179/2645
f 2171/2653 2182/2654 2193/2655 2181/2656
f 2171/2653 2181/2656 2194/2657 2183/2658
f 2171/2653 2183/2658 2192/2659 2184/2660
f 2171/2653 2184/2660 2191/2661 2182/2654
f 2172/2662 2185/2663 2191/2661 2184/2660
f 2172/2662 2184/2660 2192/2659 2186/2664
f 2172/2662 2186/2664 2188/2639 2176/2638
f 2172/2662 2176/2638 2187/2637 2185/2663
f 2173/2665 2175/2636 2189/2643 2179/2666
f 2173/2665 2179/2666 2193/2655 2182/2654
f 2173/2665 2182/2654 2191/2661 2185/2663
f 2173/2665 2185/2663 2187/2637 2175/2636
f 2174/2667 2183/2658 2194/2657 2180/2668
f 2174/2667 2180/2668 2190/2641 2177/2640
f 2174/2667 2177/2640 2188/2639 2186/2664
f 2174/2667 2186/2664 2192/2659 2183/2658
f 2195/2669 2201/2670 2213/2671 2202/2672
f 2195/2669 2202/2672 2214/2673 2203/2674
f 2195/2669 2203/2674 2216/2675 2204/2676
f 2195/2669 2204/2676 2215/2677 2201/2670
f 2196/2678 2205/2679 2215/2680 2204/2681
f 2196/2678 2204/2681 2216/2682 2206/2683
f 2196/2678 2206/2683 2220/2684 2207/2685
f 2196/2678 2207/2685 2219/2686 2205/2679
f 2197/2687 2208/2688 2219/2689 2207/2690
f 2197/2687 2207/2690 2220/2691 2209/2692
f 2197/2687 2209/2692 2218/2693 2210/2694
f 2197/2687 2210/2694 2217/2695 2208/2688
f 2198/2696 2211/2697 2217/2695 2210/2694
f 2198/2696 2210/2694 2218/2693 2212/2698
f 2198/2696 2212/2698 2214/2673 2202/2672
f 2198/2696 2202/2672 2213/2671 2211/2697
f 2199/2699 2201/2670 2215/2677 2205/2700
f 2199/2699 2205/2700 2219/2689 2208/2688
f 2199/2699 2208/2688 2217/2695 2211/2697
f 2199/2699 2211/2697 2213/2671 2201/2670
f 2200/2701 2209/2692 2220/2691 2206/2702
f 2200/2701 2206/2702 2216/2675 2203/2674
f 2200/2701 2203/2674 2214/2673 2212/2698
f 2200/2701 2212/2698 2218/2693 2209/2692
f 2221/2703 2227/2704 2239/2705 2228/2706
f 2221/2703 2228/2706 2240/2707 2229/2708
f 2221/2703 2229/2708 2242/2709 2230/2710
f 2221/2703 2230/2710 2241/2711 2227/2704
f 2222/2712 2231/2713 2241/2714 2230/2715
f 2222/2712 2230/2715 2242/2716 2232/2717
f 2222/2712 2232/2717 2246/2718 2233/2719
f 2222/2712 2233/2719 2245/2720 2231/2713
f 2223/2721 2234/2722 2245/2723 2233/2724
f 2223/2721 2233/2724 2246/2725 2235/2726
f 2223/2721 2235/2726 2244/2727 2236/2728
f 2223/2721 2236/2728 2243/2729 2234/2722
f 2224/2730 2237/2731 2243/2729 2236/2728
f 2224/2730 2236/2728 2244/2727 2238/2732
f 2224/2730 2238/2732 2240/2707 2228/2706
f 2224/2730 2228/2706 2239/2705 2237/2731
f 2225/2733 2227/2704 2241/2711 2231/2734
f 2225/2733 2231/2734 2245/2723 2234/2722
f 2225/2733 2234/2722 2243/2729 2237/2731
f 2225/2733 2237/2731 2239/2705 2227/2704
f 2226/2735 2235/2726 2246/2725 2232/2736
f 2226/2735 2232/2736 2242/2709 2229/2708
f 2226/2735 2229/2708 2240/2707 2238/2732
f 2226/2735 2238/2732 2244/2727 2235/2726
f 2247/2737 2253/2738 2265/2739 2254/2740
f 2247/2737 2254/2740 2266/2741 2255/2742
f 2247/2737 2255/2742 2268/2743 2256/2744
f 2247/2737 2256/2744 2267/2745 2253/2738
f 2248/2746 2257/2747 2267/2748 2256/2749
f 2248/2746 2256/2749 2268/2750 2258/2751
f 2248/2746 2258/2751 2272/2752 2259/2753
f 2248/2746 2259/2753 2271/2754 2257/2747
f 2249/2755 2260/2756 2271/2757 2259/2758
f 2249/2755 2259/2758 2272/2759 2261/2760
f 2249/2755 2261/2760 2270/2761 2262/2762
f 2249/2755 2262/2762 2269/2763 2260/2756
f 2250/2764 2263/2765 2269/2763 2262/2762
f 2250/2764 2262/2762 2270/2761 2264/2766
f 2250/2764 2264/2766 2266/2741 2254/2740
f 2250/2764 2254/2740 2265/2739 2263/2765
f 2251/2767 2253/2738 2267/2745 2257/2768
f 2251/2767 2257/2768 2271/2757 2260/2756
f 2251/2767 2260/2756 2269/2763 2263/2765
f 2251/2767 2263/2765 2265/2739 2253/2738
f 2252/2769 2261/2760 2272/2759 2258/2770
f 2252/2769 2258/2770 2268/2743 2255/2742
f 2252/2769 2255/2742 2266/2741 2264/2766
f 2252/2769 2264/2766 2270/2761 2261/2760
f 2273/2771 2279/2772 2291/2773 2280/2774
f 2273/2771 2280/2774 2292/2775 2281/2776
f 2273/2771 2281/2776 2294/2777 2282/2778
f 2273/2771 2282/2778 2293/2779 2279/2772
f 2274/2780 2283/2781 2293/2782 2282/2783
f 2274/2780 2282/2783 2294/2784 2284/2785
f 2274/2780 2284/2785 2298/2786 2285/2787
f 2274/2780 2285/2787 2297/2788 2283/2781
f 2275/2789 2286/2790 2297/2791 2285/2792
f 2275/2789 2285/2792 2298/2793 2287/2794
f 2275/2789 2287/2794 2296/2795 2288/2796
f 2275/2789 2288/2796 2295/2797 2286/2790
f 2276/2798 2289/2799 2295/2797 2288/2796
f 2276/2798 2288/2796 2296/2795 2290/2800
f 2276/2798 2290/2800 2292/2775 2280/2774
f 2276/2798 2280/2774 2291/2773 2289/2799
f 2277/2801 2279/2772 2293/2779 2283/2802
f 2277/2801 2283/2802 2297/2791 2286/2790
f 2277/2801 2286/2790 2295/2797 2289/2799
f 2277/2801 2289/2799 2291/2773 2279/2772
f 2278/2803 2287/2794 2298/2793 2284/2804
f 2278/2803 2284/2804 2294/2777 2281/2776
f 2278/2803 2281/2776 2292/2775 2290/2800
f 2278/2803 2290/2800 2296/2795 2287/2794
f 2299/2805 2305/2806 2317/2807 2306/2808
f 2299/2805 2306/2808 2318/2809 2307/2810
f 2299/2805 2307/2810 2320/2811 2308/2812
f 2299/2805 2308/2812 2319/2813 2305/2806
f 2300/2814 2309/2815 2319/2816 2308/2817
f 2300/2814 2308/2817 2320/2818 2310/2819
f 2300/2814 2310/2819 2324/2820 2311/2821
f 2300/2814 2311/2821 2323/2822 2309/2815
f 2301/2823 2312/2824 2323/2825 2311/2826
f 2301/2823 2311/2826 2324/2827 2313/2828
f 2301/2823 2313/2828 2322/2829 2314/2830
f 2301/2823 2314/2830 2321/2831 2312/2824
f 2302/2832 2315/2833 2321/2831 2314/2830
f 2302/2832 2314/2830 2322/2829 2316/2834
f 2302/2832 2316/2834 2318/2809 2306/2808
f 2302/2832 2306/2808 2317/2807 2315/2833
f 2303/2835 2305/2806 2319/2813 2309/2836
f 2303/2835 2309/2836 2323/2825 2312/2824
f 2303/2835 2312/2824 2321/2831 2315/2833
f 2303/2835 2315/2833 2317/2807 2305/2806
f 2304/2837 2313/2828 2324/2827 2310/2838
f 2304/2837 2310/2838 2320/2811 2307/2810
f 2304/2837 2307/2810 2318/2809 2316/2834
f 2304/2837 2316/2834 2322/2829 2313/2828
f 2325/2839 2331/2840 2343/2841 2332/2842
f 2325/2839 2332/2842 2344/2843 2333/2844
f 2325/2839 2333/2844 2346/2845 2334/2846
f 2325/2839 2334/2846 2345/2847 2331/2840
f 2326/2848 2335/2849 2345/2850 2334/2851
f 2326/2848 2334/2851 2346/2852 2336/2853
f 2326/2848 2336/2853 2350/2854 2337/2855
f 2326/2848 2337/2855 2349/2856 2335/2849
f 2327/2857 2338/2858 2349/2859 2337/2860
f 2327/2857 2337/2860 2350/2861 2339/2862
f 2327/2857 2339/2862 2348/2863 2340/2864
f 2327/2857 2340/2864 2347/2865 2338/2858
f 2328/2866 2341/2867 2347/2865 2340/2864
f 2328/2866 2340/2864 2348/2863 2342/2868
f 2328/2866 2342/2868 2344/2843 2332/2842
f 2328/2866 2332/2842 2343/2841 2341/2867
f 2329/2869 2331/2840 2345/2847 2335/2870
f 2329/2869 2335/2870 2349/2859 2338/2858
f 2329/2869 2338/2858 2347/2865 2341/2867
f 2329/2869 2341/2867 2343/2841 2331/2840
f 2330/2871 2339/2862 2350/2861 2336/2872
f 2330/2871 2336/2872 2346/2845 2333/2844
f 2330/2871 2333/2844 2344/2843 2342/2868
f 2330/2871 2342/2868 2348/2863 2339/2862
f 2351/2873 2357/2874 2369/2875 2358/2876
f 2351/2873 2358/2876 2370/2877 2359/2878
f 2351/2873 2359/2878 2372/2879 2360/2880
f 2351/2873 2360/2880 2371/2881 2357/2874
f 2352/2882 2361/2883 2371/2884 2360/2885
f 2352/2882 2360/2885 2372/2886 2362/2887
f 2352/2882 2362/2887 2376/2888 2363/2889
f 2352/2882 2363/2889 2375/2890 2361/2883
f 2353/2891 2364/2892 2375/2893 2363/2894
f 2353/2891 2363/2894 2376/2895 2365/2896
f 2353/2891 2365/2896 2374/2897 2366/2898
f 2353/2891 2366/2898 2373/2899 2364/2892
f 2354/2900 2367/2901 2373/2899 2366/2898
f 2354/2900 2366/2898 2374/2897 2368/2902
f 2354/2900 2368/2902 2370/2877 2358/2876
f 2354/2900 2358/2876 2369/2875 2367/2901
f 2355/2903 2357/2874 2371/2881 2361/2904
f 2355/2903 2361/2904 2375/2893 2364/2892
f 2355/2903 2364/2892 2373/2899 2367/2901
f 2355/2903 2367/2901 2369/2875 2357/2874
f 2356/2905 2365/2896 2376/2895 2362/2906
f 2356/2905 2362/2906 2372/2879 2359/2878
f 2356/2905 2359/2878 2370/2877 2368/2902
f 2356/2905 2368/2902 2374/2897 2365/2896
f 2377/2907 2383/2908 2395/2909 2384/2910
f 2377/2907 2384/2910 2396/2911 2385/2912
f 2377/2907 2385/2912 2398/2913 2386/2914
f 2377/2907 2386/2914 2397/2915 2383/2908
f 2378/2916 2387/2917 2397/2918 2386/2919
f 2378/2916 2386/2919 2398/2920 2388/2921
f 2378/2916 2388/2921 2402/2922 2389/2923
f 2378/2916 2389/2923 2401/2924 2387/2917
f 2379/2925 2390/2926 2401/2927 2389/2928
f 2379/2925 2389/2928 2402/2929 2391/2930
f 2379/2925 2391/2930 2400/2931 2392/2932
f 2379/2925 2392/2932 2399/2933 2390/2926
f 2380/2934 2393/2935 2399/2933 2392/2932
f 2380/2934 2392/2932 2400/2931 2394/2936
f 2380/2934 2394/2936 2396/2911 2384/2910
f 2380/2934 2384/2910 2395/2909 2393/2935
f 2381/2937 2383/2908 2397/2915 2387/2938
f 2381/2937 2387/2938 2401/2927 2390/2926
f 2381/2937 2390/2926 2399/2933 2393/2935
f 2381/2937 2393/2935 2395/2909 2383/2908
f 2382/2939 2391/2930 2402/2929 2388/2940
f 2382/2939 2388/2940 2398/2913 2385/2912
f 2382/2939 2385/2912 2396/2911 2394/2936
f 2382/2939 2394/2936 2400/2931 2391/2930
f 2403/2941 2409/2942 2421/2943 2410/2944
f 2403/2941 2410/2944 2422/2945 2411/2946
f 2403/2941 2411/2946 2424/2947 2412/2948
f 2403/2941 2412/2948 2423/2949 2409/2942
f 2404/2950 2413/2951 2423/2952 2412/2953
f 2404/2950 2412/2953 2424/2954 2414/2955
f 2404/2950 2414/2955 2428/2956 2415/2957
f 2404/2950 2415/2957 2427/2958 2413/2951
f 2405/2959 2416/2960 2427/2961 2415/2962
f 2405/2959 2415/2962 2428/2963 2417/2964
f 2405/2959 2417/2964 2426/2965 2418/2966
f 2405/2959 2418/2966 2425/2967 2416/2960
f 2406/2968 2419/2969 2425/2967 2418/2966
f 2406/2968 2418/2966 2426/2965 2420/2970
f 2406/2968 2420/2970 2422/2945 2410/2944
f 2406/2968 2410/2944 2421/2943 2419/2969
f 2407/2971 2409/2942 2423/2949 2413/2972
f 2407/2971 2413/2972 2427/2961 2416/2960
f 2407/2971 2416/2960 2425/2967 2419/2969
f 2407/2971 2419/2969 2421/2943 2409/2942
f 2408/2973 2417/2964 2428/2963 2414/2974
f 2408/2973 2414/2974 2424/2947 2411/2946
f 2408/2973 2411/2946 2422/2945 2420/2970
f 2408/2973 2420/2970 2426/2965 2417/2964
f 2429/2975 2435/2976 2447/2977 2436/2978
f 2429/2975 2436/2978 2448/2979 2437/2980
f 2429/2975 2437/2980 2450/2981 2438/2982
f 2429/2975 2438/2982 2449/2983 2435/2976
f 2430/2984 2439/2985 2449/2986 2438/2987
f 2430/2984 2438/2987 2450/2988 2440/2989
f 2430/2984 2440/2989 2454/2990 2441/2991
f 2430/2984 2441/2991 2453/2992 2439/2985
f 2431/2993 2442/2994 2453/2995 2441/2996
f 2431/2993 2441/2996 2454/2997 2443/2998
f 2431/2993 2443/2998 2452/2999 2444/3000
f 2431/2993 2444/3000 2451/3001 2442/2994
f 2432/3002 2445/3003 2451/3001 2444/3000
f 2432/3002 2444/3000 2452/2999 2446/3004
f 2432/3002 2446/3004 2448/2979 2436/2978
f 2432/3002 2436/2978 2447/2977 2445/3003
f 2433/3005 2435/2976 2449/2983 2439/3006
f 2433/3005 2439/3006 2453/2995 2442/2994
f 2433/3005 2442/2994 2451/3001 2445/3003
f 2433/3005 2445/3003 2447/2977 2435/2976
f 2434/3007 2443/2998 2454/2997 2440/3008
f 2434/3007 2440/3008 2450/2981 2437/2980
f 2434/3007 2437/2980 2448/2979 2446/3004
f 2434/3007 2446/3004 2452/2999 2443/2998
f 2455/3009 2461/3010 2473/3011 2462/3012
f 2455/3009 2462/3012 2474/3013 2463/3014
f 2455/3009 2463/3014 2476/3015 2464/3016
f 2455/3009 2464/3016 2475/3017 2461/3010
f 2456/3018 2465/3019 2475/3020 2464/3021
f 2456/3018 2464/3021 2476/3022 2466/3023
f 2456/3018 2466/3023 2480/3024 2467/3025
f 2456/3018 2467/3025 2479/3026 2465/3019
f 2457/3027 2468/3028 2479/3029 2467/3030
f 2457/3027 2467/3030 2480/3031 2469/3032
f 2457/3027 2469/3032 2478/3033 2470/3034
f 2457/3027 2470/3034 2477/3035 2468/3028
f 2458/3036 2471/3037 2477/3035 2470/3034
f 2458/3036 2470/3034 2478/3033 2472/3038
f 2458/3036 2472/3038 2474/3013 2462/3012
f 2458/3036 2462/3012 2473/3011 2471/3037
f 2459/3039 2461/3010 2475/3017 2465/3040
f 2459/3039 2465/3040 2479/3029 2468/3028
f 2459/3039 2468/3028 2477/3035 2471/3037
f 2459/3039 2471/3037 2473/3011 2461/3010
f 2460/3041 2469/3032 2480/3031 2466/3042
f 2460/3041 2466/3042 2476/3015 2463/3014
f 2460/3041 2463/3014 2474/3013 2472/3038
f 2460/3041 2472/3038 2478/3033 2469/3032
f 2481/3043 2487/3044 2499/3045 2488/3046
f 2481/3043 2488/3046 2500/3047 2489/3048
f 2481/3043 2489/3048 2502/3049 2490/3050
f 2481/3043 2490/3050 2501/3051 2487/3044
f 2482/3052 2491/3053 2501/3054 2490/3055
f 2482/3052 2490/3055 2502/3056 2492/3057
f 2482/3052 2492/3057 2506/3058 2493/3059
f 2482/3052 2493/3059 2505/3060 2491/3053
f 2483/3061 2494/3062 2505/3063 2493/3064
f 2483/3061 2493/3064 2506/3065 2495/3066
f 2483/3061 2495/3066 2504/3067 2496/3068
f 2483/3061 2496/3068 2503/3069 2494/3062
f 2484/3070 2497/3071 2503/3069 2496/3068
f 2484/3070 2496/3068 2504/3067 2498/3072
f 2484/3070 2498/3072 2500/3047 2488/3046
f 2484/3070 2488/3046 2499/3045 2497/3071
f 2485/3073 2487/3044 2501/3051 2491/3074
f 2485/3073 2491/3074 2505/3063 2494/3062
f 2485/3073 2494/3062 2503/3069 2497/3071
f 2485/3073 2497/3071 2499/3045 2487/3044
f 2486/3075 2495/3066 2506/3065 2492/3076
f 2486/3075 2492/3076 2502/3049 2489/3048
f 2486/3075 2489/3048 2500/3047 2498/3072
f 2486/3075 2498/3072 2504/3067 2495/3066
f 2507/3077 2513/3078 2525/3079 2514/3080
f 2507/3077 2514/3080 2526/3081 2515/3082
f 2507/3077 2515/3082 2528/3083 2516/3084
f 2507/3077 2516/3084 2527/3085 2513/3078
f 2508/3086 2517/3087 2527/3088 2516/3089
f 2508/3086 2516/3089 2528/3090 2518/3091
f 2508/3086 2518/3091 2532/3092 2519/3093
f 2508/3086 2519/3093 2531/3094 2517/3087
f 2509/3095 2520/3096 2531/3097 2519/3098
f 2509/3095 2519/3098 2532/3099 2521/3100
f 2509/3095 2521/3100 2530/3101 2522/3102
f 2509/3095 2522/3102 2529/3103 2520/3096
f 2510/3104 2523/3105 2529/3103 2522/3102
f 2510/3104 2522/3102 2530/3101 2524/3106
f 2510/3104 2524/3106 2526/3081 2514/3080
f 2510/3104 2514/3080 2525/3079 2523/3105
f 2511/3107 2513/3078 2527/3085 2517/3108
f 2511/3107 2517/3108 2531/3097 2520/3096
f 2511/3107 2520/3096 2529/3103 2523/3105
f 2511/3107 2523/3105 2525/3079 2513/3078
f 2512/3109 2521/3100 2532/3099 2518/3110
f 2512/3109 2518/3110 2528/3083 2515/3082
f 2512/3109 2515/3082 2526/3081 2524/3106
f 2512/3109 2524/3106 2530/3101 2521/3100
f 2533/3111 2539/3112 2551/3113 2540/3114
f 2533/3111 2540/3114 2552/3115 2541/3116
f 2533/3111 2541/3116 2554/3117 2542/3118
f 2533/3111 2542/3118 2553/3119 2539/3112
f 2534/3120 2543/3121 2553/3122 2542/3123
f 2534/3120 2542/3123 2554/3124 2544/3125
f 2534/3120 2544/3125 2558/3126 2545/3127
f 2534/3120 2545/3127 2557/3128 2543/3121
f 2535/3129 2546/3130 2557/3131 2545/3132
f 2535/3129 2545/3132 2558/3133 2547/3134
f 2535/3129 2547/3134 2556/3135 2548/3136
f 2535/3129 2548/3136 2555/3137 2546/3130
f 2536/3138 2549/3139 2555/3137 2548/3136
f 2536/3138 2548/3136 2556/3135 2550/3140
f 2536/3138 2550/3140 2552/3115 2540/3114
f 2536/3138 2540/3114 2551/3113 2549/3139
f 2537/3141 2539/3112 2553/3119 2543/3142
f 2537/3141 2543/3142 2557/3131 2546/3130
f 2537/3141 2546/3130 2555/3137 2549/3139
f 2537/3141 2549/3139 2551/3113 2539/3112
f 2538/3143 2547/3134 2558/3133 2544/3144
f 2538/3143 2544/3144 2554/3117 2541/3116
f 2538/3143 2541/3116 2552/3115 2550/3140
f 2538/3143 2550/3140 2556/3135 2547/3134
f 2559/3145 2565/3146 2577/3147 2566/3148
f 2559/3145 2566/3148 2578/3149 2567/3150
f 2559/3145 2567/3150 2580/3151 2568/3152
f 2559/3145 2568/3152 2579/3153 2565/3146
f 2560/3154 2569/3155 2579/3156 2568/3157
f 2560/3154 2568/3157 2580/3158 2570/3159
f 2560/3154 2570/3159 2584/3160 2571/3161
f 2560/3154 2571/3161 2583/3162 2569/3155
f 2561/3163 2572/3164 2583/3165 2571/3166
f 2561/3163 2571/3166 2584/3167 2573/3168
f 2561/3163 2573/3168 2582/3169 2574/3170
f 2561/3163 2574/3170 2581/3171 2572/3164
f 2562/3172 2575/3173 2581/3171 2574/3170
f 2562/3172 2574/3170 2582/3169 2576/3174
f 2562/3172 2576/3174 2578/3149 2566/3148
f 2562/3172 2566/3148 2577/3147 2575/3173
f 2563/3175 2565/3146 2579/3153 2569/3176
f 2563/3175 2569/3176 2583/3165 2572/3164
f 2563/3175 2572/3164 2581/3171 2575/3173
f 2563/3175 2575/3173 2577/3147 2565/3146
f 2564/3177 2573/3168 2584/3167 2570/3178
f 2564/3177 2570/3178 2580/3151 2567/3150
f 2564/3177 2567/3150 2578/3149 2576/3174
f 2564/3177 2576/3174 2582/3169 2573/3168
f 2585/3179 2591/3180 2603/3181 2592/3182
f 2585/3179 2592/3182 2604/3183 2593/3184
f 2585/3179 2593/3184 2606/3185 2594/3186
f 2585/3179 2594/3186 2605/3187 2591/3180
f 2586/3188 2595/3189 2605/3190 2594/3191
f 2586/3188 2594/3191 2606/3192 2596/3193
f 2586/3188 2596/3193 2610/3194 2597/3195
f 2586/3188 2597/3195 2609/3196 2595/3189
f 2587/3197 2598/3198 2609/3199 2597/3200
f 2587/3197 2597/3200 2610/3201 2599/3202
f 2587/3197 2599/3202 2608/3203 2600/3204
f 2587/3197 2600/3204 2607/3205 2598/3198
f 2588/3206 2601/3207 2607/3205 2600/3204
f 2588/3206 2600/3204 2608/3203 2602/3208
f 2588/3206 2602/3208 2604/3183 2592/3182
f 2588/3206 2592/3182 2603/3181 2601/3207
f 2589/3209 2591/3180 2605/3187 2595/3210
f 2589/3209 2595/3210 2609/3199 2598/3198
f 2589/3209 2598/3198 2607/3205 2601/3207
f 2589/3209 2601/3207 2603/3181 2591/3180
f 2590/3211 2599/3202 2610/3201 2596/3212
f 2590/3211 2596/3212 2606/3185 2593/3184
f 2590/3211 2593/3184 2604/3183 2602/3208
f 2590/3211 2602/3208 2608/3203 2599/3202
f 2611/3213 2617/3214 2629/3215 2618/3216
f 2611/3213 2618/3216 2630/3217 2619/3218
f 2611/3213 2619/3218 2632/3219 2620/3220
f 2611/3213 2620/3220 2631/3221 2617/3214
f 2612/3222 2621/3223 2631/3224 2620/3225
f 2612/3222 2620/3225 2632/3226 2622/3227
f 2612/3222 2622/3227 2636/3228 2623/3229
f 2612/3222 2623/3229 2635/3230 2621/3223
f 2613/3231 2624/3232 2635/3233 2623/3234
f 2613/3231 2623/3234 2636/3235 2625/3236
f 2613/3231 2625/3236 2634/3237 2626/3238
f 2613/3231 2626/3238 2633/3239 2624/3232
f 2614/3240 2627/3241 2633/3239 2626/3238
f 2614/3240 2626/3238 2634/3237 2628/3242
f 2614/3240 2628/3242 2630/3217 2618/3216
f 2614/3240 2618/3216 2629/3215 2627/3241
f 2615/3243 2617/3214 2631/3221 2621/3244
f 2615/3243 2621/3244 2635/3233 2624/3232
f 2615/3243 2624/3232 2633/3239 2627/3241
f 2615/3243 2627/3241 2629/3215 2617/3214
f 2616/3245 2625/3236 2636/3235 2622/3246
f 2616/3245 2622/3246 2632/3219 2619/3218
f 2616/3245 2619/3218 2630/3217 2628/3242
f 2616/3245 2628/3242 2634/3237 2625/3236
f 2637/3247 2643/3248 2655/3249 2644/3250
f 2637/3247 2644/3250 2656/3251 2645/3252
f 2637/3247 2645/3252 2658/3253 2646/3254
f 2637/3247 2646/3254 2657/3255 2643/3248
f 2638/3256 2647/3257 2657/3258 2646/3259
f 2638/3256 2646/3259 2658/3260 2648/3261
f 2638/3256 2648/3261 2662/3262 2649/3263
f 2638/3256 2649/3263 2661/3264 2647/3257
f 2639/3265 2650/3266 2661/3267 2649/3268
f 2639/3265 2649/3268 2662/3269 2651/3270
f 2639/3265 2651/3270 2660/3271 2652/3272
f 2639/3265 2652/3272 2659/3273 2650/3266
f 2640/3274 2653/3275 2659/3273 2652/3272
f 2640/3274 2652/3272 2660/3271 2654/3276
f 2640/3274 2654/3276 2656/3251 2644/3250
f 2640/3274 2644/3250 2655/3249 2653/3275
f 2641/3277 2643/3248 2657/3255 2647/3278
f 2641/3277 2647/3278 2661/3267 2650/3266
f 2641/3277 2650/3266 2659/3273 2653/3275
f 2641/3277 2653/3275 2655/3249 2643/3248
f 2642/3279 2651/3270 2662/3269 2648/3280
f 2642/3279 2648/3280 2658/3253 2645/3252
f 2642/3279 2645/3252 2656/3251 2654/3276
f 2642/3279 2654/3276 2660/3271 2651/3270
f 2663/3281 2669/3282 2681/3283 2670/3284
f 2663/3281 2670/3284 2682/3285 2671/3286
f 2663/3281 2671/3286 2684/3287 2672/3288
f 2663/3281 2672/3288 2683/3289 2669/3282
f 2664/3290 2673/3291 2683/3292 2672/3293
f 2664/3290 2672/3293 2684/3294 2674/3295
f 2664/3290 2674/3295 2688/3296 2675/3297
f 2664/3290 2675/3297 2687/3298 2673/3291
f 2665/3299 2676/3300 2687/3301 2675/3302
f 2665/3299 2675/3302 2688/3303 2677/3304
f 2665/3299 2677/3304 2686/3305 2678/3306
f 2665/3299 2678/3306 2685/3307 2676/3300
f 2666/3308 2679/3309 2685/3307 2678/3306
f 2666/3308 2678/3306 2686/3305 2680/3310
f 2666/3308 2680/3310 2682/3285 2670/3284
f 2666/3308 2670/3284 2681/3283 2679/3309
f 2667/3311 2669/3282 2683/3289 2673/3312
f 2667/3311 2673/3312 2687/3301 2676/3300
f 2667/3311 2676/3300 2685/3307 2679/3309
f 2667/3311 2679/3309 2681/3283 2669/3282
f 2668/3313 2677/3304 2688/3303 2674/3314
f 2668/3313 2674/3314 2684/3287 2671/3286
f 2668/3313 2671/3286 2682/3285 2680/3310
f 2668/3313 2680/3310 2686/3305 2677/3304
f 2689/3315 2695/3316 2707/3317 2696/3318
f 2689/3315 2696/3318 2708/3319 2697/3320
f 2689/3315 2697/3320 2710/3321 2698/3322
f 2689/3315 2698/3322 2709/3323 2695/3316
f 2690/3324 2699/3325 2709/3326 2698/3327
f 2690/3324 2698/3327 2710/3328 2700/3329
f 2690/3324 2700/3329 2714/3330 2701/3331
f 2690/3324 2701/3331 2713/3332 2699/3325
f 2691/3333 2702/3334 2713/3335 2701/3336
f 2691/3333 2701/3336 2714/3337 2703/3338
f 2691/3333 2703/3338 2712/3339 2704/3340
f 2691/3333 2704/3340 2711/3341 2702/3334
f 2692/3342 2705/3343 2711/3341 2704/3340
f 2692/3342 2704/3340 2712/3339 2706/3344
f 2692/3342 2706/3344 2708/3319 2696/3318
f 2692/3342 2696/3318 2707/3317 2705/3343
f 2693/3345 2695/3316 2709/3323 2699/3346
f 2693/3345 2699/3346 2713/3335 2702/3334
f 2693/3345 2702/3334 2711/3341 2705/3343
f 2693/3345 2705/3343 2707/3317 2695/3316
f 2694/3347 2703/3338 2714/3337 2700/3348
f 2694/3347 2700/3348 2710/3321 2697/3320
f 2694/3347 2697/3320 2708/3319 2706/3344
f 2694/3347 2706/3344 2712/3339 2703/3338
f 2715/3349 2721/3350 2733/3351 2722/3352
f 2715/3349 2722/3352 2734/3353 2723/3354
f 2715/3349 2723/3354 2736/3355 2724/3356
f 2715/3349 2724/3356 2735/3357 2721/3350
f 2716/3358 2725/3359 2735/3360 2724/3361
f 2716/3358 2724/3361 2736/3362 2726/3363
f 2716/3358 2726/3363 2740/3364 2727/3365
f 2716/3358 2727/3365 2739/3366 2725/3359
f 2717/3367 2728/3368 2739/3369 2727/3370
f 2717/3367 2727/3370 2740/3371 2729/3372
f 2717/3367 2729/3372 2738/3373 2730/3374
f 2717/3367 2730/3374 2737/3375 2728/3368
f 2718/3376 2731/3377 2737/3375 2730/3374
f 2718/3376 2730/3374 2738/3373 2732/3378
f 2718/3376 2732/3378 2734/3353 2722/3352
f 2718/3376 2722/3352 2733/3351 2731/3377
f 2719/3379 2721/3350 2735/3357 2725/3380
f 2719/3379 2725/3380 2739/3369 2728/3368
f 2719/3379 2728/3368 2737/3375 2731/3377
f 2719/3379 2731/3377 2733/3351 2721/3350
f 2720/3381 2729/3372 2740/3371 2726/3382
f 2720/3381 2726/3382 2736/3355 2723/3354
f 2720/3381 2723/3354 2734/3353 2732/3378
f 2720/3381 2732/3378 2738/3373 2729/3372
f 2741/3383 2747/3384 2759/3385 2748/3386
f 2741/3383 2748/3386 2760/3387 2749/3388
f 2741/3383 2749/3388 2762/3389 2750/3390
f 2741/3383 2750/3390 2761/3391 2747/3384
f 2742/3392 2751/3393 2761/3394 2750/3395
f 2742/3392 2750/3395 2762/3396 2752/3397
f 2742/3392 2752/3397 2766/3398 2753/3399
f 2742/3392 2753/3399 2765/3400 2751/3393
f 2743/3401 2754/3402 2765/3403 2753/3404
f 2743/3401 2753/3404 2766/3405 2755/3406
f 2743/3401 2755/3406 2764/3407 2756/3408
f 2743/3401 2756/3408 2763/3409 2754/3402
f 2744/3410 2757/3411 2763/3409 2756/3408
f 2744/3410 2756/3408 2764/3407 2758/3412
f 2744/3410 2758/3412 2760/3387 2748/3386
f 2744/3410 2748/3386 2759/3385 2757/3411
f 2745/3413 2747/3384 2761/3391 2751/3414
f 2745/3413 2751/3414 2765/3403 2754/3402
f 2745/3413 2754/3402 2763/3409 2757/3411
f 2745/3413 2757/3411 2759/3385 2747/3384
f 2746/3415 2755/3406 2766/3405 2752/3416
f 2746/3415 2752/3416 2762/3389 2749/3388
f 2746/3415 2749/3388 2760/3387 2758/3412
f 2746/3415 2758/3412 2764/3407 2755/3406
f 2767/3417 2773/3418 2785/3419 2774/3420
f 2767/3417 2774/3420 2786/3421 2775/3422
f 2767/3417 2775/3422 2788/3423 2776/3424
f 2767/3417 2776/3424 2787/3425 2773/3418
f 2768/3426 2777/3427 2787/3428 2776/3429
f 2768/3426 2776/3429 2788/3430 2778/3431
f 2768/3426 2778/3431 2792/3432 2779/3433
f 2768/3426 2779/3433 2791/3434 2777/3427
f 2769/3435 2780/3436 2791/3437 2779/3438
f 2769/3435 2779/3438 2792/3439 2781/3440
f 2769/3435 2781/3440 2790/3441 2782/3442
f 2769/3435 2782/3442 2789/3443 2780/3436
f 2770/3444 2783/3445 2789/3443 2782/3442
f 2770/3444 2782/3442 2790/3441 2784/3446
f 2770/3444 2784/3446 2786/3421 2774/3420
f 2770/3444 2774/3420 2785/3419 2783/3445
f 2771/3447 2773/3418 2787/3425 2777/3448
f 2771/3447 2777/3448 2791/3437 2780/3436
f 2771/3447 2780/3436 2789/3443 2783/3445
f 2771/3447 2783/3445 2785/3419 2773/3418
f 2772/3449 2781/3440 2792/3439 2778/3450
f 2772/3449 2778/3450 2788/3423 2775/3422
f 2772/3449 2775/3422 2786/3421 2784/3446
f 2772/3449 2784/3446 2790/3441 2781/3440
f 2793/3451 2799/3452 2811/3453 2800/3454
f 2793/3451 2800/3454 2812/3455 2801/3456
f 2793/3451 2801/3456 2814/3457 2802/3458
f 2793/3451 2802/3458 2813/3459 2799/3452
f 2794/3460 2803/3461 2813/3462 2802/3463
f 2794/3460 2802/3463 2814/3464 2804/3465
f 2794/3460 2804/3465 2818/3466 2805/3467
f 2794/3460 2805/3467 2817/3468 2803/3461
f 2795/3469 2806/3470 2817/3471 2805/3472
f 2795/3469 2805/3472 2818/3473 2807/3474
f 2795/3469 2807/3474 2816/3475 2808/3476
f 2795/3469 2808/3476 2815/3477 2806/3470
f 2796/3478 2809/3479 2815/3477 2808/3476
f 2796/3478 2808/3476 2816/3475 2810/3480
f 2796/3478 2810/3480 2812/3455 2800/3454
f 2796/3478 2800/3454 2811/3453 2809/3479
f 2797/3481 2799/3452 2813/3459 2803/3482
f 2797/3481 2803/3482 2817/3471 2806/3470
f 2797/3481 2806/3470 2815/3477 2809/3479
f 2797/3481 2809/3479 2811/3453 2799/3452
f 2798/3483 2807/3474 2818/3473 2804/3484
f 2798/3483 2804/3484 2814/3457 2801/3456
f 2798/3483 2801/3456 2812/3455 2810/3480
f 2798/3483 2810/3480 2816/3475 2807/3474
f 2819/3485 2825/3486 2837/3487 2826/3488
f 2819/3485 2826/3488 2838/3489 2827/3490
f 2819/3485 2827/3490 2840/3491 2828/3492
f 2819/3485 2828/3492 2839/3493 2825/3486
f 2820/3494 2829/3495 2839/3496 2828/3497
f 2820/3494 2828/3497 2840/3498 2830/3499
f 2820/3494 2830/3499 2844/3500 2831/3501
f 2820/3494 2831/3501 2843/3502 2829/3495
f 2821/3503 2832/3504 2843/3505 2831/3506
f 2821/3503 2831/3506 2844/3507 2833/3508
f 2821/3503 2833/3508 2842/3509 2834/3510
f 2821/3503 2834/3510 2841/3511 2832/3504
f 2822/3512 2835/3513 2841/3511 2834/3510
f 2822/3512 2834/3510 2842/3509 2836/3514
f 2822/3512 2836/3514 2838/3489 2826/3488
f 2822/3512 2826/3488 2837/3487 2835/3513
f 2823/3515 2825/3486 2839/3493 2829/3516
f 2823/3515 2829/3516 2843/3505 2832/3504
f 2823/3515 2832/3504 2841/3511 2835/3513
f 2823/3515 2835/3513 2837/3487 2825/3486
f 2824/3517 2833/3508 2844/3507 2830/3518
f 2824/3517 2830/3518 2840/3491 2827/3490
f 2824/3517 2827/3490 2838/3489 2836/3514
f 2824/3517 2836/3514 2842/3509 2833/3508
f 2845/3519 2851/3520 2863/3521 2852/3522
f 2845/3519 2852/3522 2864/3523 2853/3524
f 2845/3519 2853/3524 2866/3525 2854/3526
f 2845/3519 2854/3526 2865/3527 2851/3520
f 2846/3528 2855/3529 2865/3530 2854/3531
f 2846/3528 2854/3531 2866/3532 2856/3533
f 2846/3528 2856/3533 2870/3534 2857/3535
f 2846/3528 2857/3535 2869/3536 2855/3529
f 2847/3537 2858/3538 2869/3539 2857/3540
f 2847/3537 2857/3540 2870/3541 2859/3542
f 2847/3537 2859/3542 2868/3543 2860/3544
f 2847/3537 2860/3544 2867/3545 2858/3538
f 2848/3546 2861/3547 2867/3545 2860/3544
f 2848/3546 2860/3544 2868/3543 2862/3548
f 2848/3546 2862/3548 2864/3523 2852/3522
f 2848/3546 2852/3522 2863/3521 2861/3547
f 2849/3549 2851/3520 2865/3527 2855/3550
f 2849/3549 2855/3550 2869/3539 2858/3538
f 2849/3549 2858/3538 2867/3545 2861/3547
f 2849/3549 2861/3547 2863/3521 2851/3520
f 2850/3551 2859/3542 2870/3541 2856/3552
f 2850/3551 2856/3552 2866/3525 2853/3524
f 2850/3551 2853/3524 2864/3523 2862/3548
f 2850/3551 2862/3548 2868/3543 2859/3542
f 2871/3553 2877/3554 2889/3555 2878/3556
f 2871/3553 2878/3556 2890/3557 2879/3558
f 2871/3553 2879/3558 2892/3559 2880/3560
f 2871/3553 2880/3560 2891/3561 2877/3554
f 2872/3562 2881/3563 2891/3564 2880/3565
f 2872/3562 2880/3565 2892/3566 2882/3567
f 2872/3562 2882/3567 2896/3568 2883/3569
f 2872/3562 2883/3569 2895/3570 2881/3563
f 2873/3571 2884/3572 2895/3573 2883/3574
f 2873/3571 2883/3574 2896/3575 2885/3576
f 2873/3571 2885/3576 2894/3577 2886/3578
f 2873/3571 2886/3578 2893/3579 2884/3572
f 2874/3580 2887/3581 2893/3579 2886/3578
f 2874/3580 2886/3578 2894/3577 2888/3582
f 2874/3580 2888/3582 2890/3557 2878/3556
f 2874/3580 2878/3556 2889/3555 2887/3581
f 2875/3583 2877/3554 2891/3561 2881/3584
f 2875/3583 2881/3584 2895/3573 2884/3572
f 2875/3583 2884/3572 2893/3579 2887/3581
f 2875/3583 2887/3581 2889/3555 2877/3554
f 2876/3585 2885/3576 2896/3575 2882/3586
f 2876/3585 2882/3586 2892/3559 2879/3558
f 2876/3585 2879/3558 2890/3557 2888/3582
f 2876/3585 2888/3582 2894/3577 2885/3576
f 2897/3587 2903/3588 2915/3589 2904/3590
f 2897/3587 2904/3590 2916/3591 2905/3592
f 2897/3587 2905/3592 2918/3593 2906/3594
f 2897/3587 2906/3594 2917/3595 2903/3588
f 2898/3596 2907/3597 2917/3598 2906/3599
f 2898/3596 2906/3599 2918/3600 2908/3601
f 2898/3596 2908/3601 2922/3602 2909/3603
f 2898/3596 2909/3603 2921/3604 2907/3597
f 2899/3605 2910/3606 2921/3607 2909/3608
f 2899/3605 2909/3608 2922/3609 2911/3610
f 2899/3605 2911/3610 2920/3611 2912/3612
f 2899/3605 2912/3612 2919/3613 2910/3606
f 2900/3614 2913/3615 2919/3613 2912/3612
f 2900/3614 2912/3612 2920/3611 2914/3616
f 2900/3614 2914/3616 2916/3591 2904/3590
f 2900/3614 2904/3590 2915/3589 2913/3615
f 2901/3617 2903/3588 2917/3595 2907/3618
f 2901/3617 2907/3618 2921/3607 2910/3606
f 2901/3617 2910/3606 2919/3613 2913/3615
f 2901/3617 2913/3615 2915/3589 2903/3588
f 2902/3619 2911/3610 2922/3609 2908/3620
f 2902/3619 2908/3620 2918/3593 2905/3592
f 2902/3619 2905/3592 2916/3591 2914/3616
f 2902/3619 2914/3616 2920/3611 2911/3610
f 2923/3621 2929/3622 2941/3623 2930/3624
f 2923/3621 2930/3624 2942/3625 2931/3626
f 2923/3621 2931/3626 2944/3627 2932/3628
f 2923/3621 2932/3628 2943/3629 2929/3622
f 2924/3630 2933/3631 2943/3632 2932/3633
f 2924/3630 2932/3633 2944/3634 2934/3635
f 2924/3630 2934/3635 2948/3636 2935/3637
f 2924/3630 2935/3637 2947/3638 2933/3631
f 2925/3639 2936/3640 2947/3641 2935/3642
f 2925/3639 2935/3642 2948/3643 2937/3644
f 2925/3639 2937/3644 2946/3645 2938/3646
f 2925/3639 2938/3646 2945/3647 2936/3640
f 2926/3648 2939/3649 2945/3647 2938/3646
f 2926/3648 2938/3646 2946/3645 2940/3650
f 2926/3648 2940/3650 2942/3625 2930/3624
f 2926/3648 2930/3624 2941/3623 2939/3649
f 2927/3651 2929/3622 2943/3629 2933/3652
f 2927/3651 2933/3652 2947/3641 2936/3640
f 2927/3651 2936/3640 2945/3647 2939/3649
f 2927/3651 2939/3649 2941/3623 2929/3622
f 2928/3653 2937/3644 2948/3643 2934/3654
f 2928/3653 2934/3654 2944/3627 2931/3626
f 2928/3653 2931/3626 2942/3625 2940/3650
f 2928/3653 2940/3650 2946/3645 2937/3644
f 2949/3655 2955/3656 2967/3657 2956/3658
f 2949/3655 2956/3658 2968/3659 2957/3660
f 2949/3655 2957/3660 2970/3661 2958/3662
f 2949/3655 2958/3662 2969/3663 2955/3656
f 2950/3664 2959/3665 2969/3666 2958/3667
f 2950/3664 2958/3667 2970/3668 2960/3669
f 2950/3664 2960/3669 2974/3670 2961/3671
f 2950/3664 2961/3671 2973/3672 2959/3665
f 2951/3673 2962/3674 2973/3675 2961/3676
f 2951/3673 2961/3676 2974/3677 2963/3678
f 2951/3673 2963/3678 2972/3679 2964/3680
f 2951/3673 2964/3680 2971/3681 2962/3674
f 2952/3682 2965/3683 2971/3681 2964/3680
f 2952/3682 2964/3680 2972/3679 2966/3684
f 2952/3682 2966/3684 2968/3659 2956/3658
f 2952/3682 2956/3658 2967/3657 2965/3683
f 2953/3685 2955/3656 2969/3663 2959/3686
f 2953/3685 2959/3686 2973/3675 2962/3674
f 2953/3685 2962/3674 2971/3681 2965/3683
f 2953/3685 2965/3683 2967/3657 2955/3656
f 2954/3687 2963/3678 2974/3677 2960/3688
f 2954/3687 2960/3688 2970/3661 2957/3660
f 2954/3687 2957/3660 2968/3659 2966/3684
f 2954/3687 2966/3684 2972/3679 2963/3678
f 2975/3689 2981/3690 2993/3691 2982/3692
f 2975/3689 2982/3692 2994/3693 2983/3694
f 2975/3689 2983/3694 2996/3695 2984/3696
f 2975/3689 2984/3696 2995/3697 2981/3690
f 2976/3698 2985/3699 2995/3700 2984/3701
f 2976/3698 2984/3701 2996/3702 2986/3703
f 2976/3698 2986/3703 3000/3704 2987/3705
f 2976/3698 2987/3705 2999/3706 2985/3699
f 2977/3707 2988/3708 2999/3709 2987/3710
f 2977/3707 2987/3710 3000/3711 2989/3712
f 2977/3707 2989/3712 2998/3713 2990/3714
f 2977/3707 2990/3714 2997/3715 2988/3708
f 2978/3716 2991/3717 2997/3715 2990/3714
f 2978/3716 2990/3714 2998/3713 2992/3718
f 2978/3716 2992/3718 2994/3693 2982/3692
f 2978/3716 2982/3692 2993/3691 2991/3717
f 2979/3719 2981/3690 2995/3697 2985/3720
f 2979/3719 2985/3720 2999/3709 2988/3708
f 2979/3719 2988/3708 2997/3715 2991/3717
f 2979/3719 2991/3717 2993/3691 2981/3690
f 2980/3721 2989/3712 3000/3711 2986/3722
f 2980/3721 2986/3722 2996/3695 2983/3694
f 2980/3721 2983/3694 2994/3693 2992/3718
f 2980/3721 2992/3718 2998/3713 2989/3712
f 3001/3723 3007/3724 3019/3725 3008/3726
f 3001/3723 3008/3726 3020/3727 3009/3728
f 3001/3723 3009/3728 3022/3729 3010/3730
f 3001/3723 3010/3730 3021/3731 3007/3724
f 3002/3732 3011/3733 3021/3734 3010/3735
f 3002/3732 3010/3735 3022/3736 3012/3737
f 3002/3732 3012/3737 3026/3738 3013/3739
f 3002/3732 3013/3739 3025/3740 3011/3733
f 3003/3741 3014/3742 3025/3743 3013/3744
f 3003/3741 3013/3744 3026/3745 3015/3746
f 3003/3741 3015/3746 3024/3747 3016/3748
f 3003/3741 3016/3748 3023/3749 3014/3742
f 3004/3750 3017/3751 3023/3749 3016/3748
f 3004/3750 3016/3748 3024/3747 3018/3752
f 3004/3750 3018/3752 3020/3727 3008/3726
f 3004/3750 3008/3726 3019/3725 3017/3751
f 3005/3753 3007/3724 3021/3731 3011/3754
f 3005/3753 3011/3754 3025/3743 3014/3742
f 3005/3753 3014/3742 3023/3749 3017/3751
f 3005/3753 3017/3751 3019/3725 3007/3724
f 3006/3755 3015/3746 3026/3745 3012/3756
f 3006/3755 3012/3756 3022/3729 3009/3728
f 3006/3755 3009/3728 3020/3727 3018/3752
f 3006/3755 3018/3752 3024/3747 3015/3746
f 3027/3757 3033/3758 3045/3759 3034/3760
f 3027/3757 3034/3760 3046/3761 3035/3762
f 3027/3757 3035/3762 3048/3763 3036/3764
f 3027/3757 3036/3764 3047/3765 3033/3758
f 3028/3766 3037/3767 3047/3768 3036/3769
f 3028/3766 3036/3769 3048/3770 3038/3771
f 3028/3766 3038/3771 3052/3772 3039/3773
f 3028/3766 3039/3773 3051/3774 3037/3767
f 3029/3775 3040/3776 3051/3777 3039/3778
f 3029/3775 3039/3778 3052/3779 3041/3780
f 3029/3775 3041/3780 3050/3781 3042/3782
f 3029/3775 3042/3782 3049/3783 3040/3776
f 3030/3784 3043/3785 3049/3783 3042/3782
f 3030/3784 3042/3782 3050/3781 3044/3786
f 3030/3784 3044/3786 3046/3761 3034/3760
f 3030/3784 3034/3760 3045/3759 3043/3785
f 3031/3787 3033/3758 3047/3765 3037/3788
f 3031/3787 3037/3788 3051/3777 3040/3776
f 3031/3787 3040/3776 3049/3783 3043/3785
f 3031/3787 3043/3785 3045/3759 3033/3758
f 3032/3789 3041/3780 3052/3779 3038/3790
f 3032/3789 3038/3790 3048/3763 3035/3762
f 3032/3789 3035/3762 3046/3761 3044/3786
f 3032/3789 3044/3786 3050/3781 3041/3780
f 3053/3791 3059/3792 3071/3793 3060/3794
f 3053/3791 3060/3794 3072/3795 3061/3796
f 3053/3791 3061/3796 3074/3797 3062/3798
f 3053/3791 3062/3798 3073/3799 3059/3792
f 3054/3800 3063/3801 3073/3802 3062/3803
f 3054/3800 3062/3803 3074/3804 3064/3805
f 3054/3800 3064/3805 3078/3806 3065/3807
f 3054/3800 3065/3807 3077/3808 3063/3801
f 3055/3809 3066/3810 3077/3811 3065/3812
f 3055/3809 3065/3812 3078/3813 3067/3814
f 3055/3809 3067/3814 3076/3815 3068/3816
f 3055/3809 3068/3816 3075/3817 3066/3810
f 3056/3818 3069/3819 3075/3817 3068/3816
f 3056/3818 3068/3816 3076/3815 3070/3820
f 3056/3818 3070/3820 3072/3795 3060/3794
f 3056/3818 3060/3794 3071/3793 3069/3819
f 3057/3821 3059/3792 3073/3799 3063/3822
f 3057/3821 3063/3822 3077/3811 3066/3810
f 3057/3821 3066/3810 3075/3817 3069/3819
f 3057/3821 3069/3819 3071/3793 3059/3792
f 3058/3823 3067/3814 3078/3813 3064/3824
f 3058/3823 3064/3824 3074/3797 3061/3796
f 3058/3823 3061/3796 3072/3795 3070/3820
f 3058/3823 3070/3820 3076/3815 3067/3814
f 3079/3825 3085/3826 3097/3827 3086/3828
f 3079/3825 3086/3828 3098/3829 3087/3830
f 3079/3825 3087/3830 3100/3831 3088/3832
f 3079/3825 3088/3832 3099/3833 3085/3826
f 3080/3834 3089/3835 3099/3836 3088/3837
f 3080/3834 3088/3837 3100/3838 3090/3839
f 3080/3834 3090/3839 3104/3840 3091/3841
f 3080/3834 3091/3841 3103/3842 3089/3835
f 3081/3843 3092/3844 3103/3845 3091/3846
f 3081/3843 3091/3846 3104/3847 3093/3848
f 3081/3843 3093/3848 3102/3849 3094/3850
f 3081/3843 3094/3850 3101/3851 3092/3844
f 3082/3852 3095/3853 3101/3851 3094/3850
f 3082/3852 3094/3850 3102/3849 3096/3854
f 3082/3852 3096/3854 3098/3829 3086/3828
f 3082/3852 3086/3828 3097/3827 3095/3853
f 3083/3855 3085/3826 3099/3833 3089/3856
f 3083/3855 3089/3856 3103/3845 3092/3844
f 3083/3855 3092/3844 3101/3851 3095/3853
f 3083/3855 3095/3853 3097/3827 3085/3826
f 3084/3857 3093/3848 3104/3847 3090/3858
f 3084/3857 3090/3858 3100/3831 3087/3830
f 3084/3857 3087/3830 3098/3829 3096/3854
f 3084/3857 3096/3854 3102/3849 3093/3848
f 3105/3859 3111/3860 3123/3861 3112/3862
f 3105/3859 3112/3862 3124/3863 3113/3864
f 3105/3859 3113/3864 3126/3865 3114/3866
f 3105/3859 3114/3866 3125/3867 3111/3860
f 3106/3868 3115/3869 3125/3870 3114/3871
f 3106/3868 3114/3871 3126/3872 3116/3873
f 3106/3868 3116/3873 3130/3874 3117/3875
f 3106/3868 3117/3875 3129/3876 3115/3869
f 3107/3877 3118/3878 3129/3879 3117/3880
f 3107/3877 3117/3880 3130/3881 3119/3882
f 3107/3877 3119/3882 3128/3883 3120/3884
f 3107/3877 3120/3884 3127/3885 3118/3878
f 3108/3886 3121/3887 3127/3885 3120/3884
f 3108/3886 3120/3884 3128/3883 3122/3888
f 3108/3886 3122/3888 3124/3863 3112/3862
f 3108/3886 3112/3862 3123/3861 3121/3887
f 3109/3889 3111/3860 3125/3867 3115/3890
f 3109/3889 3115/3890 3129/3879 3118/3878
f 3109/3889 3118/3878 3127/3885 3121/3887
f 3109/3889 3121/3887 3123/3861 3111/3860
f 3110/3891 3119/3882 3130/3881 3116/3892
f 3110/3891 3116/3892 3126/3865 3113/3864
f 3110/3891 3113/3864 3124/3863 3122/3888
f 3110/3891 3122/3888 3128/3883 3119/3882
f 3131/3893 3137/3894 3149/3895 3138/3896
f 3131/3893 3138/3896 3150/3897 3139/3898
f 3131/3893 3139/3898 3152/3899 3140/3900
f 3131/3893 3140/3900 3151/3901 3137/3894
f 3132/3902 3141/3903 3151/3904 3140/3905
f 3132/3902 3140/3905 3152/3906 3142/3907
f 3132/3902 3142/3907 3156/3908 3143/3909
f 3132/3902 3143/3909 3155/3910 3141/3903
f 3133/3911 3144/3912 3155/3913 3143/3914
f 3133/3911 3143/3914 3156/3915 3145/3916
f 3133/3911 3145/3916 3154/3917 3146/3918
f 3133/3911 3146/3918 3153/3919 3144/3912
f 3134/3920 3147/3921 3153/3919 3146/3918
f 3134/3920 3146/3918 3154/3917 3148/3922
f 3134/3920 3148/3922 3150/3897 3138/3896
f 3134/3920 3138/3896 3149/3895 3147/3921
f 3135/3923 3137/3894 3151/3901 3141/3924
f 3135/3923 3141/3924 3155/3913 3144/3912
f 3135/3923 3144/3912 3153/3919 3147/3921
f 3135/3923 3147/3921 3149/3895 3137/3894
f 3136/3925 3145/3916 3156/3915 3142/3926
f 3136/3925 3142/3926 3152/3899 3139/3898
f 3136/3925 3139/3898 3150/3897 3148/3922
f 3136/3925 3148/3922 3154/3917 3145/3916
f 3157/3927 3163/3928 3175/3929 3164/3930
f 3157/3927 3164/3930 3176/3931 3165/3932
f 3157/3927 3165/3932 3178/3933 3166/3934
f 3157/3927 3166/3934 3177/3935 3163/3928
f 3158/3936 3167/3937 3177/3938 3166/3939
f 3158/3936 3166/3939 3178/3940 3168/3941
f 3158/3936 3168/3941 3182/3942 3169/3943
f 3158/3936 3169/3943 3181/3944 3167/3937
f 3159/3945 3170/3946 3181/3947 3169/3948
f 3159/3945 3169/3948 3182/3949 3171/3950
f 3159/3945 3171/3950 3180/3951 3172/3952
f 3159/3945 3172/3952 3179/3953 3170/3946
f 3160/3954 3173/3955 3179/3953 3172/3952
f 3160/3954 3172/3952 3180/3951 3174/3956
f 3160/3954 3174/3956 3176/3931 3164/3930
f 3160/3954 3164/3930 3175/3929 3173/3955
f 3161/3957 3163/3928 3177/3935 3167/3958
f 3161/3957 3167/3958 3181/3947 3170/3946
f 3161/3957 3170/3946 3179/3953 3173/3955
f 3161/3957 3173/3955 3175/3929 3163/3928
f 3162/3959 3171/3950 3182/3949 3168/3960
f 3162/3959 3168/3960 3178/3933 3165/3932
f 3162/3959 3165/3932 3176/3931 3174/3956
f 3162/3959 3174/3956 3180/3951 3171/3950
f 3183/3961 3189/3962 3201/3963 3190/3964
f 3183/3961 3190/3964 3202/3965 3191/3966
f 3183/3961 3191/3966 3204/3967 3192/3968
f 3183/3961 3192/3968 3203/3969 3189/3962
f 3184/3970 3193/3971 3203/3972 3192/3973
f 3184/3970 3192/3973 3204/3974 3194/3975
f 3184/3970 3194/3975 3208/3976 3195/3977
f 3184/3970 3195/3977 3207/3978 3193/3971
f 3185/3979 3196/3980 3207/3981 3195/3982
f 3185/3979 3195/3982 3208/3983 3197/3984
f 3185/3979 3197/3984 3206/3985 3198/3986
f 3185/3979 3198/3986 3205/3987 3196/3980
f 3186/3988 3199/3989 3205/3987 3198/3986
f 3186/3988 3198/3986 3206/3985 3200/3990
f 3186/3988 3200/3990 3202/3965 3190/3964
f 3186/3988 3190/3964 3201/3963 3199/3989
f 3187/3991 3189/3962 3203/3969 3193/3992
f 3187/3991 3193/3992 3207/3981 3196/3980
f 3187/3991 3196/3980 3205/3987 3199/3989
f 3187/3991 3199/3989 3201/3963 3189/3962
f 3188/3993 3197/3984 3208/3983 3194/3994
f 3188/3993 3194/3994 3204/3967 3191/3966
f 3188/3993 3191/3966 3202/3965 3200/3990
f 3188/3993 3200/3990 3206/3985 3197/3984
f 3209/3995 3215/3996 3227/3997 3216/3998
f 3209/3995 3216/3998 3228/3999 3217/4000
f 3209/3995 3217/4000 3230/4001 3218/4002
f 3209/3995 3218/4002 3229/4003 3215/3996
f 3210/4004 3219/4005 3229/4006 3218/4007
f 3210/4004 3218/4007 3230/4008 3220/4009
f 3210/4004 3220/4009 3234/4010 3221/4011
f 3210/4004 3221/4011 3233/4012 3219/4005
f 3211/4013 3222/4014 3233/4015 3221/4016
f 3211/4013 3221/4016 3234/4017 3223/4018
f 3211/4013 3223/4018 3232/4019 3224/4020
f 3211/4013 3224/4020 3231/4021 3222/4014
f 3212/4022 3225/4023 3231/4021 3224/4020
f 3212/4022 3224/4020 3232/4019 3226/4024
f 3212/4022 3226/4024 3228/3999 3216/3998
f 3212/4022 3216/3998 3227/3997 3225/4023
f 3213/4025 3215/3996 3229/4003 3219/4026
f 3213/4025 3219/4026 3233/4015 3222/4014
f 3213/4025 3222/4014 3231/4021 3225/4023
f 3213/4025 3225/4023 3227/3997 3215/3996
f 3214/4027 3223/4018 3234/4017 3220/4028
f 3214/4027 3220/4028 3230/4001 3217/4000
f 3214/4027 3217/4000 3228/3999 3226/4024
f 3214/4027 3226/4024 3232/4019 3223/4018
f 3235/4029 3241/4030 3253/4031 3242/4032
f 3235/4029 3242/4032 3254/4033 3243/4034
f 3235/4029 3243/4034 3256/4035 3244/4036
f 3235/4029 3244/4036 3255/4037 3241/4030
f 3236/4038 3245/4039 3255/4040 3244/4041
f 3236/4038 3244/4041 3256/4042 3246/4043
f 3236/4038 3246/4043 3260/4044 3247/4045
f 3236/4038 3247/4045 3259/4046 3245/4039
f 3237/4047 3248/4048 3259/4049 3247/4050
f 3237/4047 3247/4050 3260/4051 3249/4052
f 3237/4047 3249/4052 3258/4053 3250/4054
f 3237/4047 3250/4054 3257/4055 3248/4048
f 3238/4056 3251/4057 3257/4055 3250/4054
f 3238/4056 3250/4054 3258/4053 3252/4058
f 3238/4056 3252/4058 3254/4033 3242/4032
f 3238/4056 3242/4032 3253/4031 3251/4057
f 3239/4059 3241/4030 3255/4037 3245/4060
f 3239/4059 3245/4060 3259/4049 3248/4048
f 3239/4059 3248/4048 3257/4055 3251/4057
f 3239/4059 3251/4057 3253/4031 3241/4030
f 3240/4061 3249/4052 3260/4051 3246/4062
f 3240/4061 3246/4062 3256/4035 3243/4034
f 3240/4061 3243/4034 3254/4033 3252/4058
f 3240/4061 3252/4058 3258/4053 3249/4052
f 3261/4063 3267/4064 3279/4065 3268/4066
f 3261/4063 3268/4066 3280/4067 3269/4068
f 3261/4063 3269/4068 3282/4069 3270/4070
f 3261/4063 3270/4070 3281/4071 3267/4064
f 3262/4072 3271/4073 3281/4074 3270/4075
f 3262/4072 3270/4075 3282/4076 3272/4077
f 3262/4072 3272/4077 3286/4078 3273/4079
f 3262/4072 3273/4079 3285/4080 3271/4073
f 3263/4081 3274/4082 3285/4083 3273/4084
f 3263/4081 3273/4084 3286/4085 3275/4086
f 3263/4081 3275/4086 3284/4087 3276/4088
f 3263/4081 3276/4088 3283/4089 3274/4082
f 3264/4090 3277/4091 3283/4089 3276/4088
f 3264/4090 3276/4088 3284/4087 3278/4092
f 3264/4090 3278/4092 3280/4067 3268/4066
f 3264/4090 3268/4066 3279/4065 3277/4091
f 3265/4093 3267/4064 3281/4071 3271/4094
f 3265/4093 3271/4094 3285/4083 3274/4082
f 3265/4093 3274/4082 3283/4089 3277/4091
f 3265/4093 3277/4091 3279/4065 3267/4064
f 3266/4095 3275/4086 3286/4085 3272/4096
f 3266/4095 3272/4096 3282/4069 3269/4068
f 3266/4095 3269/4068 3280/4067 3278/4092
f 3266/4095 3278/4092 3284/4087 3275/4086
f 3287/4097 3293/4098 3305/4099 3294/4100
f 3287/4097 3294/4100 3306/4101 3295/4102
f 3287/4097 3295/4102 3308/4103 3296/4104
f 3287/4097 3296/4104 3307/4105 3293/4098
f 3288/4106 3297/4107 3307/4108 3296/4109
f 3288/4106 3296/4109 3308/4110 3298/4111
f 3288/4106 3298/4111 3312/4112 3299/4113
f 3288/4106 3299/4113 3311/4114 3297/4107
f 3289/4115 3300/4116 3311/4117 3299/4118
f 3289/4115 3299/4118 3312/4119 3301/4120
f 3289/4115 3301/4120 3310/4121 3302/4122
f 3289/4115 3302/4122 3309/4123 3300/4116
f 3290/4124 3303/4125 3309/4123 3302/4122
f 3290/4124 3302/4122 3310/4121 3304/4126
f 3290/4124 3304/4126 3306/4101 3294/4100
f 3290/4124 3294/4100 3305/4099 3303/4125
f 3291/4127 3293/4098 3307/4105 3297/4128
f 3291/4127 3297/4128 3311/4117 3300/4116
f 3291/4127 3300/4116 3309/4123 3303/4125
f 3291/4127 3303/4125 3305/4099 3293/4098
f 3292/4129 3301/4120 3312/4119 3298/4130
f 3292/4129 3298/4130 3308/4103 3295/4102
f 3292/4129 3295/4102 3306/4101 3304/4126
f 3292/4129 3304/4126 3310/4121 3301/4120
f 3313/4131 3319/4132 3331/4133 3320/4134
f 3313/4131 3320/4134 3332/4135 3321/4136
f 3313/4131 3321/4136 3334/4137 3322/4138
f 3313/4131 3322/4138 3333/4139 3319/4132
f 3314/4140 3323/4141 3333/4142 3322/4143
f 3314/4140 3322/4143 3334/4144 3324/4145
f 3314/4140 3324/4145 3338/4146 3325/4147
f 3314/4140 3325/4147 3337/4148 3323/4141
f 3315/4149 3326/4150 3337/4151 3325/4152
f 3315/4149 3325/4152 3338/4153 3327/4154
f 3315/4149 3327/4154 3336/4155 3328/4156
f 3315/4149 3328/4156 3335/4157 3326/4150
f 3316/4158 3329/4159 3335/4157 3328/4156
f 3316/4158 3328/4156 3336/4155 3330/4160
f 3316/4158 3330/4160 3332/4135 3320/4134
f 3316/4158 3320/4134 3331/4133 3329/4159
f 3317/4161 3319/4132 3333/4139 3323/4162
f 3317/4161 3323/4162 3337/4151 3326/4150
f 3317/4161 3326/4150 3335/4157 3329/4159
f 3317/4161 3329/4159 3331/4133 3319/4132
f 3318/4163 3327/4154 3338/4153 3324/4164
f 3318/4163 3324/4164 3334/4137 3321/4136
f 3318/4163 3321/4136 3332/4135 3330/4160
f 3318/4163 3330/4160 3336/4155 3327/4154
f 3339/4165 3345/4166 3357/4167 3346/4168
f 3339/4165 3346/4168 3358/4169 3347/4170
f 3339/4165 3347/4170 3360/4171 3348/4172
f 3339/4165 3348/4172 3359/4173 3345/4166
f 3340/4174 3349/4175 3359/4176 3348/4177
f 3340/4174 3348/4177 3360/4178 3350/4179
f 3340/4174 3350/4179 3364/4180 3351/4181
f 3340/4174 3351/4181 3363/4182 3349/4175
f 3341/4183 3352/4184 3363/4185 3351/4186
f 3341/4183 3351/4186 3364/4187 3353/4188
f 3341/4183 3353/4188 3362/4189 3354/4190
f 3341/4183 3354/4190 3361/4191 3352/4184
f 3342/4192 3355/4193 3361/4191 3354/4190
f 3342/4192 3354/4190 3362/4189 3356/4194
f 3342/4192 3356/4194 3358/4169 3346/4168
f 3342/4192 3346/4168 3357/4167 3355/4193
f 3343/4195 3345/4166 3359/4173 3349/4196
f 3343/4195 3349/4196 3363/4185 3352/4184
f 3343/4195 3352/4184 3361/4191 3355/4193
f 3343/4195 3355/4193 3357/4167 3345/4166
f 3344/4197 3353/4188 3364/4187 3350/4198
f 3344/4197 3350/4198 3360/4171 3347/4170
f 3344/4197 3347/4170 3358/4169 3356/4194
f 3344/4197 3356/4194 3362/4189 3353/4188
f 3365/4199 3371/4200 3383/4201 3372/4202
f 3365/4199 3372/4202 3384/4203 3373/4204
f 3365/4199 3373/4204 3386/4205 3374/4206
f 3365/4199 3374/4206 3385/4207 3371/4200
f 3366/4208 3375/4209 3385/4210 3374/4211
f 3366/4208 3374/4211 3386/4212 3376/4213
f 3366/4208 3376/4213 3390/4214 3377/4215
f 3366/4208 3377/4215 3389/4216 3375/4209
f 3367/4217 3378/4218 3389/4219 3377/4220
f 3367/4217 3377/4220 3390/4221 3379/4222
f 3367/4217 3379/4222 3388/4223 3380/4224
f 3367/4217 3380/4224 3387/4225 3378/4218
f 3368/4226 3381/4227 3387/4225 3380/4224
f 3368/4226 3380/4224 3388/4223 3382/4228
f 3368/4226 3382/4228 3384/4203 3372/4202
f 3368/4226 3372/4202 3383/4201 3381/4227
f 3369/4229 3371/4200 3385/4207 3375/4230
f 3369/4229 3375/4230 3389/4219 3378/4218
f 3369/4229 3378/4218 3387/4225 3381/4227
f 3369/4229 3381/4227 3383/4201 3371/4200
f 3370/4231 3379/4222 3390/4221 3376/4232
f 3370/4231 3376/4232 3386/4205 3373/4204
f 3370/4231 3373/4204 3384/4203 3382/4228
f 3370/4231 3382/4228 3388/4223 3379/4222
f 3391/4233 3397/4234 3409/4235 3398/4236
f 3391/4233 3398/4236 3410/4237 3399/4238
f 3391/4233 3399/4238 3412/4239 3400/4240
f 3391/4233 3400/4240 3411/4241 3397/4234
f 3392/4242 3401/4243 3411/4244 3400/4245
f 3392/4242 3400/4245 3412/4246 3402/4247
f 3392/4242 3402/4247 3416/4248 3403/4249
f 3392/4242 3403/4249 3415/4250 3401/4243
f 3393/4251 3404/4252 3415/4253 3403/4254
f 3393/4251 3403/4254 3416/4255 3405/4256
f 3393/4251 3405/4256 3414/4257 3406/4258
f 3393/4251 3406/4258 3413/4259 3404/4252
f 3394/4260 3407/4261 3413/4259 3406/4258
f 3394/4260 3406/4258 3414/4257 3408/4262
f 3394/4260 3408/4262 3410/4237 3398/4236
f 3394/4260 3398/4236 3409/4235 3407/4261
f 3395/4263 3397/4234 3411/4241 3401/4264
f 3395/4263 3401/4264 3415/4253 3404/4252
f 3395/4263 3404/4252 3413/4259 3407/4261
f 3395/4263 3407/4261 3409/4235 3397/4234
f 3396/4265 3405/4256 3416/4255 3402/4266
f 3396/4265 3402/4266 3412/4239 3399/4238
f 3396/4265 3399/4238 3410/4237 3408/4262
f 3396/4265 3408/4262 3414/4257 3405/4256
f 3417/4267 3423/4268 3435/4269 3424/4270
f 3417/4267 3424/4270 3436/4271 3425/4272
f 3417/4267 3425/4272 3438/4273 3426/4274
f 3417/4267 3426/4274 3437/4275 3423/4268
f 3418/4276 3427/4277 3437/4278 3426/4279
f 3418/4276 3426/4279 3438/4280 3428/4281
f 3418/4276 3428/4281 3442/4282 3429/4283
f 3418/4276 3429/4283 3441/4284 3427/4277
f 3419/4285 3430/4286 3441/4287 3429/4288
f 3419/4285 3429/4288 3442/4289 3431/4290
f 3419/4285 3431/4290 3440/4291 3432/4292
f 3419/4285 3432/4292 3439/4293 3430/4286
f 3420/4294 3433/4295 3439/4293 3432/4292
f 3420/4294 3432/4292 3440/4291 3434/4296
f 3420/4294 3434/4296 3436/4271 3424/4270
f 3420/4294 3424/4270 3435/4269 3433/4295
f 3421/4297 3423/4268 3437/4275 3427/4298
f 3421/4297 3427/4298 3441/4287 3430/4286
f 3421/4297 3430/4286 3439/4293 3433/4295
f 3421/4297 3433/4295 3435/4269 3423/4268
f 3422/4299 3431/4290 3442/4289 3428/4300
f 3422/4299 3428/4300 3438/4273 3425/4272
f 3422/4299 3425/4272 3436/4271 3434/4296
f 3422/4299 3434/4296 3440/4291 3431/4290
f 3443/4301 3449/4302 3461/4303 3450/4304
f 3443/4301 3450/4304 3462/4305 3451/4306
f 3443/4301 3451/4306 3464/4307 3452/4308
f 3443/4301 3452/4308 3463/4309 3449/4302
f 3444/4310 3453/4311 3463/4312 3452/4313
f 3444/4310 3452/4313 3464/4314 3454/4315
f 3444/4310 3454/4315 3468/4316 3455/4317
f 3444/4310 3455/4317 3467/4318 3453/4311
f 3445/4319 3456/4320 3467/4321 3455/4322
f 3445/4319 3455/4322 3468/4323 3457/4324
f 3445/4319 3457/4324 3466/4325 3458/4326
f 3445/4319 3458/4326 3465/4327 3456/4320
f 3446/4328 3459/4329 3465/4327 3458/4326
f 3446/4328 3458/4326 3466/4325 3460/4330
f 3446/4328 3460/4330 3462/4305 3450/4304
f 3446/4328 3450/4304 3461/4303 3459/4329
f 3447/4331 3449/4302 3463/4309 3453/4332
f 3447/4331 3453/4332 3467/4321 3456/4320
f 3447/4331 3456/4320 3465/4327 3459/4329
f 3447/4331 3459/4329 3461/4303 3449/4302
f 3448/4333 3457/4324 3468/4323 3454/4334
f 3448/4333 3454/4334 3464/4307 3451/4306
f 3448/4333 3451/4306 3462/4305 3460/4330
f 3448/4333 3460/4330 3466/4325 3457/4324
f 3469/4335 3475/4336 3487/4337 3476/4338
f 3469/4335 3476/4338 3488/4339 3477/4340
f 3469/4335 3477/4340 3490/4341 3478/4342
f 3469/4335 3478/4342 3489/4343 3475/4336
f 3470/4344 3479/4345 3489/4346 3478/4347
f 3470/4344 3478/4347 3490/4348 3480/4349
f 3470/4344 3480/4349 3494/4350 3481/4351
f 3470/4344 3481/4351 3493/4352 3479/4345
f 3471/4353 3482/4354 3493/4355 3481/4356
f 3471/4353 3481/4356 3494/4357 3483/4358
f 3471/4353 3483/4358 3492/4359 3484/4360
f 3471/4353 3484/4360 3491/4361 3482/4354
f 3472/4362 3485/4363 3491/4361 3484/4360
f 3472/4362 3484/4360 3492/4359 3486/4364
f 3472/4362 3486/4364 3488/4339 3476/4338
f 3472/4362 3476/4338 3487/4337 3485/4363
f 3473/4365 3475/4336 3489/4343 3479/4366
f 3473/4365 3479/4366 3493/4355 3482/4354
f 3473/4365 3482/4354 3491/4361 3485/4363
f 3473/4365 3485/4363 3487/4337 3475/4336
f 3474/4367 3483/4358 3494/4357 3480/4368
f 3474/4367 3480/4368 3490/4341 3477/4340
f 3474/4367 3477/4340 3488/4339 3486/4364
f 3474/4367 3486/4364 3492/4359 3483/4358
f 3495/4369 3501/4370 3513/4371 3502/4372
f 3495/4369 3502/4372 3514/4373 3503/4374
f 3495/4369 3503/4374 3516/4375 3504/4376
f 3495/4369 3504/4376 3515/4377 3501/4370
f 3496/4378 3505/4379 3515/4380 3504/4381
f 3496/4378 3504/4381 3516/4382 3506/4383
f 3496/4378 3506/4383 3520/4384 3507/4385
f 3496/4378 3507/4385 3519/4386 3505/4379
f 3497/4387 3508/4388 3519/4389 3507/4390
f 3497/4387 3507/4390 3520/4391 3509/4392
f 3497/4387 3509/4392 3518/4393 3510/4394
f 3497/4387 3510/4394 3517/4395 3508/4388
f 3498/4396 3511/4397 3517/4395 3510/4394
f 3498/4396 3510/4394 3518/4393 3512/4398
f 3498/4396 3512/4398 3514/4373 3502/4372
f 3498/4396 3502/4372 3513/4371 3511/4397
f 3499/4399 3501/4370 3515/4377 3505/4400
f 3499/4399 3505/4400 3519/4389 3508/4388
f 3499/4399 3508/4388 3517/4395 3511/4397
f 3499/4399 3511/4397 3513/4371 3501/4370
f 3500/4401 3509/4392 3520/4391 3506/4402
f 3500/4401 3506/4402 3516/4375 3503/4374
f 3500/4401 3503/4374 3514/4373 3512/4398
f 3500/4401 3512/4398 3518/4393 3509/4392
f 3521/4403 3527/4404 3539/4405 3528/4406
f 3521/4403 3528/4406 3540/4407 3529/4408
f 3521/4403 3529/4408 3542/4409 3530/4410
f 3521/4403 3530/4410 3541/4411 3527/4404
f 3522/4412 3531/4413 3541/4414 3530/4415
f 3522/4412 3530/4415 3542/4416 3532/4417
f 3522/4412 3532/4417 3546/4418 3533/4419
f 3522/4412 3533/4419 3545/4420 3531/4413
f 3523/4421 3534/4422 3545/4423 3533/4424
f 3523/4421 3533/4424 3546/4425 3535/4426
f 3523/4421 3535/4426 3544/4427 3536/4428
f 3523/4421 3536/4428 3543/4429 3534/4422
f 3524/4430 3537/4431 3543/4429 3536/4428
f 3524/4430 3536/4428 3544/4427 3538/4432
f 3524/4430 3538/4432 3540/4407 3528/4406
f 3524/4430 3528/4406 3539/4405 3537/4431
f 3525/4433 3527/4404 3541/4411 3531/4434
f 3525/4433 3531/4434 3545/4423 3534/4422
f 3525/4433 3534/4422 3543/4429 3537/4431
f 3525/4433 3537/4431 3539/4405 3527/4404
f 3526/4435 3535/4426 3546/4425 3532/4436
f 3526/4435 3532/4436 3542/4409 3529/4408
f 3526/4435 3529/4408 3540/4407 3538/4432
f 3526/4435 3538/4432 3544/4427 3535/4426
f 3547/4437 3553/4438 3565/4439 3554/4440
f 3547/4437 3554/4440 3566/4441 3555/4442
f 3547/4437 3555/4442 3568/4443 3556/4444
f 3547/4437 3556/4444 3567/4445 3553/4438
f 3548/4446 3557/4447 3567/4448 3556/4449
f 3548/4446 3556/4449 3568/4450 3558/4451
f 3548/4446 3558/4451 3572/4452 3559/4453
f 3548/4446 3559/4453 3571/4454 3557/4447
f 3549/4455 3560/4456 3571/4457 3559/4458
f 3549/4455 3559/4458 3572/4459 3561/4460
f 3549/4455 3561/4460 3570/4461 3562/4462
f 3549/4455 3562/4462 3569/4463 3560/4456
f 3550/4464 3563/4465 3569/4463 3562/4462
f 3550/4464 3562/4462 3570/4461 3564/4466
f 3550/4464 3564/4466 3566/4441 3554/4440
f 3550/4464 3554/4440 3565/4439 3563/4465
f 3551/4467 3553/4438 3567/4445 3557/4468
f 3551/4467 3557/4468 3571/4457 3560/4456
f 3551/4467 3560/4456 3569/4463 3563/4465
f 3551/4467 3563/4465 3565/4439 3553/4438
f 3552/4469 3561/4460 3572/4459 3558/4470
f 3552/4469 3558/4470 3568/4443 3555/4442
f 3552/4469 3555/4442 3566/4441 3564/4466
f 3552/4469 3564/4466 3570/4461 3561/4460
f 3573/4471 3579/4472 3591/4473 3580/4474
f 3573/4471 3580/4474 3592/4475 3581/4476
f 3573/4471 3581/4476 3594/4477 3582/4478
f 3573/4471 3582/4478 3593/4479 3579/4472
f 3574/4480 3583/4481 3593/4482 3582/4483
f 3574/4480 3582/4483 3594/4484 3584/4485
f 3574/4480 3584/4485 3598/4486 3585/4487
f 3574/4480 3585/4487 3597/4488 3583/4481
f 3575/4489 3586/4490 3597/4491 3585/4492
f 3575/4489 3585/4492 3598/4493 3587/4494
f 3575/4489 3587/4494 3596/4495 3588/4496
f 3575/4489 3588/4496 3595/4497 3586/4490
f 3576/4498 3589/4499 3595/4497 3588/4496
f 3576/4498 3588/4496 3596/4495 3590/4500
f 3576/4498 3590/4500 3592/4475 3580/4474
f 3576/4498 3580/4474 3591/4473 3589/4499
f 3577/4501 3579/4472 3593/4479 3583/4502
f 3577/4501 3583/4502 3597/4491 3586/4490
f 3577/4501 3586/4490 3595/4497 3589/4499
f 3577/4501 3589/4499 3591/4473 3579/4472
f 3578/4503 3587/4494 3598/4493 3584/4504
f 3578/4503 3584/4504 3594/4477 3581/4476
f 3578/4503 3581/4476 3592/4475 3590/4500
f 3578/4503 3590/4500 3596/4495 3587/4494
f 3599/4505 3605/4506 3617/4507 3606/4508
f 3599/4505 3606/4508 3618/4509 3607/4510
f 3599/4505 3607/4510 3620/4511 3608/4512
f 3599/4505 3608/4512 3619/4513 3605/4506
f 3600/4514 3609/4515 3619/4516 3608/4517
f 3600/4514 3608/4517 3620/4518 3610/4519
f 3600/4514 3610/4519 3624/4520 3611/4521
f 3600/4514 3611/4521 3623/4522 3609/4515
f 3601/4523 3612/4524 3623/4525 3611/4526
f 3601/4523 3611/4526 3624/4527 3613/4528
f 3601/4523 3613/4528 3622/4529 3614/4530
f 3601/4523 3614/4530 3621/4531 3612/4524
f 3602/4532 3615/4533 3621/4531 3614/4530
f 3602/4532 3614/4530 3622/4529 3616/4534
f 3602/4532 3616/4534 3618/4509 3606/4508
f 3602/4532 3606/4508 3617/4507 3615/4533
f 3603/4535 3605/4506 3619/4513 3609/4536
f 3603/4535 3609/4536 3623/4525 3612/4524
f 3603/4535 3612/4524 3621/4531 3615/4533
f 3603/4535 3615/4533 3617/4507 3605/4506
f 3604/4537 3613/4528 3624/4527 3610/4538
f 3604/4537 3610/4538 3620/4511 3607/4510
f 3604/4537 3607/4510 3618/4509 3616/4534
f 3604/4537 3616/4534 3622/4529 3613/4528
f 3625/4539 3631/4540 3643/4541 3632/4542
f 3625/4539 3632/4542 3644/4543 3633/4544
f 3625/4539 3633/4544 3646/4545 3634/4546
f 3625/4539 3634/4546 3645/4547 3631/4540
f 3626/4548 3635/4549 3645/4550 3634/4551
f 3626/4548 3634/4551 3646/4552 3636/4553
f 3626/4548 3636/4553 3650/4554 3637/4555
f 3626/4548 3637/4555 3649/4556 3635/4549
f 3627/4557 3638/4558 3649/4559 3637/4560
f 3627/4557 3637/4560 3650/4561 3639/4562
f 3627/4557 3639/4562 3648/4563 3640/4564
f 3627/4557 3640/4564 3647/4565 3638/4558
f 3628/4566 3641/4567 3647/4565 3640/4564
f 3628/4566 3640/4564 3648/4563 3642/4568
f 3628/4566 3642/4568 3644/4543 3632/4542
f 3628/4566 3632/4542 3643/4541 3641/4567
f 3629/4569 3631/4540 3645/4547 3635/4570
f 3629/4569 3635/4570 3649/4559 3638/4558
f 3629/4569 3638/4558 3647/4565 3641/4567
f 3629/4569 3641/4567 3643/4541 3631/4540
f 3630/4571 3639/4562 3650/4561 3636/4572
f 3630/4571 3636/4572 3646/4545 3633/4544
f 3630/4571 3633/4544 3644/4543 3642/4568
f 3630/4571 3642/4568 3648/4563 3639/4562
f 3651/4573 3657/4574 3669/4575 3658/4576
f 3651/4573 3658/4576 3670/4577 3659/4578
f 3651/4573 3659/4578 3672/4579 3660/4580
f 3651/4573 3660/4580 3671/4581 3657/4574
f 3652/4582 3661/4583 3671/4584 3660/4585
f 3652/4582 3660/4585 3672/4586 3662/4587
f 3652/4582 3662/4587 3676/4588 3663/4589
f 3652/4582 3663/4589 3675/4590 3661/4583
f 3653/4591 3664/4592 3675/4593 3663/4594
f 3653/4591 3663/4594 3676/4595 3665/4596
f 3653/4591 3665/4596 3674/4597 3666/4598
f 3653/4591 3666/4598 3673/4599 3664/4592
f 3654/4600 3667/4601 3673/4599 3666/4598
f 3654/4600 3666/4598 3674/4597 3668/4602
f 3654/4600 3668/4602 3670/4577 3658/4576
f 3654/4600 3658/4576 3669/4575 3667/4601
f 3655/4603 3657/4574 3671/4581 3661/4604
f 3655/4603 3661/4604 3675/4593 3664/4592
f 3655/4603 3664/4592 3673/4599 3667/4601
f 3655/4603 3667/4601 3669/4575 3657/4574
f 3656/4605 3665/4596 3676/4595 3662/4606
f 3656/4605 3662/4606 3672/4579 3659/4578
f 3656/4605 3659/4578 3670/4577 3668/4602
f 3656/4605 3668/4602 3674/4597 3665/4596
f 3677/4607 3683/4608 3695/4609 3684/4610
f 3677/4607 3684/4610 3696/4611 3685/4612
f 3677/4607 3685/4612 3698/4613 3686/4614
f 3677/4607 3686/4614 3697/4615 3683/4608
f 3678/4616 3687/4617 3697/4618 3686/4619
f 3678/4616 3686/4619 3698/4620 3688/4621
f 3678/4616 3688/4621 3702/4622 3689/4623
f 3678/4616 3689/4623 3701/4624 3687/4617
f 3679/4625 3690/4626 3701/4627 3689/4628
f 3679/4625 3689/4628 3702/4629 3691/4630
f 3679/4625 3691/4630 3700/4631 3692/4632
f 3679/4625 3692/4632 3699/4633 3690/4626
f 3680/4634 3693/4635 3699/4633 3692/4632
f 3680/4634 3692/4632 3700/4631 3694/4636
f 3680/4634 3694/4636 3696/4611 3684/4610
f 3680/4634 3684/4610 3695/4609 3693/4635
f 3681/4637 3683/4608 3697/4615 3687/4638
f 3681/4637 3687/4638 3701/4627 3690/4626
f 3681/4637 3690/4626 3699/4633 3693/4635
f 3681/4637 3693/4635 3695/4609 3683/4608
f 3682/4639 3691/4630 3702/4629 3688/4640
f 3682/4639 3688/4640 3698/4613 3685/4612
f 3682/4639 3685/4612 3696/4611 3694/4636
f 3682/4639 3694/4636 3700/4631 3691/4630
f 3703/4641 3709/4642 3721/4643 3710/4644
f 3703/4641 3710/4644 3722/4645 3711/4646
f 3703/4641 3711/4646 3724/4647 3712/4648
f 3703/4641 3712/4648 3723/4649 3709/4642
f 3704/4650 3713/4651 3723/4652 3712/4653
f 3704/4650 3712/4653 3724/4654 3714/4655
f 3704/4650 3714/4655 3728/4656 3715/4657
f 3704/4650 3715/4657 3727/4658 3713/4651
f 3705/4659 3716/4660 3727/4661 3715/4662
f 3705/4659 3715/4662 3728/4663 3717/4664
f 3705/4659 3717/4664 3726/4665 3718/4666
f 3705/4659 3718/4666 3725/4667 3716/4660
f 3706/4668 3719/4669 3725/4667 3718/4666
f 3706/4668 3718/4666 3726/4665 3720/4670
f 3706/4668 3720/4670 3722/4645 3710/4644
f 3706/4668 3710/4644 3721/4643 3719/4669
f 3707/4671 3709/4642 3723/4649 3713/4672
f 3707/4671 3713/4672 3727/4661 3716/4660
f 3707/4671 3716/4660 3725/4667 3719/4669
f 3707/4671 3719/4669 3721/4643 3709/4642
f 3708/4673 3717/4664 3728/4663 3714/4674
f 3708/4673 3714/4674 3724/4647 3711/4646
f 3708/4673 3711/4646 3722/4645 3720/4670
f 3708/4673 3720/4670 3726/4665 3717/4664
f 3729/4675 3735/4676 3747/4677 3736/4678
f 3729/4675 3736/4678 3748/4679 3737/4680
f 3729/4675 3737/4680 3750/4681 3738/4682
f 3729/4675 3738/4682 3749/4683 3735/4676
f 3730/4684 3739/4685 3749/4686 3738/4687
f 3730/4684 3738/4687 3750/4688 3740/4689
f 3730/4684 3740/4689 3754/4690 3741/4691
f 3730/4684 3741/4691 3753/4692 3739/4685
f 3731/4693 3742/4694 3753/4695 3741/4696
f 3731/4693 3741/4696 3754/4697 3743/4698
f 3731/4693 3743/4698 3752/4699 3744/4700
f 3731/4693 3744/4700 3751/4701 3742/4694
f 3732/4702 3745/4703 3751/4701 3744/4700
f 3732/4702 3744/4700 3752/4699 3746/4704
f 3732/4702 3746/4704 3748/4679 3736/4678
f 3732/4702 3736/4678 3747/4677 3745/4703
f 3733/4705 3735/4676 3749/4683 3739/4706
f 3733/4705 3739/4706 3753/4695 3742/4694
f 3733/4705 3742/4694 3751/4701 3745/4703
f 3733/4705 3745/4703 3747/4677 3735/4676
f 3734/4707 3743/4698 3754/4697 3740/4708
f 3734/4707 3740/4708 3750/4681 3737/4680
f 3734/4707 3737/4680 3748/4679 3746/4704
f 3734/4707 3746/4704 3752/4699 3743/4698
f 3755/4709 3761/4710 3773/4711 3762/4712
f 3755/4709 3762/4712 3774/4713 3763/4714
f 3755/4709 3763/4714 3776/4715 3764/4716
f 3755/4709 3764/4716 3775/4717 3761/4710
f 3756/4718 3765/4719 3775/4720 3764/4721
f 3756/4718 3764/4721 3776/4722 3766/4723
f 3756/4718 3766/4723 3780/4724 3767/4725
f 3756/4718 3767/4725 3779/4726 3765/4719
f 3757/4727 3768/4728 3779/4729 3767/4730
f 3757/4727 3767/4730 3780/4731 3769/4732
f 3757/4727 3769/4732 3778/4733 3770/4734
f 3757/4727 3770/4734 3777/4735 3768/4728
f 3758/4736 3771/4737 3777/4735 3770/4734
f 3758/4736 3770/4734 3778/4733 3772/4738
f 3758/4736 3772/4738 3774/4713 3762/4712
f 3758/4736 3762/4712 3773/4711 3771/4737
f 3759/4739 3761/4710 3775/4717 3765/4740
f 3759/4739 3765/4740 3779/4729 3768/4728
f 3759/4739 3768/4728 3777/4735 3771/4737
f 3759/4739 3771/4737 3773/4711 3761/4710
f 3760/4741 3769/4732 3780/4731 3766/4742
f 3760/4741 3766/4742 3776/4715 3763/4714
f 3760/4741 3763/4714 3774/4713 3772/4738
f 3760/4741 3772/4738 3778/4733 3769/4732
f 3781/4743 3787/4744 3799/4745 3788/4746
f 3781/4743 3788/4746 3800/4747 3789/4748
f 3781/4743 3789/4748 3802/4749 3790/4750
f 3781/4743 3790/4750 3801/4751 3787/4744
f 3782/4752 3791/4753 3801/4754 3790/4755
f 3782/4752 3790/4755 3802/4756 3792/4757
f 3782/4752 3792/4757 3806/4758 3793/4759
f 3782/4752 3793/4759 3805/4760 3791/4753
f 3783/4761 3794/4762 3805/4763 3793/4764
f 3783/4761 3793/4764 3806/4765 3795/4766
f 3783/4761 3795/4766 3804/4767 3796/4768
f 3783/4761 3796/4768 3803/4769 3794/4762
f 3784/4770 3797/4771 3803/4769 3796/4768
f 3784/4770 3796/4768 3804/4767 3798/4772
f 3784/4770 3798/4772 3800/4747 3788/4746
f 3784/4770 3788/4746 3799/4745 3797/4771
f 3785/4773 3787/4744 3801/4751 3791/4774
f 3785/4773 3791/4774 3805/4763 3794/4762
f 3785/4773 3794/4762 3803/4769 3797/4771
f 3785/4773 3797/4771 3799/4745 3787/4744
f 3786/4775 3795/4766 3806/4765 3792/4776
f 3786/4775 3792/4776 3802/4749 3789/4748
f 3786/4775 3789/4748 3800/4747 3798/4772
f 3786/4775 3798/4772 3804/4767 3795/4766
f 3807/4777 3813/4778 3825/4779 3814/4780
f 3807/4777 3814/4780 3826/4781 3815/4782
f 3807/4777 3815/4782 3828/4783 3816/4784
f 3807/4777 3816/4784 3827/4785 3813/4778
f 3808/4786 3817/4787 3827/4788 3816/4789
f 3808/4786 3816/4789 3828/4790 3818/4791
f 3808/4786 3818/4791 3832/4792 3819/4793
f 3808/4786 3819/4793 3831/4794 3817/4787
f 3809/4795 3820/4796 3831/4797 3819/4798
f 3809/4795 3819/4798 3832/4799 3821/4800
f 3809/4795 3821/4800 3830/4801 3822/4802
f 3809/4795 3822/4802 3829/4803 3820/4796
f 3810/4804 3823/4805 3829/4803 3822/4802
f 3810/4804 3822/4802 3830/4801 3824/4806
f 3810/4804 3824/4806 3826/4781 3814/4780
f 3810/4804 3814/4780 3825/4779 3823/4805
f 3811/4807 3813/4778 3827/4785 3817/4808
f 3811/4807 3817/4808 3831/4797 3820/4796
f 3811/4807 3820/4796 3829/4803 3823/4805
f 3811/4807 3823/4805 3825/4779 3813/4778
f 3812/4809 3821/4800 3832/4799 3818/4810
f 3812/4809 3818/4810 3828/4783 3815/4782
f 3812/4809 3815/4782 3826/4781 3824/4806
f 3812/4809 3824/4806 3830/4801 3821/4800
f 3833/4811 3839/4812 3851/4813 3840/4814
f 3833/4811 3840/4814 3852/4815 3841/4816
f 3833/4811 3841/4816 3854/4817 3842/4818
f 3833/4811 3842/4818 3853/4819 3839/4812
f 3834/4820 3843/4821 3853/4822 3842/4823
f 3834/4820 3842/4823 3854/4824 3844/4825
f 3834/4820 3844/4825 3858/4826 3845/4827
f 3834/4820 3845/4827 3857/4828 3843/4821
f 3835/4829 3846/4830 3857/4831 3845/4832
f 3835/4829 3845/4832 3858/4833 3847/4834
f 3835/4829 3847/4834 3856/4835 3848/4836
f 3835/4829 3848/4836 3855/4837 3846/4830
f 3836/4838 3849/4839 3855/4837 3848/4836
f 3836/4838 3848/4836 3856/4835 3850/4840
f 3836/4838 3850/4840 3852/4815 3840/4814
f 3836/4838 3840/4814 3851/4813 3849/4839
f 3837/4841 3839/4812 3853/4819 3843/4842
f 3837/4841 3843/4842 3857/4831 3846/4830
f 3837/4841 3846/4830 3855/4837 3849/4839
f 3837/4841 3849/4839 3851/4813 3839/4812
f 3838/4843 3847/4834 3858/4833 3844/4844
f 3838/4843 3844/4844 3854/4817 3841/4816
f 3838/4843 3841/4816 3852/4815 3850/4840
f 3838/4843 3850/4840 3856/4835 3847/4834
f 3859/4845 3865/4846 3877/4847 3866/4848
f 3859/4845 3866/4848 3878/4849 3867/4850
f 3859/4845 3867/4850 3880/4851 3868/4852
f 3859/4845 3868/4852 3879/4853 3865/4846
f 3860/4854 3869/4855 3879/4856 3868/4857
f 3860/4854 3868/4857 3880/4858 3870/4859
f 3860/4854 3870/4859 3884/4860 3871/4861
f 3860/4854 3871/4861 3883/4862 3869/4855
f 3861/4863 3872/4864 3883/4865 3871/4866
f 3861/4863 3871/4866 3884/4867 3873/4868
f 3861/4863 3873/4868 3882/4869 3874/4870
f 3861/4863 3874/4870 3881/4871 3872/4864
f 3862/4872 3875/4873 3881/4871 3874/4870
f 3862/4872 3874/4870 3882/4869 3876/4874
f 3862/4872 3876/4874 3878/4849 3866/4848
f 3862/4872 3866/4848 3877/4847 3875/4873
f 3863/4875 3865/4846 3879/4853 3869/4876
f 3863/4875 3869/4876 3883/4865 3872/4864
f 3863/4875 3872/4864 3881/4871 3875/4873
f 3863/4875 3875/4873 3877/4847 3865/4846
f 3864/4877 3873/4868 3884/4867 3870/4878
f 3864/4877 3870/4878 3880/4851 3867/4850
f 3864/4877 3867/4850 3878/4849 3876/4874
f 3864/4877 3876/4874 3882/4869 3873/4868
f 3885/4879 3892/4880 3903/4881 3891/4882
f 3885/4879 3893/4883 3904/4884 3892/4880
f 3885/4879 3894/4885 3906/4886 3893/4883
f 3885/4879 3891/4882 3905/4887 3894/4885
f 3886/4888 3894/4889 3905/4890 3895/4891
f 3886/4888 3896/4892 3906/4893 3894/4889
f 3886/4888 3897/4894 3910/4895 3896/4892
f 3886/4888 3895/4891 3909/4896 3897/4894
f 3887/4897 3897/4898 3909/4899 3898/4900
f 3887/4897 3899/4901 3910/4902 3897/4898
f 3887/4897 3900/4903 3908/4904 3899/4901
f 3887/4897 3898/4900 3907/4905 3900/4903
f 3888/4906 3900/4903 3907/4905 3901/4907
f 3888/4906 3902/4908 3908/4904 3900/4903
f 3888/4906 3892/4880 3904/4884 3902/4908
f 3888/4906 3901/4907 3903/4881 3892/4880
f 3889/4909 3895/4910 3905/4887 3891/4882
f 3889/4909 3898/4900 3909/4899 3895/4910
f 3889/4909 3901/4907 3907/4905 3898/4900
f 3889/4909 3891/4882 3903/4881 3901/4907
f 3890/4911 3896/4912 3910/4902 3899/4901
f 3890/4911 3893/4883 3906/4886 3896/4912
f 3890/4911 3902/4908 3904/4884 3893/4883
f 3890/4911 3899/4901 3908/4904 3902/4908
f 3911/4913 3918/4914 3929/4915 3917/4916
f 3911/4913 3919/4917 3930/4918 3918/4914
f 3911/4913 3920/4919 3932/4920 3919/4917
f 3911/4913 3917/4916 3931/4921 3920/4919
f 3912/4922 3920/4923 3931/4924 3921/4925
f 3912/4922 3922/4926 3932/4927 3920/4923
f 3912/4922 3923/4928 3936/4929 3922/4926
f 3912/4922 3921/4925 3935/4930 3923/4928
f 3913/4931 3923/4932 3935/4933 3924/4934
f 3913/4931 3925/4935 3936/4936 3923/4932
f 3913/4931 3926/4937 3934/4938 3925/4935
f 3913/4931 3924/4934 3933/4939 3926/4937
f 3914/4940 3926/4937 3933/4939 3927/4941
f 3914/4940 3928/4942 3934/4938 3926/4937
f 3914/4940 3918/4914 3930/4918 3928/4942
f 3914/4940 3927/4941 3929/4915 3918/4914
f 3915/4943 3921/4944 3931/4921 3917/4916
f 3915/4943 3924/4934 3935/4933 3921/4944
f 3915/4943 3927/4941 3933/4939 3924/4934
f 3915/4943 3917/4916 3929/4915 3927/4941
f 3916/4945 3922/4946 3936/4936 3925/4935
f 3916/4945 3919/4917 3932/4920 3922/4946
f 3916/4945 3928/4942 3930/4918 3919/4917
f 3916/4945 3925/4935 3934/4938 3928/4942
f 3937/4947 3944/4948 3955/4949 3943/4950
f 3937/4947 3945/4951 3956/4952 3944/4948
f 3937/4947 3946/4953 3958/4954 3945/4951
f 3937/4947 3943/4950 3957/4955 3946/4953
f 3938/4956 3946/4957 3957/4958 3947/4959
f 3938/4956 3948/4960 3958/4961 3946/4957
f 3938/4956 3949/4962 3962/4963 3948/4960
f 3938/4956 3947/4959 3961/4964 3949/4962
f 3939/4965 3949/4966 3961/4967 3950/4968
f 3939/4965 3951/4969 3962/4970 3949/4966
f 3939/4965 3952/4971 3960/4972 3951/4969
f 3939/4965 3950/4968 3959/4973 3952/4971
f 3940/4974 3952/4971 3959/4973 3953/4975
f 3940/4974 3954/4976 3960/4972 3952/4971
f 3940/4974 3944/4948 3956/4952 3954/4976
f 3940/4974 3953/4975 3955/4949 3944/4948
f 3941/4977 3947/4978 3957/4955 3943/4950
f 3941/4977 3950/4968 3961/4967 3947/4978
f 3941/4977 3953/4975 3959/4973 3950/4968
f 3941/4977 3943/4950 3955/4949 3953/4975
f 3942/4979 3948/4980 3962/4970 3951/4969
f 3942/4979 3945/4951 3958/4954 3948/4980
f 3942/4979 3954/4976 3956/4952 3945/4951
f 3942/4979 3951/4969 3960/4972 3954/4976
f 3963/4981 3970/4982 3981/4983 3969/4984
f 3963/4981 3971/4985 3982/4986 3970/4982
f 3963/4981 3972/4987 3984/4988 3971/4985
f 3963/4981 3969/4984 3983/4989 3972/4987
f 3964/4990 3972/4991 3983/4992 3973/4993
f 3964/4990 3974/4994 3984/4995 3972/4991
f 3964/4990 3975/4996 3988/4997 3974/4994
f 3964/4990 3973/4993 3987/4998 3975/4996
f 3965/4999 3975/5000 3987/5001 3976/5002
f 3965/4999 3977/5003 3988/5004 3975/5000
f 3965/4999 3978/5005 3986/5006 3977/5003
f 3965/4999 3976/5002 3985/5007 3978/5005
f 3966/5008 3978/5005 3985/5007 3979/5009
f 3966/5008 3980/5010 3986/5006 3978/5005
f 3966/5008 3970/4982 3982/4986 3980/5010
f 3966/5008 3979/5009 3981/4983 3970/4982
f 3967/5011 3973/5012 3983/4989 3969/4984
f 3967/5011 3976/5002 3987/5001 3973/5012
f 3967/5011 3979/5009 3985/5007 3976/5002
f 3967/5011 3969/4984 3981/4983 3979/5009
f 3968/5013 3974/5014 3988/5004 3977/5003
f 3968/5013 3971/4985 3984/4988 3974/5014
f 3968/5013 3980/5010 3982/4986 3971/4985
f 3968/5013 3977/5003 3986/5006 3980/5010
f 3989/5015 3996/5016 4007/5017 3995/5018
f 3989/5015 3997/5019 4008/5020 3996/5016
f 3989/5015 3998/5021 4010/5022 3997/5019
f 3989/5015 3995/5018 4009/5023 3998/5021
f 3990/5024 3998/5025 4009/5026 3999/5027
f 3990/5024 4000/5028 4010/5029 3998/5025
f 3990/5024 4001/5030 4014/5031 4000/5028
f 3990/5024 3999/5027 4013/5032 4001/5030
f 3991/5033 4001/5034 4013/5035 4002/5036
f 3991/5033 4003/5037 4014/5038 4001/5034
f 3991/5033 4004/5039 4012/5040 4003/5037
f 3991/5033 4002/5036 4011/5041 4004/5039
f 3992/5042 4004/5039 4011/5041 4005/5043
f 3992/5042 4006/5044 4012/5040 4004/5039
f 3992/5042 3996/5016 4008/5020 4006/5044
f 3992/5042 4005/5043 4007/5017 3996/5016
f 3993/5045 3999/5046 4009/5023 3995/5018
f 3993/5045 4002/5036 4013/5035 3999/5046
f 3993/5045 4005/5043 4011/5041 4002/5036
f 3993/5045 3995/5018 4007/5017 4005/5043
f 3994/5047 4000/5048 4014/5038 4003/5037
f 3994/5047 3997/5019 4010/5022 4000/5048
f 3994/5047 4006/5044 4008/5020 3997/5019
f 3994/5047 4003/5037 4012/5040 4006/5044
f 4015/5049 4022/5050 4033/5051 4021/5052
f 4015/5049 4023/5053 4034/5054 4022/5050
f 4015/5049 4024/5055 4036/5056 4023/5053
f 4015/5049 4021/5052 4035/5057 4024/5055
f 4016/5058 4024/5059 4035/5060 4025/5061
f 4016/5058 4026/5062 4036/5063 4024/5059
f 4016/5058 4027/5064 4040/5065 4026/5062
f 4016/5058 4025/5061 4039/5066 4027/5064
f 4017/5067 4027/5068 4039/5069 4028/5070
f 4017/5067 4029/5071 4040/5072 4027/5068
f 4017/5067 4030/5073 4038/5074 4029/5071
f 4017/5067 4028/5070 4037/5075 4030/5073
f 4018/5076 4030/5073 4037/5075 4031/5077
f 4018/5076 4032/5078 4038/5074 4030/5073
f 4018/5076 4022/5050 4034/5054 4032/5078
f 4018/5076 4031/5077 4033/5051 4022/5050
f 4019/5079 4025/5080 4035/5057 4021/5052
f 4019/5079 4028/5070 4039/5069 4025/5080
f 4019/5079 4031/5077 4037/5075 4028/5070
f 4019/5079 4021/5052 4033/5051 4031/5077
f 4020/5081 4026/5082 4040/5072 4029/5071
f 4020/5081 4023/5053 4036/5056 4026/5082
f 4020/5081 4032/5078 4034/5054 4023/5053
f 4020/5081 4029/5071 4038/5074 4032/5078
f 4041/5083 4048/5084 4059/5085 4047/5086
f 4041/5083 4049/5087 4060/5088 4048/5084
f 4041/5083 4050/5089 4062/5090 4049/5087
f 4041/5083 4047/5086 4061/5091 4050/5089
f 4042/5092 4050/5093 4061/5094 4051/5095
f 4042/5092 4052/5096 4062/5097 4050/5093
f 4042/5092 4053/5098 4066/5099 4052/5096
f 4042/5092 4051/5095 4065/5100 4053/5098
f 4043/5101 4053/5102 4065/5103 4054/5104
f 4043/5101 4055/5105 4066/5106 4053/5102
f 4043/5101 4056/5107 4064/5108 4055/5105
f 4043/5101 4054/5104 4063/5109 4056/5107
f 4044/5110 4056/5107 4063/5109 4057/5111
f 4044/5110 4058/5112 4064/5108 4056/5107
f 4044/5110 4048/5084 4060/5088 4058/5112
f 4044/5110 4057/5111 4059/5085 4048/5084
f 4045/5113 4051/5114 4061/5091 4047/5086
f 4045/5113 4054/5104 4065/5103 4051/5114
f 4045/5113 4057/5111 4063/5109 4054/5104
f 4045/5113 4047/5086 4059/5085 4057/5111
f 4046/5115 4052/5116 4066/5106 4055/5105
f 4046/5115 4049/5087 4062/5090 4052/5116
f 4046/5115 4058/5112 4060/5088 4049/5087
f 4046/5115 4055/5105 4064/5108 4058/5112
f 4067/5117 4074/5118 4085/5119 4073/5120
f 4067/5117 4075/5121 4086/5122 4074/5118
f 4067/5117 4076/5123 4088/5124 4075/5121
f 4067/5117 4073/5120 4087/5125 4076/5123
f 4068/5126 4076/5127 4087/5128 4077/5129
f 4068/5126 4078/5130 4088/5131 4076/5127
f 4068/5126 4079/5132 4092/5133 4078/5130
f 4068/5126 4077/5129 4091/5134 4079/5132
f 4069/5135 4079/5136 4091/5137 4080/5138
f 4069/5135 4081/5139 4092/5140 4079/5136
f 4069/5135 4082/5141 4090/5142 4081/5139
f 4069/5135 4080/5138 4089/5143 4082/5141
f 4070/5144 4082/5141 4089/5143 4083/5145
f 4070/5144 4084/5146 4090/5142 4082/5141
f 4070/5144 4074/5118 4086/5122 4084/5146
f 4070/5144 4083/5145 4085/5119 4074/5118
f 4071/5147 4077/5148 4087/5125 4073/5120
f 4071/5147 4080/5138 4091/5137 4077/5148
f 4071/5147 4083/5145 4089/5143 4080/5138
f 4071/5147 4073/5120 4085/5119 4083/5145
f 4072/5149 4078/5150 4092/5140 4081/5139
f 4072/5149 4075/5121 4088/5124 4078/5150
f 4072/5149 4084/5146 4086/5122 4075/5121
f 4072/5149 4081/5139 4090/5142 4084/5146
f 4093/5151 4100/5152 4111/5153 4099/5154
f 4093/5151 4101/5155 4112/5156 4100/5152
f 4093/5151 4102/5157 4114/5158 4101/5155
f 4093/5151 4099/5154 4113/5159 4102/5157
f 4094/5160 4102/5161 4113/5162 4103/5163
f 4094/5160 4104/5164 4114/5165 4102/5161
f 4094/5160 4105/5166 4118/5167 4104/5164
f 4094/5160 4103/5163 4117/5168 4105/5166
f 4095/5169 4105/5170 4117/5171 4106/5172
f 4095/5169 4107/5173 4118/5174 4105/5170
f 4095/5169 4108/5175 4116/5176 4107/5173
f 4095/5169 4106/5172 4115/5177 4108/5175
f 4096/5178 4108/5175 4115/5177 4109/5179
f 4096/5178 4110/5180 4116/5176 4108/5175
f 4096/5178 4100/5152 4112/5156 4110/5180
f 4096/5178 4109/5179 4111/5153 4100/5152
f 4097/5181 4103/5182 4113/5159 4099/5154
f 4097/5181 4106/5172 4117/5171 4103/5182
f 4097/5181 4109/5179 4115/5177 4106/5172
f 4097/5181 4099/5154 4111/5153 4109/5179
f 4098/5183 4104/5184 4118/5174 4107/5173
f 4098/5183 4101/5155 4114/5158 4104/5184
f 4098/5183 4110/5180 4112/5156 4101/5155
f 4098/5183 4107/5173 4116/5176 4110/5180
f 4119/5185 4126/5186 4137/5187 4125/5188
f 4119/5185 4127/5189 4138/5190 4126/5186
f 4119/5185 4128/5191 4140/5192 4127/5189
f 4119/5185 4125/5188 4139/5193 4128/5191
f 4120/5194 4128/5195 4139/5196 4129/5197
f 4120/5194 4130/5198 4140/5199 4128/5195
f 4120/5194 4131/5200 4144/5201 4130/5198
f 4120/5194 4129/5197 4143/5202 4131/5200
f 4121/5203 4131/5204 4143/5205 4132/5206
f 4121/5203 4133/5207 4144/5208 4131/5204
f 4121/5203 4134/5209 4142/5210 4133/5207
f 4121/5203 4132/5206 4141/5211 4134/5209
f 4122/5212 4134/5209 4141/5211 4135/5213
f 4122/5212 4136/5214 4142/5210 4134/5209
f 4122/5212 4126/5186 4138/5190 4136/5214
f 4122/5212 4135/5213 4137/5187 4126/5186
f 4123/5215 4129/5216 4139/5193 4125/5188
f 4123/5215 4132/5206 4143/5205 4129/5216
f 4123/5215 4135/5213 4141/5211 4132/5206
f 4123/5215 4125/5188 4137/5187 4135/5213
f 4124/5217 4130/5218 4144/5208 4133/5207
f 4124/5217 4127/5189 4140/5192 4130/5218
f 4124/5217 4136/5214 4138/5190 4127/5189
f 4124/5217 4133/5207 4142/5210 4136/5214
f 4145/5219 4152/5220 4163/5221 4151/5222
f 4145/5219 4153/5223 4164/5224 4152/5220
f 4145/5219 4154/5225 4166/5226 4153/5223
f 4145/5219 4151/5222 4165/5227 4154/5225
f 4146/5228 4154/5229 4165/5230 4155/5231
f 4146/5228 4156/5232 4166/5233 4154/5229
f 4146/5228 4157/5234 4170/5235 4156/5232
f 4146/5228 4155/5231 4169/5236 4157/5234
f 4147/5237 4157/5238 4169/5239 4158/5240
f 4147/5237 4159/5241 4170/5242 4157/5238
f 4147/5237 4160/5243 4168/5244 4159/5241
f 4147/5237 4158/5240 4167/5245 4160/5243
f 4148/5246 4160/5243 4167/5245 4161/5247
f 4148/5246 4162/5248 4168/5244 4160/5243
f 4148/5246 4152/5220 4164/5224 4162/5248
f 4148/5246 4161/5247 4163/5221 4152/5220
f 4149/5249 4155/5250 4165/5227 4151/5222
f 4149/5249 4158/5240 4169/5239 4155/5250
f 4149/5249 4161/5247 4167/5245 4158/5240
f 4149/5249 4151/5222 4163/5221 4161/5247
f 4150/5251 4156/5252 4170/5242 4159/5241
f 4150/5251 4153/5223 4166/5226 4156/5252
f 4150/5251 4162/5248 4164/5224 4153/5223
f 4150/5251 4159/5241 4168/5244 4162/5248
f 4171/5253 4178/5254 4189/5255 4177/5256
f 4171/5253 4179/5257 4190/5258 4178/5254
f 4171/5253 4180/5259 4192/5260 4179/5257
f 4171/5253 4177/5256 4191/5261 4180/5259
f 4172/5262 4180/5263 4191/5264 4181/5265
f 4172/5262 4182/5266 4192/5267 4180/5263
f 4172/5262 4183/5268 4196/5269 4182/5266
f 4172/5262 4181/5265 4195/5270 4183/5268
f 4173/5271 4183/5272 4195/5273 4184/5274
f 4173/5271 4185/5275 4196/5276 4183/5272
f 4173/5271 4186/5277 4194/5278 4185/5275
f 4173/5271 4184/5274 4193/5279 4186/5277
f 4174/5280 4186/5277 4193/5279 4187/5281
f 4174/5280 4188/5282 4194/5278 4186/5277
f 4174/5280 4178/5254 4190/5258 4188/5282
f 4174/5280 4187/5281 4189/5255 4178/5254
f 4175/5283 4181/5284 4191/5261 4177/5256
f 4175/5283 4184/5274 4195/5273 4181/5284
f 4175/5283 4187/5281 4193/5279 4184/5274
f 4175/5283 4177/5256 4189/5255 4187/5281
f 4176/5285 4182/5286 4196/5276 4185/5275
f 4176/5285 4179/5257 4192/5260 4182/5286
f 4176/5285 4188/5282 4190/5258 4179/5257
f 4176/5285 4185/5275 4194/5278 4188/5282
f 4197/5287 4204/5288 4215/5289 4203/5290
f 4197/5287 4205/5291 4216/5292 4204/5288
f 4197/5287 4206/5293 4218/5294 4205/5291
f 4197/5287 4203/5290 4217/5295 4206/5293
f 4198/5296 4206/5297 4217/5298 4207/5299
f 4198/5296 4208/5300 4218/5301 4206/5297
f 4198/5296 4209/5302 4222/5303 4208/5300
f 4198/5296 4207/5299 4221/5304 4209/5302
f 4199/5305 4209/5306 4221/5307 4210/5308
f 4199/5305 4211/5309 4222/5310 4209/5306
f 4199/5305 4212/5311 4220/5312 4211/5309
f 4199/5305 4210/5308 4219/5313 4212/5311
f 4200/5314 4212/5311 4219/5313 4213/5315
f 4200/5314 4214/5316 4220/5312 4212/5311
f 4200/5314 4204/5288 4216/5292 4214/5316
f 4200/5314 4213/5315 4215/5289 4204/5288
f 4201/5317 4207/5318 4217/5295 4203/5290
f 4201/5317 4210/5308 4221/5307 4207/5318
f 4201/5317 4213/5315 4219/5313 4210/5308
f 4201/5317 4203/5290 4215/5289 4213/5315
f 4202/5319 4208/5320 4222/5310 4211/5309
f 4202/5319 4205/5291 4218/5294 4208/5320
f 4202/5319 4214/5316 4216/5292 4205/5291
f 4202/5319 4211/5309 4220/5312 4214/5316
f 4223/5321 4230/5322 4241/5323 4229/5324
f 4223/5321 4231/5325 4242/5326 4230/5322
f 4223/5321 4232/5327 4244/5328 4231/5325
f 4223/5321 4229/5324 4243/5329 4232/5327
f 4224/5330 4232/5331 4243/5332 4233/5333
f 4224/5330 4234/5334 4244/5335 4232/5331
f 4224/5330 4235/5336 4248/5337 4234/5334
f 4224/5330 4233/5333 4247/5338 4235/5336
f 4225/5339 4235/5340 4247/5341 4236/5342
f 4225/5339 4237/5343 4248/5344 4235/5340
f 4225/5339 4238/5345 4246/5346 4237/5343
f 4225/5339 4236/5342 4245/5347 4238/5345
f 4226/5348 4238/5345 4245/5347 4239/5349
f 4226/5348 4240/5350 4246/5346 4238/5345
f 4226/5348 4230/5322 4242/5326 4240/5350
f 4226/5348 4239/5349 4241/5323 4230/5322
f 4227/5351 4233/5352 4243/5329 4229/5324
f 4227/5351 4236/5342 4247/5341 4233/5352
f 4227/5351 4239/5349 4245/5347 4236/5342
f 4227/5351 4229/5324 4241/5323 4239/5349
f 4228/5353 4234/5354 4248/5344 4237/5343
f 4228/5353 4231/5325 4244/5328 4234/5354
f 4228/5353 4240/5350 4242/5326 4231/5325
f 4228/5353 4237/5343 4246/5346 4240/5350
f 4249/5355 4256/5356 4267/5357 4255/5358
f 4249/5355 4257/5359 4268/5360 4256/5356
f 4249/5355 4258/5361 4270/5362 4257/5359
f 4249/5355 4255/5358 4269/5363 4258/5361
f 4250/5364 4258/5365 4269/5366 4259/5367
f 4250/5364 4260/5368 4270/5369 4258/5365
f 4250/5364 4261/5370 4274/5371 4260/5368
f 4250/5364 4259/5367 4273/5372 4261/5370
f 4251/5373 4261/5374 4273/5375 4262/5376
f 4251/5373 4263/5377 4274/5378 4261/5374
f 4251/5373 4264/5379 4272/5380 4263/5377
f 4251/5373 4262/5376 4271/5381 4264/5379
f 4252/5382 4264/5379 4271/5381 4265/5383
f 4252/5382 4266/5384 4272/5380 4264/5379
f 4252/5382 4256/5356 4268/5360 4266/5384
f 4252/5382 4265/5383 4267/5357 4256/5356
f 4253/5385 4259/5386 4269/5363 4255/5358
f 4253/5385 4262/5376 4273/5375 4259/5386
f 4253/5385 4265/5383 4271/5381 4262/5376
f 4253/5385 4255/5358 4267/5357 4265/5383
f 4254/5387 4260/5388 4274/5378 4263/5377
f 4254/5387 4257/5359 4270/5362 4260/5388
f 4254/5387 4266/5384 4268/5360 4257/5359
f 4254/5387 4263/5377 4272/5380 4266/5384
f 4275/5389 4282/5390 4293/5391 4281/5392
f 4275/5389 4283/5393 4294/5394 4282/5390
f 4275/5389 4284/5395 4296/5396 4283/5393
f 4275/5389 4281/5392 4295/5397 4284/5395
f 4276/5398 4284/5399 4295/5400 4285/5401
f 4276/5398 4286/5402 4296/5403 4284/5399
f 4276/5398 4287/5404 4300/5405 4286/5402
f 4276/5398 4285/5401 4299/5406 4287/5404
f 4277/5407 4287/5408 4299/5409 4288/5410
f 4277/5407 4289/5411 4300/5412 4287/5408
f 4277/5407 4290/5413 4298/5414 4289/5411
f 4277/5407 4288/5410 4297/5415 4290/5413
f 4278/5416 4290/5413 4297/5415 4291/5417
f 4278/5416 4292/5418 4298/5414 4290/5413
f 4278/5416 4282/5390 4294/5394 4292/5418
f 4278/5416 4291/5417 4293/5391 4282/5390
f 4279/5419 4285/5420 4295/5397 4281/5392
f 4279/5419 4288/5410 4299/5409 4285/5420
f 4279/5419 4291/5417 4297/5415 4288/5410
f 4279/5419 4281/5392 4293/5391 4291/5417
f 4280/5421 4286/5422 4300/5412 4289/5411
f 4280/5421 4283/5393 4296/5396 4286/5422
f 4280/5421 4292/5418 4294/5394 4283/5393
f 4280/5421 4289/5411 4298/5414 4292/5418
f 4301/5423 4308/5424 4319/5425 4307/5426
f 4301/5423 4309/5427 4320/5428 4308/5424
f 4301/5423 4310/5429 4322/5430 4309/5427
f 4301/5423 4307/5426 4321/5431 4310/5429
f 4302/5432 4310/5433 4321/5434 4311/5435
f 4302/5432 4312/5436 4322/5437 4310/5433
f 4302/5432 4313/5438 4326/5439 4312/5436
f 4302/5432 4311/5435 4325/5440 4313/5438
f 4303/5441 4313/5442 4325/5443 4314/5444
f 4303/5441 4315/5445 4326/5446 4313/5442
f 4303/5441 4316/5447 4324/5448 4315/5445
f 4303/5441 4314/5444 4323/5449 4316/5447
f 4304/5450 4316/5447 4323/5449 4317/5451
f 4304/5450 4318/5452 4324/5448 4316/5447
f 4304/5450 4308/5424 4320/5428 4318/5452
f 4304/5450 4317/5451 4319/5425 4308/5424
f 4305/5453 4311/5454 4321/5431 4307/5426
f 4305/5453 4314/5444 4325/5443 4311/5454
f 4305/5453 4317/5451 4323/5449 4314/5444
f 4305/5453 4307/5426 4319/5425 4317/5451
f 4306/5455 4312/5456 4326/5446 4315/5445
f 4306/5455 4309/5427 4322/5430 4312/5456
f 4306/5455 4318/5452 4320/5428 4309/5427
f 4306/5455 4315/5445 4324/5448 4318/5452
f 4327/5457 4334/5458 4345/5459 4333/5460
f 4327/5457 4335/5461 4346/5462 4334/5458
f 4327/5457 4336/5463 4348/5464 4335/5461
f 4327/5457 4333/5460 4347/5465 4336/5463
f 4328/5466 4336/5467 4347/5468 4337/5469
f 4328/5466 4338/5470 4348/5471 4336/5467
f 4328/5466 4339/5472 4352/5473 4338/5470
f 4328/5466 4337/5469 4351/5474 4339/5472
f 4329/5475 4339/5476 4351/5477 4340/5478
f 4329/5475 4341/5479 4352/5480 4339/5476
f 4329/5475 4342/5481 4350/5482 4341/5479
f 4329/5475 4340/5478 4349/5483 4342/5481
f 4330/5484 4342/5481 4349/5483 4343/5485
f 4330/5484 4344/5486 4350/5482 4342/5481
f 4330/5484 4334/5458 4346/5462 4344/5486
f 4330/5484 4343/5485 4345/5459 4334/5458
f 4331/5487 4337/5488 4347/5465 4333/5460
f 4331/5487 4340/5478 4351/5477 4337/5488
f 4331/5487 4343/5485 4349/5483 4340/5478
f 4331/5487 4333/5460 4345/5459 4343/5485
f 4332/5489 4338/5490 4352/5480 4341/5479
f 4332/5489 4335/5461 4348/5464 4338/5490
f 4332/5489 4344/5486 4346/5462 4335/5461
f 4332/5489 4341/5479 4350/5482 4344/5486
f 4353/5491 4360/5492 4371/5493 4359/5494
f 4353/5491 4361/5495 4372/5496 4360/5492
f 4353/5491 4362/5497 4374/5498 4361/5495
f 4353/5491 4359/5494 4373/5499 4362/5497
f 4354/5500 4362/5501 4373/5502 4363/5503
f 4354/5500 4364/5504 4374/5505 4362/5501
f 4354/5500 4365/5506 4378/5507 4364/5504
f 4354/5500 4363/5503 4377/5508 4365/5506
f 4355/5509 4365/5510 4377/5511 4366/5512
f 4355/5509 4367/5513 4378/5514 4365/5510
f 4355/5509 4368/5515 4376/5516 4367/5513
f 4355/5509 4366/5512 4375/5517 4368/5515
f 4356/5518 4368/5515 4375/5517 4369/5519
f 4356/5518 4370/5520 4376/5516 4368/5515
f 4356/5518 4360/5492 4372/5496 4370/5520
f 4356/5518 4369/5519 4371/5493 4360/5492
f 4357/5521 4363/5522 4373/5499 4359/5494
f 4357/5521 4366/5512 4377/5511 4363/5522
f 4357/5521 4369/5519 4375/5517 4366/5512
f 4357/5521 4359/5494 4371/5493 4369/5519
f 4358/5523 4364/5524 4378/5514 4367/5513
f 4358/5523 4361/5495 4374/5498 4364/5524
f 4358/5523 4370/5520 4372/5496 4361/5495
f 4358/5523 4367/5513 4376/5516 4370/5520
f 4379/5525 4386/5526 4397/5527 4385/5528
f 4379/5525 4387/5529 4398/5530 4386/5526
f 4379/5525 4388/5531 4400/5532 4387/5529
f 4379/5525 4385/5528 4399/5533 4388/5531
f 4380/5534 4388/5535 4399/5536 4389/5537
f 4380/5534 4390/5538 4400/5539 4388/5535
f 4380/5534 4391/5540 4404/5541 4390/5538
f 4380/5534 4389/5537 4403/5542 4391/5540
f 4381/5543 4391/5544 4403/5545 4392/5546
f 4381/5543 4393/5547 4404/5548 4391/5544
f 4381/5543 4394/5549 4402/5550 4393/5547
f 4381/5543 4392/5546 4401/5551 4394/5549
f 4382/5552 4394/5549 4401/5551 4395/5553
f 4382/5552 4396/5554 4402/5550 4394/5549
f 4382/5552 4386/5526 4398/5530 4396/5554
f 4382/5552 4395/5553 4397/5527 4386/5526
f 4383/5555 4389/5556 4399/5533 4385/5528
f 4383/5555 4392/5546 4403/5545 4389/5556
f 4383/5555 4395/5553 4401/5551 4392/5546
f 4383/5555 4385/5528 4397/5527 4395/5553
f 4384/5557 4390/5558 4404/5548 4393/5547
f 4384/5557 4387/5529 4400/5532 4390/5558
f 4384/5557 4396/5554 4398/5530 4387/5529
f 4384/5557 4393/5547 4402/5550 4396/5554
f 4405/5559 4411/5560 4423/5561 4412/5562
f 4405/5559 4412/5562 4424/5563 4413/5564
f 4405/5559 4413/5564 4426/5565 4414/5566
f 4405/5559 4414/5566 4425/5567 4411/5560
f 4406/5568 4415/5569 4425/5570 4414/5571
f 4406/5568 4414/5571 4426/5572 4416/5573
f 4406/5568 4416/5573 4430/5574 4417/5575
f 4406/5568 4417/5575 4429/5576 4415/5569
f 4407/5577 4418/5578 4429/5579 4417/5580
f 4407/5577 4417/5580 4430/5581 4419/5582
f 4407/5577 4419/5582 4428/5583 4420/5584
f 4407/5577 4420/5584 4427/5585 4418/5578
f 4408/5586 4421/5587 4427/5585 4420/5584
f 4408/5586 4420/5584 4428/5583 4422/5588
f 4408/5586 4422/5588 4424/5563 4412/5562
f 4408/5586 4412/5562 4423/5561 4421/5587
f 4409/5589 4411/5560 4425/5567 4415/5590
f 4409/5589 4415/5590 4429/5579 4418/5578
f 4409/5589 4418/5578 4427/5585 4421/5587
f 4409/5589 4421/5587 4423/5561 4411/5560
f 4410/5591 4419/5582 4430/5581 4416/5592
f 4410/5591 4416/5592 4426/5565 4413/5564
f 4410/5591 4413/5564 4424/5563 4422/5588
f 4410/5591 4422/5588 4428/5583 4419/5582
f 4431/5593 4437/5594 4449/5595 4438/5596
f 4431/5593 4438/5596 4450/5597 4439/5598
f 4431/5593 4439/5598 4452/5599 4440/5600
f 4431/5593 4440/5600 4451/5601 4437/5594
f 4432/5602 4441/5603 4451/5604 4440/5605
f 4432/5602 4440/5605 4452/5606 4442/5607
f 4432/5602 4442/5607 4456/5608 4443/5609
f 4432/5602 4443/5609 4455/5610 4441/5603
f 4433/5611 4444/5612 4455/5613 4443/5614
f 4433/5611 4443/5614 4456/5615 4445/5616
f 4433/5611 4445/5616 4454/5617 4446/5618
f 4433/5611 4446/5618 4453/5619 4444/5612
f 4434/5620 4447/5621 4453/5619 4446/5618
f 4434/5620 4446/5618 4454/5617 4448/5622
f 4434/5620 4448/5622 4450/5597 4438/5596
f 4434/5620 4438/5596 4449/5595 4447/5621
f 4435/5623 4437/5594 4451/5601 4441/5624
f 4435/5623 4441/5624 4455/5613 4444/5612
f 4435/5623 4444/5612 4453/5619 4447/5621
f 4435/5623 4447/5621 4449/5595 4437/5594
f 4436/5625 4445/5616 4456/5615 4442/5626
f 4436/5625 4442/5626 4452/5599 4439/5598
f 4436/5625 4439/5598 4450/5597 4448/5622
f 4436/5625 4448/5622 4454/5617 4445/5616
f 4457/5627 4463/5628 4475/5629 4464/5630
f 4457/5627 4464/5630 4476/5631 4465/5632
f 4457/5627 4465/5632 4478/5633 4466/5634
f 4457/5627 4466/5634 4477/5635 4463/5628
f 4458/5636 4467/5637 4477/5638 4466/5639
f 4458/5636 4466/5639 4478/5640 4468/5641
f 4458/5636 4468/5641 4482/5642 4469/5643
f 4458/5636 4469/5643 4481/5644 4467/5637
f 4459/5645 4470/5646 4481/5647 4469/5648
f 4459/5645 4469/5648 4482/5649 4471/5650
f 4459/5645 4471/5650 4480/5651 4472/5652
f 4459/5645 4472/5652 4479/5653 4470/5646
f 4460/5654 4473/5655 4479/5653 4472/5652
f 4460/5654 4472/5652 4480/5651 4474/5656
f 4460/5654 4474/5656 4476/5631 4464/5630
f 4460/5654 4464/5630 4475/5629 4473/5655
f 4461/5657 4463/5628 4477/5635 4467/5658
f 4461/5657 4467/5658 4481/5647 4470/5646
f 4461/5657 4470/5646 4479/5653 4473/5655
f 4461/5657 4473/5655 4475/5629 4463/5628
f 4462/5659 4471/5650 4482/5649 4468/5660
f 4462/5659 4468/5660 4478/5633 4465/5632
f 4462/5659 4465/5632 4476/5631 4474/5656
f 4462/5659 4474/5656 4480/5651 4471/5650
f 4483/5661 4489/5662 4501/5663 4490/5664
f 4483/5661 4490/5664 4502/5665 4491/5666
f 4483/5661 4491/5666 4504/5667 4492/5668
f 4483/5661 4492/5668 4503/5669 4489/5662
f 4484/5670 4493/5671 4503/5672 4492/5673
f 4484/5670 4492/5673 4504/5674 4494/5675
f 4484/5670 4494/5675 4508/5676 4495/5677
f 4484/5670 4495/5677 4507/5678 4493/5671
f 4485/5679 4496/5680 4507/5681 4495/5682
f 4485/5679 4495/5682 4508/5683 4497/5684
f 4485/5679 4497/5684 4506/5685 4498/5686
f 4485/5679 4498/5686 4505/5687 4496/5680
f 4486/5688 4499/5689 4505/5687 4498/5686
f 4486/5688 4498/5686 4506/5685 4500/5690
f 4486/5688 4500/5690 4502/5665 4490/5664
f 4486/5688 4490/5664 4501/5663 4499/5689
f 4487/5691 4489/5662 4503/5669 4493/5692
f 4487/5691 4493/5692 4507/5681 4496/5680
f 4487/5691 4496/5680 4505/5687 4499/5689
f 4487/5691 4499/5689 4501/5663 4489/5662
f 4488/5693 4497/5684 4508/5683 4494/5694
f 4488/5693 4494/5694 4504/5667 4491/5666
f 4488/5693 4491/5666 4502/5665 4500/5690
f 4488/5693 4500/5690 4506/5685 4497/5684
f 4509/5695 4515/5696 4527/5697 4516/5698
f 4509/5695 4516/5698 4528/5699 4517/5700
f 4509/5695 4517/5700 4530/5701 4518/5702
f 4509/5695 4518/5702 4529/5703 4515/5696
f 4510/5704 4519/5705 4529/5706 4518/5707
f 4510/5704 4518/5707 4530/5708 4520/5709
f 4510/5704 4520/5709 4534/5710 4521/5711
f 4510/5704 4521/5711 4533/5712 4519/5705
f 4511/5713 4522/5714 4533/5715 4521/5716
f 4511/5713 4521/5716 4534/5717 4523/5718
f 4511/5713 4523/5718 4532/5719 4524/5720
f 4511/5713 4524/5720 4531/5721 4522/5714
f 4512/5722 4525/5723 4531/5721 4524/5720
f 4512/5722 4524/5720 4532/5719 4526/5724
f 4512/5722 4526/5724 4528/5699 4516/5698
f 4512/5722 4516/5698 4527/5697 4525/5723
f 4513/5725 4515/5696 4529/5703 4519/5726
f 4513/5725 4519/5726 4533/5715 4522/5714
f 4513/5725 4522/5714 4531/5721 4525/5723
f 4513/5725 4525/5723 4527/5697 4515/5696
f 4514/5727 4523/5718 4534/5717 4520/5728
f 4514/5727 4520/5728 4530/5701 4517/5700
f 4514/5727 4517/5700 4528/5699 4526/5724
f 4514/5727 4526/5724 4532/5719 4523/5718
f 4535/5729 4541/5730 4553/5731 4542/5732
f 4535/5729 4542/5732 4554/5733 4543/5734
f 4535/5729 4543/5734 4556/5735 4544/5736
f 4535/5729 4544/5736 4555/5737 4541/5730
f 4536/5738 4545/5739 4555/5740 4544/5741
f 4536/5738 4544/5741 4556/5742 4546/5743
f 4536/5738 4546/5743 4560/5744 4547/5745
f 4536/5738 4547/5745 4559/5746 4545/5739
f 4537/5747 4548/5748 4559/5749 4547/5750
f 4537/5747 4547/5750 4560/5751 4549/5752
f 4537/5747 4549/5752 4558/5753 4550/5754
f 4537/5747 4550/5754 4557/5755 4548/5748
f 4538/5756 4551/5757 4557/5755 4550/5754
f 4538/5756 4550/5754 4558/5753 4552/5758
f 4538/5756 4552/5758 4554/5733 4542/5732
f 4538/5756 4542/5732 4553/5731 4551/5757
f 4539/5759 4541/5730 4555/5737 4545/5760
f 4539/5759 4545/5760 4559/5749 4548/5748
f 4539/5759 4548/5748 4557/5755 4551/5757
f 4539/5759 4551/5757 4553/5731 4541/5730
f 4540/5761 4549/5752 4560/5751 4546/5762
f 4540/5761 4546/5762 4556/5735 4543/5734
f 4540/5761 4543/5734 4554/5733 4552/5758
f 4540/5761 4552/5758 4558/5753 4549/5752
f 4561/5763 4567/5764 4579/5765 4568/5766
f 4561/5763 4568/5766 4580/5767 4569/5768
f 4561/5763 4569/5768 4582/5769 4570/5770
f 4561/5763 4570/5770 4581/5771 4567/5764
f 4562/5772 4571/5773 4581/5774 4570/5775
f 4562/5772 4570/5775 4582/5776 4572/5777
f 4562/5772 4572/5777 4586/5778 4573/5779
f 4562/5772 4573/5779 4585/5780 4571/5773
f 4563/5781 4574/5782 4585/5783 4573/5784
f 4563/5781 4573/5784 4586/5785 4575/5786
f 4563/5781 4575/5786 4584/5787 4576/5788
f 4563/5781 4576/5788 4583/5789 4574/5782
f 4564/5790 4577/5791 4583/5789 4576/5788
f 4564/5790 4576/5788 4584/5787 4578/5792
f 4564/5790 4578/5792 4580/5767 4568/5766
f 4564/5790 4568/5766 4579/5765 4577/5791
f 4565/5793 4567/5764 4581/5771 4571/5794
f 4565/5793 4571/5794 4585/5783 4574/5782
f 4565/5793 4574/5782 4583/5789 4577/5791
f 4565/5793 4577/5791 4579/5765 4567/5764
f 4566/5795 4575/5786 4586/5785 4572/5796
f 4566/5795 4572/5796 4582/5769 4569/5768
f 4566/5795 4569/5768 4580/5767 4578/5792
f 4566/5795 4578/5792 4584/5787 4575/5786
f 4587/5797 4593/5798 4605/5799 4594/5800
f 4587/5797 4594/5800 4606/5801 4595/5802
f 4587/5797 4595/5802 4608/5803 4596/5804
f 4587/5797 4596/5804 4607/5805 4593/5798
f 4588/5806 4597/5807 4607/5808 4596/5809
f 4588/5806 4596/5809 4608/5810 4598/5811
f 4588/5806 4598/5811 4612/5812 4599/5813
f 4588/5806 4599/5813 4611/5814 4597/5807
f 4589/5815 4600/5816 4611/5817 4599/5818
f 4589/5815 4599/5818 4612/5819 4601/5820
f 4589/5815 4601/5820 4610/5821 4602/5822
f 4589/5815 4602/5822 4609/5823 4600/5816
f 4590/5824 4603/5825 4609/5823 4602/5822
f 4590/5824 4602/5822 4610/5821 4604/5826
f 4590/5824 4604/5826 4606/5801 4594/5800
f 4590/5824 4594/5800 4605/5799 4603/5825
f 4591/5827 4593/5798 4607/5805 4597/5828
f 4591/5827 4597/5828 4611/5817 4600/5816
f 4591/5827 4600/5816 4609/5823 4603/5825
f 4591/5827 4603/5825 4605/5799 4593/5798
f 4592/5829 4601/5820 4612/5819 4598/5830
f 4592/5829 4598/5830 4608/5803 4595/5802
f 4592/5829 4595/5802 4606/5801 4604/5826
f 4592/5829 4604/5826 4610/5821 4601/5820
f 4613/5831 4619/5832 4631/5833 4620/5834
f 4613/5831 4620/5834 4632/5835 4621/5836
f 4613/5831 4621/5836 4634/5837 4622/5838
f 4613/5831 4622/5838 4633/5839 4619/5832
f 4614/5840 4623/5841 4633/5842 4622/5843
f 4614/5840 4622/5843 4634/5844 4624/5845
f 4614/5840 4624/5845 4638/5846 4625/5847
f 4614/5840 4625/5847 4637/5848 4623/5841
f 4615/5849 4626/5850 4637/5851 4625/5852
f 4615/5849 4625/5852 4638/5853 4627/5854
f 4615/5849 4627/5854 4636/5855 4628/5856
f 4615/5849 4628/5856 4635/5857 4626/5850
f 4616/5858 4629/5859 4635/5857 4628/5856
f 4616/5858 4628/5856 4636/5855 4630/5860
f 4616/5858 4630/5860 4632/5835 4620/5834
f 4616/5858 4620/5834 4631/5833 4629/5859
f 4617/5861 4619/5832 4633/5839 4623/5862
f 4617/5861 4623/5862 4637/5851 4626/5850
f 4617/5861 4626/5850 4635/5857 4629/5859
f 4617/5861 4629/5859 4631/5833 4619/5832
f 4618/5863 4627/5854 4638/5853 4624/5864
f 4618/5863 4624/5864 4634/5837 4621/5836
f 4618/5863 4621/5836 4632/5835 4630/5860
f 4618/5863 4630/5860 4636/5855 4627/5854
f 4659/5865 4656/5866 4645/5867 4647/5868
f 4659/5865 4647/5868 4641/5869 4650/5870
f 4659/5865 4653/5871 4643/5872 4656/5866
f 4659/5865 4650/5870 4639/5873 4653/5871
f 4660/5874 4651/5875 4642/5876 4648/5877
f 4660/5874 4648/5877 4646/5878 4658/5879
f 4660/5874 4654/5880 4640/5881 4651/5875
f 4660/5874 4658/5879 4644/5882 4654/5880
f 4661/5883 4647/5868 4645/5867 4657/5884
f 4661/5883 4657/5884 4646/5878 4648/5877
f 4661/5883 4649/5885 4641/5869 4647/5868
f 4661/5883 4648/5877 4642/5876 4649/5885
f 4662/5886 4650/5870 4641/5869 4649/5885
f 4662/5886 4649/5885 4642/5876 4651/5875
f 4662/5886 4652/5887 4639/5873 4650/5870
f 4662/5886 4651/5875 4640/5881 4652/5887
f 4663/5888 4653/5889 4639/5890 4652/5891
f 4663/5888 4652/5891 4640/5892 4654/5893
f 4663/5888 4655/5894 4643/5895 4653/5889
f 4663/5888 4654/5893 4644/5896 4655/5894
f 4664/5897 4656/5866 4643/5872 4655/5898
f 4664/5897 4655/5898 4644/5882 4658/5879
f 4664/5897 4657/5884 4645/5867 4656/5866
f 4664/5897 4658/5879 4646/5878 4657/5884
f 4665/5899 4671/5900 4683/5901 4672/5902
f 4665/5899 4672/5902 4684/5903 4673/5904
f 4665/5899 4673/5904 4686/5905 4674/5906
f 4665/5899 4674/5906 4685/5907 4671/5900
f 4666/5908 4675/5909 4685/5910 4674/5911
f 4666/5908 4674/5911 4686/5912 4676/5913
f 4666/5908 4676/5913 4690/5914 4677/5915
f 4666/5908 4677/5915 4689/5916 4675/5909
f 4667/5917 4678/5918 4689/5919 4677/5920
f 4667/5917 4677/5920 4690/5921 4679/5922
f 4667/5917 4679/5922 4688/5923 4680/5924
f 4667/5917 4680/5924 4687/5925 4678/5918
f 4668/5926 4681/5927 4687/5925 4680/5924
f 4668/5926 4680/5924 4688/5923 4682/5928
f 4668/5926 4682/5928 4684/5903 4672/5902
f 4668/5926 4672/5902 4683/5901 4681/5927
f 4669/5929 4671/5900 4685/5907 4675/5930
f 4669/5929 4675/5930 4689/5919 4678/5918
f 4669/5929 4678/5918 4687/5925 4681/5927
f 4669/5929 4681/5927 4683/5901 4671/5900
f 4670/5931 4679/5922 4690/5921 4676/5932
f 4670/5931 4676/5932 4686/5905 4673/5904
f 4670/5931 4673/5904 4684/5903 4682/5928
f 4670/5931 4682/5928 4688/5923 4679/5922
f 4691/5933 4697/5934 4709/5935 4698/5936
f 4691/5933 4698/5936 4710/5937 4699/5938
f 4691/5933 4699/5938 4712/5939 4700/5940
f 4691/5933 4700/5940 4711/5941 4697/5934
f 4692/5942 4701/5943 4711/5944 4700/5945
f 4692/5942 4700/5945 4712/5946 4702/5947
f 4692/5942 4702/5947 4716/5948 4703/5949
f 4692/5942 4703/5949 4715/5950 4701/5943
f 4693/5951 4704/5952 4715/5953 4703/5954
f 4693/5951 4703/5954 4716/5955 4705/5956
f 4693/5951 4705/5956 4714/5957 4706/5958
f 4693/5951 4706/5958 4713/5959 4704/5952
f 4694/5960 4707/5961 4713/5959 4706/5958
f 4694/5960 4706/5958 4714/5957 4708/5962
f 4694/5960 4708/5962 4710/5937 4698/5936
f 4694/5960 4698/5936 4709/5935 4707/5961
f 4695/5963 4697/5934 4711/5941 4701/5964
f 4695/5963 4701/5964 4715/5953 4704/5952
f 4695/5963 4704/5952 4713/5959 4707/5961
f 4695/5963 4707/5961 4709/5935 4697/5934
f 4696/5965 4705/5956 4716/5955 4702/5966
f 4696/5965 4702/5966 4712/5939 4699/5938
f 4696/5965 4699/5938 4710/5937 4708/5962
f 4696/5965 4708/5962 4714/5957 4705/5956
f 4717/5967 4723/5968 4735/5969 4724/5970
f 4717/5967 4724/5970 4736/5971 4725/5972
f 4717/5967 4725/5972 4738/5973 4726/5974
f 4717/5967 4726/5974 4737/5975 4723/5968
f 4718/5976 4727/5977 4737/5978 4726/5979
f 4718/5976 4726/5979 4738/5980 4728/5981
f 4718/5976 4728/5981 4742/5982 4729/5983
f 4718/5976 4729/5983 4741/5984 4727/5977
f 4719/5985 4730/5986 4741/5987 4729/5988
f 4719/5985 4729/5988 4742/5989 4731/5990
f 4719/5985 4731/5990 4740/5991 4732/5992
f 4719/5985 4732/5992 4739/5993 4730/5986
f 4720/5994 4733/5995 4739/5993 4732/5992
f 4720/5994 4732/5992 4740/5991 4734/5996
f 4720/5994 4734/5996 4736/5971 4724/5970
f 4720/5994 4724/5970 4735/5969 4733/5995
f 4721/5997 4723/5968 4737/5975 4727/5998
f 4721/5997 4727/5998 4741/5987 4730/5986
f 4721/5997 4730/5986 4739/5993 4733/5995
f 4721/5997 4733/5995 4735/5969 4723/5968
f 4722/5999 4731/5990 4742/5989 4728/6000
f 4722/5999 4728/6000 4738/5973 4725/5972
f 4722/5999 4725/5972 4736/5971 4734/5996
f 4722/5999 4734/5996 4740/5991 4731/5990
f 4743/6001 4749/6002 4761/6003 4750/6004
f 4743/6001 4750/6004 4762/6005 4751/6006
f 4743/6001 4751/6006 4764/6007 4752/6008
f 4743/6001 4752/6008 4763/6009 4749/6002
f 4744/6010 4753/6011 4763/6012 4752/6013
f 4744/6010 4752/6013 4764/6014 4754/6015
f 4744/6010 4754/6015 4768/6016 4755/6017
f 4744/6010 4755/6017 4767/6018 4753/6011
f 4745/6019 4756/6020 4767/6021 4755/6022
f 4745/6019 4755/6022 4768/6023 4757/6024
f 4745/6019 4757/6024 4766/6025 4758/6026
f 4745/6019 4758/6026 4765/6027 4756/6020
f 4746/6028 4759/6029 4765/6027 4758/6026
f 4746/6028 4758/6026 4766/6025 4760/6030
f 4746/6028 4760/6030 4762/6005 4750/6004
f 4746/6028 4750/6004 4761/6003 4759/6029
f 4747/6031 4749/6002 4763/6009 4753/6032
f 4747/6031 4753/6032 4767/6021 4756/6020
f 4747/6031 4756/6020 4765/6027 4759/6029
f 4747/6031 4759/6029 4761/6003 4749/6002
f 4748/6033 4757/6024 4768/6023 4754/6034
f 4748/6033 4754/6034 4764/6007 4751/6006
f 4748/6033 4751/6006 4762/6005 4760/6030
f 4748/6033 4760/6030 4766/6025 4757/6024
f 4769/6035 4775/6036 4787/6037 4776/6038
f 4769/6035 4776/6038 4788/6039 4777/6040
f 4769/6035 4777/6040 4790/6041 4778/6042
f 4769/6035 4778/6042 4789/6043 4775/6036
f 4770/6044 4779/6045 4789/6046 4778/6047
f 4770/6044 4778/6047 4790/6048 4780/6049
f 4770/6044 4780/6049 4794/6050 4781/6051
f 4770/6044 4781/6051 4793/6052 4779/6045
f 4771/6053 4782/6054 4793/6055 4781/6056
f 4771/6053 4781/6056 4794/6057 4783/6058
f 4771/6053 4783/6058 4792/6059 4784/6060
f 4771/6053 4784/6060 4791/6061 4782/6054
f 4772/6062 4785/6063 4791/6061 4784/6060
f 4772/6062 4784/6060 4792/6059 4786/6064
f 4772/6062 4786/6064 4788/6039 4776/6038
f 4772/6062 4776/6038 4787/6037 4785/6063
f 4773/6065 4775/6036 4789/6043 4779/6066
f 4773/6065 4779/6066 4793/6055 4782/6054
f 4773/6065 4782/6054 4791/6061 4785/6063
f 4773/6065 4785/6063 4787/6037 4775/6036
f 4774/6067 4783/6058 4794/6057 4780/6068
f 4774/6067 4780/6068 4790/6041 4777/6040
f 4774/6067 4777/6040 4788/6039 4786/6064
f 4774/6067 4786/6064 4792/6059 4783/6058
f 4795/6069 4801/6070 4813/6071 4802/6072
f 4795/6069 4802/6072 4814/6073 4803/6074
f 4795/6069 4803/6074 4816/6075 4804/6076
f 4795/6069 4804/6076 4815/6077 4801/6070
f 4796/6078 4805/6079 4815/6080 4804/6081
f 4796/6078 4804/6081 4816/6082 4806/6083
f 4796/6078 4806/6083 4820/6084 4807/6085
f 4796/6078 4807/6085 4819/6086 4805/6079
f 4797/6087 4808/6088 4819/6089 4807/6090
f 4797/6087 4807/6090 4820/6091 4809/6092
f 4797/6087 4809/6092 4818/6093 4810/6094
f 4797/6087 4810/6094 4817/6095 4808/6088
f 4798/6096 4811/6097 4817/6095 4810/6094
f 4798/6096 4810/6094 4818/6093 4812/6098
f 4798/6096 4812/6098 4814/6073 4802/6072
f 4798/6096 4802/6072 4813/6071 4811/6097
f 4799/6099 4801/6070 4815/6077 4805/6100
f 4799/6099 4805/6100 4819/6089 4808/6088
f 4799/6099 4808/6088 4817/6095 4811/6097
f 4799/6099 4811/6097 4813/6071 4801/6070
f 4800/6101 4809/6092 4820/6091 4806/6102
f 4800/6101 4806/6102 4816/6075 4803/6074
f 4800/6101 4803/6074 4814/6073 4812/6098
f 4800/6101 4812/6098 4818/6093 4809/6092
f 4821/6103 4827/6104 4839/6105 4828/6106
f 4821/6103 4828/6106 4840/6107 4829/6108
f 4821/6103 4829/6108 4842/6109 4830/6110
f 4821/6103 4830/6110 4841/6111 4827/6104
f 4822/6112 4831/6113 4841/6114 4830/6115
f 4822/6112 4830/6115 4842/6116 4832/6117
f 4822/6112 4832/6117 4846/6118 4833/6119
f 4822/6112 4833/6119 4845/6120 4831/6113
f 4823/6121 4834/6122 4845/6123 4833/6124
f 4823/6121 4833/6124 4846/6125 4835/6126
f 4823/6121 4835/6126 4844/6127 4836/6128
f 4823/6121 4836/6128 4843/6129 4834/6122
f 4824/6130 4837/6131 4843/6129 4836/6128
f 4824/6130 4836/6128 4844/6127 4838/6132
f 4824/6130 4838/6132 4840/6107 4828/6106
f 4824/6130 4828/6106 4839/6105 4837/6131
f 4825/6133 4827/6104 4841/6111 4831/6134
f 4825/6133 4831/6134 4845/6123 4834/6122
f 4825/6133 4834/6122 4843/6129 4837/6131
f 4825/6133 4837/6131 4839/6105 4827/6104
f 4826/6135 4835/6126 4846/6125 4832/6136
f 4826/6135 4832/6136 4842/6109 4829/6108
f 4826/6135 4829/6108 4840/6107 4838/6132
f 4826/6135 4838/6132 4844/6127 4835/6126
f 4847/6137 4853/6138 4865/6139 4854/6140
f 4847/6137 4854/6140 4866/6141 4855/6142
f 4847/6137 4855/6142 4868/6143 4856/6144
f 4847/6137 4856/6144 4867/6145 4853/6138
f 4848/6146 4857/6147 4867/6148 4856/6149
f 4848/6146 4856/6149 4868/6150 4858/6151
f 4848/6146 4858/6151 4872/6152 4859/6153
f 4848/6146 4859/6153 4871/6154 4857/6147
f 4849/6155 4860/6156 4871/6157 4859/6158
f 4849/6155 4859/6158 4872/6159 4861/6160
f 4849/6155 4861/6160 4870/6161 4862/6162
f 4849/6155 4862/6162 4869/6163 4860/6156
f 4850/6164 4863/6165 4869/6163 4862/6162
f 4850/6164 4862/6162 4870/6161 4864/6166
f 4850/6164 4864/6166 4866/6141 4854/6140
f 4850/6164 4854/6140 4865/6139 4863/6165
f 4851/6167 4853/6138 4867/6145 4857/6168
f 4851/6167 4857/6168 4871/6157 4860/6156
f 4851/6167 4860/6156 4869/6163 4863/6165
f 4851/6167 4863/6165 4865/6139 4853/6138
f 4852/6169 4861/6160 4872/6159 4858/6170
f 4852/6169 4858/6170 4868/6143 4855/6142
f 4852/6169 4855/6142 4866/6141 4864/6166
f 4852/6169 4864/6166 4870/6161 4861/6160
f 4873/6171 4879/6172 4891/6173 4880/6174
f 4873/6171 4880/6174 4892/6175 4881/6176
f 4873/6171 4881/6176 4894/6177 4882/6178
f 4873/6171 4882/6178 4893/6179 4879/6172
f 4874/6180 4883/6181 4893/6182 4882/6183
f 4874/6180 4882/6183 4894/6184 4884/6185
f 4874/6180 4884/6185 4898/6186 4885/6187
f 4874/6180 4885/6187 4897/6188 4883/6181
f 4875/6189 4886/6190 4897/6191 4885/6192
f 4875/6189 4885/6192 4898/6193 4887/6194
f 4875/6189 4887/6194 4896/6195 4888/6196
f 4875/6189 4888/6196 4895/6197 4886/6190
f 4876/6198 4889/6199 4895/6197 4888/6196
f 4876/6198 4888/6196 4896/6195 4890/6200
f 4876/6198 4890/6200 4892/6175 4880/6174
f 4876/6198 4880/6174 4891/6173 4889/6199
f 4877/6201 4879/6172 4893/6179 4883/6202
f 4877/6201 4883/6202 4897/6191 4886/6190
f 4877/6201 4886/6190 4895/6197 4889/6199
f 4877/6201 4889/6199 4891/6173 4879/6172
f 4878/6203 4887/6194 4898/6193 4884/6204
f 4878/6203 4884/6204 4894/6177 4881/6176
f 4878/6203 4881/6176 4892/6175 4890/6200
f 4878/6203 4890/6200 4896/6195 4887/6194
f 4899/6205 4905/6206 4917/6207 4906/6208
f 4899/6205 4906/6208 4918/6209 4907/6210
f 4899/6205 4907/6210 4920/6211 4908/6212
f 4899/6205 4908/6212 4919/6213 4905/6206
f 4900/6214 4909/6215 4919/6216 4908/6217
f 4900/6214 4908/6217 4920/6218 4910/6219
f 4900/6214 4910/6219 4924/6220 4911/6221
f 4900/6214 4911/6221 4923/6222 4909/6215
f 4901/6223 4912/6224 4923/6225 4911/6226
f 4901/6223 4911/6226 4924/6227 4913/6228
f 4901/6223 4913/6228 4922/6229 4914/6230
f 4901/6223 4914/6230 4921/6231 4912/6224
f 4902/6232 4915/6233 4921/6231 4914/6230
f 4902/6232 4914/6230 4922/6229 4916/6234
f 4902/6232 4916/6234 4918/6209 4906/6208
f 4902/6232 4906/6208 4917/6207 4915/6233
f 4903/6235 4905/6206 4919/6213 4909/6236
f 4903/6235 4909/6236 4923/6225 4912/6224
f 4903/6235 4912/6224 4921/6231 4915/6233
f 4903/6235 4915/6233 4917/6207 4905/6206
f 4904/6237 4913/6228 4924/6227 4910/6238
f 4904/6237 4910/6238 4920/6211 4907/6210
f 4904/6237 4907/6210 4918/6209 4916/6234
f 4904/6237 4916/6234 4922/6229 4913/6228
f 4925/6239 4932/6240 4943/6241 4931/6242
f 4925/6239 4933/6243 4944/6244 4932/6240
f 4925/6239 4934/6245 4946/6246 4933/6243
f 4925/6239 4931/6242 4945/6247 4934/6245
f 4926/6248 4934/6249 4945/6250 4935/6251
f 4926/6248 4936/6252 4946/6253 4934/6249
f 4926/6248 4937/6254 4950/6255 4936/6252
f 4926/6248 4935/6251 4949/6256 4937/6254
f 4927/6257 4937/6258 4949/6259 4938/6260
f 4927/6257 4939/6261 4950/6262 4937/6258
f 4927/6257 4940/6263 4948/6264 4939/6261
f 4927/6257 4938/6260 4947/6265 4940/6263
f 4928/6266 4940/6263 4947/6265 4941/6267
f 4928/6266 4942/6268 4948/6264 4940/6263
f 4928/6266 4932/6240 4944/6244 4942/6268
f 4928/6266 4941/6267 4943/6241 4932/6240
f 4929/6269 4935/6270 4945/6247 4931/6242
f 4929/6269 4938/6260 4949/6259 4935/6270
f 4929/6269 4941/6267 4947/6265 4938/6260
f 4929/6269 4931/6242 4943/6241 4941/6267
f 4930/6271 4936/6272 4950/6262 4939/6261
f 4930/6271 4933/6243 4946/6246 4936/6272
f 4930/6271 4942/6268 4944/6244 4933/6243
f 4930/6271 4939/6261 4948/6264 4942/6268
f 4951/6273 4958/6274 4969/6275 4957/6276
f 4951/6273 4959/6277 4970/6278 4958/6274
f 4951/6273 4960/6279 4972/6280 4959/6277
f 4951/6273 4957/6276 4971/6281 4960/6279
f 4952/6282 4960/6283 4971/6284 4961/6285
f 4952/6282 4962/6286 4972/6287 4960/6283
f 4952/6282 4963/6288 4976/6289 4962/6286
f 4952/6282 4961/6285 4975/6290 4963/6288
f 4953/6291 4963/6292 4975/6293 4964/6294
f 4953/6291 4965/6295 4976/6296 4963/6292
f 4953/6291 4966/6297 4974/6298 4965/6295
f 4953/6291 4964/6294 4973/6299 4966/6297
f 4954/6300 4966/6297 4973/6299 4967/6301
f 4954/6300 4968/6302 4974/6298 4966/6297
f 4954/6300 4958/6274 4970/6278 4968/6302
f 4954/6300 4967/6301 4969/6275 4958/6274
f 4955/6303 4961/6304 4971/6281 4957/6276
f 4955/6303 4964/6294 4975/6293 4961/6304
f 4955/6303 4967/6301 4973/6299 4964/6294
f 4955/6303 4957/6276 4969/6275 4967/6301
f 4956/6305 4962/6306 4976/6296 4965/6295
f 4956/6305 4959/6277 4972/6280 4962/6306
f 4956/6305 4968/6302 4970/6278 4959/6277
f 4956/6305 4965/6295 4974/6298 4968/6302
f 4977/6307 4984/6308 4995/6309 4983/6310
f 4977/6307 4985/6311 4996/6312 4984/6308
f 4977/6307 4986/6313 4998/6314 4985/6311
f 4977/6307 4983/6310 4997/6315 4986/6313
f 4978/6316 4986/6317 4997/6318 4987/6319
f 4978/6316 4988/6320 4998/6321 4986/6317
f 4978/6316 4989/6322 5002/6323 4988/6320
f 4978/6316 4987/6319 5001/6324 4989/6322
f 4979/6325 4989/6326 5001/6327 4990/6328
f 4979/6325 4991/6329 5002/6330 4989/6326
f 4979/6325 4992/6331 5000/6332 4991/6329
f 4979/6325 4990/6328 4999/6333 4992/6331
f 4980/6334 4992/6331 4999/6333 4993/6335
f 4980/6334 4994/6336 5000/6332 4992/6331
f 4980/6334 4984/6308 4996/6312 4994/6336
f 4980/6334 4993/6335 4995/6309 4984/6308
f 4981/6337 4987/6338 4997/6315 4983/6310
f 4981/6337 4990/6328 5001/6327 4987/6338
f 4981/6337 4993/6335 4999/6333 4990/6328
f 4981/6337 4983/6310 4995/6309 4993/6335
f 4982/6339 4988/6340 5002/6330 4991/6329
f 4982/6339 4985/6311 4998/6314 4988/6340
f 4982/6339 4994/6336 4996/6312 4985/6311
f 4982/6339 4991/6329 5000/6332 4994/6336
f 5003/6341 5010/6342 5021/6343 5009/6344
f 5003/6341 5011/6345 5022/6346 5010/6342
f 5003/6341 5012/6347 5024/6348 5011/6345
f 5003/6341 5009/6344 5023/6349 5012/6347
f 5004/6350 5012/6351 5023/6352 5013/6353
f 5004/6350 5014/6354 5024/6355 5012/6351
f 5004/6350 5015/6356 5028/6357 5014/6354
f 5004/6350 5013/6353 5027/6358 5015/6356
f 5005/6359 5015/6360 5027/6361 5016/6362
f 5005/6359 5017/6363 5028/6364 5015/6360
f 5005/6359 5018/6365 5026/6366 5017/6363
f 5005/6359 5016/6362 5025/6367 5018/6365
f 5006/6368 5018/6365 5025/6367 5019/6369
f 5006/6368 5020/6370 5026/6366 5018/6365
f 5006/6368 5010/6342 5022/6346 5020/6370
f 5006/6368 5019/6369 5021/6343 5010/6342
f 5007/6371 5013/6372 5023/6349 5009/6344
f 5007/6371 5016/6362 5027/6361 5013/6372
f 5007/6371 5019/6369 5025/6367 5016/6362
f 5007/6371 5009/6344 5021/6343 5019/6369
f 5008/6373 5014/6374 5028/6364 5017/6363
f 5008/6373 5011/6345 5024/6348 5014/6374
f 5008/6373 5020/6370 5022/6346 5011/6345
f 5008/6373 5017/6363 5026/6366 5020/6370
f 5029/6375 5036/6376 5047/6377 5035/6378
f 5029/6375 5037/6379 5048/6380 5036/6376
f 5029/6375 5038/6381 5050/6382 5037/6379
f 5029/6375 5035/6378 5049/6383 5038/6381
f 5030/6384 5038/6385 5049/6386 5039/6387
f 5030/6384 5040/6388 5050/6389 5038/6385
f 5030/6384 5041/6390 5054/6391 5040/6388
f 5030/6384 5039/6387 5053/6392 5041/6390
f 5031/6393 5041/6394 5053/6395 5042/6396
f 5031/6393 5043/6397 5054/6398 5041/6394
f 5031/6393 5044/6399 5052/6400 5043/6397
f 5031/6393 5042/6396 5051/6401 5044/6399
f 5032/6402 5044/6399 5051/6401 5045/6403
f 5032/6402 5046/6404 5052/6400 5044/6399
f 5032/6402 5036/6376 5048/6380 5046/6404
f 5032/6402 5045/6403 5047/6377 5036/6376
f 5033/6405 5039/6406 5049/6383 5035/6378
f 5033/6405 5042/6396 5053/6395 5039/6406
f 5033/6405 5045/6403 5051/6401 5042/6396
f 5033/6405 5035/6378 5047/6377 5045/6403
f 5034/6407 5040/6408 5054/6398 5043/6397
f 5034/6407 5037/6379 5050/6382 5040/6408
f 5034/6407 5046/6404 5048/6380 5037/6379
f 5034/6407 5043/6397 5052/6400 5046/6404
f 5055/6409 5062/6410 5073/6411 5061/6412
f 5055/6409 5063/6413 5074/6414 5062/6410
f 5055/6409 5064/6415 5076/6416 5063/6413
f 5055/6409 5061/6412 5075/6417 5064/6415
f 5056/6418 5064/6419 5075/6420 5065/6421
f 5056/6418 5066/6422 5076/6423 5064/6419
f 5056/6418 5067/6424 5080/6425 5066/6422
f 5056/6418 5065/6421 5079/6426 5067/6424
f 5057/6427 5067/6428 5079/6429 5068/6430
f 5057/6427 5069/6431 5080/6432 5067/6428
f 5057/6427 5070/6433 5078/6434 5069/6431
f 5057/6427 5068/6430 5077/6435 5070/6433
f 5058/6436 5070/6433 5077/6435 5071/6437
f 5058/6436 5072/6438 5078/6434 5070/6433
f 5058/6436 5062/6410 5074/6414 5072/6438
f 5058/6436 5071/6437 5073/6411 5062/6410
f 5059/6439 5065/6440 5075/6417 5061/6412
f 5059/6439 5068/6430 5079/6429 5065/6440
f 5059/6439 5071/6437 5077/6435 5068/6430
f 5059/6439 5061/6412 5073/6411 5071/6437
f 5060/6441 5066/6442 5080/6432 5069/6431
f 5060/6441 5063/6413 5076/6416 5066/6442
f 5060/6441 5072/6438 5074/6414 5063/6413
f 5060/6441 5069/6431 5078/6434 5072/6438
f 5081/6443 5088/6444 5099/6445 5087/6446
f 5081/6443 5089/6447 5100/6448 5088/6444
f 5081/6443 5090/6449 5102/6450 5089/6447
f 5081/6443 5087/6446 5101/6451 5090/6449
f 5082/6452 5090/6453 5101/6454 5091/6455
f 5082/6452 5092/6456 5102/6457 5090/6453
f 5082/6452 5093/6458 5106/6459 5092/6456
f 5082/6452 5091/6455 5105/6460 5093/6458
f 5083/6461 5093/6462 5105/6463 5094/6464
f 5083/6461 5095/6465 5106/6466 5093/6462
f 5083/6461 5096/6467 5104/6468 5095/6465
f 5083/6461 5094/6464 5103/6469 5096/6467
f 5084/6470 5096/6467 5103/6469 5097/6471
f 5084/6470 5098/6472 5104/6468 5096/6467
f 5084/6470 5088/6444 5100/6448 5098/6472
f 5084/6470 5097/6471 5099/6445 5088/6444
f 5085/6473 5091/6474 5101/6451 5087/6446
f 5085/6473 5094/6464 5105/6463 5091/6474
f 5085/6473 5097/6471 5103/6469 5094/6464
f 5085/6473 5087/6446 5099/6445 5097/6471
f 5086/6475 5092/6476 5106/6466 5095/6465
f 5086/6475 5089/6447 5102/6450 5092/6476
f 5086/6475 5098/6472 5100/6448 5089/6447
f 5086/6475 5095/6465 5104/6468 5098/6472
f 5107/6477 5114/6478 5125/6479 5113/6480
f 5107/6477 5115/6481 5126/6482 5114/6478
f 5107/6477 5116/6483 5128/6484 5115/6481
f 5107/6477 5113/6480 5127/6485 5116/6483
f 5108/6486 5116/6487 5127/6488 5117/6489
f 5108/6486 5118/6490 5128/6491 5116/6487
f 5108/6486 5119/6492 5132/6493 5118/6490
f 5108/6486 5117/6489 5131/6494 5119/6492
f 5109/6495 5119/6496 5131/6497 5120/6498
f 5109/6495 5121/6499 5132/6500 5119/6496
f 5109/6495 5122/6501 5130/6502 5121/6499
f 5109/6495 5120/6498 5129/6503 5122/6501
f 5110/6504 5122/6501 5129/6503 5123/6505
f 5110/6504 5124/6506 5130/6502 5122/6501
f 5110/6504 5114/6478 5126/6482 5124/6506
f 5110/6504 5123/6505 5125/6479 5114/6478
f 5111/6507 5117/6508 5127/6485 5113/6480
f 5111/6507 5120/6498 5131/6497 5117/6508
f 5111/6507 5123/6505 5129/6503 5120/6498
f 5111/6507 5113/6480 5125/6479 5123/6505
f 5112/6509 5118/6510 5132/6500 5121/6499
f 5112/6509 5115/6481 5128/6484 5118/6510
f 5112/6509 5124/6506 5126/6482 5115/6481
f 5112/6509 5121/6499 5130/6502 5124/6506
f 5133/6511 5140/6512 5151/6513 5139/6514
f 5133/6511 5141/6515 5152/6516 5140/6512
f 5133/6511 5142/6517 5154/6518 5141/6515
f 5133/6511 5139/6514 5153/6519 5142/6517
f 5134/6520 5142/6521 5153/6522 5143/6523
f 5134/6520 5144/6524 5154/6525 5142/6521
f 5134/6520 5145/6526 5158/6527 5144/6524
f 5134/6520 5143/6523 5157/6528 5145/6526
f 5135/6529 5145/6530 5157/6531 5146/6532
f 5135/6529 5147/6533 5158/6534 5145/6530
f 5135/6529 5148/6535 5156/6536 5147/6533
f 5135/6529 5146/6532 5155/6537 5148/6535
f 5136/6538 5148/6535 5155/6537 5149/6539
f 5136/6538 5150/6540 5156/6536 5148/6535
f 5136/6538 5140/6512 5152/6516 5150/6540
f 5136/6538 5149/6539 5151/6513 5140/6512
f 5137/6541 5143/6542 5153/6519 5139/6514
f 5137/6541 5146/6532 5157/6531 5143/6542
f 5137/6541 5149/6539 5155/6537 5146/6532
f 5137/6541 5139/6514 5151/6513 5149/6539
f 5138/6543 5144/6544 5158/6534 5147/6533
f 5138/6543 5141/6515 5154/6518 5144/6544
f 5138/6543 5150/6540 5152/6516 5141/6515
f 5138/6543 5147/6533 5156/6536 5150/6540
f 5179/6545 5167/6546 5165/6547 5176/6548
f 5179/6545 5170/6549 5161/6550 5167/6546
f 5179/6545 5176/6548 5163/6551 5173/6552
f 5179/6545 5173/6552 5159/6553 5170/6549
f 5180/6554 5168/6555 5162/6556 5171/6557
f 5180/6554 5178/6558 5166/6559 5168/6555
f 5180/6554 5171/6557 5160/6560 5174/6561
f 5180/6554 5174/6561 5164/6562 5178/6558
f 5181/6563 5177/6564 5165/6547 5167/6546
f 5181/6563 5168/6555 5166/6559 5177/6564
f 5181/6563 5167/6546 5161/6550 5169/6565
f 5181/6563 5169/6565 5162/6556 5168/6555
f 5182/6566 5169/6565 5161/6550 5170/6549
f 5182/6566 5171/6557 5162/6556 5169/6565
f 5182/6566 5170/6549 5159/6553 5172/6567
f 5182/6566 5172/6567 5160/6560 5171/6557
f 5183/6568 5172/6569 5159/6570 5173/6571
f 5183/6568 5174/6572 5160/6573 5172/6569
f 5183/6568 5173/6571 5163/6574 5175/6575
f 5183/6568 5175/6575 5164/6576 5174/6572
f 5184/6577 5175/6578 5163/6551 5176/6548
f 5184/6577 5178/6558 5164/6562 5175/6578
f 5184/6577 5176/6548 5165/6547 5177/6564
f 5184/6577 5177/6564 5166/6559 5178/6558
f 5185/6579 5192/6580 5203/6581 5191/6582
f 5185/6579 5193/6583 5204/6584 5192/6580
f 5185/6579 5194/6585 5206/6586 5193/6583
f 5185/6579 5191/6582 5205/6587 5194/6585
f 5186/6588 5194/6589 5205/6590 5195/6591
f 5186/6588 5196/6592 5206/6593 5194/6589
f 5186/6588 5197/6594 5210/6595 5196/6592
f 5186/6588 5195/6591 5209/6596 5197/6594
f 5187/6597 5197/6598 5209/6599 5198/6600
f 5187/6597 5199/6601 5210/6602 5197/6598
f 5187/6597 5200/6603 5208/6604 5199/6601
f 5187/6597 5198/6600 5207/6605 5200/6603
f 5188/6606 5200/6603 5207/6605 5201/6607
f 5188/6606 5202/6608 5208/6604 5200/6603
f 5188/6606 5192/6580 5204/6584 5202/6608
f 5188/6606 5201/6607 5203/6581 5192/6580
f 5189/6609 5195/6610 5205/6587 5191/6582
f 5189/6609 5198/6600 5209/6599 5195/6610
f 5189/6609 5201/6607 5207/6605 5198/6600
f 5189/6609 5191/6582 5203/6581 5201/6607
f 5190/6611 5196/6612 5210/6602 5199/6601
f 5190/6611 5193/6583 5206/6586 5196/6612
f 5190/6611 5202/6608 5204/6584 5193/6583
f 5190/6611 5199/6601 5208/6604 5202/6608
f 5211/6613 5218/6614 5229/6615 5217/6616
f 5211/6613 5219/6617 5230/6618 5218/6614
f 5211/6613 5220/6619 5232/6620 5219/6617
f 5211/6613 5217/6616 5231/6621 5220/6619
f 5212/6622 5220/6623 5231/6624 5221/6625
f 5212/6622 5222/6626 5232/6627 5220/6623
f 5212/6622 5223/6628 5236/6629 5222/6626
f 5212/6622 5221/6625 5235/6630 5223/6628
f 5213/6631 5223/6632 5235/6633 5224/6634
f 5213/6631 5225/6635 5236/6636 5223/6632
f 5213/6631 5226/6637 5234/6638 5225/6635
f 5213/6631 5224/6634 5233/6639 5226/6637
f 5214/6640 5226/6637 5233/6639 5227/6641
f 5214/6640 5228/6642 5234/6638 5226/6637
f 5214/6640 5218/6614 5230/6618 5228/6642
f 5214/6640 5227/6641 5229/6615 5218/6614
f 5215/6643 5221/6644 5231/6621 5217/6616
f 5215/6643 5224/6634 5235/6633 5221/6644
f 5215/6643 5227/6641 5233/6639 5224/6634
f 5215/6643 5217/6616 5229/6615 5227/6641
f 5216/6645 5222/6646 5236/6636 5225/6635
f 5216/6645 5219/6617 5232/6620 5222/6646
f 5216/6645 5228/6642 5230/6618 5219/6617
f 5216/6645 5225/6635 5234/6638 5228/6642
f 5237/6647 5244/6648 5255/6649 5243/6650
f 5237/6647 5245/6651 5256/6652 5244/6648
f 5237/6647 5246/6653 5258/6654 5245/6651
f 5237/6647 5243/6650 5257/6655 5246/6653
f 5238/6656 5246/6657 5257/6658 5247/6659
f 5238/6656 5248/6660 5258/6661 5246/6657
f 5238/6656 5249/6662 5262/6663 5248/6660
f 5238/6656 5247/6659 5261/6664 5249/6662
f 5239/6665 5249/6666 5261/6667 5250/6668
f 5239/6665 5251/6669 5262/6670 5249/6666
f 5239/6665 5252/6671 5260/6672 5251/6669
f 5239/6665 5250/6668 5259/6673 5252/6671
f 5240/6674 5252/6671 5259/6673 5253/6675
f 5240/6674 5254/6676 5260/6672 5252/6671
f 5240/6674 5244/6648 5256/6652 5254/6676
f 5240/6674 5253/6675 5255/6649 5244/6648
f 5241/6677 5247/6678 5257/6655 5243/6650
f 5241/6677 5250/6668 5261/6667 5247/6678
f 5241/6677 5253/6675 5259/6673 5250/6668
f 5241/6677 5243/6650 5255/6649 5253/6675
f 5242/6679 5248/6680 5262/6670 5251/6669
f 5242/6679 5245/6651 5258/6654 5248/6680
f 5242/6679 5254/6676 5256/6652 5245/6651
f 5242/6679 5251/6669 5260/6672 5254/6676
f 5263/6681 5270/6682 5281/6683 5269/6684
f 5263/6681 5271/6685 5282/6686 5270/6682
f 5263/6681 5272/6687 5284/6688 5271/6685
f 5263/6681 5269/6684 5283/6689 5272/6687
f 5264/6690 5272/6691 5283/6692 5273/6693
f 5264/6690 5274/6694 5284/6695 5272/6691
f 5264/6690 5275/6696 5288/6697 5274/6694
f 5264/6690 5273/6693 5287/6698 5275/6696
f 5265/6699 5275/6700 5287/6701 5276/6702
f 5265/6699 5277/6703 5288/6704 5275/6700
f 5265/6699 5278/6705 5286/6706 5277/6703
f 5265/6699 5276/6702 5285/6707 5278/6705
f 5266/6708 5278/6705 5285/6707 5279/6709
f 5266/6708 5280/6710 5286/6706 5278/6705
f 5266/6708 5270/6682 5282/6686 5280/6710
f 5266/6708 5279/6709 5281/6683 5270/6682
f 5267/6711 5273/6712 5283/6689 5269/6684
f 5267/6711 5276/6702 5287/6701 5273/6712
f 5267/6711 5279/6709 5285/6707 5276/6702
f 5267/6711 5269/6684 5281/6683 5279/6709
f 5268/6713 5274/6714 5288/6704 5277/6703
f 5268/6713 5271/6685 5284/6688 5274/6714
f 5268/6713 5280/6710 5282/6686 5271/6685
f 5268/6713 5277/6703 5286/6706 5280/6710
f 5289/6715 5296/6716 5307/6717 5295/6718
f 5289/6715 5297/6719 5308/6720 5296/6716
f 5289/6715 5298/6721 5310/6722 5297/6719
f 5289/6715 5295/6718 5309/6723 5298/6721
f 5290/6724 5298/6725 5309/6726 5299/6727
f 5290/6724 5300/6728 5310/6729 5298/6725
f 5290/6724 5301/6730 5314/6731 5300/6728
f 5290/6724 5299/6727 5313/6732 5301/6730
f 5291/6733 5301/6734 5313/6735 5302/6736
f 5291/6733 5303/6737 5314/6738 5301/6734
f 5291/6733 5304/6739 5312/6740 5303/6737
f 5291/6733 5302/6736 5311/6741 5304/6739
f 5292/6742 5304/6739 5311/6741 5305/6743
f 5292/6742 5306/6744 5312/6740 5304/6739
f 5292/6742 5296/6716 5308/6720 5306/6744
f 5292/6742 5305/6743 5307/6717 5296/6716
f 5293/6745 5299/6746 5309/6723 5295/6718
f 5293/6745 5302/6736 5313/6735 5299/6746
f 5293/6745 5305/6743 5311/6741 5302/6736
f 5293/6745 5295/6718 5307/6717 5305/6743
f 5294/6747 5300/6748 5314/6738 5303/6737
f 5294/6747 5297/6719 5310/6722 5300/6748
f 5294/6747 5306/6744 5308/6720 5297/6719
f 5294/6747 5303/6737 5312/6740 5306/6744
f 5315/6749 5322/6750 5333/6751 5321/6752
f 5315/6749 5323/6753 5334/6754 5322/6750
f 5315/6749 5324/6755 5336/6756 5323/6753
f 5315/6749 5321/6752 5335/6757 5324/6755
f 5316/6758 5324/6759 5335/6760 5325/6761
f 5316/6758 5326/6762 5336/6763 5324/6759
f 5316/6758 5327/6764 5340/6765 5326/6762
f 5316/6758 5325/6761 5339/6766 5327/6764
f 5317/6767 5327/6768 5339/6769 5328/6770
f 5317/6767 5329/6771 5340/6772 5327/6768
f 5317/6767 5330/6773 5338/6774 5329/6771
f 5317/6767 5328/6770 5337/6775 5330/6773
f 5318/6776 5330/6773 5337/6775 5331/6777
f 5318/6776 5332/6778 5338/6774 5330/6773
f 5318/6776 5322/6750 5334/6754 5332/6778
f 5318/6776 5331/6777 5333/6751 5322/6750
f 5319/6779 5325/6780 5335/6757 5321/6752
f 5319/6779 5328/6770 5339/6769 5325/6780
f 5319/6779 5331/6777 5337/6775 5328/6770
f 5319/6779 5321/6752 5333/6751 5331/6777
f 5320/6781 5326/6782 5340/6772 5329/6771
f 5320/6781 5323/6753 5336/6756 5326/6782
f 5320/6781 5332/6778 5334/6754 5323/6753
f 5320/6781 5329/6771 5338/6774 5332/6778
f 5341/6783 5348/6784 5359/6785 5347/6786
f 5341/6783 5349/6787 5360/6788 5348/6784
f 5341/6783 5350/6789 5362/6790 5349/6787
f 5341/6783 5347/6786 5361/6791 5350/6789
f 5342/6792 5350/6793 5361/6794 5351/6795
f 5342/6792 5352/6796 5362/6797 5350/6793
f 5342/6792 5353/6798 5366/6799 5352/6796
f 5342/6792 5351/6795 5365/6800 5353/6798
f 5343/6801 5353/6802 5365/6803 5354/6804
f 5343/6801 5355/6805 5366/6806 5353/6802
f 5343/6801 5356/6807 5364/6808 5355/6805
f 5343/6801 5354/6804 5363/6809 5356/6807
f 5344/6810 5356/6807 5363/6809 5357/6811
f 5344/6810 5358/6812 5364/6808 5356/6807
f 5344/6810 5348/6784 5360/6788 5358/6812
f 5344/6810 5357/6811 5359/6785 5348/6784
f 5345/6813 5351/6814 5361/6791 5347/6786
f 5345/6813 5354/6804 5365/6803 5351/6814
f 5345/6813 5357/6811 5363/6809 5354/6804
f 5345/6813 5347/6786 5359/6785 5357/6811
f 5346/6815 5352/6816 5366/6806 5355/6805
f 5346/6815 5349/6787 5362/6790 5352/6816
f 5346/6815 5358/6812 5360/6788 5349/6787
f 5346/6815 5355/6805 5364/6808 5358/6812
f 5367/6817 5374/6818 5385/6819 5373/6820
f 5367/6817 5375/6821 5386/6822 5374/6818
f 5367/6817 5376/6823 5388/6824 5375/6821
f 5367/6817 5373/6820 5387/6825 5376/6823
f 5368/6826 5376/6827 5387/6828 5377/6829
f 5368/6826 5378/6830 5388/6831 5376/6827
f 5368/6826 5379/6832 5392/6833 5378/6830
f 5368/6826 5377/6829 5391/6834 5379/6832
f 5369/6835 5379/6836 5391/6837 5380/6838
f 5369/6835 5381/6839 5392/6840 5379/6836
f 5369/6835 5382/6841 5390/6842 5381/6839
f 5369/6835 5380/6838 5389/6843 5382/6841
f 5370/6844 5382/6841 5389/6843 5383/6845
f 5370/6844 5384/6846 5390/6842 5382/6841
f 5370/6844 5374/6818 5386/6822 5384/6846
f 5370/6844 5383/6845 5385/6819 5374/6818
f 5371/6847 5377/6848 5387/6825 5373/6820
f 5371/6847 5380/6838 5391/6837 5377/6848
f 5371/6847 5383/6845 5389/6843 5380/6838
f 5371/6847 5373/6820 5385/6819 5383/6845
f 5372/6849 5378/6850 5392/6840 5381/6839
f 5372/6849 5375/6821 5388/6824 5378/6850
f 5372/6849 5384/6846 5386/6822 5375/6821
f 5372/6849 5381/6839 5390/6842 5384/6846
f 5393/6851 5400/6852 5411/6853 5399/6854
f 5393/6851 5401/6855 5412/6856 5400/6852
f 5393/6851 5402/6857 5414/6858 5401/6855
f 5393/6851 5399/6854 5413/6859 5402/6857
f 5394/6860 5402/6861 5413/6862 5403/6863
f 5394/6860 5404/6864 5414/6865 5402/6861
f 5394/6860 5405/6866 5418/6867 5404/6864
f 5394/6860 5403/6863 5417/6868 5405/6866
f 5395/6869 5405/6870 5417/6871 5406/6872
f 5395/6869 5407/6873 5418/6874 5405/6870
f 5395/6869 5408/6875 5416/6876 5407/6873
f 5395/6869 5406/6872 5415/6877 5408/6875
f 5396/6878 5408/6875 5415/6877 5409/6879
f 5396/6878 5410/6880 5416/6876 5408/6875
f 5396/6878 5400/6852 5412/6856 5410/6880
f 5396/6878 5409/6879 5411/6853 5400/6852
f 5397/6881 5403/6882 5413/6859 5399/6854
f 5397/6881 5406/6872 5417/6871 5403/6882
f 5397/6881 5409/6879 5415/6877 5406/6872
f 5397/6881 5399/6854 5411/6853 5409/6879
f 5398/6883 5404/6884 5418/6874 5407/6873
f 5398/6883 5401/6855 5414/6858 5404/6884
f 5398/6883 5410/6880 5412/6856 5401/6855
f 5398/6883 5407/6873 5416/6876 5410/6880
f 5419/6885 5426/6886 5437/6887 5425/6888
f 5419/6885 5427/6889 5438/6890 5426/6886
f 5419/6885 5428/6891 5440/6892 5427/6889
f 5419/6885 5425/6888 5439/6893 5428/6891
f 5420/6894 5428/6895 5439/6896 5429/6897
f 5420/6894 5430/6898 5440/6899 5428/6895
f 5420/6894 5431/6900 5444/6901 5430/6898
f 5420/6894 5429/6897 5443/6902 5431/6900
f 5421/6903 5431/6904 5443/6905 5432/6906
f 5421/6903 5433/6907 5444/6908 5431/6904
f 5421/6903 5434/6909 5442/6910 5433/6907
f 5421/6903 5432/6906 5441/6911 5434/6909
f 5422/6912 5434/6909 5441/6911 5435/6913
f 5422/6912 5436/6914 5442/6910 5434/6909
f 5422/6912 5426/6886 5438/6890 5436/6914
f 5422/6912 5435/6913 5437/6887 5426/6886
f 5423/6915 5429/6916 5439/6893 5425/6888
f 5423/6915 5432/6906 5443/6905 5429/6916
f 5423/6915 5435/6913 5441/6911 5432/6906
f 5423/6915 5425/6888 5437/6887 5435/6913
f 5424/6917 5430/6918 5444/6908 5433/6907
f 5424/6917 5427/6889 5440/6892 5430/6918
f 5424/6917 5436/6914 5438/6890 5427/6889
f 5424/6917 5433/6907 5442/6910 5436/6914