# Exported from MakeClothes (TM)
# author Unknown
# license AGPL3 (see also http://www.makehuman.org/doc/node/external_tools_license.html)
# homepage http://www.makehuman.org/
v -2.1624 -7.9386 1.4593
v -2.2531 -7.9869 1.4581
v -2.2230 -8.0076 1.6024
v -2.1301 -7.9597 1.6009
v -2.1616 -7.9025 1.3178
v -2.2489 -7.9607 1.3160
v -2.0612 -7.8950 1.4576
v -2.0648 -7.8466 1.3167
v -2.0258 -7.9180 1.5976
v -2.1541 -7.8355 1.1787
v -2.2265 -7.9169 1.1757
v -2.1508 -7.7738 1.0428
v -2.2044 -7.8733 1.0421
v -2.0687 -7.7609 1.1809
v -2.0803 -7.6871 1.0453
v -2.3034 -8.0374 1.4545
v -2.3238 -8.0992 1.4525
v -2.2786 -8.1002 1.5959
v -2.2672 -8.0516 1.5990
v -2.3017 -8.0218 1.3130
v -2.3274 -8.0947 1.3103
v -2.2688 -8.0001 1.1753
v -2.2867 -8.0850 1.1737
v -2.2321 -7.9715 1.0400
v -2.2377 -8.0652 1.0367
v -1.3277 -7.8562 1.3021
v -1.3010 -7.9308 1.3262
v -1.3053 -7.8781 1.1705
v -1.3432 -7.7872 1.1495
v -1.3104 -7.9277 1.4393
v -1.2631 -7.9836 1.4669
v -1.3826 -7.7876 1.2740
v -1.3710 -7.8731 1.4052
v -1.3869 -7.7125 1.1322
v -1.2986 -7.9644 1.5750
v -1.2486 -8.0124 1.6070
v -1.3057 -7.9812 1.7199
v -1.2648 -8.0282 1.7600
v -1.3670 -7.9210 1.5375
v -1.3666 -7.9403 1.6757
v -1.2793 -8.0190 1.3459
v -1.2806 -8.1141 1.3544
v -1.3158 -8.0941 1.2059
v -1.2968 -7.9865 1.1945
v -1.2341 -8.0477 1.4779
v -1.2263 -8.1273 1.4795
v -1.2208 -8.0671 1.6155
v -1.2111 -8.1350 1.6133
v -1.2424 -8.0768 1.7704
v -1.2340 -8.1311 1.7659
v -2.4027 -8.3605 1.4688
v -2.4048 -8.4282 1.4633
v -2.3460 -8.4139 1.6270
v -2.3433 -8.3397 1.6283
v -2.4124 -8.3663 1.3091
v -2.4114 -8.4329 1.3047
v -2.4002 -8.2741 1.4579
v -2.4088 -8.2793 1.2966
v -2.3395 -8.2608 1.6177
v -2.3695 -8.3634 1.1632
v -2.3718 -8.4380 1.1669
v -2.3095 -8.3524 1.0178
v -2.3103 -8.4366 1.0342
v -2.3623 -8.2824 1.1479
v -2.2994 -8.2725 0.9938
v -1.2704 -8.3862 1.3484
v -1.2761 -8.4675 1.3546
v -1.3725 -8.4590 1.1932
v -1.3589 -8.3712 1.1722
v -1.1853 -8.3801 1.4982
v -1.1963 -8.4683 1.4948
v -1.2680 -8.3164 1.3347
v -1.1811 -8.3181 1.4874
v -1.3541 -8.3001 1.1507
v -1.1665 -8.3634 1.6451
v -1.1764 -8.4654 1.6428
v -1.2043 -8.3428 1.8166
v -1.2123 -8.4462 1.8156
v -1.1613 -8.3137 1.6391
v -1.1980 -8.2933 1.8084
v -1.9691 -7.9052 1.9022
v -2.0298 -7.9380 1.9318
v -1.9652 -7.9162 2.0100
v -1.9219 -7.8872 1.9624
v -2.0179 -7.9325 1.8283
v -2.1027 -7.9715 1.8391
v -1.8983 -7.8834 1.8835
v -1.9228 -7.9019 1.8202
v -1.8847 -7.8763 1.9322
v -2.0770 -7.9593 1.7291
v -2.1707 -8.0009 1.7317
v -1.9690 -7.9226 1.7249
v -2.0605 -7.9833 1.9534
v -2.0673 -8.0362 1.9680
v -2.0014 -8.0069 2.0622
v -1.9915 -7.9571 2.0423
v -2.1399 -8.0158 1.8469
v -2.1449 -8.0658 1.8538
v -2.2116 -8.0430 1.7313
v -2.2177 -8.0898 1.7315
v -1.3373 -7.9727 1.8454
v -1.3051 -8.0093 1.8855
v -1.3735 -7.9391 1.9299
v -1.3479 -7.9686 1.9709
v -1.3854 -7.9396 1.7994
v -1.4108 -7.9167 1.8878
v -1.4035 -7.9111 1.9831
v -1.3884 -7.9348 2.0310
v -1.4406 -7.8936 2.0212
v -1.4380 -7.9147 2.0776
v -1.4314 -7.8956 1.9438
v -1.4498 -7.8862 1.9841
v -1.2853 -8.0518 1.9003
v -1.2772 -8.1019 1.9024
v -1.3309 -8.0069 1.9939
v -1.3249 -8.0560 2.0074
v -1.3802 -7.9693 2.0687
v -1.3803 -8.0170 2.0975
v -1.4399 -7.9452 2.1275
v -1.4459 -7.9874 2.1674
v -2.1178 -8.2350 2.0173
v -2.1152 -8.3228 2.0258
v -2.0609 -8.2974 2.1137
v -2.0620 -8.1914 2.1119
v -2.1880 -8.2754 1.9111
v -2.1832 -8.3529 1.9164
v -2.1155 -8.1747 2.0050
v -2.1907 -8.2076 1.8871
v -2.0569 -8.1453 2.1035
v -2.2682 -8.3090 1.7795
v -2.2667 -8.3856 1.7818
v -2.2672 -8.2380 1.7600
v -1.2606 -8.3056 1.9737
v -1.2674 -8.4071 1.9781
v -1.3183 -8.2612 2.0983
v -1.3237 -8.3605 2.1065
v -1.2545 -8.2589 1.9619
v -1.3131 -8.2169 2.0843
v -1.3900 -8.2156 2.2074
v -1.3938 -8.3156 2.2156
v -1.4661 -8.1600 2.2948
v -1.4697 -8.2571 2.3065
v -1.3855 -8.1706 2.1933
v -1.4644 -8.1203 2.2861
v -2.1386 -7.8127 0.0972
v -2.1297 -7.9204 0.1238
v -2.1629 -7.9412 0.3252
v -2.1708 -7.8476 0.3025
v -2.0541 -7.7995 -0.0624
v -2.0508 -7.9189 -0.0345
v -2.1402 -7.7239 0.0737
v -2.0477 -7.6924 -0.0857
v -2.1722 -7.7802 0.2877
v -1.2927 -7.8225 0.2588
v -1.2821 -7.9428 0.2736
v -1.3004 -7.9295 0.1109
v -1.3163 -7.8052 0.0964
v -1.2821 -7.8509 0.4471
v -1.2835 -7.9640 0.4586
v -1.3126 -7.7185 0.2443
v -1.2882 -7.7498 0.4349
v -1.3416 -7.6939 0.0856
v -1.8075 -8.4423 0.1553
v -1.6822 -8.4435 0.1740
v -1.7334 -8.4444 0.4069
v -1.8539 -8.4443 0.3827
v -2.1508 -8.3528 0.1432
v -2.0912 -8.3488 0.0018
v -2.0908 -8.4331 0.0119
v -2.1496 -8.4386 0.1479
v -2.1519 -8.2631 0.1308
v -2.1526 -8.1504 0.1060
v -2.0890 -8.1530 -0.0502
v -2.0924 -8.2647 -0.0083
v -2.1747 -8.2659 0.3015
v -2.1786 -8.1547 0.2808
v -1.2908 -8.3716 0.3125
v -1.2979 -8.4553 0.3173
v -1.2963 -8.4540 0.1685
v -1.2904 -8.3663 0.1591
v -2.0688 -8.4463 0.1385
v -1.9329 -8.4437 0.1456
v -1.9679 -8.4461 0.3625
v -2.0682 -8.4483 0.3564
v -1.2787 -8.2825 0.2995
v -1.2615 -8.1621 0.2681
v -1.2664 -8.1696 0.4442
v -1.2849 -8.2735 0.4613
v -1.2830 -8.2790 0.1499
v -1.2734 -8.1616 0.1124
v -2.1537 -7.7229 0.9030
v -2.1837 -7.8306 0.9077
v -2.1614 -7.6873 0.7409
v -2.1700 -7.7938 0.7493
v -2.1030 -7.6250 0.9020
v -2.1293 -7.5603 0.7078
v -2.1978 -7.9331 0.9053
v -2.1953 -8.0293 0.8942
v -2.1756 -7.8949 0.7467
v -2.1723 -7.9902 0.7306
v -2.1871 -7.8649 0.5672
v -2.1821 -7.9584 0.5696
v -2.1854 -7.7746 0.5613
v -1.3352 -7.7242 0.9938
v -1.3066 -7.8225 1.0084
v -1.2925 -7.7718 0.8480
v -1.3242 -7.6730 0.8391
v -1.3791 -7.6413 0.9857
v -1.3663 -7.5766 0.8377
v -1.2741 -7.8649 0.6941
v -1.2951 -7.9812 0.6920
v -1.2932 -7.8925 0.8603
v -1.3240 -8.0098 0.8543
v -1.2808 -7.7528 0.6887
v -1.3000 -7.9400 1.0300
v -1.3323 -8.0548 1.0325
v -2.2079 -8.2510 0.5398
v -2.2145 -8.1652 0.5387
v -2.2016 -8.2750 0.6371
v -2.2056 -8.1949 0.6342
v -2.1911 -8.3337 0.5489
v -2.1873 -8.3518 0.6399
v -1.3660 -8.4604 0.2684
v -1.3883 -8.4598 0.4810
v -1.4780 -8.4549 0.4570
v -1.4411 -8.4546 0.2386
v -2.2425 -8.3209 0.8358
v -2.2371 -8.2367 0.8198
v -2.2470 -8.4028 0.8407
v -1.3248 -8.2731 0.6869
v -1.3527 -8.2892 0.7551
v -1.3892 -8.3711 0.7728
v -1.3453 -8.3641 0.6977
v -1.3053 -8.1839 0.6919
v -1.3416 -8.2128 0.7749
v -1.3974 -8.3305 0.9650
v -1.4156 -8.4231 0.9749
v -1.3798 -8.2583 0.9544
v -1.7472 -7.8746 2.0770
v -1.7718 -7.9023 2.1316
v -1.6998 -7.8982 2.1445
v -1.6787 -7.8724 2.0872
v -1.8130 -7.8781 2.0538
v -1.8425 -7.9067 2.1059
v -1.7227 -7.8556 2.0076
v -1.7838 -7.8588 1.9889
v -1.6591 -7.8553 2.0145
v -1.8702 -7.8808 2.0149
v -1.9052 -7.9087 2.0668
v -1.8401 -7.8657 1.9546
v -1.7911 -7.9353 2.1723
v -1.8064 -7.9751 2.2001
v -1.7388 -7.9696 2.2155
v -1.7207 -7.9300 2.1869
v -1.8598 -7.9413 2.1450
v -1.8702 -7.9827 2.1719
v -1.9261 -7.9457 2.1040
v -1.9354 -7.9914 2.1271
v -1.7002 -7.8054 -0.1805
v -1.6923 -7.6905 -0.1762
v -1.5885 -7.6945 -0.1551
v -1.5891 -7.8063 -0.1571
v -1.8247 -7.8045 -0.1804
v -1.8157 -7.6864 -0.1794
v -1.7140 -7.9276 -0.1792
v -1.8459 -7.9292 -0.1748
v -1.5905 -7.9258 -0.1541
v -1.9360 -7.8002 -0.1516
v -1.9262 -7.6834 -0.1616
v -1.9541 -7.9244 -0.1335
v -1.6841 -7.6120 -0.1610
v -1.6745 -7.5655 -0.1491
v -1.5905 -7.5686 -0.1325
v -1.5896 -7.6155 -0.1416
v -1.8018 -7.6107 -0.1697
v -1.7810 -7.5655 -0.1583
v -1.9022 -7.6172 -0.1639
v -1.8762 -7.5717 -0.1587
v -2.0230 -7.6504 -0.0960
v -1.9990 -7.6225 -0.0986
v -1.8820 -8.1096 2.2765
v -1.8876 -8.2018 2.2929
v -1.8120 -8.1942 2.3218
v -1.8046 -8.1089 2.3005
v -1.9468 -8.1242 2.2420
v -1.9482 -8.2283 2.2504
v -1.8772 -8.0739 2.2682
v -1.9427 -8.0883 2.2363
v -1.8010 -8.0688 2.2906
v -2.0050 -8.1628 2.1853
v -2.0037 -8.2680 2.1874
v -2.0007 -8.1194 2.1801
v -2.0067 -8.3423 -0.0955
v -2.0065 -8.4251 -0.0920
v -1.8963 -8.3391 -0.1300
v -1.8969 -8.4217 -0.1271
v -2.0080 -8.2599 -0.1005
v -2.0068 -8.1527 -0.1360
v -1.8968 -8.1484 -0.1570
v -1.8968 -8.2569 -0.1348
v -1.7457 -8.3395 -0.1368
v -1.7473 -8.4228 -0.1340
v -1.6002 -8.3425 -0.1157
v -1.6025 -8.4269 -0.1128
v -1.7456 -8.2566 -0.1412
v -1.7448 -8.1459 -0.1561
v -1.5967 -8.1464 -0.1344
v -1.5991 -8.2587 -0.1200
v -1.9635 -8.4428 1.5480
v -1.9579 -8.4483 1.3884
v -1.8092 -8.4528 1.4144
v -1.8102 -8.4478 1.5738
v -2.1146 -8.4377 1.5211
v -2.1076 -8.4437 1.3615
v -1.9218 -8.4248 1.7166
v -2.0697 -8.4199 1.6909
v -1.7760 -8.4300 1.7398
v -2.2559 -8.4329 1.4929
v -2.2575 -8.4384 1.3338
v -2.2042 -8.4167 1.6604
v -1.9387 -8.4518 1.2467
v -1.9169 -8.4454 1.1033
v -1.7970 -8.4460 1.1226
v -1.7967 -8.4545 1.2716
v -2.0826 -8.4483 1.2207
v -2.0509 -8.4434 1.0793
v -2.2255 -8.4437 1.1944
v -2.1833 -8.4394 1.0544
v -1.9731 -7.8772 1.5075
v -1.9354 -7.8908 1.5974
v -1.8534 -7.8746 1.5978
v -1.8906 -7.8651 1.5462
v -1.8056 -7.8596 1.5736
v -1.7776 -7.8658 1.5966
v -1.7011 -7.8639 1.6006
v -1.7186 -7.8601 1.5856
v -1.8421 -8.2987 2.1562
v -1.8301 -8.3447 2.0291
v -1.7321 -8.3472 2.0442
v -1.7589 -8.2982 2.1751
v -1.9203 -8.3025 2.1275
v -1.9305 -8.3441 2.0056
v -2.0089 -8.3115 2.0823
v -2.0471 -8.3476 1.9662
v -1.8605 -8.3896 1.8811
v -1.7373 -8.3939 1.8997
v -1.9888 -8.3861 1.8576
v -2.1254 -8.3852 1.8237
v -1.8309 -7.8689 1.8947
v -1.8427 -7.8850 1.8233
v -1.7678 -7.8604 1.9149
v -1.7731 -7.8782 1.8304
v -1.7072 -7.8579 1.9254
v -1.7105 -7.8772 1.8337
v -1.6466 -7.8596 1.9298
v -1.6497 -7.8797 1.8366
v -1.8789 -7.9000 1.7248
v -1.8032 -7.8884 1.7260
v -1.7366 -7.8833 1.7247
v -1.6713 -7.8829 1.7269
v -1.9779 -8.4523 0.5230
v -2.0885 -8.4523 0.5450
v -1.8679 -8.4510 0.5285
v -1.7506 -8.4509 0.5378
v -1.8892 -8.4122 0.9050
v -1.8565 -8.3706 0.7100
v -1.7412 -8.3729 0.7285
v -1.7833 -8.4133 0.9207
v -2.0091 -8.4103 0.8848
v -1.9804 -8.3684 0.6879
v -2.1284 -8.4070 0.8629
v -2.0906 -8.3659 0.6678
v -1.8631 -8.3401 0.5387
v -1.7443 -8.3411 0.5478
v -1.9756 -8.3399 0.5333
v -2.0921 -8.3381 0.5563
v -2.0373 -7.5501 0.9118
v -2.0489 -7.4772 0.7738
v -1.9406 -7.5042 0.9422
v -1.9501 -7.4306 0.8181
v -1.8221 -7.4752 0.9609
v -1.8295 -7.4022 0.8472
v -1.7091 -7.4668 0.9712
v -1.7173 -7.3933 0.8706
v -1.4900 -7.8834 2.0528
v -1.4979 -7.9050 2.1117
v -1.5478 -7.8781 2.0751
v -1.5626 -7.9002 2.1338
v -1.4824 -7.8750 1.9912
v -1.5342 -7.8654 2.0067
v -1.6117 -7.8741 2.0865
v -1.6301 -7.8978 2.1450
v -1.5948 -7.8587 2.0142
v -1.5068 -7.9333 2.1633
v -1.5161 -7.9740 2.2038
v -1.5768 -7.9293 2.1823
v -1.5888 -7.9697 2.2183
v -1.6488 -7.9282 2.1901
v -1.6646 -7.9684 2.2219
v -1.3729 -7.8043 -0.0018
v -1.3998 -7.6912 -0.0134
v -1.4361 -7.8096 -0.0598
v -1.4578 -7.6959 -0.0705
v -1.3534 -7.9289 0.0149
v -1.4195 -7.9317 -0.0455
v -1.5073 -7.8090 -0.1135
v -1.5180 -7.6967 -0.1186
v -1.4999 -7.9288 -0.1048
v -1.4249 -7.6272 -0.0321
v -1.4455 -7.5878 -0.0409
v -1.3867 -7.5956 0.0608
v -1.3655 -7.6311 0.0699
v -1.4773 -7.6247 -0.0801
v -1.4929 -7.5819 -0.0857
v -1.5280 -7.6201 -0.1150
v -1.5361 -7.5744 -0.1127
v -1.5366 -8.1216 2.3307
v -1.5410 -8.2115 2.3494
v -1.6146 -8.1148 2.3310
v -1.6199 -8.1992 2.3534
v -1.5355 -8.0834 2.3221
v -1.6130 -8.0734 2.3213
v -1.7095 -8.1116 2.3196
v -1.7162 -8.1950 2.3422
v -1.7072 -8.0686 2.3097
v -1.3286 -8.2733 0.0495
v -1.3177 -8.1601 0.0159
v -1.4027 -8.2674 -0.0128
v -1.3929 -8.1547 -0.0385
v -1.3334 -8.3594 0.0539
v -1.3378 -8.4459 0.0577
v -1.4091 -8.4381 -0.0047
v -1.4060 -8.3525 -0.0082
v -1.4953 -8.2622 -0.0715
v -1.4905 -8.1489 -0.0880
v -1.4976 -8.3465 -0.0672
v -1.5000 -8.4315 -0.0642
v -1.3270 -8.4621 1.6237
v -1.4889 -8.4578 1.6107
v -1.5020 -8.4613 1.4591
v -1.3442 -8.4651 1.4748
v -1.3446 -8.4427 1.7935
v -1.4855 -8.4386 1.7768
v -1.6550 -8.4529 1.5963
v -1.6600 -8.4570 1.4398
v -1.6331 -8.4343 1.7604
v -1.4071 -8.4636 1.3340
v -1.5324 -8.4600 1.3149
v -1.5713 -8.4489 1.1567
v -1.4696 -8.4527 1.1727
v -1.6622 -8.4573 1.2938
v -1.6824 -8.4468 1.1399
v -1.6279 -7.8669 1.5950
v -1.6146 -7.8684 1.6141
v -1.5251 -7.8819 1.6316
v -1.5337 -7.8741 1.5934
v -1.4447 -7.8925 1.5726
v -1.4414 -7.9068 1.6493
v -1.4765 -8.3087 2.2111
v -1.5626 -8.3031 2.2040
v -1.5167 -8.3525 2.0759
v -1.4191 -8.3563 2.0912
v -1.6609 -8.2998 2.1910
v -1.6242 -8.3496 2.0596
v -1.3793 -8.4037 1.9573
v -1.4941 -8.4004 1.9382
v -1.6148 -8.3972 1.9188
v -1.5846 -7.8647 1.9319
v -1.5864 -7.8836 1.8418
v -1.5254 -7.8728 1.9323
v -1.5230 -7.8902 1.8504
v -1.4737 -7.8830 1.9315
v -1.4627 -7.9006 1.8633
v -1.5985 -7.8856 1.7364
v -1.5225 -7.8944 1.7512
v -1.4492 -7.9126 1.7698
v -1.4245 -8.4626 0.6696
v -1.5030 -8.4596 0.6301
v -1.6023 -8.4487 0.4322
v -1.6189 -8.4548 0.5790
v -1.5013 -8.4195 0.9610
v -1.5856 -8.4166 0.9483
v -1.5352 -8.3780 0.7593
v -1.4569 -8.3803 0.7716
v -1.6822 -8.4146 0.9346
v -1.6336 -8.3755 0.7448
v -1.4149 -8.3501 0.6714
v -1.4955 -8.3479 0.6370
v -1.6126 -8.3441 0.5867
v -1.6062 -7.4817 0.9760
v -1.6140 -7.4114 0.8860
v -1.5133 -7.5172 0.9790
v -1.5165 -7.4505 0.8847
v -1.4383 -7.5715 0.9814
v -1.4384 -7.5067 0.8801
v -2.1299 -7.6963 0.0741
v -2.1168 -7.6715 0.0768
v -2.1705 -7.7359 0.2845
v -2.1608 -7.7018 0.2825
v -2.1772 -7.6921 0.5561
v -2.1640 -7.6317 0.5501
v -1.3315 -7.6568 0.2328
v -1.3478 -7.6235 0.2276
v -1.2964 -7.6885 0.4278
v -1.3092 -7.6542 0.4220
v -1.2970 -7.6711 0.6800
v -1.3156 -7.6204 0.6713
v -1.3370 -7.5966 0.6605
v -1.3306 -7.6358 0.4152
v -1.3835 -7.5411 0.7842
v -1.3609 -7.6460 0.6521
v -1.4046 -7.5884 0.7802
v -1.3613 -7.6866 0.4129
v -1.3679 -7.6058 0.2284
v -1.4040 -7.5752 0.0689
v -1.3965 -7.6552 0.2383
v -1.4266 -7.6150 0.0970
v -2.1396 -7.6049 0.5420
v -2.1003 -7.5226 0.6466
v -2.1381 -7.6805 0.2804
v -2.1113 -7.6514 0.5381
v -2.1043 -7.7259 0.2853
v -2.0758 -7.5706 0.6545
v -2.0974 -7.6462 0.0823
v -1.9810 -7.5962 -0.0828
v -2.0721 -7.6833 0.0991
v -1.9789 -7.6202 -0.0466
v -1.6175 -7.3888 0.8428
v -1.5207 -7.4275 0.8413
v -1.7174 -7.3704 0.8256
v -1.6242 -7.4431 0.8748
v -1.7180 -7.4262 0.8537
v -1.5355 -7.4796 0.8707
v -1.4448 -7.4819 0.8347
v -1.4634 -7.5321 0.8477
v -1.5432 -7.5558 -0.0995
v -1.5938 -7.5496 -0.1160
v -1.5033 -7.5636 -0.0746
v -1.5548 -7.6037 -0.0780
v -1.5147 -7.6092 -0.0492
v -1.4586 -7.5686 -0.0292
v -1.4724 -7.6112 0.0008
v -1.8250 -7.3789 0.7986
v -1.9424 -7.4094 0.7747
v -1.8188 -7.4344 0.8263
v -1.9252 -7.4598 0.7904
v -2.0391 -7.4562 0.7290
v -2.0158 -7.5044 0.7347
v -1.6723 -7.5463 -0.1299
v -1.7709 -7.5462 -0.1375
v -1.7790 -7.5940 -0.1128
v -1.6820 -7.5957 -0.1081
v -1.8612 -7.5517 -0.1379
v -1.8695 -7.6029 -0.1080
v -2.3623 -8.2631 1.4550
v -2.3255 -8.2520 1.4520
v -2.3286 -8.2552 1.3010
v -2.3685 -8.2672 1.2988
v -2.3056 -8.2484 1.6104
v -2.2714 -8.2383 1.6033
v -2.3287 -8.1729 1.4519
v -2.3333 -8.1733 1.3062
v -2.2779 -8.1640 1.5978
v -2.3195 -8.2689 1.1539
v -2.2770 -8.2556 1.1599
v -2.2087 -8.2440 1.0106
v -2.2533 -8.2583 1.0023
v -2.2861 -8.1696 1.1679
v -2.2267 -8.1549 1.0257
v -1.3057 -8.3004 1.3301
v -1.3422 -8.2846 1.3258
v -1.2561 -8.2883 1.4684
v -1.2184 -8.3033 1.4776
v -1.3896 -8.2837 1.1498
v -1.4223 -8.2676 1.1495
v -1.3033 -8.2011 1.3451
v -1.2361 -8.2080 1.4756
v -1.3655 -8.1837 1.1859
v -1.1939 -8.3004 1.6220
v -1.2286 -8.2870 1.6061
v -1.2505 -8.2700 1.7604
v -1.2236 -8.2816 1.7841
v -1.2161 -8.2102 1.6102
v -1.2385 -8.1961 1.7624
v -2.0834 -8.1599 1.9949
v -2.0487 -8.1497 1.9849
v -2.1255 -8.1833 1.8679
v -2.1600 -8.1933 1.8770
v -2.0246 -8.1303 2.0918
v -1.9901 -8.1201 2.0791
v -2.0610 -8.0920 1.9778
v -2.1380 -8.1231 1.8609
v -1.9988 -8.0624 2.0729
v -2.2367 -8.2237 1.7508
v -2.2032 -8.2138 1.7419
v -2.2131 -8.1470 1.7352
v -1.2752 -8.2482 1.9369
v -1.2959 -8.2376 1.9118
v -1.3475 -8.1967 2.0353
v -1.3302 -8.2067 2.0597
v -1.2825 -8.1635 1.9057
v -1.3326 -8.1216 2.0213
v -1.3962 -8.1609 2.1657
v -1.4067 -8.1512 2.1382
v -1.4730 -8.1128 2.2167
v -1.4697 -8.1181 2.2525
v -1.3908 -8.0805 2.1195
v -1.4577 -8.0463 2.1944
v -2.1137 -8.0241 0.1440
v -2.1463 -8.0344 0.3317
v -2.1015 -8.0983 0.1539
v -2.0972 -8.1260 0.1568
v -2.1221 -8.1288 0.3284
v -2.1286 -8.1028 0.3295
v -2.0448 -8.1018 0.0085
v -2.0427 -8.1290 0.0158
v -2.0514 -8.0284 -0.0110
v -1.2862 -8.1510 0.2820
v -1.3103 -8.1396 0.2958
v -1.3155 -8.1437 0.4589
v -1.2911 -8.1567 0.4516
v -1.2893 -8.0454 0.2876
v -1.2951 -8.0587 0.4617
v -1.3033 -8.0395 0.1297
v -2.1646 -8.0504 0.5632
v -2.1510 -8.0811 0.6951
v -2.1479 -8.1166 0.5507
v -2.1398 -8.1412 0.5447
v -2.1212 -8.1694 0.6508
v -2.1297 -8.1454 0.6626
v -2.1749 -8.1198 0.8689
v -2.1537 -8.1846 0.8450
v -2.1459 -8.2092 0.8359
v -1.3315 -8.1713 0.6839
v -1.3552 -8.1588 0.6696
v -1.3984 -8.1868 0.7688
v -1.3717 -8.1996 0.7716
v -1.3212 -8.0756 0.6846
v -1.3664 -8.1021 0.8187
v -1.4106 -8.2441 0.9520
v -1.4375 -8.2301 0.9506
v -1.3850 -8.1465 0.9999
v -1.8568 -8.0664 2.2503
v -1.8322 -8.0683 2.2247
v -1.8869 -8.0828 2.1892
v -1.9167 -8.0826 2.2165
v -1.7848 -8.0611 2.2711
v -1.7669 -8.0619 2.2474
v -1.8212 -8.0171 2.2188
v -1.8813 -8.0280 2.1893
v -1.7545 -8.0120 2.2360
v -1.9707 -8.1079 2.1629
v -1.9380 -8.1005 2.1411
v -1.9394 -8.0431 2.1402
v -1.7241 -8.0325 -0.1541
v -1.8597 -8.0351 -0.1466
v -1.7328 -8.1015 -0.1217
v -1.7365 -8.1274 -0.1098
v -1.8718 -8.1300 -0.1026
v -1.8682 -8.1041 -0.1148
v -1.6029 -8.0991 -0.1028
v -1.6060 -8.1249 -0.0913
v -1.5954 -8.0302 -0.1325
v -1.9652 -8.0327 -0.1065
v -1.9698 -8.1042 -0.0783
v -1.9699 -8.1310 -0.0672
v -1.5394 -8.0814 2.2952
v -1.5403 -8.0828 2.2612
v -1.6089 -8.0692 2.2678
v -1.6120 -8.0679 2.2970
v -1.5287 -8.0264 2.2380
v -1.6002 -8.0169 2.2486
v -1.6980 -8.0619 2.2869
v -1.6880 -8.0624 2.2616
v -1.6779 -8.0123 2.2462
v -1.3514 -8.0369 0.0343
v -1.4178 -8.0354 -0.0261
v -1.3552 -8.1081 0.0545
v -1.3565 -8.1349 0.0625
v -1.4242 -8.1284 0.0026
v -1.4225 -8.1031 -0.0055
v -1.3093 -8.1122 0.1466
v -1.3135 -8.1395 0.1528
v -1.5016 -8.0318 -0.0845
v -1.5080 -8.0997 -0.0606
v -1.5105 -8.1250 -0.0510
v -2.1851 -8.4527 0.5595
v -2.1602 -8.4492 0.3235
v -1.3188 -8.4642 0.5076
v -1.3638 -8.4649 0.7023
v -1.5651 -8.4480 0.2021
v -1.6046 -7.5989 -0.0954
v -2.3264 -8.2304 1.4520
v -2.3298 -8.2327 1.3023
v -2.2731 -8.2178 1.6018
v -2.2795 -8.2320 1.1622
v -2.2134 -8.2195 1.0148
v -1.3317 -8.2617 1.3311
v -1.2502 -8.2663 1.4705
v -1.4081 -8.2441 1.1595
v -1.2252 -8.2662 1.6072
v -1.2471 -8.2498 1.7610
v -2.0520 -8.1339 1.9829
v -2.1290 -8.1669 1.8660
v -1.9924 -8.1044 2.0773
v -2.2059 -8.1954 1.7401
v -1.2921 -8.2171 1.9101
v -1.3434 -8.1761 2.0315
v -1.4024 -8.1320 2.1331
v -1.4690 -8.0945 2.2113
v -2.1245 -8.1384 0.1317
v -2.1499 -8.1418 0.3049
v -2.0656 -8.1411 -0.0174
v -1.2944 -8.1505 0.1324
v -1.3044 -8.1138 0.2940
v -1.3090 -8.1206 0.4601
v -2.1779 -8.1531 0.5471
v -2.1627 -8.1823 0.6427
v -2.1910 -8.2230 0.8279
v -1.3465 -8.1362 0.6748
v -1.3893 -8.1636 0.7824
v -1.4242 -8.2069 0.9640
v -1.8299 -8.0529 2.2247
v -1.8860 -8.0668 2.1906
v -1.7641 -8.0469 2.2456
v -1.9386 -8.0847 2.1415
v -1.7413 -8.1366 -0.1325
v -1.8833 -8.1400 -0.1333
v -1.6021 -8.1354 -0.1111
v -1.9876 -8.1420 -0.1024
v -1.5378 -8.0666 2.2567
v -1.6071 -8.0536 2.2641
v -1.6857 -8.0474 2.2586
v -1.3392 -8.1475 0.0389
v -1.4096 -8.1421 -0.0215
v -1.5014 -8.1370 -0.0695
v -2.1730 -8.3495 0.3115
v -1.3034 -8.3746 0.4864
v -2.0612 -7.9644 1.4069
v -2.0648 -7.9160 1.2660
v -2.0687 -7.8303 1.1302
v -2.0803 -7.7565 0.9946
v -1.3826 -7.8570 1.2233
v -1.3710 -7.9426 1.3545
v -1.3869 -7.7819 1.0815
v -1.3670 -7.9904 1.4868
v -2.1030 -7.6945 0.8513
v -1.3791 -7.7108 0.9350
v -1.8906 -7.9345 1.4955
v -1.9731 -7.9467 1.4568
v -1.7186 -7.9295 1.5349
v -1.8056 -7.9290 1.5229
v -2.0373 -7.6195 0.8611
v -1.9406 -7.5736 0.8915
v -1.8221 -7.5447 0.9102
v -1.7091 -7.5362 0.9205
v -1.5337 -7.9436 1.5427
v -1.6279 -7.9364 1.5443
v -1.4447 -7.9620 1.5219
v -1.6062 -7.5511 0.9253
v -1.5133 -7.5867 0.9283
v -1.4383 -7.6410 0.9307
v 2.1641 -7.9386 1.4593
v 2.1316 -7.9597 1.6009
v 2.2251 -8.0076 1.6024
v 2.2554 -7.9869 1.4581
v 2.2511 -7.9607 1.3160
v 2.1633 -7.9025 1.3178
v 2.0659 -7.8466 1.3167
v 2.0622 -7.8950 1.4576
v 2.0266 -7.9180 1.5976
v 2.1557 -7.8355 1.1787
v 2.2285 -7.9169 1.1757
v 2.2064 -7.8733 1.0421
v 2.1524 -7.7738 1.0428
v 2.0814 -7.6871 1.0453
v 2.0698 -7.7609 1.1809
v 2.3060 -8.0374 1.4545
v 2.2696 -8.0516 1.5990
v 2.2810 -8.1002 1.5959
v 2.3265 -8.0992 1.4525
v 2.3301 -8.0947 1.3103
v 2.3042 -8.0218 1.3130
v 2.2711 -8.0001 1.1753
v 2.2892 -8.0850 1.1737
v 2.2398 -8.0652 1.0367
v 2.2342 -7.9715 1.0400
v 1.3242 -7.8562 1.3021
v 1.3397 -7.7872 1.1495
v 1.3017 -7.8781 1.1705
v 1.2973 -7.9308 1.3262
v 1.2592 -7.9836 1.4669
v 1.3068 -7.9277 1.4393
v 1.3677 -7.8731 1.4052
v 1.3794 -7.7876 1.2740
v 1.3838 -7.7125 1.1322
v 1.2949 -7.9644 1.5750
v 1.2446 -8.0124 1.6070
v 1.2609 -8.0282 1.7600
v 1.3020 -7.9812 1.7199
v 1.3634 -7.9403 1.6757
v 1.3637 -7.9210 1.5375
v 1.2754 -8.0190 1.3459
v 1.2931 -7.9865 1.1945
v 1.3122 -8.0941 1.2059
v 1.2768 -8.1141 1.3544
v 1.2222 -8.1273 1.4795
v 1.2300 -8.0477 1.4779
v 1.2166 -8.0671 1.6155
v 1.2069 -8.1350 1.6133
v 1.2299 -8.1311 1.7659
v 1.2383 -8.0768 1.7704
v 2.4059 -8.3605 1.4688
v 2.3461 -8.3397 1.6283
v 2.3488 -8.4139 1.6270
v 2.4080 -8.4282 1.4633
v 2.4147 -8.4329 1.3047
v 2.4156 -8.3663 1.3091
v 2.4121 -8.2793 1.2966
v 2.4034 -8.2741 1.4579
v 2.3423 -8.2608 1.6177
v 2.3724 -8.3634 1.1632
v 2.3748 -8.4380 1.1669
v 2.3129 -8.4366 1.0342
v 2.3121 -8.3524 1.0178
v 2.3020 -8.2725 0.9938
v 2.3652 -8.2824 1.1479
v 1.2665 -8.3862 1.3484
v 1.3555 -8.3712 1.1722
v 1.3693 -8.4590 1.1932
v 1.2722 -8.4675 1.3546
v 1.1919 -8.4683 1.4948
v 1.1809 -8.3801 1.4982
v 1.1766 -8.3181 1.4874
v 1.2641 -8.3164 1.3347
v 1.3508 -8.3001 1.1507
v 1.1619 -8.3634 1.6451
v 1.1719 -8.4654 1.6428
v 1.2081 -8.4462 1.8156
v 1.2000 -8.3428 1.8166
v 1.1937 -8.2933 1.8084
v 1.1567 -8.3137 1.6391
v 1.9696 -7.9052 1.9022
v 1.9221 -7.8872 1.9624
v 1.9657 -7.9162 2.0100
v 2.0307 -7.9380 1.9318
v 2.1040 -7.9715 1.8391
v 2.0187 -7.9325 1.8283
v 1.9229 -7.9019 1.8202
v 1.8984 -7.8834 1.8835
v 1.8846 -7.8763 1.9322
v 2.0781 -7.9593 1.7291
v 2.1724 -8.0009 1.7317
v 1.9694 -7.9226 1.7249
v 2.0615 -7.9833 1.9534
v 1.9921 -7.9571 2.0423
v 2.0021 -8.0069 2.0622
v 2.0684 -8.0362 1.9680
v 2.1464 -8.0658 1.8538
v 2.1415 -8.0158 1.8469
v 2.2136 -8.0430 1.7313
v 2.2198 -8.0898 1.7315
v 1.3338 -7.9727 1.8454
v 1.3014 -8.0093 1.8855
v 1.3445 -7.9686 1.9709
v 1.3702 -7.9391 1.9299
v 1.4078 -7.9167 1.8878
v 1.3822 -7.9396 1.7994
v 1.4005 -7.9111 1.9831
v 1.3853 -7.9348 2.0310
v 1.4351 -7.9147 2.0776
v 1.4377 -7.8936 2.0212
v 1.4470 -7.8862 1.9841
v 1.4285 -7.8956 1.9438
v 1.2815 -8.0518 1.9003
v 1.2733 -8.1019 1.9024
v 1.3214 -8.0560 2.0074
v 1.3274 -8.0069 1.9939
v 1.3770 -7.9693 2.0687
v 1.3771 -8.0170 2.0975
v 1.4431 -7.9874 2.1674
v 1.4370 -7.9452 2.1275
v 2.1192 -8.2350 2.0173
v 2.0630 -8.1914 2.1119
v 2.0620 -8.2974 2.1137
v 2.1166 -8.3228 2.0258
v 2.1850 -8.3529 1.9164
v 2.1899 -8.2754 1.9111
v 2.1926 -8.2076 1.8871
v 2.1169 -8.1747 2.0050
v 2.0579 -8.1453 2.1035
v 2.2705 -8.3090 1.7795
v 2.2690 -8.3856 1.7818
v 2.2696 -8.2380 1.7600
v 1.2567 -8.3056 1.9737
v 1.2635 -8.4071 1.9781
v 1.3202 -8.3605 2.1065
v 1.3147 -8.2612 2.0983
v 1.3095 -8.2169 2.0843
v 1.2505 -8.2589 1.9619
v 1.3868 -8.2156 2.2074
v 1.3906 -8.3156 2.2156
v 1.4670 -8.2571 2.3065
v 1.4635 -8.1600 2.2948
v 1.4617 -8.1203 2.2861
v 1.3823 -8.1706 2.1933
v 2.1402 -7.8127 0.0972
v 2.1725 -7.8476 0.3025
v 2.1646 -7.9412 0.3252
v 2.1311 -7.9204 0.1238
v 2.0518 -7.9189 -0.0345
v 2.0551 -7.7995 -0.0624
v 2.0487 -7.6924 -0.0857
v 2.1417 -7.7239 0.0737
v 2.1740 -7.7802 0.2877
v 1.2890 -7.8225 0.2588
v 1.3127 -7.8052 0.0964
v 1.2967 -7.9295 0.1109
v 1.2783 -7.9428 0.2736
v 1.2797 -7.9640 0.4586
v 1.2783 -7.8509 0.4471
v 1.2845 -7.7498 0.4349
v 1.3090 -7.7185 0.2443
v 1.3382 -7.6939 0.0856
v 1.8069 -8.4423 0.1553
v 1.8537 -8.4443 0.3827
v 1.7324 -8.4444 0.4069
v 1.6809 -8.4435 0.1740
v 2.1524 -8.3528 0.1432
v 2.1512 -8.4386 0.1479
v 2.0920 -8.4331 0.0119
v 2.0925 -8.3488 0.0018
v 2.1536 -8.2631 0.1308
v 2.0937 -8.2647 -0.0083
v 2.0902 -8.1530 -0.0502
v 2.1543 -8.1504 0.1060
v 2.1804 -8.1547 0.2808
v 2.1765 -8.2659 0.3015
v 1.2871 -8.3716 0.3125
v 1.2866 -8.3663 0.1591
v 1.2925 -8.4540 0.1685
v 1.2942 -8.4553 0.3173
v 2.0699 -8.4463 0.1385
v 2.0693 -8.4483 0.3564
v 1.9684 -8.4461 0.3625
v 1.9331 -8.4437 0.1456
v 1.2749 -8.2825 0.2995
v 1.2811 -8.2735 0.4613
v 1.2625 -8.1696 0.4442
v 1.2575 -8.1621 0.2681
v 1.2695 -8.1616 0.1124
v 1.2792 -8.2790 0.1499
v 2.1553 -7.7229 0.9030
v 2.1855 -7.8306 0.9077
v 2.1717 -7.7938 0.7493
v 2.1631 -7.6873 0.7409
v 2.1308 -7.5603 0.7078
v 2.1043 -7.6250 0.9020
v 2.1997 -7.9331 0.9053
v 2.1972 -8.0293 0.8942
v 2.1741 -7.9902 0.7306
v 2.1774 -7.8949 0.7467
v 2.1889 -7.8649 0.5672
v 2.1839 -7.9584 0.5696
v 2.1873 -7.7746 0.5613
v 1.3317 -7.7242 0.9938
v 1.3206 -7.6730 0.8391
v 1.2887 -7.7718 0.8480
v 1.3030 -7.8225 1.0084
v 1.3759 -7.6413 0.9857
v 1.3630 -7.5766 0.8377
v 1.2702 -7.8649 0.6941
v 1.2913 -7.9812 0.6920
v 1.3204 -8.0098 0.8543
v 1.2894 -7.8925 0.8603
v 1.2770 -7.7528 0.6887
v 1.2963 -7.9400 1.0300
v 1.3288 -8.0548 1.0325
v 2.2099 -8.2510 0.5398
v 2.2166 -8.1652 0.5387
v 2.2075 -8.1949 0.6342
v 2.2035 -8.2750 0.6371
v 2.1892 -8.3518 0.6399
v 2.1930 -8.3337 0.5489
v 1.3628 -8.4604 0.2684
v 1.4383 -8.4546 0.2386
v 1.4755 -8.4549 0.4570
v 1.3852 -8.4598 0.4810
v 2.2447 -8.3209 0.8358
v 2.2392 -8.2367 0.8198
v 2.2492 -8.4028 0.8407
v 1.3212 -8.2731 0.6869
v 1.3419 -8.3641 0.6977
v 1.3860 -8.3711 0.7728
v 1.3494 -8.2892 0.7551
v 1.3382 -8.2128 0.7749
v 1.3017 -8.1839 0.6919
v 1.3943 -8.3305 0.9650
v 1.4126 -8.4231 0.9749
v 1.3766 -8.2583 0.9544
v 1.7463 -7.8746 2.0770
v 1.6774 -7.8724 2.0872
v 1.6986 -7.8982 2.1445
v 1.7711 -7.9023 2.1316
v 1.8422 -7.9067 2.1059
v 1.8125 -7.8781 2.0538
v 1.7831 -7.8588 1.9889
v 1.7216 -7.8556 2.0076
v 1.6577 -7.8553 2.0145
v 1.8700 -7.8808 2.0149
v 1.9053 -7.9087 2.0668
v 1.8398 -7.8657 1.9546
v 1.7904 -7.9353 2.1723
v 1.7196 -7.9300 2.1869
v 1.7379 -7.9696 2.2155
v 1.8059 -7.9751 2.2001
v 1.8700 -7.9827 2.1719
v 1.8596 -7.9413 2.1450
v 1.9263 -7.9457 2.1040
v 1.9356 -7.9914 2.1271
v 1.6990 -7.8054 -0.1805
v 1.5872 -7.8063 -0.1571
v 1.5866 -7.6945 -0.1551
v 1.6910 -7.6905 -0.1762
v 1.8152 -7.6864 -0.1794
v 1.8242 -7.8045 -0.1804
v 1.8456 -7.9292 -0.1748
v 1.7128 -7.9276 -0.1792
v 1.5886 -7.9258 -0.1541
v 1.9362 -7.8002 -0.1516
v 1.9264 -7.6834 -0.1616
v 1.9545 -7.9244 -0.1335
v 1.6828 -7.6120 -0.1610
v 1.5877 -7.6155 -0.1416
v 1.5886 -7.5686 -0.1325
v 1.6731 -7.5655 -0.1491
v 1.7803 -7.5655 -0.1583
v 1.8012 -7.6107 -0.1697
v 1.9023 -7.6172 -0.1639
v 1.8761 -7.5717 -0.1587
v 1.9997 -7.6225 -0.0986
v 2.0238 -7.6504 -0.0960
v 1.8819 -8.1096 2.2765
v 1.8041 -8.1089 2.3005
v 1.8115 -8.1942 2.3218
v 1.8876 -8.2018 2.2929
v 1.9486 -8.2283 2.2504
v 1.9471 -8.1242 2.2420
v 1.9430 -8.0883 2.2363
v 1.8772 -8.0739 2.2682
v 1.8004 -8.0688 2.2906
v 2.0057 -8.1628 2.1853
v 2.0044 -8.2680 2.1874
v 2.0014 -8.1194 2.1801
v 2.0074 -8.3423 -0.0955
v 2.0072 -8.4251 -0.0920
v 1.8970 -8.4217 -0.1271
v 1.8964 -8.3391 -0.1300
v 2.0087 -8.2599 -0.1005
v 1.8968 -8.2569 -0.1348
v 1.8968 -8.1484 -0.1570
v 2.0075 -8.1527 -0.1360
v 1.7448 -8.3395 -0.1368
v 1.7464 -8.4228 -0.1340
v 1.6007 -8.4269 -0.1128
v 1.5984 -8.3425 -0.1157
v 1.7446 -8.2566 -0.1412
v 1.5973 -8.2587 -0.1200
v 1.5948 -8.1464 -0.1344
v 1.7439 -8.1459 -0.1561
v 1.9640 -8.4428 1.5480
v 1.8096 -8.4478 1.5738
v 1.8087 -8.4528 1.4144
v 1.9583 -8.4483 1.3884
v 2.1090 -8.4437 1.3615
v 2.1160 -8.4377 1.5211
v 2.0708 -8.4199 1.6909
v 1.9220 -8.4248 1.7166
v 1.7752 -8.4300 1.7398
v 2.2582 -8.4329 1.4929
v 2.2597 -8.4384 1.3338
v 2.2061 -8.4167 1.6604
v 1.9390 -8.4518 1.2467
v 1.7961 -8.4545 1.2716
v 1.7964 -8.4460 1.1226
v 1.9170 -8.4454 1.1033
v 2.0519 -8.4434 1.0793
v 2.0838 -8.4483 1.2207
v 2.2276 -8.4437 1.1944
v 2.1851 -8.4394 1.0544
v 1.9736 -7.8772 1.5075
v 1.8906 -7.8651 1.5462
v 1.8532 -7.8746 1.5978
v 1.9356 -7.8908 1.5974
v 1.8050 -7.8596 1.5736
v 1.7175 -7.8601 1.5856
v 1.6999 -7.8639 1.6006
v 1.7769 -7.8658 1.5966
v 1.8418 -8.2987 2.1562
v 1.7580 -8.2982 2.1751
v 1.7311 -8.3472 2.0442
v 1.8297 -8.3447 2.0291
v 1.9308 -8.3441 2.0056
v 1.9205 -8.3025 2.1275
v 2.0097 -8.3115 2.0823
v 2.0481 -8.3476 1.9662
v 1.8603 -8.3896 1.8811
v 1.7363 -8.3939 1.8997
v 1.9894 -8.3861 1.8576
v 2.1269 -8.3852 1.8237
v 1.8305 -7.8689 1.8947
v 1.8424 -7.8850 1.8233
v 1.7724 -7.8782 1.8304
v 1.7671 -7.8604 1.9149
v 1.7061 -7.8579 1.9254
v 1.7094 -7.8772 1.8337
v 1.6482 -7.8797 1.8366
v 1.6451 -7.8596 1.9298
v 1.8788 -7.9000 1.7248
v 1.8026 -7.8884 1.7260
v 1.7356 -7.8833 1.7247
v 1.6699 -7.8829 1.7269
v 2.0897 -8.4523 0.5450
v 1.9785 -8.4523 0.5230
v 1.8678 -8.4510 0.5285
v 1.7497 -8.4509 0.5378
v 1.8891 -8.4122 0.9050
v 1.7826 -8.4133 0.9207
v 1.7402 -8.3729 0.7285
v 1.8563 -8.3706 0.7100
v 1.9810 -8.3684 0.6879
v 2.0098 -8.4103 0.8848
v 2.1298 -8.4070 0.8629
v 2.0919 -8.3659 0.6678
v 1.8629 -8.3401 0.5387
v 1.7433 -8.3411 0.5478
v 1.9761 -8.3399 0.5333
v 2.0933 -8.3381 0.5563
v 2.0383 -7.5501 0.9118
v 2.0499 -7.4772 0.7738
v 1.9505 -7.4306 0.8181
v 1.9409 -7.5042 0.9422
v 1.8216 -7.4752 0.9609
v 1.8291 -7.4022 0.8472
v 1.7162 -7.3933 0.8706
v 1.7080 -7.4668 0.9712
v 1.4874 -7.8834 2.0528
v 1.4954 -7.9050 2.1117
v 1.5605 -7.9002 2.1338
v 1.5457 -7.8781 2.0751
v 1.5319 -7.8654 2.0067
v 1.4798 -7.8750 1.9912
v 1.6100 -7.8741 2.0865
v 1.6285 -7.8978 2.1450
v 1.5929 -7.8587 2.0142
v 1.5044 -7.9333 2.1633
v 1.5138 -7.9740 2.2038
v 1.5869 -7.9697 2.2183
v 1.5749 -7.9293 2.1823
v 1.6472 -7.9282 2.1901
v 1.6631 -7.9684 2.2219
v 1.3696 -7.8043 -0.0018
v 1.3967 -7.6912 -0.0134
v 1.4551 -7.6959 -0.0705
v 1.4332 -7.8096 -0.0598
v 1.4165 -7.9317 -0.0455
v 1.3501 -7.9289 0.0149
v 1.5049 -7.8090 -0.1135
v 1.5157 -7.6967 -0.1186
v 1.4974 -7.9288 -0.1048
v 1.4220 -7.6272 -0.0321
v 1.3622 -7.6311 0.0699
v 1.3835 -7.5956 0.0608
v 1.4427 -7.5878 -0.0409
v 1.4904 -7.5819 -0.0857
v 1.4747 -7.6247 -0.0801
v 1.5258 -7.6201 -0.1150
v 1.5338 -7.5744 -0.1127
v 1.5344 -8.1216 2.3307
v 1.5388 -8.2115 2.3494
v 1.6182 -8.1992 2.3534
v 1.6128 -8.1148 2.3310
v 1.6113 -8.0734 2.3213
v 1.5332 -8.0834 2.3221
v 1.7083 -8.1116 2.3196
v 1.7151 -8.1950 2.3422
v 1.7061 -8.0686 2.3097
v 1.3250 -8.2733 0.0495
v 1.3141 -8.1601 0.0159
v 1.3898 -8.1547 -0.0385
v 1.3997 -8.2674 -0.0128
v 1.3299 -8.3594 0.0539
v 1.4030 -8.3525 -0.0082
v 1.4061 -8.4381 -0.0047
v 1.3343 -8.4459 0.0577
v 1.4928 -8.2622 -0.0715
v 1.4880 -8.1489 -0.0880
v 1.4952 -8.3465 -0.0672
v 1.4975 -8.4315 -0.0642
v 1.3235 -8.4621 1.6237
v 1.3408 -8.4651 1.4748
v 1.4995 -8.4613 1.4591
v 1.4864 -8.4578 1.6107
v 1.4829 -8.4386 1.7768
v 1.3412 -8.4427 1.7935
v 1.6535 -8.4529 1.5963
v 1.6585 -8.4570 1.4398
v 1.6315 -8.4343 1.7604
v 1.4040 -8.4636 1.3340
v 1.4669 -8.4527 1.1727
v 1.5693 -8.4489 1.1567
v 1.5301 -8.4600 1.3149
v 1.6608 -8.4573 1.2938
v 1.6811 -8.4468 1.1399
v 1.6262 -7.8669 1.5950
v 1.5315 -7.8741 1.5934
v 1.5228 -7.8819 1.6316
v 1.6128 -7.8684 1.6141
v 1.4419 -7.8925 1.5726
v 1.4386 -7.9068 1.6493
v 1.4739 -8.3087 2.2111
v 1.4161 -8.3563 2.0912
v 1.5144 -8.3525 2.0759
v 1.5605 -8.3031 2.2040
v 1.6595 -8.2998 2.1910
v 1.6226 -8.3496 2.0596
v 1.3760 -8.4037 1.9573
v 1.4916 -8.4004 1.9382
v 1.6131 -8.3972 1.9188
v 1.5827 -7.8647 1.9319
v 1.5845 -7.8836 1.8418
v 1.5207 -7.8902 1.8504
v 1.5232 -7.8728 1.9323
v 1.4711 -7.8830 1.9315
v 1.4600 -7.9006 1.8633
v 1.5967 -7.8856 1.7364
v 1.5202 -7.8944 1.7512
v 1.4464 -7.9126 1.7698
v 1.5006 -8.4596 0.6301
v 1.4216 -8.4626 0.6696
v 1.6005 -8.4487 0.4322
v 1.6172 -8.4548 0.5790
v 1.4988 -8.4195 0.9610
v 1.4542 -8.3803 0.7716
v 1.5330 -8.3780 0.7593
v 1.5837 -8.4166 0.9483
v 1.6809 -8.4146 0.9346
v 1.6319 -8.3755 0.7448
v 1.4119 -8.3501 0.6714
v 1.4930 -8.3479 0.6370
v 1.6108 -8.3441 0.5867
v 1.6044 -7.4817 0.9760
v 1.6122 -7.4114 0.8860
v 1.5141 -7.4505 0.8847
v 1.5109 -7.5172 0.9790
v 1.4355 -7.5715 0.9814
v 1.4356 -7.5067 0.8801
v 2.1314 -7.6963 0.0741
v 2.1182 -7.6715 0.0768
v 2.1625 -7.7018 0.2825
v 2.1722 -7.7359 0.2845
v 2.1790 -7.6921 0.5561
v 2.1657 -7.6317 0.5501
v 1.3280 -7.6568 0.2328
v 1.3444 -7.6235 0.2276
v 1.2926 -7.6885 0.4278
v 1.3056 -7.6542 0.4220
v 1.2932 -7.6711 0.6800
v 1.3120 -7.6204 0.6713
v 1.3336 -7.5966 0.6605
v 1.3271 -7.6358 0.4152
v 1.3803 -7.5411 0.7842
v 1.4016 -7.5884 0.7802
v 1.3575 -7.6460 0.6521
v 1.3580 -7.6866 0.4129
v 1.3647 -7.6058 0.2284
v 1.4010 -7.5752 0.0689
v 1.3934 -7.6552 0.2383
v 1.4237 -7.6150 0.0970
v 2.1411 -7.6049 0.5420
v 2.1016 -7.5226 0.6466
v 2.1397 -7.6805 0.2804
v 2.1056 -7.7259 0.2853
v 2.1126 -7.6514 0.5381
v 2.0769 -7.5706 0.6545
v 2.0986 -7.6462 0.0823
v 1.9815 -7.5962 -0.0828
v 1.9794 -7.6202 -0.0466
v 2.0733 -7.6833 0.0991
v 1.6158 -7.3888 0.8428
v 1.5184 -7.4275 0.8413
v 1.7163 -7.3704 0.8256
v 1.7169 -7.4262 0.8537
v 1.6226 -7.4431 0.8748
v 1.5332 -7.4796 0.8707
v 1.4420 -7.4819 0.8347
v 1.4607 -7.5321 0.8477
v 1.5411 -7.5558 -0.0995
v 1.5920 -7.5496 -0.1160
v 1.5008 -7.5636 -0.0746
v 1.5124 -7.6092 -0.0492
v 1.5527 -7.6037 -0.0780
v 1.4559 -7.5686 -0.0292
v 1.4698 -7.6112 0.0008
v 1.8246 -7.3789 0.7986
v 1.9428 -7.4094 0.7747
v 1.9254 -7.4598 0.7904
v 1.8183 -7.4344 0.8263
v 2.0400 -7.4562 0.7290
v 2.0165 -7.5044 0.7347
v 1.6710 -7.5463 -0.1299
v 1.7701 -7.5462 -0.1375
v 1.6807 -7.5957 -0.1081
v 1.7783 -7.5940 -0.1128
v 1.8610 -7.5517 -0.1379
v 1.8693 -7.6029 -0.1080
v 2.3652 -8.2631 1.4550
v 2.3715 -8.2672 1.2988
v 2.3313 -8.2552 1.3010
v 2.3282 -8.2520 1.4520
v 2.2737 -8.2383 1.6033
v 2.3081 -8.2484 1.6104
v 2.3314 -8.1729 1.4519
v 2.3360 -8.1733 1.3062
v 2.2803 -8.1640 1.5978
v 2.3221 -8.2689 1.1539
v 2.2556 -8.2583 1.0023
v 2.2106 -8.2440 1.0106
v 2.2794 -8.2556 1.1599
v 2.2886 -8.1696 1.1679
v 2.2288 -8.1549 1.0257
v 1.3020 -8.3004 1.3301
v 1.2142 -8.3033 1.4776
v 1.2521 -8.2883 1.4684
v 1.3388 -8.2846 1.3258
v 1.4193 -8.2676 1.1495
v 1.3865 -8.2837 1.1498
v 1.2996 -8.2011 1.3451
v 1.2320 -8.2080 1.4756
v 1.3622 -8.1837 1.1859
v 1.1896 -8.3004 1.6220
v 1.2195 -8.2816 1.7841
v 1.2465 -8.2700 1.7604
v 1.2244 -8.2870 1.6061
v 1.2119 -8.2102 1.6102
v 1.2344 -8.1961 1.7624
v 2.0846 -8.1599 1.9949
v 2.1616 -8.1933 1.8770
v 2.1270 -8.1833 1.8679
v 2.0496 -8.1497 1.9849
v 1.9907 -8.1201 2.0791
v 2.0254 -8.1303 2.0918
v 2.0621 -8.0920 1.9778
v 2.1396 -8.1231 1.8609
v 1.9995 -8.0624 2.0729
v 2.2389 -8.2237 1.7508
v 2.2052 -8.2138 1.7419
v 2.2151 -8.1470 1.7352
v 1.2713 -8.2482 1.9369
v 1.3267 -8.2067 2.0597
v 1.3441 -8.1967 2.0353
v 1.2922 -8.2376 1.9118
v 1.2786 -8.1635 1.9057
v 1.3291 -8.1216 2.0213
v 1.3931 -8.1609 2.1657
v 1.4670 -8.1181 2.2525
v 1.4704 -8.1128 2.2167
v 1.4037 -8.1512 2.1382
v 1.3877 -8.0805 2.1195
v 1.4549 -8.0463 2.1944
v 2.1151 -8.0241 0.1440
v 2.1479 -8.0344 0.3317
v 2.1028 -8.0983 0.1539
v 2.1301 -8.1028 0.3295
v 2.1235 -8.1288 0.3284
v 2.0985 -8.1260 0.1568
v 2.0436 -8.1290 0.0158
v 2.0457 -8.1018 0.0085
v 2.0524 -8.0284 -0.0110
v 1.2824 -8.1510 0.2820
v 1.2873 -8.1567 0.4516
v 1.3119 -8.1437 0.4589
v 1.3066 -8.1396 0.2958
v 1.2855 -8.0454 0.2876
v 1.2913 -8.0587 0.4617
v 1.2996 -8.0395 0.1297
v 2.1663 -8.0504 0.5632
v 2.1526 -8.0811 0.6951
v 2.1495 -8.1166 0.5507
v 2.1311 -8.1454 0.6626
v 2.1226 -8.1694 0.6508
v 2.1413 -8.1412 0.5447
v 2.1767 -8.1198 0.8689
v 2.1553 -8.1846 0.8450
v 2.1475 -8.2092 0.8359
v 1.3280 -8.1713 0.6839
v 1.3685 -8.1996 0.7716
v 1.3953 -8.1868 0.7688
v 1.3518 -8.1588 0.6696
v 1.3177 -8.0756 0.6846
v 1.3631 -8.1021 0.8187
v 1.4076 -8.2441 0.9520
v 1.4347 -8.2301 0.9506
v 1.3819 -8.1465 0.9999
v 1.8566 -8.0664 2.2503
v 1.9169 -8.0826 2.2165
v 1.8869 -8.0828 2.1892
v 1.8318 -8.0683 2.2247
v 1.7661 -8.0619 2.2474
v 1.7841 -8.0611 2.2711
v 1.8208 -8.0171 2.2188
v 1.8812 -8.0280 2.1893
v 1.7537 -8.0120 2.2360
v 1.9712 -8.1079 2.1629
v 1.9382 -8.1005 2.1411
v 1.9397 -8.0431 2.1402
v 1.7230 -8.0325 -0.1541
v 1.8595 -8.0351 -0.1466
v 1.7318 -8.1015 -0.1217
v 1.8680 -8.1041 -0.1148
v 1.8717 -8.1300 -0.1026
v 1.7355 -8.1274 -0.1098
v 1.6042 -8.1249 -0.0913
v 1.6011 -8.0991 -0.1028
v 1.5935 -8.0302 -0.1325
v 1.9657 -8.0327 -0.1065
v 1.9703 -8.1042 -0.0783
v 1.9704 -8.1310 -0.0672
v 1.5371 -8.0814 2.2952
v 1.6102 -8.0679 2.2970
v 1.6071 -8.0692 2.2678
v 1.5381 -8.0828 2.2612
v 1.5265 -8.0264 2.2380
v 1.5984 -8.0169 2.2486
v 1.6968 -8.0619 2.2869
v 1.6867 -8.0624 2.2616
v 1.6765 -8.0123 2.2462
v 1.3480 -8.0369 0.0343
v 1.4148 -8.0354 -0.0261
v 1.3518 -8.1081 0.0545
v 1.4196 -8.1031 -0.0055
v 1.4212 -8.1284 0.0026
v 1.3531 -8.1349 0.0625
v 1.3098 -8.1395 0.1528
v 1.3057 -8.1122 0.1466
v 1.4992 -8.0318 -0.0845
v 1.5056 -8.0997 -0.0606
v 1.5081 -8.1250 -0.0510
v 2.1619 -8.4492 0.3235
v 2.1869 -8.4527 0.5595
v 1.3605 -8.4649 0.7023
v 1.3152 -8.4642 0.5076
v 1.5630 -8.4480 0.2021
v 1.6028 -7.5989 -0.0954
v 2.3291 -8.2304 1.4520
v 2.3326 -8.2327 1.3023
v 2.2755 -8.2178 1.6018
v 2.2819 -8.2320 1.1622
v 2.2154 -8.2195 1.0148
v 1.3282 -8.2617 1.3311
v 1.2461 -8.2663 1.4705
v 1.4051 -8.2441 1.1595
v 1.2210 -8.2662 1.6072
v 1.2431 -8.2498 1.7610
v 2.0530 -8.1339 1.9829
v 2.1304 -8.1669 1.8660
v 1.9931 -8.1044 2.0773
v 2.2079 -8.1954 1.7401
v 1.2884 -8.2171 1.9101
v 1.3400 -8.1761 2.0315
v 1.3993 -8.1320 2.1331
v 1.4663 -8.0945 2.2113
v 2.1259 -8.1384 0.1317
v 2.1515 -8.1418 0.3049
v 2.0667 -8.1411 -0.0174
v 1.2906 -8.1505 0.1324
v 1.3007 -8.1138 0.2940
v 1.3053 -8.1206 0.4601
v 2.1797 -8.1531 0.5471
v 2.1644 -8.1823 0.6427
v 2.1928 -8.2230 0.8279
v 1.3431 -8.1362 0.6748
v 1.3861 -8.1636 0.7824
v 1.4212 -8.2069 0.9640
v 1.8295 -8.0529 2.2247
v 1.8859 -8.0668 2.1906
v 1.7633 -8.0469 2.2456
v 1.9388 -8.0847 2.1415
v 1.7404 -8.1366 -0.1325
v 1.8832 -8.1400 -0.1333
v 1.6003 -8.1354 -0.1111
v 1.9882 -8.1420 -0.1024
v 1.5356 -8.0666 2.2567
v 1.6054 -8.0536 2.2641
v 1.6844 -8.0474 2.2586
v 1.3357 -8.1475 0.0389
v 1.4065 -8.1421 -0.0215
v 1.4989 -8.1370 -0.0695
v 2.1748 -8.3495 0.3115
v 1.2998 -8.3746 0.4864
v 2.0622 -7.9644 1.4069
v 2.0659 -7.9160 1.2660
v 2.0698 -7.8303 1.1302
v 2.0814 -7.7565 0.9946
v 1.3794 -7.8570 1.2233
v 1.3677 -7.9426 1.3545
v 1.3838 -7.7819 1.0815
v 1.3637 -7.9904 1.4868
v 2.1043 -7.6945 0.8513
v 1.3759 -7.7108 0.9350
v 1.8906 -7.9345 1.4955
v 1.9736 -7.9467 1.4568
v 1.7175 -7.9295 1.5349
v 1.8050 -7.9290 1.5229
v 2.0383 -7.6195 0.8611
v 1.9409 -7.5736 0.8915
v 1.8216 -7.5447 0.9102
v 1.7080 -7.5362 0.9205
v 1.5315 -7.9436 1.5427
v 1.6262 -7.9364 1.5443
v 1.4419 -7.9620 1.5219
v 1.6044 -7.5511 0.9253
v 1.5109 -7.5867 0.9283
v 1.4355 -7.6410 0.9307
v 2.0893 -7.4432 0.7269
v 2.1135 -7.5835 0.9414
v 2.1410 -7.5795 0.9198
v 2.1201 -7.4583 0.7346
v 2.1217 -7.5915 0.8930
v 2.1041 -7.4896 0.7371
v 2.0942 -7.5955 0.9146
v 2.0733 -7.4744 0.7294
v 2.1976 -7.7827 0.8017
v 2.2136 -7.7515 0.7992
v 2.1828 -7.7363 0.7914
v 2.1668 -7.7675 0.7939
v 2.1734 -7.6424 0.5871
v 2.1927 -7.6303 0.6140
v 2.1652 -7.6343 0.6356
v 2.1459 -7.6464 0.6087
v -2.0973 -7.4432 0.7269
v -2.1281 -7.4583 0.7346
v -2.1490 -7.5795 0.9198
v -2.1215 -7.5835 0.9414
v -2.1121 -7.4896 0.7371
v -2.1297 -7.5915 0.8930
v -2.0813 -7.4744 0.7294
v -2.1022 -7.5955 0.9146
v -2.2216 -7.7515 0.7992
v -2.2055 -7.7827 0.8017
v -2.1907 -7.7363 0.7914
v -2.1747 -7.7675 0.7939
v -2.2007 -7.6303 0.6140
v -2.1814 -7.6424 0.5871
v -2.1732 -7.6343 0.6356
v -2.1539 -7.6464 0.6087
vt 0.4059 0.2267
vt 0.4093 0.2102
vt 0.3780 0.2023
vt 0.3743 0.2189
vt 0.4381 0.2391
vt 0.4410 0.2210
vt 0.4028 0.2442
vt 0.4355 0.2582
vt 0.3706 0.2365
vt 0.4705 0.2563
vt 0.4734 0.2352
vt 0.5021 0.2719
vt 0.5050 0.2485
vt 0.4677 0.2770
vt 0.4990 0.2933
vt 0.4124 0.1979
vt 0.4154 0.1855
vt 0.3840 0.1821
vt 0.3813 0.1917
vt 0.4437 0.2060
vt 0.4470 0.1907
vt 0.4759 0.2161
vt 0.4794 0.1980
vt 0.5084 0.2267
vt 0.5126 0.2069
vt 0.3006 0.4359
vt 0.2829 0.4347
vt 0.3055 0.4710
vt 0.3253 0.4711
vt 0.2754 0.4056
vt 0.2600 0.4035
vt 0.3167 0.4387
vt 0.2912 0.4090
vt 0.3408 0.4715
vt 0.2582 0.3754
vt 0.2437 0.3734
vt 0.2448 0.3439
vt 0.2308 0.3407
vt 0.2737 0.3784
vt 0.2603 0.3474
vt 0.2617 0.4358
vt 0.2403 0.4402
vt 0.2546 0.4756
vt 0.2797 0.4718
vt 0.2449 0.4057
vt 0.2285 0.4108
vt 0.2316 0.3761
vt 0.2184 0.3816
vt 0.2204 0.3429
vt 0.2103 0.3480
vt 0.3994 0.0631
vt 0.4005 0.0487
vt 0.3631 0.0572
vt 0.3637 0.0730
vt 0.4351 0.0592
vt 0.4371 0.0452
vt 0.4020 0.0805
vt 0.4374 0.0767
vt 0.3671 0.0894
vt 0.4702 0.0602
vt 0.4706 0.0445
vt 0.5064 0.0636
vt 0.5039 0.0459
vt 0.4730 0.0772
vt 0.5119 0.0804
vt 0.1085 0.4260
vt 0.0963 0.4274
vt 0.1035 0.4680
vt 0.1155 0.4691
vt 0.1093 0.3889
vt 0.0941 0.3917
vt 0.1355 0.4277
vt 0.1326 0.3914
vt 0.1408 0.4730
vt 0.1141 0.3578
vt 0.0978 0.3592
vt 0.1227 0.3197
vt 0.1061 0.3177
vt 0.1341 0.3606
vt 0.1407 0.3231
vt 0.3051 0.2215
vt 0.3030 0.2097
vt 0.2860 0.2134
vt 0.2916 0.2238
vt 0.3223 0.2190
vt 0.3245 0.2045
vt 0.3050 0.2331
vt 0.3192 0.2340
vt 0.2951 0.2312
vt 0.3455 0.2166
vt 0.3494 0.2007
vt 0.3414 0.2340
vt 0.3015 0.1997
vt 0.3001 0.1896
vt 0.2796 0.1957
vt 0.2823 0.2046
vt 0.3258 0.1944
vt 0.3261 0.1847
vt 0.3522 0.1908
vt 0.3540 0.1817
vt 0.2381 0.3158
vt 0.2268 0.3120
vt 0.2380 0.2952
vt 0.2288 0.2910
vt 0.2513 0.3199
vt 0.2480 0.2994
vt 0.2389 0.2824
vt 0.2313 0.2766
vt 0.2403 0.2730
vt 0.2334 0.2654
vt 0.2464 0.2865
vt 0.2452 0.2781
vt 0.2176 0.3129
vt 0.2082 0.3162
vt 0.2205 0.2900
vt 0.2113 0.2905
vt 0.2238 0.2725
vt 0.2150 0.2694
vt 0.2266 0.2586
vt 0.2191 0.2530
vt 0.2747 0.1127
vt 0.2709 0.0944
vt 0.2505 0.1040
vt 0.2536 0.1261
vt 0.2992 0.0991
vt 0.2963 0.0829
vt 0.2785 0.1250
vt 0.3058 0.1124
vt 0.2560 0.1354
vt 0.3295 0.0859
vt 0.3275 0.0698
vt 0.3349 0.1002
vt 0.1346 0.2841
vt 0.1190 0.2804
vt 0.1456 0.2551
vt 0.1289 0.2494
vt 0.1517 0.2897
vt 0.1618 0.2629
vt 0.1584 0.2284
vt 0.1394 0.2224
vt 0.1709 0.2042
vt 0.1526 0.1967
vt 0.1726 0.2374
vt 0.1834 0.2141
vt 0.7141 0.2759
vt 0.7115 0.2550
vt 0.6681 0.2487
vt 0.6705 0.2680
vt 0.7503 0.2805
vt 0.7482 0.2584
vt 0.7173 0.2938
vt 0.7530 0.3004
vt 0.6736 0.2851
vt 0.3400 0.6810
vt 0.3177 0.6825
vt 0.3246 0.7171
vt 0.3483 0.7149
vt 0.3304 0.6420
vt 0.3081 0.6435
vt 0.3582 0.6805
vt 0.3494 0.6410
vt 0.3680 0.7130
vt 0.7450 0.7293
vt 0.7597 0.7143
vt 0.7185 0.6792
vt 0.7054 0.6946
vt 0.7114 0.0565
vt 0.7455 0.0597
vt 0.7469 0.0422
vt 0.7128 0.0387
vt 0.7116 0.0746
vt 0.7141 0.0967
vt 0.7479 0.0974
vt 0.7440 0.0763
vt 0.6732 0.0742
vt 0.6759 0.0968
vt 0.1143 0.6750
vt 0.0969 0.6749
vt 0.1035 0.7114
vt 0.1219 0.7112
vt 0.7122 0.7560
vt 0.7294 0.7425
vt 0.6926 0.7088
vt 0.6799 0.7192
vt 0.1354 0.6768
vt 0.1634 0.6824
vt 0.1650 0.6427
vt 0.1351 0.6381
vt 0.1387 0.7107
vt 0.1662 0.7092
vt 0.5342 0.2847
vt 0.5364 0.2607
vt 0.5704 0.2947
vt 0.5725 0.2715
vt 0.5310 0.3069
vt 0.5659 0.3198
vt 0.5402 0.2385
vt 0.5460 0.2183
vt 0.5762 0.2497
vt 0.5826 0.2301
vt 0.6145 0.2596
vt 0.6164 0.2403
vt 0.6136 0.2789
vt 0.3458 0.5070
vt 0.3247 0.5091
vt 0.3380 0.5475
vt 0.3541 0.5425
vt 0.3606 0.5014
vt 0.3710 0.5320
vt 0.3225 0.5896
vt 0.2985 0.5936
vt 0.3131 0.5500
vt 0.2873 0.5558
vt 0.3440 0.5872
vt 0.3380 0.5475
vt 0.2980 0.5101
vt 0.2719 0.5154
vt 0.6200 0.0798
vt 0.6211 0.0961
vt 0.5984 0.0770
vt 0.5998 0.0939
vt 0.6183 0.0631
vt 0.5979 0.0610
vt 0.7902 0.6683
vt 0.7559 0.6340
vt 0.7468 0.6466
vt 0.7839 0.6805
vt 0.5513 0.0701
vt 0.5554 0.0875
vt 0.5502 0.0530
vt 0.1368 0.5879
vt 0.1356 0.5691
vt 0.1202 0.5644
vt 0.1198 0.5833
vt 0.1640 0.5896
vt 0.1615 0.5642
vt 0.1231 0.5193
vt 0.1116 0.5180
vt 0.1544 0.5226
vt 0.2625 0.2345
vt 0.2559 0.2253
vt 0.2491 0.2318
vt 0.2559 0.2411
vt 0.2704 0.2291
vt 0.2642 0.2198
vt 0.2721 0.2455
vt 0.2793 0.2395
vt 0.2659 0.2532
vt 0.2801 0.2259
vt 0.2738 0.2162
vt 0.2886 0.2353
vt 0.2508 0.2178
vt 0.2466 0.2107
vt 0.2398 0.2169
vt 0.2441 0.2241
vt 0.2590 0.2124
vt 0.2547 0.2054
vt 0.2691 0.2083
vt 0.2654 0.2006
vt 0.8079 0.2904
vt 0.8029 0.3128
vt 0.8173 0.3182
vt 0.8250 0.2952
vt 0.7904 0.2863
vt 0.7878 0.3080
vt 0.8111 0.2664
vt 0.7920 0.2629
vt 0.8306 0.2699
vt 0.7743 0.2838
vt 0.7741 0.3047
vt 0.7737 0.2607
vt 0.7990 0.3266
vt 0.7972 0.3322
vt 0.8078 0.3371
vt 0.8110 0.3325
vt 0.7859 0.3203
vt 0.7857 0.3282
vt 0.7752 0.3152
vt 0.7758 0.3226
vt 0.7564 0.3132
vt 0.7585 0.3201
vt 0.2155 0.1544
vt 0.2069 0.1379
vt 0.1953 0.1469
vt 0.2054 0.1617
vt 0.2246 0.1471
vt 0.2181 0.1273
vt 0.2187 0.1602
vt 0.2267 0.1531
vt 0.2108 0.1686
vt 0.2370 0.1360
vt 0.2329 0.1144
vt 0.2390 0.1445
vt 0.7720 0.0655
vt 0.7763 0.0486
vt 0.7917 0.0720
vt 0.7973 0.0554
vt 0.7679 0.0813
vt 0.7672 0.1000
vt 0.7803 0.1066
vt 0.7863 0.0876
vt 0.8155 0.0815
vt 0.8224 0.0650
vt 0.8384 0.0919
vt 0.8461 0.0754
vt 0.8085 0.0972
vt 0.7991 0.1170
vt 0.8185 0.1294
vt 0.8306 0.1082
vt 0.6014 0.5740
vt 0.6228 0.5447
vt 0.6027 0.5330
vt 0.5806 0.5616
vt 0.6220 0.5860
vt 0.6433 0.5565
vt 0.5730 0.6001
vt 0.5932 0.6120
vt 0.5533 0.5879
vt 0.6419 0.5968
vt 0.6640 0.5684
vt 0.6127 0.6216
vt 0.6402 0.5172
vt 0.6574 0.4892
vt 0.6413 0.4794
vt 0.6209 0.5060
vt 0.6599 0.5285
vt 0.6758 0.4998
vt 0.6797 0.5399
vt 0.6943 0.5103
vt 0.4001 0.2591
vt 0.3669 0.2508
vt 0.3633 0.2632
vt 0.3972 0.2722
vt 0.3936 0.2849
vt 0.3603 0.2744
vt 0.3558 0.2853
vt 0.3882 0.2967
vt 0.4989 0.6751
vt 0.5167 0.6490
vt 0.5031 0.6405
vt 0.4863 0.6690
vt 0.5124 0.6788
vt 0.5317 0.6562
vt 0.5295 0.6803
vt 0.5509 0.6621
vt 0.5422 0.6240
vt 0.5254 0.6134
vt 0.5602 0.6343
vt 0.5806 0.6435
vt 0.2993 0.2415
vt 0.3147 0.2454
vt 0.2921 0.2484
vt 0.3099 0.2549
vt 0.2866 0.2559
vt 0.3062 0.2637
vt 0.2822 0.2641
vt 0.3027 0.2725
vt 0.3372 0.2478
vt 0.3334 0.2590
vt 0.3306 0.2689
vt 0.3271 0.2784
vt 0.6683 0.6819
vt 0.6500 0.6884
vt 0.6826 0.6707
vt 0.6972 0.6583
vt 0.6818 0.4512
vt 0.7053 0.4137
vt 0.6899 0.4043
vt 0.6680 0.4424
vt 0.6980 0.4609
vt 0.7223 0.4236
vt 0.7147 0.4705
vt 0.7378 0.4325
vt 0.1581 0.1007
vt 0.1421 0.0842
vt 0.1283 0.0975
vt 0.1443 0.1138
vt 0.1712 0.0884
vt 0.1550 0.0715
vt 0.7296 0.3848
vt 0.7433 0.3964
vt 0.7146 0.3731
vt 0.1868 0.0760
vt 0.1700 0.0591
vt 0.7537 0.4134
vt 0.5239 0.3243
vt 0.5455 0.3372
vt 0.5145 0.3396
vt 0.5334 0.3529
vt 0.5053 0.3551
vt 0.5230 0.3679
vt 0.4972 0.3689
vt 0.5149 0.3816
vt 0.2426 0.2642
vt 0.2360 0.2556
vt 0.2458 0.2559
vt 0.2394 0.2468
vt 0.2485 0.2741
vt 0.2528 0.2671
vt 0.2503 0.2482
vt 0.2437 0.2389
vt 0.2586 0.2602
vt 0.2297 0.2481
vt 0.2229 0.2418
vt 0.2336 0.2393
vt 0.2275 0.2327
vt 0.2383 0.2313
vt 0.2332 0.2243
vt 0.3522 0.7366
vt 0.3737 0.7349
vt 0.3538 0.7517
vt 0.3762 0.7494
vt 0.3276 0.7381
vt 0.3294 0.7537
vt 0.3571 0.7668
vt 0.3794 0.7626
vt 0.3611 0.7819
vt 0.3836 0.7752
vt 0.3327 0.7704
vt 0.3362 0.7874
vt 0.3869 0.7365
vt 0.3954 0.7370
vt 0.3880 0.7153
vt 0.3803 0.7143
vt 0.3907 0.7485
vt 0.3999 0.7479
vt 0.3947 0.7583
vt 0.4039 0.7556
vt 0.3993 0.7682
vt 0.4086 0.7631
vt 0.1770 0.1919
vt 0.1599 0.1813
vt 0.1835 0.1821
vt 0.1693 0.1702
vt 0.1901 0.2014
vt 0.1969 0.1915
vt 0.1936 0.1714
vt 0.1817 0.1579
vt 0.2037 0.1800
vt 0.1462 0.7325
vt 0.1714 0.7310
vt 0.1538 0.7488
vt 0.1766 0.7436
vt 0.1299 0.7356
vt 0.1127 0.7381
vt 0.1209 0.7561
vt 0.1377 0.7527
vt 0.1617 0.7667
vt 0.1840 0.7587
vt 0.1670 0.7856
vt 0.1921 0.7750
vt 0.1444 0.7723
vt 0.1294 0.7774
vt 0.1405 0.7984
vt 0.1528 0.7923
vt 0.5178 0.5160
vt 0.5389 0.5323
vt 0.5616 0.5068
vt 0.5408 0.4916
vt 0.4953 0.5484
vt 0.5145 0.5618
vt 0.5600 0.5484
vt 0.5824 0.5210
vt 0.5340 0.5756
vt 0.5676 0.4736
vt 0.5849 0.4844
vt 0.6112 0.4606
vt 0.5972 0.4520
vt 0.6027 0.4951
vt 0.6261 0.4699
vt 0.3127 0.3732
vt 0.2999 0.3412
vt 0.2872 0.3442
vt 0.3001 0.3766
vt 0.3247 0.3684
vt 0.3118 0.3372
vt 0.2874 0.3786
vt 0.2742 0.3469
vt 0.4472 0.6422
vt 0.4586 0.6513
vt 0.4730 0.6213
vt 0.4590 0.6125
vt 0.4723 0.6605
vt 0.4882 0.6309
vt 0.4750 0.5825
vt 0.4915 0.5925
vt 0.5085 0.6029
vt 0.2672 0.2759
vt 0.2769 0.2941
vt 0.2860 0.2901
vt 0.2756 0.2706
vt 0.2596 0.2808
vt 0.2674 0.2975
vt 0.2531 0.2852
vt 0.2577 0.2998
vt 0.2882 0.3151
vt 0.2987 0.3115
vt 0.2767 0.3180
vt 0.2644 0.3201
vt 0.7228 0.6055
vt 0.7177 0.6196
vt 0.7330 0.6625
vt 0.7093 0.6391
vt 0.6305 0.4182
vt 0.6420 0.4255
vt 0.6621 0.3867
vt 0.6512 0.3799
vt 0.6548 0.4338
vt 0.6754 0.3952
vt 0.1054 0.1558
vt 0.1151 0.1450
vt 0.0981 0.1294
vt 0.0882 0.1405
vt 0.6598 0.3573
vt 0.6739 0.3606
vt 0.1291 0.1296
vt 0.1125 0.1138
vt 0.6942 0.3651
vt 0.3929 0.4717
vt 0.4081 0.4828
vt 0.4179 0.4715
vt 0.4025 0.4606
vt 0.3835 0.4830
vt 0.3979 0.4954
vt 0.3730 0.4930
vt 0.3858 0.5085
vt 0.7197 0.3061
vt 0.7196 0.3103
vt 0.6750 0.2975
vt 0.6757 0.3060
vt 0.6125 0.2970
vt 0.6121 0.3108
vt 0.3699 0.6810
vt 0.3771 0.6813
vt 0.3613 0.6403
vt 0.3685 0.6401
vt 0.3583 0.5847
vt 0.3679 0.5829
vt 0.3732 0.5828
vt 0.3737 0.6404
vt 0.3791 0.5415
vt 0.3846 0.5890
vt 0.3875 0.5517
vt 0.3873 0.6399
vt 0.3820 0.6806
vt 0.3928 0.7132
vt 0.3925 0.6752
vt 0.3997 0.7054
vt 0.6134 0.3179
vt 0.5764 0.3304
vt 0.6766 0.3115
vt 0.6203 0.3265
vt 0.6766 0.3228
vt 0.5852 0.3366
vt 0.7198 0.3178
vt 0.7560 0.3244
vt 0.7150 0.3275
vt 0.7477 0.3325
vt 0.4145 0.4893
vt 0.4043 0.5013
vt 0.4248 0.4789
vt 0.4230 0.4995
vt 0.4337 0.4900
vt 0.4115 0.5109
vt 0.3926 0.5157
vt 0.3995 0.5259
vt 0.4085 0.7529
vt 0.4134 0.7595
vt 0.4046 0.7456
vt 0.4173 0.7455
vt 0.4137 0.7381
vt 0.4000 0.7343
vt 0.4084 0.7263
vt 0.5305 0.3736
vt 0.5229 0.3868
vt 0.5407 0.3593
vt 0.5408 0.3774
vt 0.5503 0.3631
vt 0.5342 0.3905
vt 0.5541 0.3444
vt 0.5637 0.3492
vt 0.7945 0.3386
vt 0.7844 0.3333
vt 0.7759 0.3447
vt 0.7865 0.3521
vt 0.7742 0.3283
vt 0.7664 0.3380
vt 0.4034 0.0870
vt 0.4047 0.0932
vt 0.4393 0.0902
vt 0.4384 0.0834
vt 0.3689 0.0955
vt 0.3709 0.1015
vt 0.4185 0.1709
vt 0.4511 0.1752
vt 0.3860 0.1695
vt 0.4736 0.0847
vt 0.4742 0.0921
vt 0.5121 0.0969
vt 0.5120 0.0888
vt 0.4842 0.1809
vt 0.5188 0.1888
vt 0.1436 0.4296
vt 0.1511 0.4303
vt 0.1487 0.3926
vt 0.1414 0.3930
vt 0.1485 0.4730
vt 0.1559 0.4711
vt 0.2227 0.4483
vt 0.2127 0.4172
vt 0.2357 0.4858
vt 0.1424 0.3639
vt 0.1501 0.3654
vt 0.1551 0.3294
vt 0.1484 0.3258
vt 0.2041 0.3875
vt 0.1980 0.3531
vt 0.2808 0.1313
vt 0.2833 0.1375
vt 0.3104 0.1245
vt 0.3081 0.1184
vt 0.2585 0.1416
vt 0.2614 0.1478
vt 0.2988 0.1790
vt 0.3259 0.1734
vt 0.2776 0.1857
vt 0.3371 0.1061
vt 0.3393 0.1121
vt 0.3550 0.1703
vt 0.1598 0.2931
vt 0.1654 0.2961
vt 0.1755 0.2711
vt 0.1699 0.2676
vt 0.1964 0.3192
vt 0.1987 0.2909
vt 0.1798 0.2434
vt 0.1838 0.2474
vt 0.1940 0.2246
vt 0.1895 0.2210
vt 0.2032 0.2669
vt 0.2093 0.2481
vt 0.7110 0.2345
vt 0.6696 0.2298
vt 0.7120 0.2197
vt 0.7126 0.2140
vt 0.6737 0.2107
vt 0.6725 0.2159
vt 0.7468 0.2222
vt 0.7466 0.2164
vt 0.7475 0.2371
vt 0.1690 0.6828
vt 0.1764 0.6806
vt 0.1777 0.6393
vt 0.1727 0.6410
vt 0.2967 0.6836
vt 0.2891 0.6460
vt 0.3023 0.7181
vt 0.6203 0.2218
vt 0.5932 0.2124
vt 0.6250 0.2088
vt 0.6271 0.2040
vt 0.6058 0.1958
vt 0.6024 0.2003
vt 0.5552 0.2004
vt 0.5631 0.1881
vt 0.5660 0.1835
vt 0.1704 0.5902
vt 0.1757 0.5923
vt 0.1738 0.5653
vt 0.1691 0.5649
vt 0.2790 0.5978
vt 0.2683 0.5672
vt 0.1606 0.5224
vt 0.1672 0.5220
vt 0.2525 0.5273
vt 0.2208 0.1647
vt 0.2249 0.1708
vt 0.2352 0.1638
vt 0.2299 0.1579
vt 0.2147 0.1750
vt 0.2169 0.1811
vt 0.2432 0.2034
vt 0.2514 0.1976
vt 0.2357 0.2097
vt 0.2423 0.1501
vt 0.2470 0.1562
vt 0.2626 0.1917
vt 0.8120 0.2451
vt 0.7913 0.2422
vt 0.8114 0.2294
vt 0.8111 0.2234
vt 0.7888 0.2213
vt 0.7896 0.2272
vt 0.8330 0.2307
vt 0.8329 0.2246
vt 0.8328 0.2470
vt 0.7728 0.2399
vt 0.7709 0.2249
vt 0.7700 0.2190
vt 0.1956 0.2075
vt 0.1995 0.2120
vt 0.2055 0.1990
vt 0.2020 0.1959
vt 0.2148 0.2349
vt 0.2206 0.2259
vt 0.2085 0.1846
vt 0.2114 0.1899
vt 0.2278 0.2174
vt 0.3058 0.7392
vt 0.3083 0.7549
vt 0.2917 0.7388
vt 0.2865 0.7387
vt 0.2895 0.7548
vt 0.2946 0.7549
vt 0.2879 0.7181
vt 0.2826 0.7181
vt 0.3113 0.7721
vt 0.3138 0.7897
vt 0.2971 0.7723
vt 0.2919 0.7722
vt 0.2929 0.7896
vt 0.2984 0.7897
vt 0.6633 0.6086
vt 0.6860 0.5809
vt 0.6338 0.6318
vt 0.7005 0.5518
vt 0.7119 0.5213
vt 0.4814 0.7112
vt 0.4959 0.7086
vt 0.4679 0.7080
vt 0.5502 0.6816
vt 0.5739 0.6682
vt 0.5131 0.7010
vt 0.5311 0.6926
vt 0.6029 0.6518
vt 0.7543 0.7895
vt 0.7747 0.7843
vt 0.7000 0.7615
vt 0.7278 0.7798
vt 0.6347 0.6949
vt 0.6723 0.7332
vt 0.7961 0.7727
vt 0.8131 0.7555
vt 0.7316 0.4801
vt 0.7531 0.4384
vt 0.1989 0.0662
vt 0.1825 0.0482
vt 0.7660 0.4230
vt 0.5198 0.4778
vt 0.4953 0.4998
vt 0.4745 0.5345
vt 0.5828 0.4444
vt 0.5490 0.4621
vt 0.4452 0.6037
vt 0.4365 0.6329
vt 0.4306 0.6803
vt 0.4399 0.6909
vt 0.4299 0.6612
vt 0.4534 0.7004
vt 0.4582 0.5728
vt 0.7902 0.6683
vt 0.8250 0.7014
vt 0.8146 0.6786
vt 0.7925 0.6533
vt 0.8242 0.7188
vt 0.7617 0.6230
vt 0.7265 0.5942
vt 0.7719 0.6985
vt 0.8202 0.7375
vt 0.6432 0.3721
vt 0.6186 0.4110
vt 0.0802 0.1494
vt 0.0952 0.1635
vt 0.6475 0.3537
vt 0.4221 0.7517
vt 0.8039 0.3446
vt 0.7955 0.3581
vt 0.4208 0.1596
vt 0.4545 0.1635
vt 0.4558 0.1591
vt 0.4217 0.1553
vt 0.3876 0.1545
vt 0.3871 0.1586
vt 0.4882 0.1686
vt 0.5240 0.1762
vt 0.5259 0.1715
vt 0.4897 0.1640
vt 0.2111 0.4556
vt 0.2015 0.4223
vt 0.1973 0.4242
vt 0.2068 0.4583
vt 0.2196 0.4989
vt 0.2240 0.4954
vt 0.1934 0.3919
vt 0.1876 0.3569
vt 0.1837 0.3583
vt 0.1894 0.3936
vt 0.2980 0.1707
vt 0.3256 0.1646
vt 0.3255 0.1612
vt 0.2976 0.1675
vt 0.2758 0.1746
vt 0.2763 0.1777
vt 0.3553 0.1605
vt 0.3554 0.1568
vt 0.1857 0.3213
vt 0.1879 0.2910
vt 0.1837 0.2911
vt 0.1816 0.3220
vt 0.1932 0.2650
vt 0.2004 0.2442
vt 0.1969 0.2429
vt 0.1893 0.2643
vt 0.7098 0.1027
vt 0.6716 0.1032
vt 0.6673 0.1095
vt 0.7055 0.1088
vt 0.7430 0.1032
vt 0.7377 0.1091
vt 0.1729 0.7082
vt 0.1779 0.7065
vt 0.2829 0.6849
vt 0.2767 0.6484
vt 0.2721 0.6493
vt 0.2779 0.6856
vt 0.6199 0.1031
vt 0.5987 0.1023
vt 0.5978 0.1102
vt 0.6212 0.1103
vt 0.5551 0.0960
vt 0.5549 0.1042
vt 0.2668 0.6014
vt 0.2569 0.5773
vt 0.2527 0.5811
vt 0.2624 0.6031
vt 0.2408 0.5379
vt 0.2365 0.5417
vt 0.2408 0.1971
vt 0.2498 0.1906
vt 0.2493 0.1874
vt 0.2399 0.1942
vt 0.2310 0.2012
vt 0.2324 0.2038
vt 0.2613 0.1838
vt 0.2610 0.1807
vt 0.7969 0.1220
vt 0.7788 0.1116
vt 0.7758 0.1179
vt 0.7947 0.1268
vt 0.8148 0.1342
vt 0.8117 0.1383
vt 0.7637 0.1059
vt 0.7592 0.1121
vt 0.2083 0.2301
vt 0.2151 0.2211
vt 0.2126 0.2191
vt 0.2054 0.2285
vt 0.2234 0.2120
vt 0.2215 0.2097
vt 0.1767 0.7270
vt 0.1811 0.7413
vt 0.1853 0.7375
vt 0.1806 0.7224
vt 0.1884 0.7559
vt 0.1979 0.7699
vt 0.2019 0.7660
vt 0.1921 0.7531
vt 0.6725 0.0572
vt 0.6721 0.0365
vt 0.6174 0.0383
vt 0.1137 0.6358
vt 0.0973 0.6311
vt 0.0966 0.5796
vt 0.4059 0.2267
vt 0.3743 0.2189
vt 0.3780 0.2023
vt 0.4093 0.2102
vt 0.4410 0.2210
vt 0.4381 0.2391
vt 0.4355 0.2582
vt 0.4028 0.2442
vt 0.3706 0.2365
vt 0.4705 0.2563
vt 0.4734 0.2352
vt 0.5050 0.2485
vt 0.5021 0.2719
vt 0.4990 0.2933
vt 0.4677 0.2770
vt 0.4124 0.1979
vt 0.3813 0.1917
vt 0.3840 0.1821
vt 0.4154 0.1855
vt 0.4470 0.1907
vt 0.4437 0.2060
vt 0.4759 0.2161
vt 0.4794 0.1980
vt 0.5126 0.2069
vt 0.5084 0.2267
vt 0.3006 0.4359
vt 0.3253 0.4711
vt 0.3055 0.4710
vt 0.2829 0.4347
vt 0.2600 0.4035
vt 0.2754 0.4056
vt 0.2912 0.4090
vt 0.3167 0.4387
vt 0.3408 0.4715
vt 0.2582 0.3754
vt 0.2437 0.3734
vt 0.2308 0.3407
vt 0.2448 0.3439
vt 0.2603 0.3474
vt 0.2737 0.3784
vt 0.2617 0.4358
vt 0.2797 0.4718
vt 0.2546 0.4756
vt 0.2403 0.4402
vt 0.2285 0.4108
vt 0.2449 0.4057
vt 0.2316 0.3761
vt 0.2184 0.3816
vt 0.2103 0.3480
vt 0.2204 0.3429
vt 0.3994 0.0631
vt 0.3637 0.0730
vt 0.3631 0.0572
vt 0.4005 0.0487
vt 0.4371 0.0452
vt 0.4351 0.0592
vt 0.4374 0.0767
vt 0.4020 0.0805
vt 0.3671 0.0894
vt 0.4702 0.0602
vt 0.4706 0.0445
vt 0.5039 0.0459
vt 0.5064 0.0636
vt 0.5119 0.0804
vt 0.4730 0.0772
vt 0.1085 0.4260
vt 0.1155 0.4691
vt 0.1035 0.4680
vt 0.0963 0.4274
vt 0.0941 0.3917
vt 0.1093 0.3889
vt 0.1326 0.3914
vt 0.1355 0.4277
vt 0.1408 0.4730
vt 0.1141 0.3578
vt 0.0978 0.3592
vt 0.1061 0.3177
vt 0.1227 0.3197
vt 0.1407 0.3231
vt 0.1341 0.3606
vt 0.3051 0.2215
vt 0.2916 0.2238
vt 0.2860 0.2134
vt 0.3030 0.2097
vt 0.3245 0.2045
vt 0.3223 0.2190
vt 0.3192 0.2340
vt 0.3050 0.2331
vt 0.2951 0.2312
vt 0.3455 0.2166
vt 0.3494 0.2007
vt 0.3414 0.2340
vt 0.3015 0.1997
vt 0.2823 0.2046
vt 0.2796 0.1957
vt 0.3001 0.1896
vt 0.3261 0.1847
vt 0.3258 0.1944
vt 0.3522 0.1908
vt 0.3540 0.1817
vt 0.2381 0.3158
vt 0.2268 0.3120
vt 0.2288 0.2910
vt 0.2380 0.2952
vt 0.2480 0.2994
vt 0.2513 0.3199
vt 0.2389 0.2824
vt 0.2313 0.2766
vt 0.2334 0.2654
vt 0.2403 0.2730
vt 0.2452 0.2781
vt 0.2464 0.2865
vt 0.2176 0.3129
vt 0.2082 0.3162
vt 0.2113 0.2905
vt 0.2205 0.2900
vt 0.2238 0.2725
vt 0.2150 0.2694
vt 0.2191 0.2530
vt 0.2266 0.2586
vt 0.2747 0.1127
vt 0.2536 0.1261
vt 0.2505 0.1040
vt 0.2709 0.0944
vt 0.2963 0.0829
vt 0.2992 0.0991
vt 0.3058 0.1124
vt 0.2785 0.1250
vt 0.2560 0.1354
vt 0.3295 0.0859
vt 0.3275 0.0698
vt 0.3349 0.1002
vt 0.1346 0.2841
vt 0.1190 0.2804
vt 0.1289 0.2494
vt 0.1456 0.2551
vt 0.1618 0.2629
vt 0.1517 0.2897
vt 0.1584 0.2284
vt 0.1394 0.2224
vt 0.1526 0.1967
vt 0.1709 0.2042
vt 0.1834 0.2141
vt 0.1726 0.2374
vt 0.7141 0.2759
vt 0.6705 0.2680
vt 0.6681 0.2487
vt 0.7115 0.2550
vt 0.7482 0.2584
vt 0.7503 0.2805
vt 0.7530 0.3004
vt 0.7173 0.2938
vt 0.6736 0.2851
vt 0.3400 0.6810
vt 0.3483 0.7149
vt 0.3246 0.7171
vt 0.3177 0.6825
vt 0.3081 0.6435
vt 0.3304 0.6420
vt 0.3494 0.6410
vt 0.3582 0.6805
vt 0.3680 0.7130
vt 0.7450 0.7293
vt 0.7054 0.6946
vt 0.7185 0.6792
vt 0.7597 0.7143
vt 0.7114 0.0565
vt 0.7128 0.0387
vt 0.7469 0.0422
vt 0.7455 0.0597
vt 0.7116 0.0746
vt 0.7440 0.0763
vt 0.7479 0.0974
vt 0.7141 0.0967
vt 0.6759 0.0968
vt 0.6732 0.0742
vt 0.1143 0.6750
vt 0.1219 0.7112
vt 0.1035 0.7114
vt 0.0969 0.6749
vt 0.7122 0.7560
vt 0.6799 0.7192
vt 0.6926 0.7088
vt 0.7294 0.7425
vt 0.1354 0.6768
vt 0.1351 0.6381
vt 0.1650 0.6427
vt 0.1634 0.6824
vt 0.1662 0.7092
vt 0.1387 0.7107
vt 0.5342 0.2847
vt 0.5364 0.2607
vt 0.5725 0.2715
vt 0.5704 0.2947
vt 0.5659 0.3198
vt 0.5310 0.3069
vt 0.5402 0.2385
vt 0.5460 0.2183
vt 0.5826 0.2301
vt 0.5762 0.2497
vt 0.6145 0.2596
vt 0.6164 0.2403
vt 0.6136 0.2789
vt 0.3458 0.5070
vt 0.3541 0.5425
vt 0.3380 0.5475
vt 0.3247 0.5091
vt 0.3606 0.5014
vt 0.3710 0.5320
vt 0.3225 0.5896
vt 0.2985 0.5936
vt 0.2873 0.5558
vt 0.3131 0.5500
vt 0.3380 0.5475
vt 0.3440 0.5872
vt 0.2980 0.5101
vt 0.2719 0.5154
vt 0.6200 0.0798
vt 0.6211 0.0961
vt 0.5998 0.0939
vt 0.5984 0.0770
vt 0.5979 0.0610
vt 0.6183 0.0631
vt 0.7902 0.6683
vt 0.7839 0.6805
vt 0.7468 0.6466
vt 0.7559 0.6340
vt 0.5513 0.0701
vt 0.5554 0.0875
vt 0.5502 0.0530
vt 0.1368 0.5879
vt 0.1198 0.5833
vt 0.1202 0.5644
vt 0.1356 0.5691
vt 0.1615 0.5642
vt 0.1640 0.5896
vt 0.1231 0.5193
vt 0.1116 0.5180
vt 0.1544 0.5226
vt 0.2625 0.2345
vt 0.2559 0.2411
vt 0.2491 0.2318
vt 0.2559 0.2253
vt 0.2642 0.2198
vt 0.2704 0.2291
vt 0.2793 0.2395
vt 0.2721 0.2455
vt 0.2659 0.2532
vt 0.2801 0.2259
vt 0.2738 0.2162
vt 0.2886 0.2353
vt 0.2508 0.2178
vt 0.2441 0.2241
vt 0.2398 0.2169
vt 0.2466 0.2107
vt 0.2547 0.2054
vt 0.2590 0.2124
vt 0.2691 0.2083
vt 0.2654 0.2006
vt 0.8079 0.2904
vt 0.8250 0.2952
vt 0.8173 0.3182
vt 0.8029 0.3128
vt 0.7878 0.3080
vt 0.7904 0.2863
vt 0.7920 0.2629
vt 0.8111 0.2664
vt 0.8306 0.2699
vt 0.7743 0.2838
vt 0.7741 0.3047
vt 0.7737 0.2607
vt 0.7990 0.3266
vt 0.8110 0.3325
vt 0.8078 0.3371
vt 0.7972 0.3322
vt 0.7857 0.3282
vt 0.7859 0.3203
vt 0.7752 0.3152
vt 0.7758 0.3226
vt 0.7585 0.3201
vt 0.7564 0.3132
vt 0.2155 0.1544
vt 0.2054 0.1617
vt 0.1953 0.1469
vt 0.2069 0.1379
vt 0.2181 0.1273
vt 0.2246 0.1471
vt 0.2267 0.1531
vt 0.2187 0.1602
vt 0.2108 0.1686
vt 0.2370 0.1360
vt 0.2329 0.1144
vt 0.2390 0.1445
vt 0.7720 0.0655
vt 0.7763 0.0486
vt 0.7973 0.0554
vt 0.7917 0.0720
vt 0.7679 0.0813
vt 0.7863 0.0876
vt 0.7803 0.1066
vt 0.7672 0.1000
vt 0.8155 0.0815
vt 0.8224 0.0650
vt 0.8461 0.0754
vt 0.8384 0.0919
vt 0.8085 0.0972
vt 0.8306 0.1082
vt 0.8185 0.1294
vt 0.7991 0.1170
vt 0.6014 0.5740
vt 0.5806 0.5616
vt 0.6027 0.5330
vt 0.6228 0.5447
vt 0.6433 0.5565
vt 0.6220 0.5860
vt 0.5932 0.6120
vt 0.5730 0.6001
vt 0.5533 0.5879
vt 0.6419 0.5968
vt 0.6640 0.5684
vt 0.6127 0.6216
vt 0.6402 0.5172
vt 0.6209 0.5060
vt 0.6413 0.4794
vt 0.6574 0.4892
vt 0.6758 0.4998
vt 0.6599 0.5285
vt 0.6797 0.5399
vt 0.6943 0.5103
vt 0.4001 0.2591
vt 0.3972 0.2722
vt 0.3633 0.2632
vt 0.3669 0.2508
vt 0.3936 0.2849
vt 0.3882 0.2967
vt 0.3558 0.2853
vt 0.3603 0.2744
vt 0.4989 0.6751
vt 0.4863 0.6690
vt 0.5031 0.6405
vt 0.5167 0.6490
vt 0.5317 0.6562
vt 0.5124 0.6788
vt 0.5295 0.6803
vt 0.5509 0.6621
vt 0.5422 0.6240
vt 0.5254 0.6134
vt 0.5602 0.6343
vt 0.5806 0.6435
vt 0.2993 0.2415
vt 0.3147 0.2454
vt 0.3099 0.2549
vt 0.2921 0.2484
vt 0.2866 0.2559
vt 0.3062 0.2637
vt 0.3027 0.2725
vt 0.2822 0.2641
vt 0.3372 0.2478
vt 0.3334 0.2590
vt 0.3306 0.2689
vt 0.3271 0.2784
vt 0.6500 0.6884
vt 0.6683 0.6819
vt 0.6826 0.6707
vt 0.6972 0.6583
vt 0.6818 0.4512
vt 0.6680 0.4424
vt 0.6899 0.4043
vt 0.7053 0.4137
vt 0.7223 0.4236
vt 0.6980 0.4609
vt 0.7147 0.4705
vt 0.7378 0.4325
vt 0.1581 0.1007
vt 0.1443 0.1138
vt 0.1283 0.0975
vt 0.1421 0.0842
vt 0.1550 0.0715
vt 0.1712 0.0884
vt 0.7296 0.3848
vt 0.7433 0.3964
vt 0.7146 0.3731
vt 0.1868 0.0760
vt 0.1700 0.0591
vt 0.7537 0.4134
vt 0.5239 0.3243
vt 0.5455 0.3372
vt 0.5334 0.3529
vt 0.5145 0.3396
vt 0.5053 0.3551
vt 0.5230 0.3679
vt 0.5149 0.3816
vt 0.4972 0.3689
vt 0.2426 0.2642
vt 0.2360 0.2556
vt 0.2394 0.2468
vt 0.2458 0.2559
vt 0.2528 0.2671
vt 0.2485 0.2741
vt 0.2503 0.2482
vt 0.2437 0.2389
vt 0.2586 0.2602
vt 0.2297 0.2481
vt 0.2229 0.2418
vt 0.2275 0.2327
vt 0.2336 0.2393
vt 0.2383 0.2313
vt 0.2332 0.2243
vt 0.3522 0.7366
vt 0.3737 0.7349
vt 0.3762 0.7494
vt 0.3538 0.7517
vt 0.3294 0.7537
vt 0.3276 0.7381
vt 0.3571 0.7668
vt 0.3794 0.7626
vt 0.3836 0.7752
vt 0.3611 0.7819
vt 0.3362 0.7874
vt 0.3327 0.7704
vt 0.3869 0.7365
vt 0.3803 0.7143
vt 0.3880 0.7153
vt 0.3954 0.7370
vt 0.3999 0.7479
vt 0.3907 0.7485
vt 0.3947 0.7583
vt 0.4039 0.7556
vt 0.4086 0.7631
vt 0.3993 0.7682
vt 0.1770 0.1919
vt 0.1599 0.1813
vt 0.1693 0.1702
vt 0.1835 0.1821
vt 0.1969 0.1915
vt 0.1901 0.2014
vt 0.1936 0.1714
vt 0.1817 0.1579
vt 0.2037 0.1800
vt 0.1462 0.7325
vt 0.1714 0.7310
vt 0.1766 0.7436
vt 0.1538 0.7488
vt 0.1299 0.7356
vt 0.1377 0.7527
vt 0.1209 0.7561
vt 0.1127 0.7381
vt 0.1617 0.7667
vt 0.1840 0.7587
vt 0.1921 0.7750
vt 0.1670 0.7856
vt 0.1444 0.7723
vt 0.1528 0.7923
vt 0.1405 0.7984
vt 0.1294 0.7774
vt 0.5178 0.5160
vt 0.5408 0.4916
vt 0.5616 0.5068
vt 0.5389 0.5323
vt 0.5145 0.5618
vt 0.4953 0.5484
vt 0.5600 0.5484
vt 0.5824 0.5210
vt 0.5340 0.5756
vt 0.5676 0.4736
vt 0.5972 0.4520
vt 0.6112 0.4606
vt 0.5849 0.4844
vt 0.6027 0.4951
vt 0.6261 0.4699
vt 0.3127 0.3732
vt 0.3001 0.3766
vt 0.2872 0.3442
vt 0.2999 0.3412
vt 0.3118 0.3372
vt 0.3247 0.3684
vt 0.2874 0.3786
vt 0.2742 0.3469
vt 0.4472 0.6422
vt 0.4590 0.6125
vt 0.4730 0.6213
vt 0.4586 0.6513
vt 0.4723 0.6605
vt 0.4882 0.6309
vt 0.4750 0.5825
vt 0.4915 0.5925
vt 0.5085 0.6029
vt 0.2672 0.2759
vt 0.2756 0.2706
vt 0.2860 0.2901
vt 0.2769 0.2941
vt 0.2674 0.2975
vt 0.2596 0.2808
vt 0.2531 0.2852
vt 0.2577 0.2998
vt 0.2882 0.3151
vt 0.2987 0.3115
vt 0.2767 0.3180
vt 0.2644 0.3201
vt 0.7177 0.6196
vt 0.7228 0.6055
vt 0.7330 0.6625
vt 0.7093 0.6391
vt 0.6305 0.4182
vt 0.6512 0.3799
vt 0.6621 0.3867
vt 0.6420 0.4255
vt 0.6548 0.4338
vt 0.6754 0.3952
vt 0.1054 0.1558
vt 0.0882 0.1405
vt 0.0981 0.1294
vt 0.1151 0.1450
vt 0.6598 0.3573
vt 0.6739 0.3606
vt 0.1291 0.1296
vt 0.1125 0.1138
vt 0.6942 0.3651
vt 0.3929 0.4717
vt 0.4025 0.4606
vt 0.4179 0.4715
vt 0.4081 0.4828
vt 0.3979 0.4954
vt 0.3835 0.4830
vt 0.3730 0.4930
vt 0.3858 0.5085
vt 0.7197 0.3061
vt 0.7196 0.3103
vt 0.6757 0.3060
vt 0.6750 0.2975
vt 0.6125 0.2970
vt 0.6121 0.3108
vt 0.3699 0.6810
vt 0.3771 0.6813
vt 0.3613 0.6403
vt 0.3685 0.6401
vt 0.3583 0.5847
vt 0.3679 0.5829
vt 0.3732 0.5828
vt 0.3737 0.6404
vt 0.3791 0.5415
vt 0.3875 0.5517
vt 0.3846 0.5890
vt 0.3873 0.6399
vt 0.3820 0.6806
vt 0.3928 0.7132
vt 0.3925 0.6752
vt 0.3997 0.7054
vt 0.6134 0.3179
vt 0.5764 0.3304
vt 0.6766 0.3115
vt 0.6766 0.3228
vt 0.6203 0.3265
vt 0.5852 0.3366
vt 0.7198 0.3178
vt 0.7560 0.3244
vt 0.7477 0.3325
vt 0.7150 0.3275
vt 0.4145 0.4893
vt 0.4043 0.5013
vt 0.4248 0.4789
vt 0.4337 0.4900
vt 0.4230 0.4995
vt 0.4115 0.5109
vt 0.3926 0.5157
vt 0.3995 0.5259
vt 0.4085 0.7529
vt 0.4134 0.7595
vt 0.4046 0.7456
vt 0.4137 0.7381
vt 0.4173 0.7455
vt 0.4000 0.7343
vt 0.4084 0.7263
vt 0.5305 0.3736
vt 0.5229 0.3868
vt 0.5407 0.3593
vt 0.5503 0.3631
vt 0.5408 0.3774
vt 0.5342 0.3905
vt 0.5541 0.3444
vt 0.5637 0.3492
vt 0.7945 0.3386
vt 0.7844 0.3333
vt 0.7865 0.3521
vt 0.7759 0.3447
vt 0.7742 0.3283
vt 0.7664 0.3380
vt 0.4034 0.0870
vt 0.4384 0.0834
vt 0.4393 0.0902
vt 0.4047 0.0932
vt 0.3709 0.1015
vt 0.3689 0.0955
vt 0.4185 0.1709
vt 0.4511 0.1752
vt 0.3860 0.1695
vt 0.4736 0.0847
vt 0.5120 0.0888
vt 0.5121 0.0969
vt 0.4742 0.0921
vt 0.4842 0.1809
vt 0.5188 0.1888
vt 0.1436 0.4296
vt 0.1414 0.3930
vt 0.1487 0.3926
vt 0.1511 0.4303
vt 0.1559 0.4711
vt 0.1485 0.4730
vt 0.2227 0.4483
vt 0.2127 0.4172
vt 0.2357 0.4858
vt 0.1424 0.3639
vt 0.1484 0.3258
vt 0.1551 0.3294
vt 0.1501 0.3654
vt 0.2041 0.3875
vt 0.1980 0.3531
vt 0.2808 0.1313
vt 0.3081 0.1184
vt 0.3104 0.1245
vt 0.2833 0.1375
vt 0.2614 0.1478
vt 0.2585 0.1416
vt 0.2988 0.1790
vt 0.3259 0.1734
vt 0.2776 0.1857
vt 0.3371 0.1061
vt 0.3393 0.1121
vt 0.3550 0.1703
vt 0.1598 0.2931
vt 0.1699 0.2676
vt 0.1755 0.2711
vt 0.1654 0.2961
vt 0.1964 0.3192
vt 0.1987 0.2909
vt 0.1798 0.2434
vt 0.1895 0.2210
vt 0.1940 0.2246
vt 0.1838 0.2474
vt 0.2032 0.2669
vt 0.2093 0.2481
vt 0.7110 0.2345
vt 0.6696 0.2298
vt 0.7120 0.2197
vt 0.6725 0.2159
vt 0.6737 0.2107
vt 0.7126 0.2140
vt 0.7466 0.2164
vt 0.7468 0.2222
vt 0.7475 0.2371
vt 0.1690 0.6828
vt 0.1727 0.6410
vt 0.1777 0.6393
vt 0.1764 0.6806
vt 0.2967 0.6836
vt 0.2891 0.6460
vt 0.3023 0.7181
vt 0.6203 0.2218
vt 0.5932 0.2124
vt 0.6250 0.2088
vt 0.6024 0.2003
vt 0.6058 0.1958
vt 0.6271 0.2040
vt 0.5552 0.2004
vt 0.5631 0.1881
vt 0.5660 0.1835
vt 0.1704 0.5902
vt 0.1691 0.5649
vt 0.1738 0.5653
vt 0.1757 0.5923
vt 0.2790 0.5978
vt 0.2683 0.5672
vt 0.1606 0.5224
vt 0.1672 0.5220
vt 0.2525 0.5273
vt 0.2208 0.1647
vt 0.2299 0.1579
vt 0.2352 0.1638
vt 0.2249 0.1708
vt 0.2169 0.1811
vt 0.2147 0.1750
vt 0.2432 0.2034
vt 0.2514 0.1976
vt 0.2357 0.2097
vt 0.2423 0.1501
vt 0.2470 0.1562
vt 0.2626 0.1917
vt 0.8120 0.2451
vt 0.7913 0.2422
vt 0.8114 0.2294
vt 0.7896 0.2272
vt 0.7888 0.2213
vt 0.8111 0.2234
vt 0.8329 0.2246
vt 0.8330 0.2307
vt 0.8328 0.2470
vt 0.7728 0.2399
vt 0.7709 0.2249
vt 0.7700 0.2190
vt 0.1956 0.2075
vt 0.2020 0.1959
vt 0.2055 0.1990
vt 0.1995 0.2120
vt 0.2148 0.2349
vt 0.2206 0.2259
vt 0.2085 0.1846
vt 0.2114 0.1899
vt 0.2278 0.2174
vt 0.3058 0.7392
vt 0.3083 0.7549
vt 0.2917 0.7388
vt 0.2946 0.7549
vt 0.2895 0.7548
vt 0.2865 0.7387
vt 0.2826 0.7181
vt 0.2879 0.7181
vt 0.3113 0.7721
vt 0.3138 0.7897
vt 0.2971 0.7723
vt 0.2984 0.7897
vt 0.2929 0.7896
vt 0.2919 0.7722
vt 0.6860 0.5809
vt 0.6633 0.6086
vt 0.6338 0.6318
vt 0.7119 0.5213
vt 0.7005 0.5518
vt 0.4959 0.7086
vt 0.4814 0.7112
vt 0.4679 0.7080
vt 0.5739 0.6682
vt 0.5502 0.6816
vt 0.5311 0.6926
vt 0.5131 0.7010
vt 0.6029 0.6518
vt 0.7747 0.7843
vt 0.7543 0.7895
vt 0.7278 0.7798
vt 0.7000 0.7615
vt 0.6723 0.7332
vt 0.6347 0.6949
vt 0.8131 0.7555
vt 0.7961 0.7727
vt 0.7531 0.4384
vt 0.7316 0.4801
vt 0.1825 0.0482
vt 0.1989 0.0662
vt 0.7660 0.4230
vt 0.4953 0.4998
vt 0.5198 0.4778
vt 0.4745 0.5345
vt 0.5490 0.4621
vt 0.5828 0.4444
vt 0.4365 0.6329
vt 0.4452 0.6037
vt 0.4399 0.6909
vt 0.4306 0.6803
vt 0.4299 0.6612
vt 0.4534 0.7004
vt 0.4582 0.5728
vt 0.7902 0.6683
vt 0.7925 0.6533
vt 0.8146 0.6786
vt 0.8250 0.7014
vt 0.8242 0.7188
vt 0.7265 0.5942
vt 0.7617 0.6230
vt 0.7719 0.6985
vt 0.8202 0.7375
vt 0.6186 0.4110
vt 0.6432 0.3721
vt 0.0952 0.1635
vt 0.0802 0.1494
vt 0.6475 0.3537
vt 0.4221 0.7517
vt 0.8039 0.3446
vt 0.7955 0.3581
vt 0.4208 0.1596
vt 0.4217 0.1553
vt 0.4558 0.1591
vt 0.4545 0.1635
vt 0.3871 0.1586
vt 0.3876 0.1545
vt 0.4882 0.1686
vt 0.4897 0.1640
vt 0.5259 0.1715
vt 0.5240 0.1762
vt 0.2111 0.4556
vt 0.2068 0.4583
vt 0.1973 0.4242
vt 0.2015 0.4223
vt 0.2240 0.4954
vt 0.2196 0.4989
vt 0.1934 0.3919
vt 0.1894 0.3936
vt 0.1837 0.3583
vt 0.1876 0.3569
vt 0.2980 0.1707
vt 0.2976 0.1675
vt 0.3255 0.1612
vt 0.3256 0.1646
vt 0.2763 0.1777
vt 0.2758 0.1746
vt 0.3553 0.1605
vt 0.3554 0.1568
vt 0.1857 0.3213
vt 0.1816 0.3220
vt 0.1837 0.2911
vt 0.1879 0.2910
vt 0.1932 0.2650
vt 0.1893 0.2643
vt 0.1969 0.2429
vt 0.2004 0.2442
vt 0.7098 0.1027
vt 0.7055 0.1088
vt 0.6673 0.1095
vt 0.6716 0.1032
vt 0.7430 0.1032
vt 0.7377 0.1091
vt 0.1779 0.7065
vt 0.1729 0.7082
vt 0.2829 0.6849
vt 0.2779 0.6856
vt 0.2721 0.6493
vt 0.2767 0.6484
vt 0.6199 0.1031
vt 0.6212 0.1103
vt 0.5978 0.1102
vt 0.5987 0.1023
vt 0.5551 0.0960
vt 0.5549 0.1042
vt 0.2668 0.6014
vt 0.2624 0.6031
vt 0.2527 0.5811
vt 0.2569 0.5773
vt 0.2408 0.5379
vt 0.2365 0.5417
vt 0.2408 0.1971
vt 0.2399 0.1942
vt 0.2493 0.1874
vt 0.2498 0.1906
vt 0.2324 0.2038
vt 0.2310 0.2012
vt 0.2613 0.1838
vt 0.2610 0.1807
vt 0.7969 0.1220
vt 0.7947 0.1268
vt 0.7758 0.1179
vt 0.7788 0.1116
vt 0.8148 0.1342
vt 0.8117 0.1383
vt 0.7637 0.1059
vt 0.7592 0.1121
vt 0.2083 0.2301
vt 0.2054 0.2285
vt 0.2126 0.2191
vt 0.2151 0.2211
vt 0.2234 0.2120
vt 0.2215 0.2097
vt 0.1767 0.7270
vt 0.1806 0.7224
vt 0.1853 0.7375
vt 0.1811 0.7413
vt 0.1884 0.7559
vt 0.1921 0.7531
vt 0.2019 0.7660
vt 0.1979 0.7699
vt 0.6725 0.0572
vt 0.6721 0.0365
vt 0.6174 0.0383
vt 0.1137 0.6358
vt 0.0973 0.6311
vt 0.0966 0.5796
vt 0.2792 0.6486
vt 0.2792 0.6773
vt 0.3080 0.6773
vt 0.3080 0.6486
vt 0.3367 0.6773
vt 0.3367 0.6486
vt 0.3655 0.6773
vt 0.3655 0.6486
vt 0.3942 0.6773
vt 0.3942 0.6486
vt 0.2792 0.7061
vt 0.3080 0.7061
vt 0.3367 0.7061
vt 0.3655 0.7061
vt 0.3942 0.7061
vt 0.2792 0.7348
vt 0.3080 0.7348
vt 0.3367 0.7348
vt 0.3655 0.7348
vt 0.3942 0.7348
vt 0.2792 0.7636
vt 0.3080 0.7636
vt 0.3367 0.7636
vt 0.3655 0.7636
vt 0.3942 0.7636
vt 0.2792 0.6486
vt 0.3080 0.6486
vt 0.3080 0.6773
vt 0.2792 0.6773
vt 0.3367 0.6486
vt 0.3367 0.6773
vt 0.3655 0.6486
vt 0.3655 0.6773
vt 0.3942 0.6486
vt 0.3942 0.6773
vt 0.3080 0.7061
vt 0.2792 0.7061
vt 0.3367 0.7061
vt 0.3655 0.7061
vt 0.3942 0.7061
vt 0.3080 0.7348
vt 0.2792 0.7348
vt 0.3367 0.7348
vt 0.3655 0.7348
vt 0.3942 0.7348
vt 0.3080 0.7636
vt 0.2792 0.7636
vt 0.3367 0.7636
vt 0.3655 0.7636
vt 0.3942 0.7636
f 1/1 2/2 3/3 4/4
f 1/1 5/5 6/6 2/2
f 1/1 7/7 8/8 5/5
f 1/1 4/4 9/9 7/7
f 10/10 11/11 6/6 5/5
f 10/10 12/12 13/13 11/11
f 10/10 14/14 15/15 12/12
f 10/10 5/5 8/8 14/14
f 16/16 17/17 18/18 19/19
f 16/16 20/20 21/21 17/17
f 16/16 2/2 6/6 20/20
f 16/16 19/19 3/3 2/2
f 22/22 23/23 21/21 20/20
f 22/22 24/24 25/25 23/23
f 22/22 11/11 13/13 24/24
f 22/22 20/20 6/6 11/11
f 26/26 27/27 28/28 29/29
f 26/26 30/30 31/31 27/27
f 26/26 32/32 33/33 30/30
f 26/26 29/29 34/34 32/32
f 35/35 36/36 31/31 30/30
f 35/35 37/37 38/38 36/36
f 35/35 39/39 40/40 37/37
f 35/35 30/30 33/33 39/39
f 41/41 42/42 43/43 44/44
f 41/41 45/45 46/46 42/42
f 41/41 27/27 31/31 45/45
f 41/41 44/44 28/28 27/27
f 47/47 48/48 46/46 45/45
f 47/47 49/49 50/50 48/48
f 47/47 36/36 38/38 49/49
f 47/47 45/45 31/31 36/36
f 51/51 52/52 53/53 54/54
f 51/51 55/55 56/56 52/52
f 51/51 57/57 58/58 55/55
f 51/51 54/54 59/59 57/57
f 60/60 61/61 56/56 55/55
f 60/60 62/62 63/63 61/61
f 60/60 64/64 65/65 62/62
f 60/60 55/55 58/58 64/64
f 66/66 67/67 68/68 69/69
f 66/66 70/70 71/71 67/67
f 66/66 72/72 73/73 70/70
f 66/66 69/69 74/74 72/72
f 75/75 76/76 71/71 70/70
f 75/75 77/77 78/78 76/76
f 75/75 79/79 80/80 77/77
f 75/75 70/70 73/73 79/79
f 81/81 82/82 83/83 84/84
f 81/81 85/85 86/86 82/82
f 81/81 87/87 88/88 85/85
f 81/81 84/84 89/89 87/87
f 90/90 91/91 86/86 85/85
f 90/90 4/4 3/3 91/91
f 90/90 92/92 9/9 4/4
f 90/90 85/85 88/88 92/92
f 93/93 94/94 95/95 96/96
f 93/93 97/97 98/98 94/94
f 93/93 82/82 86/86 97/97
f 93/93 96/96 83/83 82/82
f 99/99 100/100 98/98 97/97
f 99/99 19/19 18/18 100/100
f 99/99 91/91 3/3 19/19
f 99/99 97/97 86/86 91/91
f 101/101 102/102 38/38 37/37
f 101/101 103/103 104/104 102/102
f 101/101 105/105 106/106 103/103
f 101/101 37/37 40/40 105/105
f 107/107 108/108 104/104 103/103
f 107/107 109/109 110/110 108/108
f 107/107 111/111 112/112 109/109
f 107/107 103/103 106/106 111/111
f 113/113 114/114 50/50 49/49
f 113/113 115/115 116/116 114/114
f 113/113 102/102 104/104 115/115
f 113/113 49/49 38/38 102/102
f 117/117 118/118 116/116 115/115
f 117/117 119/119 120/120 118/118
f 117/117 108/108 110/110 119/119
f 117/117 115/115 104/104 108/108
f 121/121 122/122 123/123 124/124
f 121/121 125/125 126/126 122/122
f 121/121 127/127 128/128 125/125
f 121/121 124/124 129/129 127/127
f 130/130 131/131 126/126 125/125
f 130/130 54/54 53/53 131/131
f 130/130 132/132 59/59 54/54
f 130/130 125/125 128/128 132/132
f 133/133 134/134 78/78 77/77
f 133/133 135/135 136/136 134/134
f 133/133 137/137 138/138 135/135
f 133/133 77/77 80/80 137/137
f 139/139 140/140 136/136 135/135
f 139/139 141/141 142/142 140/140
f 139/139 143/143 144/144 141/141
f 139/139 135/135 138/138 143/143
f 145/145 146/146 147/147 148/148
f 145/145 149/149 150/150 146/146
f 145/145 151/151 152/152 149/149
f 145/145 148/148 153/153 151/151
f 154/154 155/155 156/156 157/157
f 154/154 158/158 159/159 155/155
f 154/154 160/160 161/161 158/158
f 154/154 157/157 162/162 160/160
f 163/163 164/164 165/165 166/166
f 167/167 168/168 169/169 170/170
f 171/171 172/172 173/173 174/174
f 171/171 175/175 176/176 172/172
f 177/177 178/178 179/179 180/180
f 181/181 182/182 183/183 184/184
f 185/185 186/186 187/187 188/188
f 185/185 189/189 190/190 186/186
f 191/191 192/192 13/13 12/12
f 191/191 193/193 194/194 192/192
f 191/191 195/195 196/196 193/193
f 191/191 12/12 15/15 195/195
f 197/197 198/198 25/25 24/24
f 197/197 199/199 200/200 198/198
f 197/197 192/192 194/194 199/199
f 197/197 24/24 13/13 192/192
f 201/201 202/202 200/200 199/199
f 201/201 148/148 147/147 202/202
f 201/201 203/203 153/153 148/148
f 201/201 199/199 194/194 203/203
f 204/204 205/205 206/206 207/207
f 204/204 29/29 28/28 205/205
f 204/204 208/208 34/34 29/29
f 204/204 207/207 209/209 208/208
f 210/210 211/211 159/159 158/158
f 210/210 212/212 213/213 211/211
f 210/210 214/214 206/215 212/212
f 210/210 158/158 161/161 214/214
f 215/216 216/217 213/213 212/212
f 215/216 44/44 43/43 216/217
f 215/216 205/205 28/28 44/44
f 215/216 212/212 206/215 205/205
f 217/218 218/219 176/176 175/175
f 217/218 219/220 220/221 218/219
f 217/218 221/222 222/223 219/220
f 223/224 224/225 225/226 226/227
f 227/228 228/229 220/221 219/220
f 227/228 62/62 65/65 228/229
f 227/228 229/230 63/63 62/62
f 227/228 219/220 222/223 229/230
f 163/163 166/166 183/183 182/182
f 230/231 231/232 232/233 233/234
f 230/231 234/235 235/236 231/232
f 230/231 188/188 187/187 234/235
f 236/237 237/238 232/233 231/232
f 236/237 69/69 68/68 237/238
f 236/237 238/239 74/74 69/69
f 236/237 231/232 235/236 238/239
f 239/240 240/241 241/242 242/243
f 239/240 243/244 244/245 240/241
f 239/240 245/246 246/247 243/244
f 239/240 242/243 247/248 245/246
f 248/249 249/250 244/245 243/244
f 248/249 84/84 83/83 249/250
f 248/249 250/251 89/89 84/84
f 248/249 243/244 246/247 250/251
f 251/252 252/253 253/254 254/255
f 251/252 255/256 256/257 252/253
f 251/252 240/241 244/245 255/256
f 251/252 254/255 241/242 240/241
f 257/258 258/259 256/257 255/256
f 257/258 96/96 95/95 258/259
f 257/258 249/250 83/83 96/96
f 257/258 255/256 244/245 249/250
f 259/260 260/261 261/262 262/263
f 259/260 263/264 264/265 260/261
f 259/260 265/266 266/267 263/264
f 259/260 262/263 267/268 265/266
f 268/269 269/270 264/265 263/264
f 268/269 149/149 152/152 269/270
f 268/269 270/271 150/150 149/149
f 268/269 263/264 266/267 270/271
f 271/272 272/273 273/274 274/275
f 271/272 275/276 276/277 272/273
f 271/272 260/261 264/265 275/276
f 271/272 274/275 261/262 260/261
f 277/278 278/279 276/277 275/276
f 277/278 279/280 280/281 278/279
f 277/278 269/270 152/152 279/280
f 277/278 275/276 264/265 269/270
f 281/282 282/283 283/284 284/285
f 281/282 285/286 286/287 282/283
f 281/282 287/288 288/289 285/286
f 281/282 284/285 289/290 287/288
f 290/291 291/292 286/287 285/286
f 290/291 124/124 123/123 291/292
f 290/291 292/293 129/129 124/124
f 290/291 285/286 288/289 292/293
f 293/294 294/295 169/169 168/168
f 293/294 295/296 296/297 294/295
f 297/298 298/299 299/300 300/301
f 297/298 174/174 173/173 298/299
f 301/302 302/303 296/297 295/296
f 301/302 303/304 304/305 302/303
f 305/306 306/307 307/308 308/309
f 305/306 300/301 299/300 306/307
f 309/310 310/311 311/312 312/313
f 309/310 313/314 314/315 310/311
f 309/310 315/316 316/317 313/314
f 309/310 312/313 317/318 315/316
f 318/319 319/320 314/315 313/314
f 318/319 313/314 316/317 320/321
f 321/322 322/323 323/324 324/325
f 321/322 325/326 326/327 322/323
f 321/322 310/311 314/315 325/326
f 321/322 324/325 311/312 310/311
f 327/328 328/329 326/327 325/326
f 327/328 325/326 314/315 319/320
f 329/330 330/331 331/332 332/333
f 329/330 7/7 9/9 330/331
f 333/334 334/335 335/336 336/337
f 333/334 332/333 331/332 334/335
f 337/338 338/339 339/340 340/341
f 337/338 341/342 342/343 338/339
f 343/344 344/345 342/343 341/342
f 345/346 315/316 317/318 346/347
f 345/346 347/348 316/317 315/316
f 345/346 338/339 342/343 347/348
f 345/346 346/347 339/340 338/339
f 348/349 320/321 316/317 347/348
f 348/349 347/348 342/343 344/345
f 349/350 350/351 88/88 87/87
f 349/350 351/352 352/353 350/351
f 349/350 250/251 246/247 351/352
f 349/350 87/87 89/89 250/251
f 353/354 354/355 352/353 351/352
f 353/354 355/356 356/357 354/355
f 353/354 245/246 247/248 355/356
f 353/354 351/352 246/247 245/246
f 357/358 330/331 9/9 92/92
f 357/358 358/359 331/332 330/331
f 357/358 350/351 352/353 358/359
f 357/358 92/92 88/88 350/351
f 359/360 334/335 331/332 358/359
f 359/360 360/361 335/336 334/335
f 359/360 354/355 356/357 360/361
f 359/360 358/359 352/353 354/355
f 184/184 183/183 361/362 362/363
f 166/166 363/364 361/362 183/183
f 166/166 165/165 364/365 363/364
f 365/366 366/367 367/368 368/369
f 365/366 369/370 370/371 366/367
f 365/366 322/323 326/327 369/370
f 365/366 368/369 323/324 322/323
f 371/372 372/373 370/371 369/370
f 371/372 369/370 326/327 328/329
f 373/374 363/375 364/376 374/377
f 373/374 375/378 361/379 363/375
f 373/380 366/367 370/371 375/381
f 373/380 374/382 367/368 366/367
f 376/383 362/384 361/379 375/378
f 376/385 375/381 370/371 372/373
f 377/386 378/387 196/196 195/195
f 377/386 379/388 380/389 378/387
f 381/390 382/391 380/389 379/388
f 381/390 383/392 384/393 382/391
f 385/394 386/395 110/110 109/109
f 385/394 387/396 388/397 386/395
f 385/394 389/398 390/399 387/396
f 385/394 109/109 112/112 389/398
f 391/400 392/401 388/397 387/396
f 391/400 242/243 241/242 392/401
f 391/400 393/402 247/248 242/243
f 391/400 387/396 390/399 393/402
f 394/403 395/404 120/120 119/119
f 394/403 396/405 397/406 395/404
f 394/403 386/395 388/397 396/405
f 394/403 119/119 110/110 386/395
f 398/407 399/408 397/406 396/405
f 398/407 254/255 253/254 399/408
f 398/407 392/401 241/242 254/255
f 398/407 396/405 388/397 392/401
f 400/409 401/410 162/162 157/157
f 400/409 402/411 403/412 401/410
f 400/409 404/413 405/414 402/411
f 400/409 157/157 156/156 404/413
f 406/415 407/416 403/412 402/411
f 406/415 262/417 261/418 407/416
f 406/415 408/419 267/420 262/417
f 406/415 402/411 405/414 408/419
f 409/421 410/422 411/423 412/424
f 409/421 413/425 414/426 410/422
f 409/421 401/410 403/412 413/425
f 409/421 412/424 162/162 401/410
f 415/427 416/428 414/426 413/425
f 415/427 274/429 273/430 416/428
f 415/427 407/416 261/418 274/429
f 415/427 413/425 403/412 407/416
f 417/431 418/432 142/142 141/141
f 417/431 419/433 420/434 418/432
f 417/431 421/435 422/436 419/433
f 417/431 141/141 144/144 421/435
f 423/437 424/438 420/434 419/433
f 423/437 284/285 283/284 424/438
f 423/437 425/439 289/290 284/285
f 423/437 419/433 422/436 425/439
f 426/440 427/441 190/190 189/189
f 426/440 428/442 429/443 427/441
f 430/444 431/445 432/446 433/447
f 430/444 180/180 179/179 431/445
f 434/448 435/449 429/443 428/442
f 434/448 308/450 307/451 435/449
f 436/452 437/453 304/454 303/455
f 436/452 433/447 432/446 437/453
f 438/456 439/457 440/458 441/459
f 438/456 442/460 443/461 439/457
f 444/462 445/463 440/458 439/457
f 444/462 312/313 311/312 445/463
f 444/462 446/464 317/318 312/313
f 444/462 439/457 443/461 446/464
f 447/465 448/466 449/467 450/468
f 447/465 441/459 440/458 448/466
f 451/469 452/470 449/467 448/466
f 451/469 324/325 323/324 452/470
f 451/469 445/463 311/312 324/325
f 451/469 448/466 440/458 445/463
f 453/471 454/472 455/473 456/474
f 453/471 336/475 335/476 454/472
f 457/477 458/478 40/40 39/39
f 457/477 456/474 455/473 458/478
f 459/479 460/480 461/481 462/482
f 463/483 464/484 461/481 460/480
f 463/483 340/341 339/340 464/484
f 465/485 466/486 443/461 442/460
f 465/485 462/482 461/481 466/486
f 467/487 446/464 443/461 466/486
f 467/487 346/347 317/318 446/464
f 467/487 464/484 339/340 346/347
f 467/487 466/486 461/481 464/484
f 468/488 469/489 356/490 355/491
f 468/488 470/492 471/493 469/489
f 468/488 393/402 390/399 470/492
f 468/488 355/491 247/248 393/402
f 472/494 473/495 471/493 470/492
f 472/494 111/111 106/106 473/495
f 472/494 389/398 112/112 111/111
f 472/494 470/492 390/399 389/398
f 474/496 454/472 335/476 360/497
f 474/496 475/498 455/473 454/472
f 474/496 469/489 471/493 475/498
f 474/496 360/497 356/490 469/489
f 476/499 458/478 455/473 475/498
f 476/499 105/105 40/40 458/478
f 476/499 473/495 106/106 105/105
f 476/499 475/498 471/493 473/495
f 224/225 477/500 478/501 225/226
f 479/502 480/503 364/365 165/165
f 479/502 225/226 478/501 480/503
f 481/504 482/505 483/506 484/507
f 481/504 450/468 449/467 482/505
f 485/508 486/509 483/506 482/505
f 485/508 368/369 367/368 486/509
f 485/508 452/470 323/324 368/369
f 485/508 482/505 449/467 452/470
f 487/510 488/511 478/512 477/513
f 487/514 484/507 483/506 488/515
f 489/516 480/517 478/512 488/511
f 489/516 374/377 364/376 480/517
f 489/518 486/509 367/368 374/382
f 489/518 488/515 483/506 486/509
f 490/519 491/520 384/521 383/522
f 490/519 492/523 493/524 491/520
f 494/525 495/526 493/524 492/523
f 494/525 208/208 209/209 495/526
f 496/527 279/280 152/152 151/151
f 496/527 497/528 280/281 279/280
f 496/527 498/529 499/530 497/528
f 496/527 151/151 153/153 498/529
f 500/531 498/529 153/153 203/203
f 500/531 501/532 499/530 498/529
f 500/531 193/193 196/196 501/532
f 500/531 203/203 194/194 193/193
f 502/533 412/424 411/423 503/534
f 502/533 160/160 162/162 412/424
f 502/533 504/535 161/161 160/160
f 502/533 503/534 505/536 504/535
f 506/537 504/535 505/536 507/538
f 506/537 214/214 161/161 504/535
f 506/537 207/207 206/206 214/214
f 506/537 507/538 209/209 207/207
f 508/539 507/538 505/536 509/540
f 508/539 510/541 209/209 507/538
f 508/539 511/542 512/543 510/541
f 508/539 509/540 513/544 511/542
f 514/545 503/534 411/423 515/546
f 514/545 509/540 505/536 503/534
f 514/545 516/547 513/544 509/540
f 514/545 515/546 517/548 516/547
f 518/549 501/532 196/196 519/550
f 518/549 520/551 499/530 501/532
f 518/549 521/552 522/553 520/551
f 518/549 519/550 523/554 521/552
f 524/555 497/528 499/530 520/551
f 524/555 525/556 280/281 497/528
f 524/555 526/557 527/558 525/556
f 524/555 520/551 522/553 526/557
f 528/559 491/520 493/524 529/560
f 528/559 530/561 384/521 491/520
f 528/559 531/562 532/563 530/561
f 528/559 529/560 533/564 531/562
f 534/565 495/526 209/209 510/541
f 534/565 529/560 493/524 495/526
f 534/565 535/566 533/564 529/560
f 534/565 510/541 512/543 535/566
f 536/567 416/428 273/430 537/568
f 536/567 538/569 414/426 416/428
f 536/567 539/570 540/571 538/569
f 541/572 410/422 414/426 538/569
f 541/572 515/546 411/423 410/422
f 541/572 542/573 517/548 515/546
f 541/572 538/569 540/571 542/573
f 543/574 382/391 384/393 530/575
f 543/574 544/576 380/389 382/391
f 543/574 545/577 546/578 544/576
f 543/574 530/575 532/579 545/577
f 547/580 378/387 380/389 544/576
f 547/580 519/550 196/196 378/387
f 547/580 548/581 523/554 519/550
f 547/580 544/576 546/578 548/581
f 549/582 272/273 276/277 550/583
f 549/582 550/583 551/584 552/585
f 553/586 278/279 280/281 525/556
f 553/586 550/583 276/277 278/279
f 553/586 554/587 551/584 550/583
f 553/586 525/556 527/558 554/587
f 555/588 556/589 557/590 558/591
f 555/588 559/592 560/593 556/589
f 561/594 17/17 21/21 562/595
f 561/594 563/596 18/18 17/17
f 564/597 565/598 566/599 567/600
f 564/597 558/591 557/590 565/598
f 568/601 23/23 25/25 569/602
f 568/601 562/595 21/21 23/23
f 570/603 571/604 572/605 573/606
f 570/603 574/607 575/608 571/604
f 576/609 42/42 46/46 577/610
f 576/609 578/611 43/43 42/42
f 579/612 580/613 581/614 582/615
f 579/612 573/606 572/605 580/613
f 583/616 48/48 50/50 584/617
f 583/616 577/610 46/46 48/48
f 585/618 586/619 587/620 588/621
f 585/618 589/622 590/623 586/619
f 591/624 94/94 98/98 592/625
f 591/624 593/626 95/95 94/94
f 594/627 595/628 560/593 559/592
f 594/627 588/621 587/620 595/628
f 596/629 100/100 18/18 563/596
f 596/629 592/625 98/98 100/100
f 597/630 598/631 599/632 600/633
f 597/630 582/615 581/614 598/631
f 601/634 114/114 116/116 602/635
f 601/634 584/617 50/50 114/114
f 603/636 604/637 605/638 606/639
f 603/636 600/633 599/632 604/637
f 607/640 118/118 120/120 608/641
f 607/640 602/635 116/116 118/118
f 609/642 610/643 147/147 146/146
f 611/644 612/645 613/646 614/647
f 611/644 615/648 616/649 612/645
f 609/642 146/146 150/150 617/650
f 618/651 619/652 620/653 621/654
f 622/655 155/155 159/159 623/656
f 622/655 624/657 156/156 155/155
f 625/658 626/659 200/200 202/202
f 627/660 628/661 629/662 630/663
f 627/660 614/647 613/646 628/661
f 625/658 202/202 147/147 610/643
f 631/664 569/602 25/25 198/198
f 632/665 630/663 629/662 633/666
f 631/664 198/198 200/200 626/659
f 634/667 635/668 636/669 637/670
f 634/667 621/654 620/653 635/668
f 638/671 211/211 213/213 639/672
f 638/671 623/656 159/159 211/211
f 640/673 641/674 575/608 574/607
f 640/673 637/670 636/669 641/674
f 642/675 216/217 43/43 578/611
f 642/675 639/672 213/213 216/217
f 643/676 644/677 645/678 646/679
f 643/676 647/680 648/681 644/677
f 649/682 252/253 256/257 650/683
f 649/682 651/684 253/254 252/253
f 652/685 653/686 590/623 589/622
f 652/685 646/679 645/678 653/686
f 654/687 258/259 95/95 593/626
f 654/687 650/683 256/257 258/259
f 655/688 656/689 266/267 265/266
f 657/690 658/691 659/692 660/693
f 657/690 661/694 662/695 658/691
f 655/688 265/266 267/268 663/696
f 664/697 617/650 150/150 270/271
f 665/698 666/699 616/649 615/648
f 665/698 660/693 659/692 666/699
f 664/697 270/271 266/267 656/689
f 667/700 668/701 669/702 670/703
f 667/700 606/639 605/638 668/701
f 671/704 395/404 397/406 672/705
f 671/704 608/641 120/120 395/404
f 673/706 674/707 648/681 647/680
f 673/706 670/703 669/702 674/707
f 675/708 399/408 253/254 651/684
f 675/708 672/705 397/406 399/408
f 676/709 677/710 405/414 404/413
f 678/711 679/712 680/713 681/714
f 678/711 682/715 683/716 679/712
f 676/709 404/413 156/156 624/657
f 684/717 663/718 267/420 408/419
f 685/719 686/720 662/721 661/722
f 685/719 681/714 680/713 686/720
f 684/717 408/419 405/414 677/710
f 318/319 52/723 56/724 319/320
f 318/319 320/321 53/725 52/723
f 327/328 61/726 63/727 328/329
f 327/328 319/320 56/724 61/726
f 337/338 282/728 286/729 341/342
f 337/338 340/341 283/730 282/728
f 343/344 122/731 126/732 344/345
f 343/344 291/733 123/734 122/731
f 343/344 341/342 286/729 291/733
f 348/349 131/735 53/725 320/321
f 348/349 344/345 126/732 131/735
f 181/181 294/736 296/737 182/182
f 181/181 170/738 169/739 294/736
f 184/184 362/363 687/740 688/741
f 163/163 302/742 304/743 164/164
f 163/163 182/182 296/737 302/742
f 371/372 229/744 222/745 372/373
f 371/372 328/329 63/727 229/744
f 376/383 221/746 687/747 362/384
f 376/385 372/373 222/745 221/748
f 438/456 441/459 71/749 76/750
f 438/456 76/750 78/751 442/460
f 447/465 450/468 68/752 67/753
f 447/465 67/753 71/749 441/459
f 459/479 462/482 136/754 140/755
f 459/479 418/756 420/757 460/480
f 459/479 140/755 142/758 418/756
f 463/483 424/759 283/730 340/341
f 463/483 460/480 420/757 424/759
f 465/485 442/460 78/751 134/760
f 465/485 134/760 136/754 462/482
f 223/761 431/762 179/763 178/764
f 223/761 226/227 432/765 431/762
f 224/225 689/766 690/767 477/500
f 691/768 437/769 432/765 226/227
f 691/768 164/164 304/743 437/769
f 481/504 484/507 232/770 237/771
f 481/504 237/771 68/752 450/468
f 487/510 477/513 690/772 233/773
f 487/514 233/774 232/770 484/507
f 536/567 537/568 692/775 539/570
f 549/582 537/776 273/274 272/273
f 549/582 552/585 692/777 537/776
f 555/588 558/591 58/58 57/57
f 555/588 57/57 59/59 559/592
f 693/778 694/779 557/780 556/781
f 693/778 556/781 560/782 695/783
f 564/597 567/600 65/65 64/64
f 564/597 64/64 58/58 558/591
f 696/784 697/785 566/786 565/787
f 696/784 565/787 557/780 694/779
f 570/603 573/606 73/73 72/72
f 570/603 72/72 74/74 574/607
f 698/788 699/789 572/790 571/791
f 698/788 571/791 575/792 700/793
f 579/612 582/615 80/80 79/79
f 579/612 79/79 73/73 573/606
f 701/794 702/795 581/796 580/797
f 701/794 580/797 572/790 699/789
f 585/618 588/621 128/128 127/127
f 585/618 127/127 129/129 589/622
f 703/798 704/799 587/800 586/801
f 703/798 586/801 590/802 705/803
f 594/627 559/592 59/59 132/132
f 594/627 132/132 128/128 588/621
f 706/804 695/783 560/782 595/805
f 706/804 595/805 587/800 704/799
f 597/630 600/633 138/138 137/137
f 597/630 137/137 80/80 582/615
f 707/806 708/807 599/808 598/809
f 707/806 598/809 581/796 702/795
f 603/636 606/639 144/144 143/143
f 603/636 143/143 138/138 600/633
f 709/810 710/811 605/812 604/813
f 709/810 604/813 599/808 708/807
f 711/814 712/815 613/816 612/817
f 711/814 172/172 176/176 712/815
f 711/814 713/818 173/173 172/172
f 711/814 612/817 616/819 713/818
f 618/651 621/654 187/187 186/186
f 618/651 714/820 683/821 619/652
f 618/651 186/186 190/190 714/820
f 715/822 716/823 620/824 619/825
f 715/822 619/825 683/716 682/715
f 717/826 718/827 629/828 628/829
f 717/826 218/219 220/221 718/827
f 717/826 712/815 176/176 218/219
f 717/826 628/829 613/816 712/815
f 632/665 633/666 566/786 697/785
f 719/830 567/600 566/599 633/831
f 719/830 228/229 65/65 567/600
f 719/830 718/827 220/221 228/229
f 719/830 633/831 629/828 718/827
f 634/667 637/670 235/236 234/235
f 634/667 234/235 187/187 621/654
f 720/832 721/833 636/834 635/835
f 720/832 635/835 620/824 716/823
f 640/673 574/607 74/74 238/239
f 640/673 238/239 235/236 637/670
f 722/836 700/793 575/792 641/837
f 722/836 641/837 636/834 721/833
f 643/676 646/679 288/289 287/288
f 643/676 287/288 289/290 647/680
f 723/838 724/839 645/840 644/841
f 723/838 644/841 648/842 725/843
f 652/685 589/622 129/129 292/293
f 652/685 292/293 288/289 646/679
f 726/844 705/803 590/802 653/845
f 726/844 653/845 645/840 724/839
f 727/846 728/847 659/848 658/849
f 727/846 306/307 299/300 728/847
f 727/846 729/850 307/308 306/307
f 727/846 658/849 662/851 729/850
f 730/852 713/818 616/819 666/853
f 730/852 298/299 173/173 713/818
f 730/852 728/847 299/300 298/299
f 730/852 666/853 659/848 728/847
f 667/700 670/703 422/436 421/435
f 667/700 421/435 144/144 606/639
f 731/854 732/855 669/856 668/857
f 731/854 668/857 605/812 710/811
f 673/706 647/680 289/290 425/439
f 673/706 425/439 422/436 670/703
f 733/858 725/843 648/842 674/859
f 733/858 674/859 669/856 732/855
f 734/860 735/861 680/862 679/863
f 734/860 427/441 429/443 735/861
f 734/860 714/820 190/190 427/441
f 734/860 679/863 683/821 714/820
f 736/864 729/865 662/866 686/867
f 736/864 435/449 307/451 729/865
f 736/864 735/861 429/443 435/449
f 736/864 686/867 680/862 735/861
f 609/642 611/644 614/647 610/643
f 609/642 617/650 615/648 611/644
f 625/658 627/660 630/663 626/659
f 625/658 610/643 614/647 627/660
f 631/664 626/659 630/663 632/665
f 655/688 657/690 660/693 656/689
f 655/688 663/696 661/694 657/690
f 664/697 665/698 615/648 617/650
f 664/697 656/689 660/693 665/698
f 676/709 678/711 681/714 677/710
f 676/709 624/657 682/715 678/711
f 684/717 685/719 661/722 663/718
f 684/717 677/710 681/714 685/719
f 561/594 562/595 694/779 693/778
f 561/594 693/778 695/783 563/596
f 568/601 569/602 697/785 696/784
f 568/601 696/784 694/779 562/595
f 576/609 577/610 699/789 698/788
f 576/609 698/788 700/793 578/611
f 583/616 584/617 702/795 701/794
f 583/616 701/794 699/789 577/610
f 591/624 592/625 704/799 703/798
f 591/624 703/798 705/803 593/626
f 596/629 563/596 695/783 706/804
f 596/629 706/804 704/799 592/625
f 601/634 602/635 708/807 707/806
f 601/634 707/806 702/795 584/617
f 607/640 608/641 710/811 709/810
f 607/640 709/810 708/807 602/635
f 622/655 623/656 716/823 715/822
f 622/655 715/822 682/715 624/657
f 631/664 632/665 697/785 569/602
f 638/671 639/672 721/833 720/832
f 638/671 720/832 716/823 623/656
f 642/675 578/611 700/793 722/836
f 642/675 722/836 721/833 639/672
f 649/682 650/683 724/839 723/838
f 649/682 723/838 725/843 651/684
f 654/687 593/626 705/803 726/844
f 654/687 726/844 724/839 650/683
f 671/704 672/705 732/855 731/854
f 671/704 731/854 710/811 608/641
f 675/708 651/684 725/843 733/858
f 675/708 733/858 732/855 672/705
f 691/768 479/502 165/165 164/164
f 691/768 226/227 225/226 479/502
f 181/181 184/184 688/741 170/738
f 223/761 178/764 689/766 224/225
f 171/171 174/174 168/168 167/167
f 185/185 177/177 180/180 189/189
f 297/298 293/294 168/168 174/174
f 297/298 300/301 295/296 293/294
f 305/306 301/302 295/296 300/301
f 305/306 308/309 303/304 301/302
f 426/440 430/444 433/447 428/442
f 426/440 189/189 180/180 430/444
f 434/448 436/452 303/455 308/450
f 434/448 428/442 433/447 436/452
f 175/175 171/171 167/167 737/868
f 175/175 737/868 221/222 217/218
f 688/869 687/870 221/222 737/868
f 167/167 170/170 688/869 737/868
f 188/188 738/871 177/177 185/185
f 188/188 230/231 233/234 738/871
f 177/177 738/871 689/872 178/178
f 689/872 738/871 233/234 690/873
f 739/7 740/8 8/8 7/7
f 741/14 742/15 15/15 14/14
f 740/8 741/14 14/14 8/8
f 743/32 744/33 33/33 32/32
f 745/34 743/32 32/32 34/34
f 744/33 746/39 39/39 33/33
f 742/15 747/195 195/195 15/15
f 748/208 745/34 34/34 208/208
f 749/333 750/330 329/330 332/333
f 750/330 739/7 7/7 329/330
f 751/337 752/334 333/334 336/337
f 752/334 749/333 332/333 333/334
f 747/195 753/386 377/386 195/195
f 753/386 754/388 379/388 377/386
f 754/388 755/390 381/390 379/388
f 755/390 756/392 383/392 381/390
f 757/474 758/471 453/471 456/474
f 758/471 751/475 336/475 453/471
f 746/39 759/477 457/477 39/39
f 759/477 757/474 456/474 457/477
f 756/522 760/519 490/519 383/522
f 760/519 761/523 492/523 490/519
f 761/523 762/525 494/525 492/523
f 762/525 748/208 208/208 494/525
f 763/874 764/875 765/876 766/877
f 763/874 766/877 767/878 768/879
f 763/874 768/879 769/880 770/881
f 763/874 770/881 771/882 764/875
f 772/883 768/879 767/878 773/884
f 772/883 773/884 774/885 775/886
f 772/883 775/886 776/887 777/888
f 772/883 777/888 769/880 768/879
f 778/889 779/890 780/891 781/892
f 778/889 781/892 782/893 783/894
f 778/889 783/894 767/878 766/877
f 778/889 766/877 765/876 779/890
f 784/895 783/894 782/893 785/896
f 784/895 785/896 786/897 787/898
f 784/895 787/898 774/885 773/884
f 784/895 773/884 767/878 783/894
f 788/899 789/900 790/901 791/902
f 788/899 791/902 792/903 793/904
f 788/899 793/904 794/905 795/906
f 788/899 795/906 796/907 789/900
f 797/908 793/904 792/903 798/909
f 797/908 798/909 799/910 800/911
f 797/908 800/911 801/912 802/913
f 797/908 802/913 794/905 793/904
f 803/914 804/915 805/916 806/917
f 803/914 806/917 807/918 808/919
f 803/914 808/919 792/903 791/902
f 803/914 791/902 790/901 804/915
f 809/920 808/919 807/918 810/921
f 809/920 810/921 811/922 812/923
f 809/920 812/923 799/910 798/909
f 809/920 798/909 792/903 808/919
f 813/924 814/925 815/926 816/927
f 813/924 816/927 817/928 818/929
f 813/924 818/929 819/930 820/931
f 813/924 820/931 821/932 814/925
f 822/933 818/929 817/928 823/934
f 822/933 823/934 824/935 825/936
f 822/933 825/936 826/937 827/938
f 822/933 827/938 819/930 818/929
f 828/939 829/940 830/941 831/942
f 828/939 831/942 832/943 833/944
f 828/939 833/944 834/945 835/946
f 828/939 835/946 836/947 829/940
f 837/948 833/944 832/943 838/949
f 837/948 838/949 839/950 840/951
f 837/948 840/951 841/952 842/953
f 837/948 842/953 834/945 833/944
f 843/954 844/955 845/956 846/957
f 843/954 846/957 847/958 848/959
f 843/954 848/959 849/960 850/961
f 843/954 850/961 851/962 844/955
f 852/963 848/959 847/958 853/964
f 852/963 853/964 765/876 764/875
f 852/963 764/875 771/882 854/965
f 852/963 854/965 849/960 848/959
f 855/966 856/967 857/968 858/969
f 855/966 858/969 859/970 860/971
f 855/966 860/971 847/958 846/957
f 855/966 846/957 845/956 856/967
f 861/972 860/971 859/970 862/973
f 861/972 862/973 780/891 779/890
f 861/972 779/890 765/876 853/964
f 861/972 853/964 847/958 860/971
f 863/974 800/911 799/910 864/975
f 863/974 864/975 865/976 866/977
f 863/974 866/977 867/978 868/979
f 863/974 868/979 801/912 800/911
f 869/980 866/977 865/976 870/981
f 869/980 870/981 871/982 872/983
f 869/980 872/983 873/984 874/985
f 869/980 874/985 867/978 866/977
f 875/986 812/923 811/922 876/987
f 875/986 876/987 877/988 878/989
f 875/986 878/989 865/976 864/975
f 875/986 864/975 799/910 812/923
f 879/990 878/989 877/988 880/991
f 879/990 880/991 881/992 882/993
f 879/990 882/993 871/982 870/981
f 879/990 870/981 865/976 878/989
f 883/994 884/995 885/996 886/997
f 883/994 886/997 887/998 888/999
f 883/994 888/999 889/1000 890/1001
f 883/994 890/1001 891/1002 884/995
f 892/1003 888/999 887/998 893/1004
f 892/1003 893/1004 815/926 814/925
f 892/1003 814/925 821/932 894/1005
f 892/1003 894/1005 889/1000 888/999
f 895/1006 840/951 839/950 896/1007
f 895/1006 896/1007 897/1008 898/1009
f 895/1006 898/1009 899/1010 900/1011
f 895/1006 900/1011 841/952 840/951
f 901/1012 898/1009 897/1008 902/1013
f 901/1012 902/1013 903/1014 904/1015
f 901/1012 904/1015 905/1016 906/1017
f 901/1012 906/1017 899/1010 898/1009
f 907/1018 908/1019 909/1020 910/1021
f 907/1018 910/1021 911/1022 912/1023
f 907/1018 912/1023 913/1024 914/1025
f 907/1018 914/1025 915/1026 908/1019
f 916/1027 917/1028 918/1029 919/1030
f 916/1027 919/1030 920/1031 921/1032
f 916/1027 921/1032 922/1033 923/1034
f 916/1027 923/1034 924/1035 917/1028
f 925/1036 926/1037 927/1038 928/1039
f 929/1040 930/1041 931/1042 932/1043
f 933/1044 934/1045 935/1046 936/1047
f 933/1044 936/1047 937/1048 938/1049
f 939/1050 940/1051 941/1052 942/1053
f 943/1054 944/1055 945/1056 946/1057
f 947/1058 948/1059 949/1060 950/1061
f 947/1058 950/1061 951/1062 952/1063
f 953/1064 775/886 774/885 954/1065
f 953/1064 954/1065 955/1066 956/1067
f 953/1064 956/1067 957/1068 958/1069
f 953/1064 958/1069 776/887 775/886
f 959/1070 787/898 786/897 960/1071
f 959/1070 960/1071 961/1072 962/1073
f 959/1070 962/1073 955/1066 954/1065
f 959/1070 954/1065 774/885 787/898
f 963/1074 962/1073 961/1072 964/1075
f 963/1074 964/1075 909/1020 908/1019
f 963/1074 908/1019 915/1026 965/1076
f 963/1074 965/1076 955/1066 962/1073
f 966/1077 967/1078 968/1079 969/1080
f 966/1077 969/1080 790/901 789/900
f 966/1077 789/900 796/907 970/1081
f 966/1077 970/1081 971/1082 967/1078
f 972/1083 921/1032 920/1031 973/1084
f 972/1083 973/1084 974/1085 975/1086
f 972/1083 975/1086 968/1087 976/1088
f 972/1083 976/1088 922/1033 921/1032
f 977/1089 975/1086 974/1085 978/1090
f 977/1089 978/1090 805/916 804/915
f 977/1089 804/915 790/901 969/1080
f 977/1089 969/1080 968/1079 975/1086
f 979/1091 938/1049 937/1048 980/1092
f 979/1091 980/1092 981/1093 982/1094
f 979/1091 982/1094 983/1095 984/1096
f 985/1097 986/1098 987/1099 988/1100
f 989/1101 982/1094 981/1093 990/1102
f 989/1101 990/1102 826/937 825/936
f 989/1101 825/936 824/935 991/1103
f 989/1101 991/1103 983/1095 982/1094
f 925/1036 946/1057 945/1056 926/1037
f 992/1104 993/1105 994/1106 995/1107
f 992/1104 995/1107 996/1108 997/1109
f 992/1104 997/1109 949/1060 948/1059
f 998/1110 995/1107 994/1106 999/1111
f 998/1110 999/1111 830/941 829/940
f 998/1110 829/940 836/947 1000/1112
f 998/1110 1000/1112 996/1108 995/1107
f 1001/1113 1002/1114 1003/1115 1004/1116
f 1001/1113 1004/1116 1005/1117 1006/1118
f 1001/1113 1006/1118 1007/1119 1008/1120
f 1001/1113 1008/1120 1009/1121 1002/1114
f 1010/1122 1006/1118 1005/1117 1011/1123
f 1010/1122 1011/1123 845/956 844/955
f 1010/1122 844/955 851/962 1012/1124
f 1010/1122 1012/1124 1007/1119 1006/1118
f 1013/1125 1014/1126 1015/1127 1016/1128
f 1013/1125 1016/1128 1017/1129 1018/1130
f 1013/1125 1018/1130 1005/1117 1004/1116
f 1013/1125 1004/1116 1003/1115 1014/1126
f 1019/1131 1018/1130 1017/1129 1020/1132
f 1019/1131 1020/1132 857/968 856/967
f 1019/1131 856/967 845/956 1011/1123
f 1019/1131 1011/1123 1005/1117 1018/1130
f 1021/1133 1022/1134 1023/1135 1024/1136
f 1021/1133 1024/1136 1025/1137 1026/1138
f 1021/1133 1026/1138 1027/1139 1028/1140
f 1021/1133 1028/1140 1029/1141 1022/1134
f 1030/1142 1026/1138 1025/1137 1031/1143
f 1030/1142 1031/1143 913/1024 912/1023
f 1030/1142 912/1023 911/1022 1032/1144
f 1030/1142 1032/1144 1027/1139 1026/1138
f 1033/1145 1034/1146 1035/1147 1036/1148
f 1033/1145 1036/1148 1037/1149 1038/1150
f 1033/1145 1038/1150 1025/1137 1024/1136
f 1033/1145 1024/1136 1023/1135 1034/1146
f 1039/1151 1038/1150 1037/1149 1040/1152
f 1039/1151 1040/1152 1041/1153 1042/1154
f 1039/1151 1042/1154 913/1024 1031/1143
f 1039/1151 1031/1143 1025/1137 1038/1150
f 1043/1155 1044/1156 1045/1157 1046/1158
f 1043/1155 1046/1158 1047/1159 1048/1160
f 1043/1155 1048/1160 1049/1161 1050/1162
f 1043/1155 1050/1162 1051/1163 1044/1156
f 1052/1164 1048/1160 1047/1159 1053/1165
f 1052/1164 1053/1165 885/996 884/995
f 1052/1164 884/995 891/1002 1054/1166
f 1052/1164 1054/1166 1049/1161 1048/1160
f 1055/1167 932/1043 931/1042 1056/1168
f 1055/1167 1056/1168 1057/1169 1058/1170
f 1059/1171 1060/1172 1061/1173 1062/1174
f 1059/1171 1062/1174 935/1046 934/1045
f 1063/1175 1058/1170 1057/1169 1064/1176
f 1063/1175 1064/1176 1065/1177 1066/1178
f 1067/1179 1068/1180 1069/1181 1070/1182
f 1067/1179 1070/1182 1061/1173 1060/1172
f 1071/1183 1072/1184 1073/1185 1074/1186
f 1071/1183 1074/1186 1075/1187 1076/1188
f 1071/1183 1076/1188 1077/1189 1078/1190
f 1071/1183 1078/1190 1079/1191 1072/1184
f 1080/1192 1076/1188 1075/1187 1081/1193
f 1080/1192 1082/1194 1077/1189 1076/1188
f 1083/1195 1084/1196 1085/1197 1086/1198
f 1083/1195 1086/1198 1087/1199 1088/1200
f 1083/1195 1088/1200 1075/1187 1074/1186
f 1083/1195 1074/1186 1073/1185 1084/1196
f 1089/1201 1088/1200 1087/1199 1090/1202
f 1089/1201 1081/1193 1075/1187 1088/1200
f 1091/1203 1092/1204 1093/1205 1094/1206
f 1091/1203 1094/1206 771/882 770/881
f 1095/1207 1096/1208 1097/1209 1098/1210
f 1095/1207 1098/1210 1093/1205 1092/1204
f 1099/1211 1100/1212 1101/1213 1102/1214
f 1099/1211 1102/1214 1103/1215 1104/1216
f 1105/1217 1104/1216 1103/1215 1106/1218
f 1107/1219 1108/1220 1079/1191 1078/1190
f 1107/1219 1078/1190 1077/1189 1109/1221
f 1107/1219 1109/1221 1103/1215 1102/1214
f 1107/1219 1102/1214 1101/1213 1108/1220
f 1110/1222 1109/1221 1077/1189 1082/1194
f 1110/1222 1106/1218 1103/1215 1109/1221
f 1111/1223 850/961 849/960 1112/1224
f 1111/1223 1112/1224 1113/1225 1114/1226
f 1111/1223 1114/1226 1007/1119 1012/1124
f 1111/1223 1012/1124 851/962 850/961
f 1115/1227 1114/1226 1113/1225 1116/1228
f 1115/1227 1116/1228 1117/1229 1118/1230
f 1115/1227 1118/1230 1009/1121 1008/1120
f 1115/1227 1008/1120 1007/1119 1114/1226
f 1119/1231 854/965 771/882 1094/1206
f 1119/1231 1094/1206 1093/1205 1120/1232
f 1119/1231 1120/1232 1113/1225 1112/1224
f 1119/1231 1112/1224 849/960 854/965
f 1121/1233 1120/1232 1093/1205 1098/1210
f 1121/1233 1098/1210 1097/1209 1122/1234
f 1121/1233 1122/1234 1117/1229 1116/1228
f 1121/1233 1116/1228 1113/1225 1120/1232
f 944/1055 1123/1235 1124/1236 945/1056
f 926/1037 945/1056 1124/1236 1125/1237
f 926/1037 1125/1237 1126/1238 927/1038
f 1127/1239 1128/1240 1129/1241 1130/1242
f 1127/1239 1130/1242 1131/1243 1132/1244
f 1127/1239 1132/1244 1087/1199 1086/1198
f 1127/1239 1086/1198 1085/1197 1128/1240
f 1133/1245 1132/1244 1131/1243 1134/1246
f 1133/1245 1090/1202 1087/1199 1132/1244
f 1135/1247 1136/1248 1126/1249 1125/1250
f 1135/1247 1125/1250 1124/1251 1137/1252
f 1135/1253 1137/1254 1131/1243 1130/1242
f 1135/1253 1130/1242 1129/1241 1136/1255
f 1138/1256 1137/1252 1124/1251 1123/1257
f 1138/1258 1134/1246 1131/1243 1137/1254
f 1139/1259 958/1069 957/1068 1140/1260
f 1139/1259 1140/1260 1141/1261 1142/1262
f 1143/1263 1142/1262 1141/1261 1144/1264
f 1143/1263 1144/1264 1145/1265 1146/1266
f 1147/1267 872/983 871/982 1148/1268
f 1147/1267 1148/1268 1149/1269 1150/1270
f 1147/1267 1150/1270 1151/1271 1152/1272
f 1147/1267 1152/1272 873/984 872/983
f 1153/1273 1150/1270 1149/1269 1154/1274
f 1153/1273 1154/1274 1003/1115 1002/1114
f 1153/1273 1002/1114 1009/1121 1155/1275
f 1153/1273 1155/1275 1151/1271 1150/1270
f 1156/1276 882/993 881/992 1157/1277
f 1156/1276 1157/1277 1158/1278 1159/1279
f 1156/1276 1159/1279 1149/1269 1148/1268
f 1156/1276 1148/1268 871/982 882/993
f 1160/1280 1159/1279 1158/1278 1161/1281
f 1160/1280 1161/1281 1015/1127 1014/1126
f 1160/1280 1014/1126 1003/1115 1154/1274
f 1160/1280 1154/1274 1149/1269 1159/1279
f 1162/1282 917/1028 924/1035 1163/1283
f 1162/1282 1163/1283 1164/1284 1165/1285
f 1162/1282 1165/1285 1166/1286 1167/1287
f 1162/1282 1167/1287 918/1029 917/1028
f 1168/1288 1165/1285 1164/1284 1169/1289
f 1168/1288 1169/1289 1023/1290 1022/1291
f 1168/1288 1022/1291 1029/1292 1170/1293
f 1168/1288 1170/1293 1166/1286 1165/1285
f 1171/1294 1172/1295 1173/1296 1174/1297
f 1171/1294 1174/1297 1175/1298 1176/1299
f 1171/1294 1176/1299 1164/1284 1163/1283
f 1171/1294 1163/1283 924/1035 1172/1295
f 1177/1300 1176/1299 1175/1298 1178/1301
f 1177/1300 1178/1301 1035/1302 1034/1303
f 1177/1300 1034/1303 1023/1290 1169/1289
f 1177/1300 1169/1289 1164/1284 1176/1299
f 1179/1304 904/1015 903/1014 1180/1305
f 1179/1304 1180/1305 1181/1306 1182/1307
f 1179/1304 1182/1307 1183/1308 1184/1309
f 1179/1304 1184/1309 905/1016 904/1015
f 1185/1310 1182/1307 1181/1306 1186/1311
f 1185/1310 1186/1311 1045/1157 1044/1156
f 1185/1310 1044/1156 1051/1163 1187/1312
f 1185/1310 1187/1312 1183/1308 1182/1307
f 1188/1313 952/1063 951/1062 1189/1314
f 1188/1313 1189/1314 1190/1315 1191/1316
f 1192/1317 1193/1318 1194/1319 1195/1320
f 1192/1317 1195/1320 941/1052 940/1051
f 1196/1321 1191/1316 1190/1315 1197/1322
f 1196/1321 1197/1322 1069/1323 1068/1324
f 1198/1325 1066/1326 1065/1327 1199/1328
f 1198/1325 1199/1328 1194/1319 1193/1318
f 1200/1329 1201/1330 1202/1331 1203/1332
f 1200/1329 1203/1332 1204/1333 1205/1334
f 1206/1335 1203/1332 1202/1331 1207/1336
f 1206/1335 1207/1336 1073/1185 1072/1184
f 1206/1335 1072/1184 1079/1191 1208/1337
f 1206/1335 1208/1337 1204/1333 1203/1332
f 1209/1338 1210/1339 1211/1340 1212/1341
f 1209/1338 1212/1341 1202/1331 1201/1330
f 1213/1342 1212/1341 1211/1340 1214/1343
f 1213/1342 1214/1343 1085/1197 1084/1196
f 1213/1342 1084/1196 1073/1185 1207/1336
f 1213/1342 1207/1336 1202/1331 1212/1341
f 1215/1344 1216/1345 1217/1346 1218/1347
f 1215/1344 1218/1347 1097/1348 1096/1349
f 1219/1350 802/913 801/912 1220/1351
f 1219/1350 1220/1351 1217/1346 1216/1345
f 1221/1352 1222/1353 1223/1354 1224/1355
f 1225/1356 1224/1355 1223/1354 1226/1357
f 1225/1356 1226/1357 1101/1213 1100/1212
f 1227/1358 1205/1334 1204/1333 1228/1359
f 1227/1358 1228/1359 1223/1354 1222/1353
f 1229/1360 1228/1359 1204/1333 1208/1337
f 1229/1360 1208/1337 1079/1191 1108/1220
f 1229/1360 1108/1220 1101/1213 1226/1357
f 1229/1360 1226/1357 1223/1354 1228/1359
f 1230/1361 1118/1362 1117/1363 1231/1364
f 1230/1361 1231/1364 1232/1365 1233/1366
f 1230/1361 1233/1366 1151/1271 1155/1275
f 1230/1361 1155/1275 1009/1121 1118/1362
f 1234/1367 1233/1366 1232/1365 1235/1368
f 1234/1367 1235/1368 867/978 874/985
f 1234/1367 874/985 873/984 1152/1272
f 1234/1367 1152/1272 1151/1271 1233/1366
f 1236/1369 1122/1370 1097/1348 1218/1347
f 1236/1369 1218/1347 1217/1346 1237/1371
f 1236/1369 1237/1371 1232/1365 1231/1364
f 1236/1369 1231/1364 1117/1363 1122/1370
f 1238/1372 1237/1371 1217/1346 1220/1351
f 1238/1372 1220/1351 801/912 868/979
f 1238/1372 868/979 867/978 1235/1368
f 1238/1372 1235/1368 1232/1365 1237/1371
f 988/1100 987/1099 1239/1373 1240/1374
f 1241/1375 927/1038 1126/1238 1242/1376
f 1241/1375 1242/1376 1239/1373 987/1099
f 1243/1377 1244/1378 1245/1379 1246/1380
f 1243/1377 1246/1380 1211/1340 1210/1339
f 1247/1381 1246/1380 1245/1379 1248/1382
f 1247/1381 1248/1382 1129/1241 1128/1240
f 1247/1381 1128/1240 1085/1197 1214/1343
f 1247/1381 1214/1343 1211/1340 1246/1380
f 1249/1383 1240/1384 1239/1385 1250/1386
f 1249/1387 1250/1388 1245/1379 1244/1378
f 1251/1389 1250/1386 1239/1385 1242/1390
f 1251/1389 1242/1390 1126/1249 1136/1248
f 1251/1391 1136/1255 1129/1241 1248/1382
f 1251/1391 1248/1382 1245/1379 1250/1388
f 1252/1392 1146/1393 1145/1394 1253/1395
f 1252/1392 1253/1395 1254/1396 1255/1397
f 1256/1398 1255/1397 1254/1396 1257/1399
f 1256/1398 1257/1399 971/1082 970/1081
f 1258/1400 914/1025 913/1024 1042/1154
f 1258/1400 1042/1154 1041/1153 1259/1401
f 1258/1400 1259/1401 1260/1402 1261/1403
f 1258/1400 1261/1403 915/1026 914/1025
f 1262/1404 965/1076 915/1026 1261/1403
f 1262/1404 1261/1403 1260/1402 1263/1405
f 1262/1404 1263/1405 957/1068 956/1067
f 1262/1404 956/1067 955/1066 965/1076
f 1264/1406 1265/1407 1173/1296 1172/1295
f 1264/1406 1172/1295 924/1035 923/1034
f 1264/1406 923/1034 922/1033 1266/1408
f 1264/1406 1266/1408 1267/1409 1265/1407
f 1268/1410 1269/1411 1267/1409 1266/1408
f 1268/1410 1266/1408 922/1033 976/1088
f 1268/1410 976/1088 968/1087 967/1078
f 1268/1410 967/1078 971/1082 1269/1411
f 1270/1412 1271/1413 1267/1409 1269/1411
f 1270/1412 1269/1411 971/1082 1272/1414
f 1270/1412 1272/1414 1273/1415 1274/1416
f 1270/1412 1274/1416 1275/1417 1271/1413
f 1276/1418 1277/1419 1173/1296 1265/1407
f 1276/1418 1265/1407 1267/1409 1271/1413
f 1276/1418 1271/1413 1275/1417 1278/1420
f 1276/1418 1278/1420 1279/1421 1277/1419
f 1280/1422 1281/1423 957/1068 1263/1405
f 1280/1422 1263/1405 1260/1402 1282/1424
f 1280/1422 1282/1424 1283/1425 1284/1426
f 1280/1422 1284/1426 1285/1427 1281/1423
f 1286/1428 1282/1424 1260/1402 1259/1401
f 1286/1428 1259/1401 1041/1153 1287/1429
f 1286/1428 1287/1429 1288/1430 1289/1431
f 1286/1428 1289/1431 1283/1425 1282/1424
f 1290/1432 1291/1433 1254/1396 1253/1395
f 1290/1432 1253/1395 1145/1394 1292/1434
f 1290/1432 1292/1434 1293/1435 1294/1436
f 1290/1432 1294/1436 1295/1437 1291/1433
f 1296/1438 1272/1414 971/1082 1257/1399
f 1296/1438 1257/1399 1254/1396 1291/1433
f 1296/1438 1291/1433 1295/1437 1297/1439
f 1296/1438 1297/1439 1273/1415 1272/1414
f 1298/1440 1299/1441 1035/1302 1178/1301
f 1298/1440 1178/1301 1175/1298 1300/1442
f 1298/1440 1300/1442 1301/1443 1302/1444
f 1303/1445 1300/1442 1175/1298 1174/1297
f 1303/1445 1174/1297 1173/1296 1277/1419
f 1303/1445 1277/1419 1279/1421 1304/1446
f 1303/1445 1304/1446 1301/1443 1300/1442
f 1305/1447 1292/1448 1145/1265 1144/1264
f 1305/1447 1144/1264 1141/1261 1306/1449
f 1305/1447 1306/1449 1307/1450 1308/1451
f 1305/1447 1308/1451 1293/1452 1292/1448
f 1309/1453 1306/1449 1141/1261 1140/1260
f 1309/1453 1140/1260 957/1068 1281/1423
f 1309/1453 1281/1423 1285/1427 1310/1454
f 1309/1453 1310/1454 1307/1450 1306/1449
f 1311/1455 1312/1456 1037/1149 1036/1148
f 1311/1455 1313/1457 1314/1458 1312/1456
f 1315/1459 1287/1429 1041/1153 1040/1152
f 1315/1459 1040/1152 1037/1149 1312/1456
f 1315/1459 1312/1456 1314/1458 1316/1460
f 1315/1459 1316/1460 1288/1430 1287/1429
f 1317/1461 1318/1462 1319/1463 1320/1464
f 1317/1461 1320/1464 1321/1465 1322/1466
f 1323/1467 1324/1468 782/893 781/892
f 1323/1467 781/892 780/891 1325/1469
f 1326/1470 1327/1471 1328/1472 1329/1473
f 1326/1470 1329/1473 1319/1463 1318/1462
f 1330/1474 1331/1475 786/897 785/896
f 1330/1474 785/896 782/893 1324/1468
f 1332/1476 1333/1477 1334/1478 1335/1479
f 1332/1476 1335/1479 1336/1480 1337/1481
f 1338/1482 1339/1483 807/918 806/917
f 1338/1482 806/917 805/916 1340/1484
f 1341/1485 1342/1486 1343/1487 1344/1488
f 1341/1485 1344/1488 1334/1478 1333/1477
f 1345/1489 1346/1490 811/922 810/921
f 1345/1489 810/921 807/918 1339/1483
f 1347/1491 1348/1492 1349/1493 1350/1494
f 1347/1491 1350/1494 1351/1495 1352/1496
f 1353/1497 1354/1498 859/970 858/969
f 1353/1497 858/969 857/968 1355/1499
f 1356/1500 1322/1466 1321/1465 1357/1501
f 1356/1500 1357/1501 1349/1493 1348/1492
f 1358/1502 1325/1469 780/891 862/973
f 1358/1502 862/973 859/970 1354/1498
f 1359/1503 1360/1504 1361/1505 1362/1506
f 1359/1503 1362/1506 1343/1487 1342/1486
f 1363/1507 1364/1508 877/988 876/987
f 1363/1507 876/987 811/922 1346/1490
f 1365/1509 1366/1510 1367/1511 1368/1512
f 1365/1509 1368/1512 1361/1505 1360/1504
f 1369/1513 1370/1514 881/992 880/991
f 1369/1513 880/991 877/988 1364/1508
f 1371/1515 910/1021 909/1020 1372/1516
f 1373/1517 1374/1518 1375/1519 1376/1520
f 1373/1517 1376/1520 1377/1521 1378/1522
f 1371/1515 1379/1523 911/1022 910/1021
f 1380/1524 1381/1525 1382/1526 1383/1527
f 1384/1528 1385/1529 920/1031 919/1030
f 1384/1528 919/1030 918/1029 1386/1530
f 1387/1531 964/1075 961/1072 1388/1532
f 1389/1533 1390/1534 1391/1535 1392/1536
f 1389/1533 1392/1536 1375/1519 1374/1518
f 1387/1531 1372/1516 909/1020 964/1075
f 1393/1537 960/1071 786/897 1331/1475
f 1394/1538 1395/1539 1391/1535 1390/1534
f 1393/1537 1388/1532 961/1072 960/1071
f 1396/1540 1397/1541 1398/1542 1399/1543
f 1396/1540 1399/1543 1382/1526 1381/1525
f 1400/1544 1401/1545 974/1085 973/1084
f 1400/1544 973/1084 920/1031 1385/1529
f 1402/1546 1337/1481 1336/1480 1403/1547
f 1402/1546 1403/1547 1398/1542 1397/1541
f 1404/1548 1340/1484 805/916 978/1090
f 1404/1548 978/1090 974/1085 1401/1545
f 1405/1549 1406/1550 1407/1551 1408/1552
f 1405/1549 1408/1552 1409/1553 1410/1554
f 1411/1555 1412/1556 1017/1129 1016/1128
f 1411/1555 1016/1128 1015/1127 1413/1557
f 1414/1558 1352/1496 1351/1495 1415/1559
f 1414/1558 1415/1559 1407/1551 1406/1550
f 1416/1560 1355/1499 857/968 1020/1132
f 1416/1560 1020/1132 1017/1129 1412/1556
f 1417/1561 1028/1140 1027/1139 1418/1562
f 1419/1563 1420/1564 1421/1565 1422/1566
f 1419/1563 1422/1566 1423/1567 1424/1568
f 1417/1561 1425/1569 1029/1141 1028/1140
f 1426/1570 1032/1144 911/1022 1379/1523
f 1427/1571 1378/1522 1377/1521 1428/1572
f 1427/1571 1428/1572 1421/1565 1420/1564
f 1426/1570 1418/1562 1027/1139 1032/1144
f 1429/1573 1430/1574 1431/1575 1432/1576
f 1429/1573 1432/1576 1367/1511 1366/1510
f 1433/1577 1434/1578 1158/1278 1157/1277
f 1433/1577 1157/1277 881/992 1370/1514
f 1435/1579 1410/1554 1409/1553 1436/1580
f 1435/1579 1436/1580 1431/1575 1430/1574
f 1437/1581 1413/1557 1015/1127 1161/1281
f 1437/1581 1161/1281 1158/1278 1434/1578
f 1438/1582 1167/1287 1166/1286 1439/1583
f 1440/1584 1441/1585 1442/1586 1443/1587
f 1440/1584 1443/1587 1444/1588 1445/1589
f 1438/1582 1386/1530 918/1029 1167/1287
f 1446/1590 1170/1293 1029/1292 1425/1591
f 1447/1592 1424/1593 1423/1594 1448/1595
f 1447/1592 1448/1595 1442/1586 1441/1585
f 1446/1590 1439/1583 1166/1286 1170/1293
f 1080/1192 1081/1193 817/1596 816/1597
f 1080/1192 816/1597 815/1598 1082/1194
f 1089/1201 1090/1202 824/1599 823/1600
f 1089/1201 823/1600 817/1596 1081/1193
f 1099/1211 1104/1216 1047/1601 1046/1602
f 1099/1211 1046/1602 1045/1603 1100/1212
f 1105/1217 1106/1218 887/1604 886/1605
f 1105/1217 886/1605 885/1606 1053/1607
f 1105/1217 1053/1607 1047/1601 1104/1216
f 1110/1222 1082/1194 815/1598 893/1608
f 1110/1222 893/1608 887/1604 1106/1218
f 943/1054 946/1057 1057/1609 1056/1610
f 943/1054 1056/1610 931/1611 930/1612
f 944/1055 1449/1613 1450/1614 1123/1235
f 925/1036 928/1039 1065/1615 1064/1616
f 925/1036 1064/1616 1057/1609 946/1057
f 1133/1245 1134/1246 983/1617 991/1618
f 1133/1245 991/1618 824/1599 1090/1202
f 1138/1256 1123/1257 1450/1619 984/1620
f 1138/1258 984/1621 983/1617 1134/1246
f 1200/1329 838/1622 832/1623 1201/1330
f 1200/1329 1205/1334 839/1624 838/1622
f 1209/1338 831/1625 830/1626 1210/1339
f 1209/1338 1201/1330 832/1623 831/1625
f 1221/1352 902/1627 897/1628 1222/1353
f 1221/1352 1224/1355 1181/1629 1180/1630
f 1221/1352 1180/1630 903/1631 902/1627
f 1225/1356 1100/1212 1045/1603 1186/1632
f 1225/1356 1186/1632 1181/1629 1224/1355
f 1227/1358 896/1633 839/1624 1205/1334
f 1227/1358 1222/1353 897/1628 896/1633
f 985/1634 942/1635 941/1636 1195/1637
f 985/1634 1195/1637 1194/1638 986/1098
f 988/1100 1240/1374 1451/1639 1452/1640
f 1453/1641 986/1098 1194/1638 1199/1642
f 1453/1641 1199/1642 1065/1615 928/1039
f 1243/1377 999/1643 994/1644 1244/1378
f 1243/1377 1210/1339 830/1626 999/1643
f 1249/1383 993/1645 1451/1646 1240/1384
f 1249/1387 1244/1378 994/1644 993/1647
f 1298/1440 1302/1444 1454/1648 1299/1441
f 1311/1455 1036/1148 1035/1147 1299/1649
f 1311/1455 1299/1649 1454/1650 1313/1457
f 1317/1461 820/931 819/930 1318/1462
f 1317/1461 1322/1466 821/932 820/931
f 1455/1651 1320/1652 1319/1653 1456/1654
f 1455/1651 1457/1655 1321/1656 1320/1652
f 1326/1470 827/938 826/937 1327/1471
f 1326/1470 1318/1462 819/930 827/938
f 1458/1657 1329/1658 1328/1659 1459/1660
f 1458/1657 1456/1654 1319/1653 1329/1658
f 1332/1476 835/946 834/945 1333/1477
f 1332/1476 1337/1481 836/947 835/946
f 1460/1661 1335/1662 1334/1663 1461/1664
f 1460/1661 1462/1665 1336/1666 1335/1662
f 1341/1485 842/953 841/952 1342/1486
f 1341/1485 1333/1477 834/945 842/953
f 1463/1667 1344/1668 1343/1669 1464/1670
f 1463/1667 1461/1664 1334/1663 1344/1668
f 1347/1491 890/1001 889/1000 1348/1492
f 1347/1491 1352/1496 891/1002 890/1001
f 1465/1671 1350/1672 1349/1673 1466/1674
f 1465/1671 1467/1675 1351/1676 1350/1672
f 1356/1500 894/1005 821/932 1322/1466
f 1356/1500 1348/1492 889/1000 894/1005
f 1468/1677 1357/1678 1321/1656 1457/1655
f 1468/1677 1466/1674 1349/1673 1357/1678
f 1359/1503 900/1011 899/1010 1360/1504
f 1359/1503 1342/1486 841/952 900/1011
f 1469/1679 1362/1680 1361/1681 1470/1682
f 1469/1679 1464/1670 1343/1669 1362/1680
f 1365/1509 906/1017 905/1016 1366/1510
f 1365/1509 1360/1504 899/1010 906/1017
f 1471/1683 1368/1684 1367/1685 1472/1686
f 1471/1683 1470/1682 1361/1681 1368/1684
f 1473/1687 1376/1688 1375/1689 1474/1690
f 1473/1687 1474/1690 937/1048 936/1047
f 1473/1687 936/1047 935/1046 1475/1691
f 1473/1687 1475/1691 1377/1692 1376/1688
f 1380/1524 950/1061 949/1060 1381/1525
f 1380/1524 1383/1527 1444/1693 1476/1694
f 1380/1524 1476/1694 951/1062 950/1061
f 1477/1695 1383/1696 1382/1697 1478/1698
f 1477/1695 1445/1589 1444/1588 1383/1696
f 1479/1699 1392/1700 1391/1701 1480/1702
f 1479/1699 1480/1702 981/1093 980/1092
f 1479/1699 980/1092 937/1048 1474/1690
f 1479/1699 1474/1690 1375/1689 1392/1700
f 1394/1538 1459/1660 1328/1659 1395/1539
f 1481/1703 1395/1704 1328/1472 1327/1471
f 1481/1703 1327/1471 826/937 990/1102
f 1481/1703 990/1102 981/1093 1480/1702
f 1481/1703 1480/1702 1391/1701 1395/1704
f 1396/1540 997/1109 996/1108 1397/1541
f 1396/1540 1381/1525 949/1060 997/1109
f 1482/1705 1399/1706 1398/1707 1483/1708
f 1482/1705 1478/1698 1382/1697 1399/1706
f 1402/1546 1000/1112 836/947 1337/1481
f 1402/1546 1397/1541 996/1108 1000/1112
f 1484/1709 1403/1710 1336/1666 1462/1665
f 1484/1709 1483/1708 1398/1707 1403/1710
f 1405/1549 1050/1162 1049/1161 1406/1550
f 1405/1549 1410/1554 1051/1163 1050/1162
f 1485/1711 1408/1712 1407/1713 1486/1714
f 1485/1711 1487/1715 1409/1716 1408/1712
f 1414/1558 1054/1166 891/1002 1352/1496
f 1414/1558 1406/1550 1049/1161 1054/1166
f 1488/1717 1415/1718 1351/1676 1467/1675
f 1488/1717 1486/1714 1407/1713 1415/1718
f 1489/1719 1422/1720 1421/1721 1490/1722
f 1489/1719 1490/1722 1061/1173 1070/1182
f 1489/1719 1070/1182 1069/1181 1491/1723
f 1489/1719 1491/1723 1423/1724 1422/1720
f 1492/1725 1428/1726 1377/1692 1475/1691
f 1492/1725 1475/1691 935/1046 1062/1174
f 1492/1725 1062/1174 1061/1173 1490/1722
f 1492/1725 1490/1722 1421/1721 1428/1726
f 1429/1573 1184/1309 1183/1308 1430/1574
f 1429/1573 1366/1510 905/1016 1184/1309
f 1493/1727 1432/1728 1431/1729 1494/1730
f 1493/1727 1472/1686 1367/1685 1432/1728
f 1435/1579 1187/1312 1051/1163 1410/1554
f 1435/1579 1430/1574 1183/1308 1187/1312
f 1495/1731 1436/1732 1409/1716 1487/1715
f 1495/1731 1494/1730 1431/1729 1436/1732
f 1496/1733 1443/1734 1442/1735 1497/1736
f 1496/1733 1497/1736 1190/1315 1189/1314
f 1496/1733 1189/1314 951/1062 1476/1694
f 1496/1733 1476/1694 1444/1693 1443/1734
f 1498/1737 1448/1738 1423/1739 1491/1740
f 1498/1737 1491/1740 1069/1323 1197/1322
f 1498/1737 1197/1322 1190/1315 1497/1736
f 1498/1737 1497/1736 1442/1735 1448/1738
f 1371/1515 1372/1516 1374/1518 1373/1517
f 1371/1515 1373/1517 1378/1522 1379/1523
f 1387/1531 1388/1532 1390/1534 1389/1533
f 1387/1531 1389/1533 1374/1518 1372/1516
f 1393/1537 1394/1538 1390/1534 1388/1532
f 1417/1561 1418/1562 1420/1564 1419/1563
f 1417/1561 1419/1563 1424/1568 1425/1569
f 1426/1570 1379/1523 1378/1522 1427/1571
f 1426/1570 1427/1571 1420/1564 1418/1562
f 1438/1582 1439/1583 1441/1585 1440/1584
f 1438/1582 1440/1584 1445/1589 1386/1530
f 1446/1590 1425/1591 1424/1593 1447/1592
f 1446/1590 1447/1592 1441/1585 1439/1583
f 1323/1467 1455/1651 1456/1654 1324/1468
f 1323/1467 1325/1469 1457/1655 1455/1651
f 1330/1474 1458/1657 1459/1660 1331/1475
f 1330/1474 1324/1468 1456/1654 1458/1657
f 1338/1482 1460/1661 1461/1664 1339/1483
f 1338/1482 1340/1484 1462/1665 1460/1661
f 1345/1489 1463/1667 1464/1670 1346/1490
f 1345/1489 1339/1483 1461/1664 1463/1667
f 1353/1497 1465/1671 1466/1674 1354/1498
f 1353/1497 1355/1499 1467/1675 1465/1671
f 1358/1502 1468/1677 1457/1655 1325/1469
f 1358/1502 1354/1498 1466/1674 1468/1677
f 1363/1507 1469/1679 1470/1682 1364/1508
f 1363/1507 1346/1490 1464/1670 1469/1679
f 1369/1513 1471/1683 1472/1686 1370/1514
f 1369/1513 1364/1508 1470/1682 1471/1683
f 1384/1528 1477/1695 1478/1698 1385/1529
f 1384/1528 1386/1530 1445/1589 1477/1695
f 1393/1537 1331/1475 1459/1660 1394/1538
f 1400/1544 1482/1705 1483/1708 1401/1545
f 1400/1544 1385/1529 1478/1698 1482/1705
f 1404/1548 1484/1709 1462/1665 1340/1484
f 1404/1548 1401/1545 1483/1708 1484/1709
f 1411/1555 1485/1711 1486/1714 1412/1556
f 1411/1555 1413/1557 1487/1715 1485/1711
f 1416/1560 1488/1717 1467/1675 1355/1499
f 1416/1560 1412/1556 1486/1714 1488/1717
f 1433/1577 1493/1727 1494/1730 1434/1578
f 1433/1577 1370/1514 1472/1686 1493/1727
f 1437/1581 1495/1731 1487/1715 1413/1557
f 1437/1581 1434/1578 1494/1730 1495/1731
f 1453/1641 928/1039 927/1038 1241/1375
f 1453/1641 1241/1375 987/1099 986/1098
f 943/1054 930/1612 1449/1613 944/1055
f 985/1634 988/1100 1452/1640 942/1635
f 933/1044 929/1040 932/1043 934/1045
f 947/1058 952/1063 940/1051 939/1050
f 1059/1171 934/1045 932/1043 1055/1167
f 1059/1171 1055/1167 1058/1170 1060/1172
f 1067/1179 1060/1172 1058/1170 1063/1175
f 1067/1179 1063/1175 1066/1178 1068/1180
f 1188/1313 1191/1316 1193/1318 1192/1317
f 1188/1313 1192/1317 940/1051 952/1063
f 1196/1321 1068/1324 1066/1326 1198/1325
f 1196/1321 1198/1325 1193/1318 1191/1316
f 938/1049 1499/1741 929/1040 933/1044
f 938/1049 979/1091 984/1096 1499/1741
f 1449/1742 1499/1741 984/1096 1450/1743
f 929/1040 1499/1741 1449/1742 930/1041
f 948/1059 947/1058 939/1050 1500/1744
f 948/1059 1500/1744 993/1105 992/1104
f 939/1050 942/1053 1452/1745 1500/1744
f 1452/1745 1451/1746 993/1105 1500/1744
f 1501/881 770/881 769/880 1502/880
f 1503/888 777/888 776/887 1504/887
f 1502/880 769/880 777/888 1503/888
f 1505/906 795/906 794/905 1506/905
f 1507/907 796/907 795/906 1505/906
f 1506/905 794/905 802/913 1508/913
f 1504/887 776/887 958/1069 1509/1069
f 1510/1081 970/1081 796/907 1507/907
f 1511/1204 1092/1204 1091/1203 1512/1203
f 1512/1203 1091/1203 770/881 1501/881
f 1513/1208 1096/1208 1095/1207 1514/1207
f 1514/1207 1095/1207 1092/1204 1511/1204
f 1509/1069 958/1069 1139/1259 1515/1259
f 1515/1259 1139/1259 1142/1262 1516/1262
f 1516/1262 1142/1262 1143/1263 1517/1263
f 1517/1263 1143/1263 1146/1266 1518/1266
f 1519/1345 1216/1345 1215/1344 1520/1344
f 1520/1344 1215/1344 1096/1349 1513/1349
f 1508/913 802/913 1219/1350 1521/1350
f 1521/1350 1219/1350 1216/1345 1519/1345
f 1518/1393 1146/1393 1252/1392 1522/1392
f 1522/1392 1252/1392 1255/1397 1523/1397
f 1523/1397 1255/1397 1256/1398 1524/1398
f 1524/1398 1256/1398 970/1081 1510/1081
f 1525/1747 1526/1748 1527/1749 1528/1750
f 1528/1750 1527/1749 1529/1751 1530/1752
f 1530/1752 1529/1751 1531/1753 1532/1754
f 1532/1754 1531/1753 1526/1755 1525/1756
f 1526/1748 1533/1757 1534/1758 1527/1749
f 1527/1749 1534/1758 1535/1759 1529/1751
f 1529/1751 1535/1759 1536/1760 1531/1753
f 1531/1753 1536/1760 1533/1761 1526/1755
f 1533/1757 1537/1762 1538/1763 1534/1758
f 1534/1758 1538/1763 1539/1764 1535/1759
f 1535/1759 1539/1764 1540/1765 1536/1760
f 1536/1760 1540/1765 1537/1766 1533/1761
f 1537/1762 1525/1767 1528/1768 1538/1763
f 1538/1763 1528/1768 1530/1769 1539/1764
f 1539/1764 1530/1769 1532/1770 1540/1765
f 1540/1765 1532/1770 1525/1771 1537/1766
f 1541/1772 1542/1773 1543/1774 1544/1775
f 1542/1773 1545/1776 1546/1777 1543/1774
f 1545/1776 1547/1778 1548/1779 1546/1777
f 1547/1778 1541/1780 1544/1781 1548/1779
f 1544/1775 1543/1774 1549/1782 1550/1783
f 1543/1774 1546/1777 1551/1784 1549/1782
f 1546/1777 1548/1779 1552/1785 1551/1784
f 1548/1779 1544/1781 1550/1786 1552/1785
f 1550/1783 1549/1782 1553/1787 1554/1788
f 1549/1782 1551/1784 1555/1789 1553/1787
f 1551/1784 1552/1785 1556/1790 1555/1789
f 1552/1785 1550/1786 1554/1791 1556/1790
f 1554/1788 1553/1787 1542/1792 1541/1793
f 1553/1787 1555/1789 1545/1794 1542/1792
f 1555/1789 1556/1790 1547/1795 1545/1794
f 1556/1790 1554/1791 1541/1796 1547/1795