# Exported from MakeClothes (TM)
# author punkduck
# license CC  BY 3.0
# homepage http://www.makehuman.org/
v 1.9834 -6.7964 0.2506
v 1.9613 -6.7951 0.1290
v 1.9324 -7.0524 0.1586
v 1.9455 -7.0543 0.2625
v 1.9268 -7.2520 0.2835
v 1.6186 -6.4970 -0.1725
v 1.5241 -6.4970 -0.1423
v 1.6197 -6.4970 0.5874
v 1.8348 -6.4970 -0.1447
v 1.7229 -6.4970 -0.1731
v 1.9951 -6.4970 0.1011
v 1.9282 -6.4970 -0.0524
v 1.9580 -6.4970 0.4909
v 2.0021 -6.4970 0.3808
v 1.6846 -6.4970 0.5941
v 1.5604 -6.4970 0.5676
v 1.7671 -6.4970 0.5858
v 1.4984 -6.4970 0.5365
v 1.4323 -6.4970 0.4726
v 1.3587 -6.4970 0.2202
v 1.3893 -6.4970 0.0586
v 1.8721 -6.4970 0.5541
v 1.4558 -6.4970 -0.0731
v 1.6504 -6.7757 -0.1122
v 1.5662 -6.7620 -0.0781
v 1.6806 -6.7746 0.5594
v 1.8261 -6.7851 -0.0683
v 1.7344 -6.7837 -0.1071
v 1.9421 -7.3977 0.2006
v 1.9047 -6.7891 0.0140
v 1.9372 -6.7979 0.4597
v 1.9742 -6.7955 0.3658
v 1.7407 -6.7777 0.5596
v 1.6182 -6.7720 0.5488
v 1.8051 -6.7846 0.5468
v 1.5540 -6.7671 0.5226
v 1.4951 -6.7591 0.4675
v 1.4203 -6.7388 0.2425
v 1.4330 -6.7419 0.1085
v 1.8746 -6.7925 0.5156
v 1.4906 -6.7511 -0.0071
v 1.7010 -7.0187 0.5656
v 1.9002 -7.0504 0.4598
v 1.9329 -7.0528 0.3725
v 1.7526 -7.0243 0.5607
v 1.6434 -7.0135 0.5630
v 1.8031 -7.0322 0.5446
v 1.5810 -7.0078 0.5459
v 1.8532 -7.0415 0.5130
v 1.6502 -7.5395 0.8976
v 1.5772 -7.5181 0.8773
v 1.8734 -7.5719 0.7939
v 1.8308 -7.5641 0.8392
v 1.9463 -7.5548 0.5829
v 1.8972 -7.5709 0.7077
v 1.7797 -7.5576 0.8671
v 1.7232 -7.5505 0.8852
v 1.4956 -7.5148 0.7420
v 1.5686 -7.6106 0.9646
v 1.5065 -7.6054 0.7505
v 1.6536 -7.4049 0.7542
v 1.5905 -7.3898 0.7388
v 1.8509 -7.4298 0.6822
v 1.8080 -7.4233 0.7183
v 1.9865 -7.5449 0.2319
v 1.8899 -7.3988 0.1111
v 1.9295 -7.4353 0.5058
v 1.8928 -7.4354 0.6165
v 1.7602 -7.4183 0.7393
v 1.7105 -7.4128 0.7501
v 1.5155 -7.3706 0.6649
v 1.6521 -7.6266 1.0088
v 1.9162 -7.2441 0.1753
v 1.7653 -7.3917 -0.0462
v 1.7692 -7.5154 -0.0526
v 1.8563 -7.6686 -0.0138
v 1.4608 -6.9701 0.2698
v 1.8415 -7.5467 0.0152
v 1.9394 -7.6673 0.0900
v 1.4580 -7.3161 0.3425
v 1.4688 -7.7019 0.4123
v 1.4364 -7.4960 0.3572
v 1.4631 -7.4859 0.2078
v 1.4711 -7.3132 0.1960
v 1.5010 -7.7059 0.2299
v 1.5178 -7.3260 0.0907
v 1.5340 -7.4929 0.1066
v 1.5445 -7.7185 0.1311
v 1.6853 -7.4639 -0.0336
v 1.6132 -7.6317 -0.0018
v 1.7265 -7.6353 0.9958
v 1.6066 -7.4828 0.0056
v 1.5935 -7.3488 0.0002
v 1.6822 -7.3736 -0.0607
v 1.5230 -6.9985 0.4964
v 1.8883 -7.0459 0.0696
v 1.8313 -7.4007 0.0320
v 1.7456 -7.0395 -0.0427
v 1.5943 -7.0058 -0.0367
v 1.5205 -6.9862 0.0343
v 1.6736 -7.0274 -0.0527
v 1.4691 -6.9727 0.1482
v 1.8231 -7.0414 0.0006
v 1.8360 -7.2521 0.5746
v 1.6414 -7.2293 0.6357
v 1.9103 -7.2622 0.4153
v 1.9888 -7.5590 0.3914
v 1.4681 -7.1640 0.1729
v 1.6791 -7.2217 -0.0512
v 1.8771 -7.2427 0.0905
v 1.8306 -7.2419 0.0166
v 1.7591 -7.2368 -0.0424
v 1.5947 -7.1980 -0.0174
v 1.9955 -7.6747 0.3606
v 1.5111 -7.2060 0.5705
v 1.5788 -7.2212 0.6220
v 1.4626 -7.1630 0.3116
v 1.6958 -7.2359 0.6345
v 1.7445 -7.2410 0.6271
v 1.7919 -7.2458 0.6092
v 1.5182 -7.1766 0.0591
v 1.8761 -7.2600 0.5132
v 1.9323 -7.5321 0.1181
v 2.0153 -6.4970 0.2535
v 1.3781 -6.4970 0.3680
v 1.4466 -6.7465 0.3707
v 1.7847 -7.6426 0.9763
v 1.4660 -7.6437 0.5669
v 1.4686 -7.3379 0.5086
v 1.4698 -7.4976 0.5391
v 1.4791 -6.9805 0.3960
v 1.4703 -7.1776 0.4549
v 1.9774 -7.6460 0.5736
v 1.9916 -7.6835 0.2038
v 1.9442 -7.6511 0.7829
v 1.9547 -7.4140 0.3323
v 1.8362 -7.6475 0.9472
v 1.8838 -7.6515 0.8992
v 1.6262 -6.4638 -0.1245
v 1.5423 -6.4638 -0.0976
v 1.6272 -6.4638 0.5497
v 1.8180 -6.4638 -0.0998
v 1.7188 -6.4638 -0.1249
v 1.9602 -6.4638 0.1183
v 1.9009 -6.4638 -0.0179
v 1.9273 -6.4638 0.4641
v 1.9665 -6.4638 0.3665
v 1.6848 -6.4638 0.5557
v 1.5745 -6.4638 0.5322
v 1.7580 -6.4638 0.5483
v 1.5196 -6.4638 0.5046
v 1.4609 -6.4638 0.4479
v 1.3956 -6.4638 0.2239
v 1.4228 -6.4638 0.0806
v 1.8511 -6.4638 0.5202
v 1.4818 -6.4638 -0.0363
v 1.9781 -6.4638 0.2535
v 1.4128 -6.4638 0.3551
v -1.9834 -6.7964 0.2506
v -1.9613 -6.7951 0.1290
v -1.9324 -7.0524 0.1586
v -1.9455 -7.0543 0.2625
v -1.9268 -7.2520 0.2835
v -1.6186 -6.4970 -0.1725
v -1.5241 -6.4970 -0.1423
v -1.6197 -6.4970 0.5874
v -1.8348 -6.4970 -0.1447
v -1.7229 -6.4970 -0.1730
v -1.9951 -6.4970 0.1011
v -1.9282 -6.4970 -0.0524
v -1.9580 -6.4970 0.4909
v -2.0021 -6.4970 0.3808
v -1.6846 -6.4970 0.5941
v -1.5604 -6.4970 0.5676
v -1.7671 -6.4970 0.5858
v -1.4984 -6.4970 0.5365
v -1.4323 -6.4970 0.4726
v -1.3587 -6.4970 0.2202
v -1.3893 -6.4970 0.0586
v -1.8721 -6.4970 0.5541
v -1.4558 -6.4970 -0.0731
v -1.6504 -6.7757 -0.1122
v -1.5662 -6.7620 -0.0781
v -1.6806 -6.7746 0.5593
v -1.8261 -6.7851 -0.0683
v -1.7344 -6.7837 -0.1071
v -1.9421 -7.3977 0.2006
v -1.9047 -6.7891 0.0140
v -1.9372 -6.7979 0.4597
v -1.9742 -6.7955 0.3658
v -1.7407 -6.7777 0.5596
v -1.6182 -6.7720 0.5488
v -1.8051 -6.7846 0.5468
v -1.5540 -6.7671 0.5226
v -1.4951 -6.7591 0.4675
v -1.4203 -6.7388 0.2425
v -1.4330 -6.7419 0.1085
v -1.8746 -6.7925 0.5156
v -1.4906 -6.7511 -0.0071
v -1.7010 -7.0187 0.5656
v -1.9002 -7.0504 0.4598
v -1.9329 -7.0528 0.3725
v -1.7526 -7.0243 0.5607
v -1.6434 -7.0135 0.5630
v -1.8031 -7.0322 0.5446
v -1.5810 -7.0078 0.5459
v -1.8532 -7.0415 0.5130
v -1.6502 -7.5395 0.8976
v -1.5772 -7.5181 0.8773
v -1.8734 -7.5719 0.7939
v -1.8308 -7.5641 0.8392
v -1.9463 -7.5548 0.5829
v -1.8972 -7.5709 0.7077
v -1.7797 -7.5576 0.8671
v -1.7232 -7.5505 0.8852
v -1.4956 -7.5148 0.7420
v -1.5686 -7.6106 0.9646
v -1.5065 -7.6054 0.7505
v -1.6536 -7.4049 0.7542
v -1.5905 -7.3898 0.7388
v -1.8509 -7.4298 0.6822
v -1.8080 -7.4233 0.7183
v -1.9865 -7.5449 0.2319
v -1.8899 -7.3988 0.1111
v -1.9295 -7.4353 0.5058
v -1.8928 -7.4354 0.6165
v -1.7602 -7.4183 0.7393
v -1.7105 -7.4128 0.7501
v -1.5155 -7.3706 0.6649
v -1.6521 -7.6266 1.0088
v -1.9162 -7.2441 0.1753
v -1.7653 -7.3917 -0.0462
v -1.7692 -7.5154 -0.0526
v -1.8563 -7.6686 -0.0138
v -1.4608 -6.9701 0.2698
v -1.8415 -7.5467 0.0152
v -1.9394 -7.6673 0.0900
v -1.4580 -7.3161 0.3425
v -1.4688 -7.7019 0.4123
v -1.4364 -7.4960 0.3572
v -1.4631 -7.4859 0.2078
v -1.4711 -7.3132 0.1960
v -1.5010 -7.7059 0.2299
v -1.5178 -7.3260 0.0907
v -1.5340 -7.4929 0.1066
v -1.5445 -7.7185 0.1311
v -1.6853 -7.4639 -0.0336
v -1.6132 -7.6317 -0.0018
v -1.7265 -7.6353 0.9958
v -1.6066 -7.4828 0.0056
v -1.5935 -7.3488 0.0002
v -1.6822 -7.3736 -0.0607
v -1.5230 -6.9985 0.4964
v -1.8883 -7.0459 0.0696
v -1.8313 -7.4007 0.0320
v -1.7456 -7.0395 -0.0427
v -1.5943 -7.0058 -0.0367
v -1.5205 -6.9862 0.0343
v -1.6736 -7.0274 -0.0527
v -1.4691 -6.9727 0.1482
v -1.8231 -7.0414 0.0006
v -1.8360 -7.2521 0.5746
v -1.6414 -7.2293 0.6357
v -1.9103 -7.2622 0.4153
v -1.9888 -7.5590 0.3914
v -1.4681 -7.1640 0.1729
v -1.6791 -7.2217 -0.0512
v -1.8771 -7.2427 0.0905
v -1.8306 -7.2419 0.0166
v -1.7591 -7.2368 -0.0424
v -1.5947 -7.1980 -0.0174
v -1.9955 -7.6747 0.3606
v -1.5111 -7.2060 0.5705
v -1.5788 -7.2212 0.6220
v -1.4626 -7.1630 0.3116
v -1.6958 -7.2359 0.6345
v -1.7445 -7.2410 0.6271
v -1.7919 -7.2458 0.6092
v -1.5182 -7.1766 0.0591
v -1.8761 -7.2600 0.5132
v -1.9323 -7.5321 0.1181
v -2.0153 -6.4970 0.2535
v -1.3781 -6.4970 0.3680
v -1.4466 -6.7465 0.3707
v -1.7847 -7.6426 0.9763
v -1.4660 -7.6437 0.5669
v -1.4686 -7.3379 0.5086
v -1.4698 -7.4976 0.5391
v -1.4791 -6.9805 0.3960
v -1.4703 -7.1776 0.4549
v -1.9774 -7.6460 0.5736
v -1.9916 -7.6835 0.2038
v -1.9442 -7.6511 0.7829
v -1.9547 -7.4140 0.3323
v -1.8362 -7.6475 0.9472
v -1.8838 -7.6515 0.8992
v -1.6262 -6.4638 -0.1245
v -1.5423 -6.4638 -0.0976
v -1.6272 -6.4638 0.5497
v -1.8180 -6.4638 -0.0998
v -1.7188 -6.4638 -0.1249
v -1.9602 -6.4638 0.1183
v -1.9009 -6.4638 -0.0179
v -1.9273 -6.4638 0.4641
v -1.9665 -6.4638 0.3665
v -1.6848 -6.4638 0.5557
v -1.5745 -6.4638 0.5322
v -1.7580 -6.4638 0.5483
v -1.5196 -6.4638 0.5046
v -1.4609 -6.4638 0.4479
v -1.3956 -6.4638 0.2239
v -1.4228 -6.4638 0.0806
v -1.8511 -6.4638 0.5202
v -1.4818 -6.4638 -0.0363
v -1.9781 -6.4638 0.2535
v -1.4128 -6.4638 0.3551
v -2.1160 -8.3241 0.5506
v -2.1160 -8.1571 0.5506
v -2.1156 -8.3221 0.3573
v -2.1157 -8.1470 0.3573
v -2.1432 -8.3322 0.7167
v -2.1432 -8.1733 0.7167
v -2.1785 -8.3302 0.9173
v -2.1785 -8.1976 0.9173
v -2.0996 -8.3058 0.1789
v -2.0996 -8.1470 0.1789
v -2.0297 -8.2592 0.0219
v -2.0297 -8.1247 0.0219
v -2.1956 -8.3302 1.0997
v -2.1956 -8.2240 1.0997
v -2.2038 -8.3261 1.2861
v -2.2038 -8.2321 1.2861
v -2.1900 -8.3346 1.5009
v -2.1900 -8.2545 1.5009
v -2.1334 -8.3297 1.7097
v -2.1334 -8.2447 1.7097
v -1.9453 -8.2204 -0.0828
v -1.9453 -8.1061 -0.0828
v -2.0601 -8.2942 1.8498
v -2.0601 -8.2232 1.8498
v -1.9791 -8.2591 1.9663
v -1.9791 -8.2034 1.9663
v -1.9014 -8.2227 2.0507
v -1.9014 -8.1769 2.0507
v -1.7934 -8.1962 2.1149
v -1.7934 -8.1513 2.1185
v -1.6718 -8.1828 2.1386
v -1.6718 -8.1341 2.1427
v -1.8659 -8.2017 -0.1335
v -1.8659 -8.0923 -0.1335
v -1.7595 -8.1870 -0.1537
v -1.7595 -8.0809 -0.1537
v -1.6211 -8.2009 -0.1267
v -1.6211 -8.0866 -0.1267
v -1.5081 -8.2342 -0.0535
v -1.5081 -8.1110 -0.0535
v -1.4619 -8.2798 0.0853
v -1.4619 -8.1363 0.0853
v -1.4522 -8.3069 0.2531
v -1.4522 -8.1465 0.2531
v -1.4838 -8.3187 0.4646
v -1.4806 -8.1634 0.4646
v -1.5267 -8.3220 0.6251
v -1.5205 -8.1515 0.6251
v -1.5290 -8.3254 0.8099
v -1.5122 -8.1397 0.8099
v -1.4787 -8.3271 0.9947
v -1.4546 -8.1498 0.9947
v -1.4013 -8.3271 1.1527
v -1.3850 -8.1684 1.1527
v -1.3097 -8.3365 1.2986
v -1.2984 -8.1908 1.2986
v -1.2859 -8.3434 1.4202
v -1.2859 -8.2193 1.4202
v -1.2893 -8.3462 1.6050
v -1.2893 -8.2414 1.6050
v -1.2917 -8.3254 1.7581
v -1.2917 -8.2146 1.7581
v -1.3278 -8.2751 1.9372
v -1.3231 -8.1816 1.9372
v -1.4126 -8.2075 2.0749
v -1.4120 -8.1458 2.0773
v -1.5591 -8.1856 2.1249
v -1.5585 -8.1226 2.1333
v -2.0902 -8.3281 0.5616
v -2.0899 -8.3261 0.3729
v -2.1155 -8.3362 0.7239
v -2.1483 -8.3342 0.9197
v -2.0750 -8.3099 0.1989
v -2.0101 -8.2633 0.0455
v -2.1641 -8.3342 1.0977
v -2.1718 -8.3302 1.2797
v -2.1478 -8.3339 1.4894
v -2.0948 -8.3245 1.6932
v -1.9318 -8.2245 -0.0568
v -2.0384 -8.2917 1.8300
v -1.9632 -8.2561 1.9437
v -1.8911 -8.2206 2.0261
v -1.7907 -8.1921 2.0900
v -1.6779 -8.1901 2.1133
v -1.8581 -8.2057 -0.1062
v -1.7594 -8.1911 -0.1260
v -1.6308 -8.2049 -0.0996
v -1.5259 -8.2383 -0.0282
v -1.4831 -8.2839 0.1075
v -1.4740 -8.3109 0.2712
v -1.5034 -8.3227 0.4777
v -1.5427 -8.3261 0.6344
v -1.5416 -8.3295 0.8148
v -1.5127 -8.3312 0.9952
v -1.4193 -8.3312 1.1495
v -1.3338 -8.3367 1.2919
v -1.3161 -8.3446 1.4106
v -1.3228 -8.3437 1.5910
v -1.3251 -8.3181 1.7405
v -1.3618 -8.2627 1.9087
v -1.4453 -8.1968 2.0487
v -1.5733 -8.1793 2.1002
v -1.6713 -8.2238 2.0376
v -1.7531 -8.2600 0.0282
v -1.7468 -8.3054 0.1874
v -1.7523 -8.3167 0.3416
v -1.7798 -8.3192 0.4958
v -1.8191 -8.3246 0.6500
v -1.8702 -8.3251 0.8042
v -1.8723 -8.3305 0.9263
v -1.8120 -8.3271 1.0889
v -1.7365 -8.3317 1.2481
v -1.6829 -8.3338 1.4108
v -1.6547 -8.3453 1.5531
v -1.6568 -8.3348 1.6904
v -1.6691 -8.3057 1.8311
v -2.1056 -8.1250 0.5596
v -2.1052 -8.1149 0.3700
v -2.1320 -8.1413 0.7225
v -2.1663 -8.1656 0.9193
v -2.0897 -8.1149 0.1952
v -2.0218 -8.0926 0.0412
v -2.1828 -8.1919 1.0981
v -2.1909 -8.2000 1.2809
v -2.1777 -8.2049 1.4916
v -2.1229 -8.1893 1.6962
v -1.9398 -8.0740 -0.0686
v -2.0513 -8.1632 1.8337
v -1.9726 -8.1373 1.9479
v -1.8972 -8.1125 2.0307
v -1.7923 -8.0778 2.1036
v -1.6742 -8.0563 2.1267
v -1.8628 -8.0602 -0.1183
v -1.7595 -8.0488 -0.1382
v -1.6250 -8.0545 -0.1117
v -1.5153 -8.0789 -0.0399
v -1.4704 -8.1043 0.1034
v -1.4610 -8.1144 0.2679
v -1.4885 -8.1313 0.4753
v -1.5236 -8.1195 0.6327
v -1.5123 -8.1076 0.8139
v -1.4627 -8.1178 0.9951
v -1.3923 -8.1363 1.1501
v -1.3127 -8.1583 1.2931
v -1.2981 -8.1712 1.4123
v -1.3028 -8.1820 1.5936
v -1.3052 -8.1513 1.7438
v -1.3353 -8.1118 1.9194
v -1.4215 -8.0773 2.0567
v -1.5643 -8.0481 2.1157
v -2.0943 -8.1356 0.5686
v -2.0979 -8.1287 0.3776
v -2.1181 -8.1516 0.7266
v -2.1509 -8.1756 0.9197
v -2.0781 -8.1267 0.2127
v -2.0175 -8.1044 0.0620
v -2.1760 -8.2037 1.0964
v -2.1839 -8.2118 1.2753
v -2.1712 -8.2079 1.4814
v -2.1172 -8.1889 1.6817
v -1.9369 -8.0859 -0.0457
v -2.0466 -8.1602 1.8162
v -1.9692 -8.1308 1.9280
v -1.8950 -8.1046 2.0090
v -1.7917 -8.0688 2.0803
v -1.6756 -8.0469 2.1030
v -1.8611 -8.0720 -0.0966
v -1.7594 -8.0606 -0.1160
v -1.6271 -8.0663 -0.0878
v -1.5192 -8.0908 -0.0175
v -1.4751 -8.1161 0.1229
v -1.4658 -8.1262 0.2839
v -1.4928 -8.1431 0.4869
v -1.5304 -8.1313 0.6409
v -1.5200 -8.1195 0.8182
v -1.4877 -8.1296 0.9956
v -1.4125 -8.1482 1.1472
v -1.3247 -8.1701 1.2872
v -1.3047 -8.1800 1.4039
v -1.3101 -8.1847 1.5812
v -1.3125 -8.1520 1.7282
v -1.3419 -8.1079 1.9003
v -1.4267 -8.0694 2.0346
v -1.5674 -8.0392 2.0922
v -2.0991 -8.0442 0.5686
v -2.0979 -8.0373 0.3776
v -2.1246 -8.0601 0.7266
v -2.1622 -8.0841 0.9197
v -2.0832 -8.0353 0.2045
v -2.0214 -8.0130 0.0538
v -2.1857 -8.1029 1.0964
v -2.1839 -8.1273 1.2753
v -2.1755 -8.1184 1.4814
v -2.1209 -8.0829 1.6836
v -1.9405 -7.9956 -0.0502
v -2.0466 -8.0524 1.8162
v -1.9692 -8.0188 1.9280
v -1.8950 -7.9968 2.0090
v -1.7917 -7.9661 2.0803
v -1.6756 -7.9594 2.1030
v -1.8589 -7.9815 -0.1039
v -1.7552 -7.9719 -0.1204
v -1.6294 -7.9774 -0.0917
v -1.5318 -7.9978 -0.0145
v -1.4755 -8.0246 0.1147
v -1.4560 -8.0348 0.2839
v -1.4715 -8.0516 0.4869
v -1.4999 -8.0545 0.6409
v -1.4852 -8.0560 0.8182
v -1.4137 -8.0567 0.9956
v -1.3529 -8.0661 1.1472
v -1.3078 -8.0787 1.2872
v -1.2949 -8.0871 1.4039
v -1.3101 -8.0854 1.5812
v -1.3125 -8.0516 1.7282
v -1.3419 -8.0117 1.9003
v -1.4267 -7.9728 2.0346
v -1.5674 -7.9583 2.0922
v -2.1121 -7.9676 0.5686
v -2.0979 -7.9662 0.3776
v -2.1437 -7.9750 0.7266
v -2.1804 -7.9990 0.9197
v -2.0945 -7.9502 0.1975
v -2.0344 -7.9262 0.0205
v -2.1938 -8.0178 1.0964
v -2.2031 -8.0253 1.2753
v -2.1837 -8.0333 1.4814
v -2.1131 -8.0125 1.6836
v -1.9457 -7.9092 -0.0762
v -2.0401 -7.9908 1.8162
v -1.9642 -7.9699 1.9143
v -1.8855 -7.9501 1.9953
v -1.7842 -7.9192 2.0624
v -1.6756 -7.9163 2.0880
v -1.8599 -7.8951 -0.1260
v -1.7551 -7.8855 -0.1389
v -1.6295 -7.8910 -0.1094
v -1.5349 -7.9110 -0.0296
v -1.4784 -7.9378 0.0954
v -1.4560 -7.9497 0.2839
v -1.4566 -7.9666 0.4869
v -1.4593 -7.9694 0.6409
v -1.4382 -7.9844 0.8146
v -1.3922 -7.9955 0.9956
v -1.3411 -8.0007 1.1472
v -1.2927 -8.0048 1.2872
v -1.2949 -8.0020 1.4039
v -1.3101 -8.0003 1.5812
v -1.3286 -7.9851 1.7282
v -1.3501 -7.9627 1.8866
v -1.4375 -7.9329 2.0209
v -1.5674 -7.9169 2.0716
v -1.6657 -7.9221 2.0064
v -1.7648 -7.9307 1.9028
v -1.5604 -7.9202 1.8913
v -1.8948 -7.9402 1.7942
v -1.6700 -7.9118 1.7954
v -1.4752 -7.9186 1.7502
v -2.1214 -7.8888 0.5686
v -2.0979 -7.8875 0.3776
v -2.1522 -7.8963 0.7266
v -2.1827 -7.9203 0.9197
v -2.0945 -7.8714 0.1975
v -2.0344 -7.8474 0.0205
v -2.1938 -7.9318 1.0964
v -2.1929 -7.9405 1.2753
v -2.1430 -7.9455 1.4814
v -2.0157 -7.9361 1.6836
v -1.9429 -7.8282 -0.0789
v -1.8596 -7.8141 -0.1268
v -1.7552 -7.8045 -0.1368
v -1.6300 -7.8100 -0.1113
v -1.5362 -7.8300 -0.0311
v -1.4784 -7.8590 0.0954
v -1.4560 -7.8709 0.2839
v -1.4470 -7.8878 0.4869
v -1.4282 -7.8906 0.6409
v -1.4154 -7.9057 0.8146
v -1.3922 -7.9168 0.9956
v -1.3343 -7.9219 1.1472
v -1.3013 -7.9261 1.2872
v -1.2949 -7.9233 1.4039
v -1.4026 -7.9220 1.5812
v -1.7614 -7.9055 1.7123
v -1.5884 -7.8957 1.6932
v -2.0911 -7.8006 0.5686
v -2.0903 -7.7993 0.3868
v -2.1049 -7.8081 0.7266
v -2.1246 -7.8321 0.9197
v -2.0595 -7.7832 0.2067
v -2.0008 -7.7638 0.0435
v -2.1272 -7.8436 1.0964
v -2.1127 -7.8633 1.2793
v -2.0097 -7.8826 1.4719
v -1.8989 -7.8962 1.6220
v -1.9225 -7.7426 -0.0628
v -1.8542 -7.7280 -0.1127
v -1.7539 -7.7188 -0.1246
v -1.6329 -7.7240 -0.1018
v -1.5427 -7.7443 -0.0225
v -1.4860 -7.7708 0.1046
v -1.4682 -7.7827 0.2931
v -1.4470 -7.7996 0.4869
v -1.4282 -7.8024 0.6409
v -1.4154 -7.8174 0.8146
v -1.3922 -7.8286 0.9956
v -1.3684 -7.8337 1.1472
v -1.3577 -7.8379 1.2872
v -1.4062 -7.8585 1.4198
v -1.4923 -7.8845 1.5758
v -1.6809 -7.8674 1.6086
v -1.9856 -7.6927 0.1323
v -1.9192 -7.6048 0.0725
v -1.8134 -7.4325 -0.0401
v -1.8758 -7.5033 0.0209
v -2.0127 -7.7154 0.2548
v -1.9965 -7.6560 0.4060
v -1.9663 -7.5601 0.5542
v -1.9337 -7.5209 0.6762
v -1.8628 -7.5349 0.8390
v -1.8493 -7.6278 0.9895
v -1.8596 -7.6856 1.1030
v -1.8615 -7.7531 1.2325
v -1.8505 -7.7924 1.4502
v -1.8494 -7.8618 1.5880
v -1.5303 -7.6941 0.1320
v -1.5575 -7.6048 0.0725
v -1.6386 -7.4325 -0.0456
v -1.5853 -7.5081 0.0203
v -1.4839 -7.7168 0.2545
v -1.4538 -7.6622 0.3948
v -1.4633 -7.5680 0.5521
v -1.4725 -7.5361 0.6762
v -1.5070 -7.5531 0.8390
v -1.5563 -7.6142 0.9895
v -1.5674 -7.6692 1.1278
v -1.5710 -7.7366 1.2773
v -1.5668 -7.7895 1.4414
v -1.5798 -7.8650 1.5880
v -1.7551 -7.4042 -0.0605
v -1.6969 -7.4042 -0.0605
v -1.9759 -7.6664 0.1315
v -1.9290 -7.5771 0.0606
v -1.8204 -7.4090 -0.0423
v -1.8886 -7.4800 0.0066
v -2.0139 -7.6891 0.2445
v -2.0133 -7.6251 0.4000
v -1.9785 -7.5405 0.5482
v -1.9432 -7.4994 0.6780
v -1.8515 -7.5134 0.8453
v -1.8442 -7.5912 1.0012
v -1.5127 -7.6518 0.1186
v -1.5469 -7.5695 0.0632
v -1.6345 -7.4048 -0.0618
v -1.5772 -7.4735 0.0021
v -1.4623 -7.6891 0.2445
v -1.4290 -7.6345 0.3892
v -1.4508 -7.5403 0.5502
v -1.4616 -7.5098 0.6780
v -1.5041 -7.5221 0.8453
v -1.5508 -7.5894 1.0000
v -1.7602 -7.3847 -0.0760
v -1.6951 -7.3816 -0.0860
v -1.9625 -7.6415 0.1406
v -1.9065 -7.5596 0.0792
v -1.8034 -7.3975 -0.0144
v -1.8430 -7.4746 0.0318
v -1.9976 -7.6702 0.2475
v -1.9955 -7.6086 0.4029
v -1.9528 -7.5299 0.5377
v -1.9150 -7.4844 0.6690
v -1.8236 -7.4984 0.8318
v -1.8187 -7.5870 0.9823
v -1.5309 -7.6417 0.1411
v -1.5609 -7.5446 0.0696
v -1.6433 -7.3873 -0.0465
v -1.5881 -7.4565 0.0168
v -1.4811 -7.6743 0.2422
v -1.4499 -7.6170 0.3875
v -1.4661 -7.5228 0.5448
v -1.4809 -7.4916 0.6650
v -1.5195 -7.4984 0.8318
v -1.5705 -7.5821 0.9830
v -1.7587 -7.3703 -0.0483
v -1.6983 -7.3590 -0.0622
v -1.9343 -7.6677 0.1495
v -1.9065 -7.5844 0.0885
v -1.8034 -7.4223 0.0156
v -1.8430 -7.4829 0.0446
v -1.9733 -7.6964 0.2472
v -1.9717 -7.6334 0.4029
v -1.9216 -7.5547 0.5377
v -1.8597 -7.5092 0.6690
v -1.7938 -7.5336 0.8318
v -1.8160 -7.6427 0.9733
v -1.5522 -7.6627 0.1480
v -1.5749 -7.5648 0.0901
v -1.6433 -7.4121 -0.0174
v -1.5881 -7.4981 0.0586
v -1.5000 -7.6964 0.2472
v -1.4688 -7.6334 0.4029
v -1.4781 -7.5651 0.5377
v -1.5076 -7.5164 0.6650
v -1.5389 -7.5232 0.8318
v -1.5884 -7.6185 0.9830
v -1.7533 -7.3838 -0.0269
v -1.6983 -7.3838 -0.0453
v -1.7432 -7.6409 -0.1074
v -1.7312 -7.5735 -0.0879
v -1.7140 -7.4939 -0.0720
v -1.9096 -7.6642 -0.0231
v -1.8445 -7.6490 -0.0862
v -1.6357 -7.6452 -0.0848
v -1.5606 -7.6660 -0.0064
v -1.8839 -7.5930 -0.0107
v -1.8244 -7.5820 -0.0657
v -1.6469 -7.5765 -0.0649
v -1.5879 -7.5904 -0.0027
v -1.6479 -7.5023 -0.0535
v -1.7888 -7.4952 -0.0598
v -1.8378 -7.4991 -0.0189
v -1.6109 -7.5035 -0.0142
v -1.8446 -7.4679 -0.0069
v -1.8553 -7.4423 -0.0168
v -1.8232 -7.4361 0.0044
v -1.8232 -7.4526 0.0301
v -2.0310 -7.7192 0.5916
v -2.0247 -7.7217 0.4305
v -2.0351 -7.7276 0.7527
v -2.0180 -7.7458 0.9534
v -2.0246 -7.7947 1.1274
v -2.0126 -7.8319 1.2870
v -1.4523 -7.7181 0.4550
v -1.4391 -7.7232 0.6374
v -1.4303 -7.7347 0.8078
v -1.4558 -7.7216 0.9986
v -1.4492 -7.7648 1.1744
v -1.4425 -7.8079 1.3009
v -1.6830 -7.8972 1.5979
v -1.8254 -7.7338 1.0517
v -1.8379 -7.7950 1.1859
v -1.8336 -7.8503 1.4275
v -1.8397 -7.9140 1.5745
v -1.6134 -7.7115 1.0910
v -1.5959 -7.7798 1.2537
v -1.5846 -7.8556 1.4186
v -1.5890 -7.8730 1.5745
v -1.4701 -7.6564 0.9016
v -1.4384 -7.6453 0.6243
v -1.4391 -7.6603 0.7454
v -1.4444 -7.6453 0.5081
v -1.4587 -7.6046 0.4734
v -1.4399 -7.5769 0.4696
v -1.4580 -7.5594 0.4661
v -1.4735 -7.5993 0.4703
v -1.9554 -7.6238 0.7500
v -1.9659 -7.6615 0.9102
v -1.9906 -7.6562 0.5157
v -1.9702 -7.6167 0.6211
v -1.9791 -7.6100 0.4752
v -1.9937 -7.5823 0.4705
v -1.9708 -7.5648 0.4670
v -1.9467 -7.5940 0.4703
v -1.8576 -7.8874 1.6033
v -1.7666 -7.9082 1.6281
v -1.6754 -7.9088 1.6304
v -1.5839 -7.8893 1.6104
v -1.8535 -7.8556 1.4533
v -1.7603 -7.8166 1.4781
v -1.6713 -7.8206 1.4805
v -1.5726 -7.8530 1.4604
v -1.8517 -7.8179 1.3038
v -1.7584 -7.7734 1.3286
v -1.6671 -7.7619 1.3309
v -1.5693 -7.8062 1.3109
v -1.8517 -7.7600 1.1613
v -1.7543 -7.7248 1.1861
v -1.6631 -7.7023 1.1885
v -1.5602 -7.7329 1.1684
v -1.8414 -7.6842 1.0303
v -1.7504 -7.6507 1.0551
v -1.6548 -7.6345 1.0574
v -1.5677 -7.6497 1.0374
v -1.8376 -7.6103 0.9063
v -1.7466 -7.5609 0.9311
v -1.6435 -7.5432 0.9285
v -1.5556 -7.5814 0.9134
v -1.8337 -7.5194 0.7985
v -1.7427 -7.4701 0.8147
v -1.6284 -7.4683 0.8338
v -1.5344 -7.5191 0.8304
v -1.8337 -7.5434 0.7734
v -1.7427 -7.4940 0.7896
v -1.6284 -7.4922 0.8087
v -1.5344 -7.5430 0.8053
v -1.9066 -7.8645 1.5705
v -1.5253 -7.8645 1.5705
v -1.9066 -7.8554 1.5398
v -1.5253 -7.8554 1.5398
v -1.9199 -7.8474 1.5475
v -1.9199 -7.8536 1.5684
v -1.7839 -7.8475 1.5755
v -1.6480 -7.8475 1.5755
v -1.5120 -7.8536 1.5684
v -1.5120 -7.8474 1.5475
v -1.6480 -7.8384 1.5448
v -1.7839 -7.8384 1.5448
v -1.7839 -7.8278 1.5760
v -1.7839 -7.8217 1.5551
v -1.6480 -7.8278 1.5760
v -1.6480 -7.8217 1.5551
v -1.9099 -7.8974 1.5608
v -1.5220 -7.8974 1.5608
v -1.9099 -7.8884 1.5300
v -1.5220 -7.8884 1.5300
v -1.9244 -7.8811 1.5376
v -1.9244 -7.8873 1.5584
v -1.5075 -7.8873 1.5584
v -1.5075 -7.8811 1.5376
v -1.8885 -7.8622 1.5362
v -1.5312 -7.8203 1.4098
v -1.8997 -7.8527 1.5077
v -1.5424 -7.8108 1.3813
v -1.9103 -7.8660 1.5198
v -1.9028 -7.8638 1.5391
v -1.7736 -7.8319 1.5011
v -1.6462 -7.8170 1.4560
v -1.5206 -7.8080 1.4039
v -1.5282 -7.8016 1.3846
v -1.6574 -7.8075 1.4276
v -1.7848 -7.8225 1.4726
v -1.7754 -7.8124 1.5025
v -1.7830 -7.8059 1.4832
v -1.6480 -7.7974 1.4574
v -1.6556 -7.7910 1.4381
v -1.6357 -7.5164 0.9165
v -1.6819 -7.5334 0.9461
v -1.6851 -7.5337 0.9041
v -1.5607 -7.4992 0.9706
v -1.6851 -7.5518 0.9293
v -1.6357 -7.5345 0.9417
v -1.4676 -7.4932 0.9749
v -1.4107 -7.5163 0.9583
v -1.8999 -7.8182 1.4110
v -1.5422 -7.8598 1.5365
v -1.8888 -7.8088 1.3825
v -1.5311 -7.8503 1.5080
v -1.9030 -7.8152 1.3858
v -1.9105 -7.8216 1.4052
v -1.7848 -7.8357 1.4500
v -1.6573 -7.8505 1.4948
v -1.5280 -7.8614 1.5394
v -1.5204 -7.8550 1.5200
v -1.6462 -7.8411 1.4663
v -1.7737 -7.8262 1.4215
v -1.7830 -7.8011 1.4514
v -1.7755 -7.7947 1.4321
v -1.6555 -7.8213 1.4962
v -1.6480 -7.8149 1.4768
v -1.5669 -7.5289 0.9457
v -1.6345 -7.5488 0.9351
v -1.5234 -7.5394 0.9381
v -1.6786 -7.5591 0.9277
v -1.4646 -7.5518 0.9293
v -1.4222 -7.5388 0.9386
v -1.6786 -7.5389 0.8994
v -1.6345 -7.5286 0.9068
v -1.8789 -7.7827 1.3982
v -1.5346 -7.7688 1.2581
v -1.8886 -7.7764 1.3706
v -1.5461 -7.7573 1.2305
v -1.8978 -7.7658 1.3831
v -1.8909 -7.7736 1.4019
v -1.7762 -7.7668 1.3591
v -1.6492 -7.7481 1.3142
v -1.5241 -7.7561 1.2531
v -1.5319 -7.7483 1.2343
v -1.6607 -7.7366 1.2866
v -1.7876 -7.7553 1.3315
v -1.7780 -7.7474 1.3620
v -1.7858 -7.7396 1.3432
v -1.6511 -7.7287 1.3171
v -1.6588 -7.7209 1.2984
v -1.8938 -7.8193 1.3861
v -1.4142 -7.5453 0.9376
v -1.9053 -7.8078 1.3584
v -1.4586 -7.5627 0.9251
v -1.9127 -7.8137 1.3712
v -1.9092 -7.8110 1.3899
v -1.5195 -7.5524 0.9324
v -1.5768 -7.5394 0.9418
v -1.9064 -7.8092 1.2743
v -1.5500 -7.7745 1.3829
v -1.8978 -7.7973 1.2458
v -1.5414 -7.7533 1.3544
v -1.9120 -7.7888 1.2509
v -1.9178 -7.7968 1.2702
v -1.7882 -7.7671 1.3148
v -1.6572 -7.7779 1.3484
v -1.5359 -7.7602 1.3853
v -1.5301 -7.7475 1.3660
v -1.6487 -7.7661 1.3199
v -1.7796 -7.7552 1.2863
v -1.7868 -7.7476 1.3175
v -1.7810 -7.7396 1.2981
v -1.6559 -7.7585 1.3511
v -1.6500 -7.7504 1.3318
v -1.6749 -7.5195 0.9143
v -1.5359 -7.8128 1.3705
v -1.5553 -7.4885 0.9366
v -1.5273 -7.8010 1.3420
v -1.4772 -7.4823 0.9410
v -1.4224 -7.4983 0.9295
v -1.5205 -7.8040 1.3730
v -1.5147 -7.7960 1.3536
v -1.8816 -7.6918 1.0946
v -1.5354 -7.6640 0.9656
v -1.8931 -7.6729 1.0714
v -1.5469 -7.6451 0.9424
v -1.9036 -7.6714 1.0850
v -1.8959 -7.6842 1.1007
v -1.7650 -7.6332 1.0629
v -1.6500 -7.6090 1.0253
v -1.5249 -7.6504 0.9644
v -1.5326 -7.6375 0.9486
v -1.6614 -7.5901 1.0021
v -1.7765 -7.6143 1.0398
v -1.7669 -7.6154 1.0712
v -1.7746 -7.6026 1.0555
v -1.6518 -7.5912 1.0335
v -1.6596 -7.5784 1.0178
v -1.8946 -7.7439 1.0738
v -1.4107 -7.4961 0.9301
v -1.9061 -7.7250 1.0506
v -1.4676 -7.4730 0.9467
v -1.9178 -7.7243 1.0640
v -1.9100 -7.7371 1.0798
v -1.5607 -7.4790 0.9424
v -1.6819 -7.5132 0.9179
v -1.9072 -7.7053 0.9792
v -1.5542 -7.6518 1.0817
v -1.8986 -7.6858 0.9552
v -1.5456 -7.6323 1.0578
v -1.9127 -7.6790 0.9625
v -1.9186 -7.6923 0.9788
v -1.7890 -7.6486 1.0289
v -1.6480 -7.6548 1.0569
v -1.5401 -7.6433 1.0868
v -1.5343 -7.6300 1.0706
v -1.6394 -7.6353 1.0330
v -1.7804 -7.6291 1.0049
v -1.7876 -7.6307 1.0370
v -1.7818 -7.6175 1.0208
v -1.6466 -7.6218 1.0651
v -1.6408 -7.6085 1.0489
v -1.5768 -7.5191 0.9136
v -1.5366 -7.6914 1.0607
v -1.5195 -7.5322 0.9042
v -1.5280 -7.6719 1.0367
v -1.4586 -7.5425 0.8969
v -1.4142 -7.5251 0.9093
v -1.5213 -7.6837 1.0656
v -1.5155 -7.6705 1.0493
v -1.8871 -7.7564 1.2394
v -1.5310 -7.7301 1.1086
v -1.8986 -7.7383 1.2156
v -1.5424 -7.7120 1.0848
v -1.9091 -7.7362 1.2292
v -1.9013 -7.7485 1.2453
v -1.7725 -7.7268 1.2068
v -1.6456 -7.6973 1.1682
v -1.5205 -7.7295 1.1070
v -1.5282 -7.7172 1.0908
v -1.6570 -7.6792 1.1444
v -1.7840 -7.7087 1.1830
v -1.7744 -7.7088 1.2145
v -1.7821 -7.6965 1.1984
v -1.6474 -7.6793 1.1758
v -1.6552 -7.6670 1.1597
v -1.8902 -7.7845 1.2195
v -1.4224 -7.5163 0.9547
v -1.9017 -7.7663 1.1957
v -1.4772 -7.5004 0.9661
v -1.9133 -7.7716 1.2092
v -1.9056 -7.7775 1.2253
v -1.5553 -7.5065 0.9617
v -1.6749 -7.5376 0.9395
v -1.9028 -7.7558 1.1225
v -1.5597 -7.7127 1.2262
v -1.8942 -7.7371 1.0980
v -1.5511 -7.6940 1.2017
v -1.9083 -7.7302 1.1051
v -1.9141 -7.7429 1.1217
v -1.7846 -7.7128 1.1646
v -1.6536 -7.7214 1.1936
v -1.5455 -7.7040 1.2310
v -1.5397 -7.6913 1.2144
v -1.6450 -7.7027 1.1690
v -1.7760 -7.6941 1.1401
v -1.7832 -7.6947 1.1722
v -1.7774 -7.6820 1.1555
v -1.6522 -7.7033 1.2012
v -1.6464 -7.6906 1.1845
v -1.5234 -7.5214 0.9130
v -1.5322 -7.7742 1.2061
v -1.5236 -7.7555 1.1815
v -1.4646 -7.5337 0.9041
v -1.5669 -7.5109 0.9205
v -1.5169 -7.7663 1.2107
v -1.5110 -7.7536 1.1941
v -1.4222 -7.5208 0.9134
v -1.7435 -7.5409 0.9506
v -1.7076 -7.5126 0.9171
v -1.6957 -7.5514 0.9288
v -1.8250 -7.4950 0.9646
v -1.7037 -7.5340 0.9044
v -1.7515 -7.5234 0.9262
v -1.9152 -7.5017 0.9867
v -1.9704 -7.5325 0.9810
v -1.8182 -7.5272 0.9433
v -1.7535 -7.5345 0.9151
v -1.8603 -7.5436 0.9440
v -1.7108 -7.5388 0.8993
v -1.9174 -7.5640 0.9464
v -1.9584 -7.5568 0.9637
v -1.7017 -7.5584 0.9266
v -1.7444 -7.5541 0.9424
v -1.9669 -7.5610 0.9595
v -1.9239 -7.5723 0.9386
v -1.8649 -7.5538 0.9343
v -1.8094 -7.5329 0.9328
v -1.7055 -7.5386 0.9409
v -1.8213 -7.5238 0.9859
v -1.8971 -7.5284 1.0052
v -1.9502 -7.5518 1.0042
v -1.9613 -7.5521 1.0083
v -1.9062 -7.5212 1.0140
v -1.8159 -7.5146 0.9920
v -1.6985 -7.5322 0.9445
v -1.8003 -7.5525 0.9602
v -1.8558 -7.5734 0.9617
v -1.9148 -7.5919 0.9659
v -1.9579 -7.5806 0.9868
v -1.9582 -7.5343 0.9798
v -1.9051 -7.5109 0.9808
v -1.8294 -7.5064 0.9615
v -1.7136 -7.5211 0.9166
v -1.8523 -7.5611 0.9684
v -1.9093 -7.5815 0.9707
v -1.8101 -7.5447 0.9677
v -1.9503 -7.5743 0.9881
v -1.6470 -7.5449 0.9796
v -1.6918 -7.5337 0.9524
v -1.6807 -7.5505 0.9287
v -1.6359 -7.5617 0.9559
v -1.4255 -7.5542 1.0374
v -1.5719 -7.5584 0.9811
v -1.6326 -7.5503 0.9454
v -1.5302 -7.5420 0.9876
v -1.6731 -7.5455 0.9246
v -1.4740 -7.5217 0.9975
v -1.4354 -7.5294 1.0195
v -1.6855 -7.5267 0.9512
v -1.6451 -7.5315 0.9720
v -1.4264 -7.5250 1.0165
v -1.4666 -7.5131 0.9908
v -1.5245 -7.5315 0.9788
v -1.5794 -7.5523 0.9698
v -1.4485 -7.5356 1.0586
v -1.4379 -7.5354 1.0640
v -1.5918 -7.5336 0.9964
v -1.5370 -7.5127 1.0054
v -1.4790 -7.4943 1.0174
v -1.4388 -7.5063 1.0431
v -1.4374 -7.5524 1.0348
v -1.5413 -7.5252 1.0113
v -1.4851 -7.5049 1.0212
v -1.5830 -7.5416 1.0048
v -1.4465 -7.5126 1.0433
v -1.7376 -7.5687 0.9303
v -1.6912 -7.5513 0.9098
v -1.6763 -7.5694 0.9302
v -1.7226 -7.5868 0.9507
v -1.9067 -7.6089 1.0795
v -1.7791 -7.5925 0.9898
v -1.7166 -7.5759 0.9605
v -1.8087 -7.5821 1.0224
v -1.6774 -7.5655 0.9393
v -1.8494 -7.5698 1.0655
v -1.8884 -7.5829 1.0842
v -1.6942 -7.5452 0.9165
v -1.7334 -7.5556 0.9377
v -1.8912 -7.5798 1.0937
v -1.8487 -7.5623 1.0763
v -1.8053 -7.5725 1.0332
v -1.7660 -7.5854 0.9906
v -1.9131 -7.5873 1.0510
v -1.9235 -7.5886 1.0567
v -1.7828 -7.5652 0.9677
v -1.8221 -7.5522 1.0103
v -1.8654 -7.5421 1.0535
v -1.9079 -7.5595 1.0709
v -1.8982 -7.6054 1.0713
v -1.8236 -7.5640 1.0020
v -1.8644 -7.5517 1.0451
v -1.7940 -7.5744 0.9694
v -1.9033 -7.5648 1.0638
v -1.7315 -7.5915 0.9669
v -1.7315 -7.5387 0.8791
v -1.6290 -7.5387 0.8791
v -1.6290 -7.5915 0.9669
v -1.7015 -7.5148 0.9766
v -1.7015 -7.4933 0.9409
v -1.6621 -7.4933 0.9409
v -1.6621 -7.5148 0.9766
v 2.1160 -8.3241 0.5506
v 2.1160 -8.1571 0.5506
v 2.1156 -8.3221 0.3573
v 2.1156 -8.1470 0.3573
v 2.1432 -8.3322 0.7167
v 2.1432 -8.1733 0.7167
v 2.1785 -8.3302 0.9173
v 2.1785 -8.1976 0.9173
v 2.0996 -8.3058 0.1789
v 2.0996 -8.1470 0.1789
v 2.0297 -8.2592 0.0219
v 2.0297 -8.1247 0.0219
v 2.1956 -8.3302 1.0997
v 2.1956 -8.2240 1.0997
v 2.2038 -8.3261 1.2861
v 2.2038 -8.2321 1.2861
v 2.1900 -8.3346 1.5009
v 2.1900 -8.2545 1.5009
v 2.1334 -8.3297 1.7097
v 2.1334 -8.2447 1.7097
v 1.9453 -8.2204 -0.0828
v 1.9453 -8.1061 -0.0828
v 2.0601 -8.2942 1.8498
v 2.0601 -8.2232 1.8498
v 1.9791 -8.2591 1.9663
v 1.9791 -8.2034 1.9663
v 1.9014 -8.2227 2.0507
v 1.9014 -8.1769 2.0507
v 1.7934 -8.1942 2.1164
v 1.7934 -8.1464 2.1224
v 1.6718 -8.1828 2.1386
v 1.6718 -8.1341 2.1427
v 1.8659 -8.2017 -0.1335
v 1.8659 -8.0923 -0.1335
v 1.7595 -8.1870 -0.1537
v 1.7595 -8.0809 -0.1537
v 1.6211 -8.2009 -0.1267
v 1.6211 -8.0866 -0.1267
v 1.5081 -8.2342 -0.0535
v 1.5081 -8.1110 -0.0535
v 1.4619 -8.2798 0.0853
v 1.4619 -8.1363 0.0853
v 1.4522 -8.3069 0.2531
v 1.4522 -8.1465 0.2531
v 1.4838 -8.3187 0.4646
v 1.4806 -8.1634 0.4646
v 1.5267 -8.3220 0.6251
v 1.5205 -8.1515 0.6251
v 1.5290 -8.3254 0.8099
v 1.5122 -8.1397 0.8099
v 1.4787 -8.3271 0.9947
v 1.4546 -8.1498 0.9947
v 1.4013 -8.3271 1.1527
v 1.3850 -8.1684 1.1527
v 1.3097 -8.3365 1.2986
v 1.2984 -8.1908 1.2986
v 1.2859 -8.3434 1.4202
v 1.2859 -8.2193 1.4202
v 1.2892 -8.3462 1.6050
v 1.2892 -8.2414 1.6050
v 1.2917 -8.3254 1.7581
v 1.2917 -8.2146 1.7581
v 1.3278 -8.2751 1.9372
v 1.3231 -8.1816 1.9372
v 1.4126 -8.2075 2.0749
v 1.4120 -8.1458 2.0773
v 1.5591 -8.1856 2.1249
v 1.5585 -8.1226 2.1333
v 2.0902 -8.3281 0.5616
v 2.0899 -8.3261 0.3729
v 2.1155 -8.3362 0.7239
v 2.1483 -8.3342 0.9197
v 2.0750 -8.3099 0.1989
v 2.0101 -8.2633 0.0455
v 2.1641 -8.3342 1.0977
v 2.1718 -8.3302 1.2797
v 2.1478 -8.3339 1.4894
v 2.0948 -8.3245 1.6932
v 1.9318 -8.2245 -0.0568
v 2.0384 -8.2917 1.8300
v 1.9632 -8.2561 1.9437
v 1.8911 -8.2206 2.0261
v 1.7907 -8.1941 2.0886
v 1.6779 -8.1901 2.1133
v 1.8581 -8.2057 -0.1062
v 1.7594 -8.1911 -0.1260
v 1.6308 -8.2049 -0.0996
v 1.5259 -8.2383 -0.0282
v 1.4831 -8.2839 0.1075
v 1.4740 -8.3109 0.2712
v 1.5034 -8.3227 0.4777
v 1.5427 -8.3261 0.6344
v 1.5416 -8.3295 0.8148
v 1.5127 -8.3312 0.9952
v 1.4193 -8.3312 1.1495
v 1.3338 -8.3367 1.2919
v 1.3161 -8.3446 1.4106
v 1.3228 -8.3437 1.5910
v 1.3251 -8.3181 1.7405
v 1.3618 -8.2627 1.9087
v 1.4453 -8.1968 2.0487
v 1.5733 -8.1793 2.1002
v 1.6713 -8.2238 2.0376
v 1.7531 -8.2600 0.0282
v 1.7468 -8.3054 0.1874
v 1.7523 -8.3167 0.3416
v 1.7798 -8.3192 0.4958
v 1.8191 -8.3246 0.6500
v 1.8702 -8.3251 0.8042
v 1.8723 -8.3305 0.9263
v 1.8120 -8.3271 1.0889
v 1.7365 -8.3317 1.2481
v 1.6829 -8.3338 1.4108
v 1.6547 -8.3453 1.5531
v 1.6568 -8.3348 1.6904
v 1.6691 -8.3057 1.8311
v 2.1056 -8.1250 0.5596
v 2.1052 -8.1149 0.3700
v 2.1320 -8.1413 0.7225
v 2.1663 -8.1656 0.9193
v 2.0897 -8.1149 0.1952
v 2.0218 -8.0926 0.0412
v 2.1828 -8.1919 1.0981
v 2.1909 -8.2000 1.2809
v 2.1777 -8.2049 1.4916
v 2.1229 -8.1893 1.6962
v 1.9398 -8.0740 -0.0686
v 2.0513 -8.1632 1.8337
v 1.9726 -8.1373 1.9479
v 1.8972 -8.1125 2.0307
v 1.7923 -8.0778 2.1036
v 1.6742 -8.0563 2.1267
v 1.8628 -8.0602 -0.1183
v 1.7595 -8.0488 -0.1382
v 1.6250 -8.0545 -0.1117
v 1.5153 -8.0789 -0.0399
v 1.4704 -8.1043 0.1034
v 1.4610 -8.1144 0.2679
v 1.4885 -8.1313 0.4753
v 1.5236 -8.1195 0.6327
v 1.5123 -8.1076 0.8139
v 1.4627 -8.1178 0.9951
v 1.3923 -8.1363 1.1501
v 1.3127 -8.1583 1.2931
v 1.2981 -8.1712 1.4123
v 1.3028 -8.1820 1.5936
v 1.3052 -8.1513 1.7438
v 1.3353 -8.1118 1.9194
v 1.4215 -8.0773 2.0567
v 1.5643 -8.0481 2.1157
v 2.0943 -8.1356 0.5686
v 2.0979 -8.1287 0.3776
v 2.1181 -8.1516 0.7266
v 2.1509 -8.1756 0.9197
v 2.0781 -8.1267 0.2127
v 2.0175 -8.1044 0.0620
v 2.1760 -8.2037 1.0964
v 2.1839 -8.2118 1.2753
v 2.1712 -8.2079 1.4814
v 2.1172 -8.1889 1.6817
v 1.9369 -8.0859 -0.0457
v 2.0466 -8.1602 1.8162
v 1.9692 -8.1308 1.9280
v 1.8950 -8.1046 2.0090
v 1.7917 -8.0688 2.0803
v 1.6756 -8.0469 2.1030
v 1.8611 -8.0720 -0.0966
v 1.7594 -8.0606 -0.1160
v 1.6271 -8.0663 -0.0878
v 1.5192 -8.0908 -0.0175
v 1.4751 -8.1161 0.1229
v 1.4658 -8.1262 0.2839
v 1.4928 -8.1431 0.4869
v 1.5304 -8.1313 0.6409
v 1.5200 -8.1195 0.8182
v 1.4877 -8.1296 0.9956
v 1.4125 -8.1482 1.1472
v 1.3247 -8.1701 1.2872
v 1.3047 -8.1800 1.4039
v 1.3101 -8.1847 1.5812
v 1.3125 -8.1520 1.7282
v 1.3419 -8.1079 1.9003
v 1.4267 -8.0694 2.0346
v 1.5674 -8.0392 2.0922
v 2.0991 -8.0442 0.5686
v 2.0979 -8.0373 0.3776
v 2.1246 -8.0601 0.7266
v 2.1622 -8.0841 0.9197
v 2.0832 -8.0353 0.2045
v 2.0214 -8.0130 0.0538
v 2.1857 -8.1029 1.0964
v 2.1839 -8.1273 1.2753
v 2.1755 -8.1184 1.4814
v 2.1209 -8.0829 1.6836
v 1.9405 -7.9956 -0.0502
v 2.0466 -8.0524 1.8162
v 1.9692 -8.0188 1.9280
v 1.8950 -7.9968 2.0090
v 1.7917 -7.9661 2.0803
v 1.6756 -7.9594 2.1030
v 1.8589 -7.9815 -0.1039
v 1.7552 -7.9719 -0.1204
v 1.6294 -7.9774 -0.0917
v 1.5318 -7.9978 -0.0145
v 1.4755 -8.0246 0.1147
v 1.4560 -8.0348 0.2839
v 1.4715 -8.0516 0.4869
v 1.4999 -8.0545 0.6409
v 1.4852 -8.0560 0.8182
v 1.4137 -8.0567 0.9956
v 1.3529 -8.0661 1.1472
v 1.3078 -8.0787 1.2872
v 1.2949 -8.0871 1.4039
v 1.3101 -8.0854 1.5812
v 1.3125 -8.0516 1.7282
v 1.3419 -8.0117 1.9003
v 1.4267 -7.9728 2.0346
v 1.5674 -7.9583 2.0922
v 2.1121 -7.9676 0.5686
v 2.0979 -7.9662 0.3776
v 2.1437 -7.9750 0.7266
v 2.1804 -7.9990 0.9197
v 2.0945 -7.9502 0.1975
v 2.0344 -7.9262 0.0205
v 2.1938 -8.0178 1.0964
v 2.2031 -8.0253 1.2753
v 2.1837 -8.0333 1.4814
v 2.1131 -8.0125 1.6836
v 1.9457 -7.9092 -0.0762
v 2.0401 -7.9908 1.8162
v 1.9642 -7.9699 1.9143
v 1.8855 -7.9501 1.9953
v 1.7842 -7.9192 2.0624
v 1.6756 -7.9163 2.0880
v 1.8599 -7.8951 -0.1260
v 1.7551 -7.8855 -0.1389
v 1.6295 -7.8910 -0.1094
v 1.5349 -7.9110 -0.0296
v 1.4784 -7.9378 0.0954
v 1.4560 -7.9497 0.2839
v 1.4566 -7.9666 0.4869
v 1.4593 -7.9694 0.6409
v 1.4382 -7.9844 0.8146
v 1.3922 -7.9955 0.9956
v 1.3411 -8.0007 1.1472
v 1.2927 -8.0048 1.2872
v 1.2949 -8.0020 1.4039
v 1.3101 -8.0003 1.5812
v 1.3286 -7.9851 1.7282
v 1.3501 -7.9627 1.8866
v 1.4375 -7.9329 2.0209
v 1.5674 -7.9169 2.0716
v 1.6657 -7.9221 2.0064
v 1.7648 -7.9307 1.9028
v 1.5604 -7.9202 1.8913
v 1.8948 -7.9402 1.7942
v 1.6700 -7.9118 1.7954
v 1.4752 -7.9186 1.7502
v 2.1214 -7.8888 0.5686
v 2.0979 -7.8875 0.3776
v 2.1522 -7.8963 0.7266
v 2.1827 -7.9203 0.9197
v 2.0945 -7.8714 0.1975
v 2.0344 -7.8474 0.0205
v 2.1938 -7.9318 1.0964
v 2.1929 -7.9405 1.2753
v 2.1430 -7.9455 1.4814
v 2.0157 -7.9361 1.6836
v 1.9429 -7.8282 -0.0789
v 1.8596 -7.8141 -0.1268
v 1.7552 -7.8045 -0.1368
v 1.6300 -7.8100 -0.1113
v 1.5362 -7.8300 -0.0311
v 1.4784 -7.8590 0.0954
v 1.4560 -7.8709 0.2839
v 1.4470 -7.8878 0.4869
v 1.4282 -7.8906 0.6409
v 1.4154 -7.9057 0.8146
v 1.3922 -7.9168 0.9956
v 1.3343 -7.9219 1.1472
v 1.3013 -7.9261 1.2872
v 1.2949 -7.9233 1.4039
v 1.4026 -7.9220 1.5812
v 1.7614 -7.9055 1.7123
v 1.5884 -7.8957 1.6932
v 2.0911 -7.8006 0.5686
v 2.0903 -7.7993 0.3868
v 2.1049 -7.8081 0.7266
v 2.1246 -7.8321 0.9197
v 2.0595 -7.7832 0.2067
v 2.0008 -7.7638 0.0435
v 2.1272 -7.8436 1.0964
v 2.1127 -7.8633 1.2793
v 2.0097 -7.8826 1.4719
v 1.8989 -7.8962 1.6220
v 1.9225 -7.7426 -0.0628
v 1.8542 -7.7280 -0.1127
v 1.7539 -7.7188 -0.1246
v 1.6329 -7.7240 -0.1018
v 1.5427 -7.7443 -0.0225
v 1.4860 -7.7708 0.1046
v 1.4682 -7.7827 0.2931
v 1.4470 -7.7996 0.4869
v 1.4282 -7.8024 0.6409
v 1.4154 -7.8174 0.8146
v 1.3922 -7.8286 0.9956
v 1.3684 -7.8337 1.1472
v 1.3577 -7.8379 1.2872
v 1.4062 -7.8585 1.4198
v 1.4923 -7.8845 1.5758
v 1.6809 -7.8674 1.6086
v 1.9856 -7.6927 0.1323
v 1.9192 -7.6048 0.0725
v 1.8134 -7.4325 -0.0401
v 1.8758 -7.5033 0.0209
v 2.0127 -7.7154 0.2548
v 1.9965 -7.6560 0.4060
v 1.9663 -7.5601 0.5542
v 1.9337 -7.5209 0.6762
v 1.8628 -7.5349 0.8390
v 1.8493 -7.6278 0.9895
v 1.8596 -7.6856 1.1030
v 1.8615 -7.7531 1.2325
v 1.8505 -7.7924 1.4502
v 1.8494 -7.8618 1.5880
v 1.5303 -7.6941 0.1320
v 1.5575 -7.6048 0.0725
v 1.6386 -7.4325 -0.0456
v 1.5853 -7.5081 0.0203
v 1.4839 -7.7168 0.2545
v 1.4538 -7.6622 0.3948
v 1.4633 -7.5680 0.5521
v 1.4725 -7.5361 0.6762
v 1.5070 -7.5531 0.8390
v 1.5563 -7.6142 0.9895
v 1.5674 -7.6692 1.1278
v 1.5710 -7.7366 1.2773
v 1.5668 -7.7895 1.4414
v 1.5798 -7.8650 1.5880
v 1.7551 -7.4042 -0.0605
v 1.6969 -7.4042 -0.0605
v 1.9759 -7.6664 0.1315
v 1.9290 -7.5771 0.0606
v 1.8204 -7.4090 -0.0423
v 1.8886 -7.4800 0.0066
v 2.0139 -7.6891 0.2445
v 2.0133 -7.6251 0.4000
v 1.9785 -7.5405 0.5482
v 1.9432 -7.4994 0.6780
v 1.8515 -7.5134 0.8453
v 1.8442 -7.5912 1.0012
v 1.5127 -7.6518 0.1186
v 1.5469 -7.5695 0.0632
v 1.6345 -7.4048 -0.0618
v 1.5772 -7.4735 0.0021
v 1.4623 -7.6891 0.2445
v 1.4290 -7.6345 0.3892
v 1.4508 -7.5403 0.5502
v 1.4616 -7.5098 0.6780
v 1.5041 -7.5221 0.8453
v 1.5508 -7.5894 1.0000
v 1.7602 -7.3847 -0.0760
v 1.6951 -7.3816 -0.0860
v 1.9625 -7.6415 0.1406
v 1.9065 -7.5596 0.0792
v 1.8034 -7.3975 -0.0144
v 1.8430 -7.4746 0.0318
v 1.9976 -7.6702 0.2475
v 1.9955 -7.6086 0.4029
v 1.9528 -7.5299 0.5377
v 1.9150 -7.4844 0.6690
v 1.8236 -7.4984 0.8318
v 1.8187 -7.5870 0.9823
v 1.5309 -7.6417 0.1411
v 1.5609 -7.5446 0.0696
v 1.6433 -7.3873 -0.0465
v 1.5881 -7.4565 0.0168
v 1.4811 -7.6743 0.2422
v 1.4499 -7.6170 0.3875
v 1.4661 -7.5228 0.5448
v 1.4809 -7.4916 0.6650
v 1.5195 -7.4984 0.8318
v 1.5705 -7.5821 0.9830
v 1.7587 -7.3703 -0.0483
v 1.6983 -7.3590 -0.0622
v 1.9343 -7.6677 0.1495
v 1.9065 -7.5844 0.0885
v 1.8034 -7.4223 0.0156
v 1.8430 -7.4829 0.0446
v 1.9733 -7.6964 0.2472
v 1.9717 -7.6334 0.4029
v 1.9216 -7.5547 0.5377
v 1.8597 -7.5092 0.6690
v 1.7938 -7.5336 0.8318
v 1.8160 -7.6427 0.9733
v 1.5522 -7.6627 0.1480
v 1.5749 -7.5648 0.0901
v 1.6433 -7.4121 -0.0174
v 1.5881 -7.4981 0.0586
v 1.5000 -7.6964 0.2472
v 1.4688 -7.6334 0.4029
v 1.4781 -7.5651 0.5377
v 1.5076 -7.5164 0.6650
v 1.5389 -7.5232 0.8318
v 1.5884 -7.6185 0.9830
v 1.7533 -7.3838 -0.0269
v 1.6983 -7.3838 -0.0453
v 1.7432 -7.6409 -0.1074
v 1.7312 -7.5735 -0.0879
v 1.7140 -7.4939 -0.0720
v 1.9096 -7.6642 -0.0231
v 1.8445 -7.6490 -0.0862
v 1.6357 -7.6452 -0.0848
v 1.5606 -7.6660 -0.0064
v 1.8839 -7.5930 -0.0107
v 1.8244 -7.5820 -0.0657
v 1.6469 -7.5765 -0.0649
v 1.5879 -7.5904 -0.0027
v 1.6479 -7.5023 -0.0535
v 1.7888 -7.4952 -0.0598
v 1.8378 -7.4991 -0.0189
v 1.6109 -7.5035 -0.0142
v 1.8446 -7.4679 -0.0069
v 1.8553 -7.4423 -0.0168
v 1.8232 -7.4361 0.0044
v 1.8232 -7.4526 0.0301
v 2.0310 -7.7192 0.5916
v 2.0247 -7.7217 0.4305
v 2.0351 -7.7276 0.7527
v 2.0180 -7.7458 0.9534
v 2.0246 -7.7947 1.1274
v 2.0126 -7.8319 1.2870
v 1.4523 -7.7181 0.4550
v 1.4391 -7.7232 0.6374
v 1.4303 -7.7347 0.8078
v 1.4558 -7.7216 0.9986
v 1.4492 -7.7648 1.1744
v 1.4425 -7.8079 1.3009
v 1.6830 -7.8972 1.5979
v 1.8254 -7.7338 1.0517
v 1.8379 -7.7950 1.1859
v 1.8336 -7.8503 1.4275
v 1.8397 -7.9140 1.5745
v 1.6134 -7.7115 1.0910
v 1.5959 -7.7798 1.2537
v 1.5846 -7.8556 1.4186
v 1.5890 -7.8730 1.5745
v 1.4701 -7.6564 0.9016
v 1.4384 -7.6453 0.6243
v 1.4391 -7.6603 0.7454
v 1.4444 -7.6453 0.5081
v 1.4587 -7.6046 0.4734
v 1.4399 -7.5769 0.4696
v 1.4580 -7.5594 0.4661
v 1.4735 -7.5993 0.4703
v 1.9554 -7.6238 0.7500
v 1.9659 -7.6615 0.9102
v 1.9906 -7.6562 0.5157
v 1.9702 -7.6167 0.6211
v 1.9791 -7.6100 0.4752
v 1.9937 -7.5823 0.4705
v 1.9708 -7.5648 0.4670
v 1.9467 -7.5940 0.4703
v 1.8576 -7.8874 1.6033
v 1.7666 -7.9082 1.6281
v 1.6754 -7.9088 1.6304
v 1.5839 -7.8893 1.6104
v 1.8535 -7.8556 1.4533
v 1.7603 -7.8166 1.4781
v 1.6713 -7.8206 1.4805
v 1.5726 -7.8530 1.4604
v 1.8517 -7.8179 1.3038
v 1.7584 -7.7734 1.3286
v 1.6671 -7.7619 1.3309
v 1.5693 -7.8062 1.3109
v 1.8517 -7.7600 1.1613
v 1.7543 -7.7248 1.1861
v 1.6631 -7.7023 1.1885
v 1.5602 -7.7329 1.1684
v 1.8414 -7.6842 1.0303
v 1.7504 -7.6507 1.0551
v 1.6548 -7.6345 1.0574
v 1.5677 -7.6497 1.0374
v 1.8376 -7.6103 0.9063
v 1.7466 -7.5609 0.9311
v 1.6435 -7.5432 0.9285
v 1.5556 -7.5814 0.9134
v 1.8337 -7.5194 0.7985
v 1.7427 -7.4701 0.8147
v 1.6284 -7.4683 0.8338
v 1.5344 -7.5191 0.8304
v 1.8337 -7.5434 0.7734
v 1.7427 -7.4940 0.7896
v 1.6284 -7.4922 0.8087
v 1.5344 -7.5430 0.8053
v 1.9066 -7.8645 1.5705
v 1.5253 -7.8645 1.5705
v 1.9066 -7.8554 1.5398
v 1.5253 -7.8554 1.5398
v 1.9199 -7.8474 1.5475
v 1.9199 -7.8536 1.5684
v 1.7839 -7.8475 1.5755
v 1.6480 -7.8475 1.5755
v 1.5120 -7.8536 1.5684
v 1.5120 -7.8474 1.5475
v 1.6480 -7.8384 1.5448
v 1.7839 -7.8384 1.5448
v 1.7839 -7.8278 1.5760
v 1.7839 -7.8217 1.5551
v 1.6480 -7.8278 1.5760
v 1.6480 -7.8217 1.5551
v 1.9099 -7.8974 1.5608
v 1.5220 -7.8974 1.5608
v 1.9099 -7.8884 1.5300
v 1.5220 -7.8884 1.5300
v 1.9244 -7.8811 1.5376
v 1.9244 -7.8873 1.5584
v 1.5075 -7.8873 1.5584
v 1.5075 -7.8811 1.5376
v 1.8885 -7.8622 1.5362
v 1.5312 -7.8203 1.4098
v 1.8997 -7.8527 1.5077
v 1.5424 -7.8108 1.3813
v 1.9103 -7.8660 1.5198
v 1.9028 -7.8638 1.5391
v 1.7736 -7.8319 1.5011
v 1.6462 -7.8170 1.4560
v 1.5206 -7.8080 1.4039
v 1.5282 -7.8016 1.3846
v 1.6574 -7.8075 1.4276
v 1.7848 -7.8225 1.4726
v 1.7754 -7.8124 1.5025
v 1.7830 -7.8059 1.4832
v 1.6480 -7.7974 1.4574
v 1.6556 -7.7910 1.4381
v 1.6357 -7.5164 0.9165
v 1.6819 -7.5334 0.9461
v 1.6851 -7.5337 0.9041
v 1.5558 -7.5180 0.9781
v 1.6851 -7.5518 0.9293
v 1.6357 -7.5345 0.9417
v 1.4677 -7.4844 0.9728
v 1.4062 -7.4953 0.9594
v 1.8999 -7.8182 1.4110
v 1.5422 -7.8598 1.5365
v 1.8888 -7.8088 1.3825
v 1.5311 -7.8503 1.5080
v 1.9030 -7.8152 1.3858
v 1.9105 -7.8216 1.4052
v 1.7848 -7.8357 1.4500
v 1.6573 -7.8505 1.4948
v 1.5280 -7.8614 1.5394
v 1.5204 -7.8550 1.5200
v 1.6462 -7.8411 1.4663
v 1.7737 -7.8262 1.4215
v 1.7830 -7.8011 1.4514
v 1.7755 -7.7947 1.4321
v 1.6555 -7.8213 1.4962
v 1.6480 -7.8149 1.4768
v 1.5669 -7.5289 0.9457
v 1.6345 -7.5488 0.9351
v 1.5233 -7.5396 0.9381
v 1.6786 -7.5591 0.9277
v 1.4572 -7.5528 0.9348
v 1.4116 -7.5280 0.9476
v 1.6786 -7.5389 0.8994
v 1.6345 -7.5286 0.9068
v 1.8789 -7.7827 1.3982
v 1.5346 -7.7688 1.2581
v 1.8886 -7.7764 1.3706
v 1.5461 -7.7573 1.2305
v 1.8978 -7.7658 1.3831
v 1.8909 -7.7736 1.4019
v 1.7762 -7.7668 1.3591
v 1.6492 -7.7481 1.3142
v 1.5241 -7.7561 1.2531
v 1.5319 -7.7483 1.2343
v 1.6607 -7.7366 1.2866
v 1.7876 -7.7553 1.3315
v 1.7780 -7.7474 1.3620
v 1.7858 -7.7396 1.3432
v 1.6511 -7.7287 1.3171
v 1.6588 -7.7209 1.2984
v 1.8938 -7.8193 1.3861
v 1.4030 -7.5335 0.9470
v 1.9053 -7.8078 1.3584
v 1.4500 -7.5631 0.9313
v 1.9127 -7.8137 1.3712
v 1.9092 -7.8110 1.3899
v 1.5191 -7.5528 0.9324
v 1.5768 -7.5394 0.9418
v 1.9064 -7.8092 1.2743
v 1.5500 -7.7745 1.3829
v 1.8978 -7.7973 1.2458
v 1.5414 -7.7533 1.3544
v 1.9120 -7.7888 1.2509
v 1.9178 -7.7968 1.2702
v 1.7882 -7.7671 1.3148
v 1.6572 -7.7779 1.3484
v 1.5359 -7.7602 1.3853
v 1.5301 -7.7475 1.3660
v 1.6487 -7.7661 1.3199
v 1.7796 -7.7552 1.2863
v 1.7868 -7.7476 1.3175
v 1.7810 -7.7396 1.2981
v 1.6559 -7.7585 1.3511
v 1.6500 -7.7504 1.3318
v 1.6749 -7.5195 0.9143
v 1.5359 -7.8128 1.3705
v 1.5531 -7.5174 0.9432
v 1.5273 -7.8010 1.3420
v 1.4809 -7.4938 0.9397
v 1.4233 -7.4920 0.9275
v 1.5205 -7.8040 1.3730
v 1.5147 -7.7960 1.3536
v 1.8816 -7.6918 1.0946
v 1.5354 -7.6640 0.9656
v 1.8931 -7.6729 1.0714
v 1.5469 -7.6451 0.9424
v 1.9036 -7.6714 1.0850
v 1.8959 -7.6842 1.1007
v 1.7650 -7.6332 1.0629
v 1.6500 -7.6090 1.0253
v 1.5249 -7.6504 0.9644
v 1.5326 -7.6375 0.9486
v 1.6614 -7.5901 1.0021
v 1.7765 -7.6143 1.0398
v 1.7669 -7.6154 1.0712
v 1.7746 -7.6026 1.0555
v 1.6518 -7.5912 1.0335
v 1.6596 -7.5784 1.0178
v 1.8946 -7.7439 1.0738
v 1.4124 -7.4868 0.9268
v 1.9061 -7.7250 1.0506
v 1.4760 -7.4799 0.9395
v 1.9178 -7.7243 1.0640
v 1.9100 -7.7371 1.0798
v 1.5611 -7.5069 0.9459
v 1.6819 -7.5132 0.9179
v 1.9072 -7.7053 0.9792
v 1.5542 -7.6518 1.0817
v 1.8986 -7.6858 0.9552
v 1.5456 -7.6323 1.0578
v 1.9127 -7.6790 0.9625
v 1.9186 -7.6923 0.9788
v 1.7890 -7.6486 1.0289
v 1.6480 -7.6548 1.0569
v 1.5401 -7.6433 1.0868
v 1.5343 -7.6300 1.0706
v 1.6394 -7.6353 1.0330
v 1.7804 -7.6291 1.0049
v 1.7876 -7.6307 1.0370
v 1.7818 -7.6175 1.0208
v 1.6466 -7.6218 1.0651
v 1.6408 -7.6085 1.0489
v 1.5768 -7.5191 0.9136
v 1.5366 -7.6914 1.0607
v 1.5194 -7.5324 0.9042
v 1.5280 -7.6719 1.0367
v 1.4530 -7.5456 0.9012
v 1.4081 -7.5212 0.9147
v 1.5213 -7.6837 1.0656
v 1.5155 -7.6705 1.0493
v 1.8871 -7.7564 1.2394
v 1.5310 -7.7301 1.1086
v 1.8986 -7.7383 1.2156
v 1.5424 -7.7120 1.0848
v 1.9091 -7.7362 1.2292
v 1.9013 -7.7485 1.2453
v 1.7725 -7.7268 1.2068
v 1.6456 -7.6973 1.1682
v 1.5205 -7.7295 1.1070
v 1.5282 -7.7172 1.0908
v 1.6570 -7.6792 1.1444
v 1.7840 -7.7087 1.1830
v 1.7744 -7.7088 1.2145
v 1.7821 -7.6965 1.1984
v 1.6474 -7.6793 1.1758
v 1.6552 -7.6670 1.1597
v 1.8902 -7.7845 1.2195
v 1.4172 -7.4988 0.9569
v 1.9017 -7.7663 1.1957
v 1.4734 -7.4977 0.9695
v 1.9133 -7.7716 1.2092
v 1.9056 -7.7775 1.2253
v 1.5481 -7.5267 0.9720
v 1.6749 -7.5376 0.9395
v 1.9028 -7.7558 1.1225
v 1.5597 -7.7127 1.2262
v 1.8942 -7.7371 1.0980
v 1.5511 -7.6940 1.2017
v 1.9083 -7.7302 1.1051
v 1.9141 -7.7429 1.1217
v 1.7846 -7.7128 1.1646
v 1.6536 -7.7214 1.1936
v 1.5455 -7.7040 1.2310
v 1.5397 -7.6913 1.2144
v 1.6450 -7.7027 1.1690
v 1.7760 -7.6941 1.1401
v 1.7832 -7.6947 1.1722
v 1.7774 -7.6820 1.1555
v 1.6522 -7.7033 1.2012
v 1.6464 -7.6906 1.1845
v 1.5234 -7.5214 0.9130
v 1.5322 -7.7742 1.2061
v 1.5236 -7.7555 1.1815
v 1.4599 -7.5372 0.9079
v 1.5669 -7.5109 0.9205
v 1.5169 -7.7663 1.2107
v 1.5110 -7.7536 1.1941
v 1.4166 -7.5179 0.9185
v 1.7435 -7.5409 0.9506
v 1.7076 -7.5126 0.9171
v 1.6957 -7.5514 0.9288
v 1.8250 -7.4912 0.9734
v 1.7037 -7.5340 0.9044
v 1.7515 -7.5234 0.9262
v 1.9152 -7.5020 0.9983
v 1.9704 -7.5301 0.9846
v 1.8182 -7.5253 0.9440
v 1.7535 -7.5345 0.9151
v 1.8603 -7.5378 0.9445
v 1.7108 -7.5388 0.8993
v 1.9174 -7.5528 0.9430
v 1.9584 -7.5488 0.9613
v 1.7017 -7.5584 0.9266
v 1.7444 -7.5541 0.9424
v 1.9669 -7.5518 0.9561
v 1.9239 -7.5591 0.9334
v 1.8649 -7.5460 0.9336
v 1.8094 -7.5313 0.9331
v 1.7055 -7.5386 0.9409
v 1.8213 -7.5232 0.9897
v 1.8971 -7.5328 1.0090
v 1.9502 -7.5550 1.0017
v 1.9613 -7.5565 1.0055
v 1.9062 -7.5283 1.0194
v 1.8159 -7.5151 0.9970
v 1.6985 -7.5322 0.9445
v 1.8003 -7.5516 0.9599
v 1.8558 -7.5691 0.9580
v 1.9148 -7.5846 0.9553
v 1.9579 -7.5780 0.9771
v 1.9582 -7.5316 0.9830
v 1.9051 -7.5093 0.9903
v 1.8294 -7.5016 0.9688
v 1.7136 -7.5211 0.9166
v 1.8523 -7.5582 0.9665
v 1.9093 -7.5756 0.9625
v 1.8101 -7.5437 0.9677
v 1.9503 -7.5723 0.9800
v 1.6470 -7.5449 0.9796
v 1.6918 -7.5337 0.9524
v 1.6807 -7.5505 0.9287
v 1.6359 -7.5617 0.9559
v 1.4255 -7.5535 1.0223
v 1.5719 -7.5548 0.9787
v 1.6326 -7.5503 0.9454
v 1.5302 -7.5320 0.9841
v 1.6731 -7.5455 0.9246
v 1.4740 -7.5077 1.0002
v 1.4354 -7.5229 1.0170
v 1.6855 -7.5267 0.9512
v 1.6451 -7.5315 0.9720
v 1.4264 -7.5177 1.0163
v 1.4666 -7.4972 0.9976
v 1.5245 -7.5188 0.9778
v 1.5794 -7.5493 0.9684
v 1.4485 -7.5461 1.0492
v 1.4379 -7.5482 1.0544
v 1.5918 -7.5318 0.9958
v 1.5370 -7.5068 1.0081
v 1.4790 -7.4909 1.0295
v 1.4388 -7.5134 1.0486
v 1.4374 -7.5506 1.0206
v 1.5413 -7.5208 1.0108
v 1.4851 -7.5021 1.0287
v 1.5830 -7.5398 1.0035
v 1.4465 -7.5191 1.0458
v 1.7376 -7.5687 0.9303
v 1.6912 -7.5513 0.9098
v 1.6763 -7.5694 0.9302
v 1.7226 -7.5868 0.9507
v 1.9067 -7.6040 1.1013
v 1.7791 -7.5988 0.9916
v 1.7166 -7.5759 0.9605
v 1.8087 -7.5967 1.0274
v 1.6774 -7.5655 0.9393
v 1.8494 -7.5782 1.0678
v 1.8884 -7.5793 1.0915
v 1.6942 -7.5452 0.9165
v 1.7334 -7.5556 0.9377
v 1.8912 -7.5711 1.0975
v 1.8487 -7.5664 1.0734
v 1.8053 -7.5860 1.0359
v 1.7660 -7.5896 0.9914
v 1.9131 -7.6016 1.0657
v 1.9235 -7.5995 1.0711
v 1.7828 -7.5705 0.9677
v 1.8221 -7.5729 1.0083
v 1.8654 -7.5606 1.0434
v 1.9079 -7.5682 1.0671
v 1.8982 -7.6056 1.0927
v 1.8236 -7.5844 1.0032
v 1.8644 -7.5728 1.0411
v 1.7940 -7.5822 0.9700
v 1.9033 -7.5766 1.0644
v 1.7315 -7.5915 0.9669
v 1.7315 -7.5387 0.8791
v 1.6290 -7.5387 0.8791
v 1.6290 -7.5915 0.9669
v 1.7015 -7.5148 0.9766
v 1.7015 -7.4933 0.9409
v 1.6621 -7.4933 0.9409
v 1.6621 -7.5148 0.9766
vt 0.0800 0.2963
vt 0.0317 0.2963
vt 0.0317 0.2562
vt 0.0800 0.2562
vt 0.0800 0.2562
vt 0.0800 0.2963
vt 0.0317 0.2963
vt 0.0317 0.2562
vt 0.0800 0.3470
vt 0.0317 0.3470
vt 0.0317 0.4137
vt 0.0800 0.4137
vt 0.0317 0.4951
vt 0.0800 0.4951
vt 0.0317 0.5933
vt 0.0800 0.5933
vt 0.0800 0.7271
vt 0.0317 0.7271
vt 0.1260 0.7271
vt 0.1260 0.5933
vt 0.1735 0.5933
vt 0.1735 0.7271
vt 0.1260 0.4951
vt 0.1735 0.4951
vt 0.0800 0.5933
vt 0.1260 0.5933
vt 0.1260 0.7271
vt 0.0800 0.7271
vt 0.0800 0.7271
vt 0.0317 0.7271
vt 0.0317 0.5933
vt 0.0800 0.5933
vt 0.0317 0.5933
vt 0.0800 0.5933
vt 0.0800 0.7271
vt 0.0317 0.7271
vt 0.1735 0.7271
vt 0.1260 0.7271
vt 0.1260 0.5933
vt 0.1735 0.5933
vt 0.1735 0.5933
vt 0.1735 0.7271
vt 0.1260 0.5933
vt 0.1735 0.5933
vt 0.1735 0.7271
vt 0.1260 0.7271
vt 0.0317 0.7271
vt 0.0317 0.5933
vt 0.0800 0.7271
vt 0.0800 0.5933
vt 0.0800 0.7271
vt 0.0317 0.7271
vt 0.0317 0.5933
vt 0.0800 0.5933
vt 0.1260 0.7271
vt 0.1260 0.5933
vt 0.1735 0.7271
vt 0.1260 0.7271
vt 0.1260 0.5933
vt 0.1735 0.5933
vt 0.0317 0.4951
vt 0.0800 0.4951
vt 0.0800 0.4951
vt 0.1260 0.4951
vt 0.1735 0.4137
vt 0.1260 0.4137
vt 0.1260 0.4951
vt 0.0800 0.2963
vt 0.0800 0.3470
vt 0.0317 0.3470
vt 0.0317 0.2963
vt 0.1735 0.4951
vt 0.1735 0.4951
vt 0.0800 0.2963
vt 0.1260 0.2963
vt 0.1260 0.3470
vt 0.0800 0.3470
vt 0.1260 0.3470
vt 0.1735 0.3470
vt 0.1735 0.3470
vt 0.1735 0.2963
vt 0.0317 0.2963
vt 0.0800 0.2963
vt 0.0800 0.3470
vt 0.0317 0.3470
vt 0.1260 0.2963
vt 0.1735 0.2963
vt 0.1735 0.3470
vt 0.1260 0.3470
vt 0.0800 0.4137
vt 0.1260 0.4137
vt 0.1735 0.4137
vt 0.0800 0.4137
vt 0.0317 0.4137
vt 0.0317 0.2562
vt 0.0800 0.2562
vt 0.0800 0.2963
vt 0.0317 0.2963
vt 0.1735 0.4137
vt 0.1260 0.4137
vt 0.0800 0.4137
vt 0.1260 0.2963
vt 0.1735 0.2963
vt 0.0317 0.2562
vt 0.0800 0.2562
vt 0.1735 0.2562
vt 0.1260 0.2562
vt 0.1260 0.2562
vt 0.1735 0.2562
vt 0.0317 0.4951
vt 0.0317 0.4137
vt 0.0800 0.4137
vt 0.0800 0.4951
vt 0.1260 0.4951
vt 0.1735 0.4951
vt 0.1735 0.2963
vt 0.1735 0.3470
vt 0.1260 0.3470
vt 0.1260 0.2963
vt 0.1260 0.4137
vt 0.1260 0.3470
vt 0.1735 0.3470
vt 0.1735 0.4137
vt 0.1260 0.2963
vt 0.0800 0.2963
vt 0.0800 0.2562
vt 0.1260 0.2562
vt 0.1260 0.3470
vt 0.0800 0.3470
vt 0.0317 0.3470
vt 0.0317 0.2963
vt 0.1735 0.4951
vt 0.1260 0.4951
vt 0.1260 0.4951
vt 0.0800 0.4951
vt 0.0317 0.4951
vt 0.0317 0.5933
vt 0.0800 0.5933
vt 0.0800 0.7271
vt 0.0317 0.7271
vt 0.0800 0.4951
vt 0.0317 0.4951
vt 0.0800 0.4137
vt 0.0800 0.3470
vt 0.1260 0.3470
vt 0.1260 0.4137
vt 0.0800 0.2963
vt 0.1735 0.4137
vt 0.1260 0.4137
vt 0.1260 0.4137
vt 0.0800 0.4137
vt 0.0317 0.4137
vt 0.0800 0.4137
vt 0.0317 0.4137
vt 0.1260 0.2963
vt 0.1260 0.2562
vt 0.0317 0.3470
vt 0.1260 0.5933
vt 0.1260 0.7271
vt 0.0317 0.5933
vt 0.0317 0.7271
vt 0.1260 0.2562
vt 0.1735 0.2562
vt 0.1260 0.2963
vt 0.0800 0.2963
vt 0.0800 0.2562
vt 0.1260 0.2562
vt 0.1260 0.3470
vt 0.0800 0.3470
vt 0.0800 0.4137
vt 0.1735 0.2963
vt 0.1735 0.2562
vt 0.0800 0.4951
vt 0.0317 0.2562
vt 0.0800 0.5933
vt 0.0317 0.2963
vt 0.0317 0.2562
vt 0.0317 0.3470
vt 0.0317 0.4137
vt 0.0317 0.4951
vt 0.1260 0.3470
vt 0.1260 0.4137
vt 0.1260 0.4951
vt 0.0317 0.4951
vt 0.0317 0.4137
vt 0.0317 0.3470
vt 0.1735 0.2963
vt 0.1735 0.2562
vt 0.1735 0.3470
vt 0.1735 0.4137
vt 0.1735 0.4951
vt 0.1735 0.5933
vt 0.1735 0.7271
vt 0.1735 0.7486
vt 0.1260 0.7486
vt 0.0800 0.7486
vt 0.0317 0.7486
vt 0.0800 0.7486
vt 0.0317 0.7486
vt 0.0800 0.7486
vt 0.0317 0.7486
vt 0.1260 0.7486
vt 0.0800 0.7486
vt 0.0800 0.7486
vt 0.0317 0.7486
vt 0.1260 0.7486
vt 0.0800 0.7486
vt 0.1260 0.7486
vt 0.1260 0.7486
vt 0.1735 0.7486
vt 0.1260 0.7486
vt 0.0317 0.7486
vt 0.1735 0.7486
vt 0.1735 0.7486
vt 0.0317 0.7486
vt 0.1260 0.7486
vt 0.0317 0.7486
vt 0.1735 0.7486
vt 0.1735 0.7486
vt 0.0800 0.2963
vt 0.0800 0.2562
vt 0.0317 0.2562
vt 0.0317 0.2963
vt 0.0800 0.2562
vt 0.0317 0.2562
vt 0.0317 0.2963
vt 0.0800 0.2963
vt 0.0317 0.3470
vt 0.0800 0.3470
vt 0.0317 0.4137
vt 0.0800 0.4137
vt 0.0317 0.4951
vt 0.0800 0.4951
vt 0.0317 0.5933
vt 0.0800 0.5933
vt 0.0317 0.7271
vt 0.0800 0.7271
vt 0.1260 0.7271
vt 0.1260 0.5933
vt 0.1735 0.7271
vt 0.1735 0.5933
vt 0.1735 0.4951
vt 0.1260 0.4951
vt 0.0800 0.5933
vt 0.0800 0.7271
vt 0.1260 0.7271
vt 0.1260 0.5933
vt 0.0800 0.7271
vt 0.0800 0.5933
vt 0.0317 0.5933
vt 0.0317 0.7271
vt 0.0317 0.5933
vt 0.0317 0.7271
vt 0.0800 0.7271
vt 0.0800 0.5933
vt 0.1735 0.7271
vt 0.1735 0.5933
vt 0.1260 0.5933
vt 0.1260 0.7271
vt 0.1735 0.7271
vt 0.1735 0.5933
vt 0.1260 0.5933
vt 0.1260 0.7271
vt 0.1735 0.7271
vt 0.1735 0.5933
vt 0.0317 0.5933
vt 0.0317 0.7271
vt 0.0800 0.5933
vt 0.0800 0.7271
vt 0.0800 0.7271
vt 0.0800 0.5933
vt 0.0317 0.5933
vt 0.0317 0.7271
vt 0.1260 0.7271
vt 0.1260 0.5933
vt 0.1735 0.7271
vt 0.1735 0.5933
vt 0.1260 0.5933
vt 0.1260 0.7271
vt 0.0800 0.4951
vt 0.0317 0.4951
vt 0.1260 0.4951
vt 0.0800 0.4951
vt 0.1735 0.4137
vt 0.1260 0.4137
vt 0.1260 0.4951
vt 0.0800 0.2963
vt 0.0317 0.2963
vt 0.0317 0.3470
vt 0.0800 0.3470
vt 0.1735 0.4951
vt 0.1735 0.4951
vt 0.0800 0.2963
vt 0.0800 0.3470
vt 0.1260 0.3470
vt 0.1260 0.2963
vt 0.1735 0.3470
vt 0.1260 0.3470
vt 0.1735 0.3470
vt 0.1735 0.2963
vt 0.0317 0.2963
vt 0.0317 0.3470
vt 0.0800 0.3470
vt 0.0800 0.2963
vt 0.1260 0.2963
vt 0.1260 0.3470
vt 0.1735 0.3470
vt 0.1735 0.2963
vt 0.0800 0.4137
vt 0.1260 0.4137
vt 0.1735 0.4137
vt 0.0800 0.4137
vt 0.0317 0.4137
vt 0.0317 0.2562
vt 0.0317 0.2963
vt 0.0800 0.2963
vt 0.0800 0.2562
vt 0.1735 0.4137
vt 0.1260 0.4137
vt 0.0800 0.4137
vt 0.1735 0.2963
vt 0.1260 0.2963
vt 0.0800 0.2562
vt 0.0317 0.2562
vt 0.1735 0.2562
vt 0.1260 0.2562
vt 0.1735 0.2562
vt 0.1260 0.2562
vt 0.0317 0.4951
vt 0.0800 0.4951
vt 0.0800 0.4137
vt 0.0317 0.4137
vt 0.1735 0.4951
vt 0.1260 0.4951
vt 0.1735 0.2963
vt 0.1260 0.2963
vt 0.1260 0.3470
vt 0.1735 0.3470
vt 0.1260 0.4137
vt 0.1735 0.4137
vt 0.1735 0.3470
vt 0.1260 0.3470
vt 0.1260 0.2963
vt 0.1260 0.2562
vt 0.0800 0.2562
vt 0.0800 0.2963
vt 0.0800 0.3470
vt 0.1260 0.3470
vt 0.0317 0.2963
vt 0.0317 0.3470
vt 0.1735 0.4951
vt 0.1260 0.4951
vt 0.1260 0.4951
vt 0.0800 0.4951
vt 0.0317 0.4951
vt 0.0317 0.5933
vt 0.0317 0.7271
vt 0.0800 0.7271
vt 0.0800 0.5933
vt 0.0800 0.4951
vt 0.0317 0.4951
vt 0.0800 0.4137
vt 0.1260 0.4137
vt 0.1260 0.3470
vt 0.0800 0.3470
vt 0.0800 0.2963
vt 0.1735 0.4137
vt 0.1260 0.4137
vt 0.1260 0.4137
vt 0.0800 0.4137
vt 0.0317 0.4137
vt 0.0800 0.4137
vt 0.0317 0.4137
vt 0.1260 0.2963
vt 0.1260 0.2562
vt 0.0317 0.3470
vt 0.1260 0.7271
vt 0.1260 0.5933
vt 0.0317 0.5933
vt 0.0317 0.7271
vt 0.1735 0.2562
vt 0.1260 0.2562
vt 0.1260 0.2963
vt 0.1260 0.2562
vt 0.0800 0.2562
vt 0.0800 0.2963
vt 0.1260 0.3470
vt 0.0800 0.3470
vt 0.0800 0.4137
vt 0.1735 0.2963
vt 0.1735 0.2562
vt 0.0800 0.4951
vt 0.0317 0.2562
vt 0.0800 0.5933
vt 0.0317 0.2562
vt 0.0317 0.2963
vt 0.0317 0.3470
vt 0.0317 0.4137
vt 0.0317 0.4951
vt 0.1260 0.3470
vt 0.1260 0.4137
vt 0.1260 0.4951
vt 0.0317 0.4951
vt 0.0317 0.4137
vt 0.0317 0.3470
vt 0.1735 0.2963
vt 0.1735 0.2562
vt 0.1735 0.3470
vt 0.1735 0.4137
vt 0.1735 0.4951
vt 0.1735 0.5933
vt 0.1735 0.7271
vt 0.1260 0.7486
vt 0.1735 0.7486
vt 0.0317 0.7486
vt 0.0800 0.7486
vt 0.0317 0.7486
vt 0.0800 0.7486
vt 0.0317 0.7486
vt 0.0800 0.7486
vt 0.0800 0.7486
vt 0.1260 0.7486
vt 0.0317 0.7486
vt 0.0800 0.7486
vt 0.0800 0.7486
vt 0.1260 0.7486
vt 0.1260 0.7486
vt 0.1260 0.7486
vt 0.1735 0.7486
vt 0.1260 0.7486
vt 0.0317 0.7486
vt 0.1735 0.7486
vt 0.1735 0.7486
vt 0.0317 0.7486
vt 0.1260 0.7486
vt 0.0317 0.7486
vt 0.1735 0.7486
vt 0.1735 0.7486
vt 0.5083 0.8738
vt 0.5089 0.9041
vt 0.4603 0.9041
vt 0.4594 0.8738
vt 0.5510 0.8738
vt 0.5516 0.9041
vt 0.6026 0.8738
vt 0.6025 0.9041
vt 0.4162 0.9041
vt 0.4139 0.8738
vt 0.3753 0.9041
vt 0.3706 0.8738
vt 0.6489 0.8738
vt 0.6492 0.9041
vt 0.6964 0.8738
vt 0.6970 0.9041
vt 0.7518 0.8738
vt 0.7528 0.9041
vt 0.8091 0.8738
vt 0.8102 0.9041
vt 0.3452 0.9041
vt 0.3380 0.8738
vt 0.8515 0.8738
vt 0.8517 0.9041
vt 0.8888 0.8738
vt 0.8883 0.9041
vt 0.9179 0.8738
vt 0.9167 0.9041
vt 0.9488 0.8738
vt 0.9465 0.9041
vt 0.9752 0.8738
vt 0.9717 0.9041
vt 0.3257 0.9041
vt 0.3161 0.8738
vt 0.3038 0.9041
vt 0.2917 0.8738
vt 0.9752 0.9347
vt 0.9629 0.9658
vt 0.9333 0.9658
vt 0.9424 0.9347
vt 0.9057 0.9658
vt 0.9087 0.9347
vt 0.8705 0.9658
vt 0.8699 0.9347
vt 0.8277 0.9658
vt 0.8254 0.9347
vt 0.7712 0.9658
vt 0.7701 0.9347
vt 0.7269 0.9658
vt 0.7281 0.9347
vt 0.6795 0.9658
vt 0.6823 0.9347
vt 0.6307 0.9658
vt 0.6348 0.9347
vt 0.5873 0.9658
vt 0.5910 0.9347
vt 0.5458 0.9658
vt 0.5477 0.9347
vt 0.5158 0.9658
vt 0.5162 0.9347
vt 0.4671 0.9658
vt 0.4691 0.9347
vt 0.4251 0.9658
vt 0.4285 0.9347
vt 0.3791 0.9658
vt 0.3802 0.9347
vt 0.3397 0.9658
vt 0.3378 0.9347
vt 0.3110 0.9658
vt 0.3064 0.9347
vt 0.2839 0.9347
vt 0.2885 0.9658
vt 0.4585 0.4243
vt 0.4428 0.4632
vt 0.4383 0.4650
vt 0.4531 0.4269
vt 0.2970 0.4252
vt 0.3036 0.3768
vt 0.3096 0.3816
vt 0.3032 0.4288
vt 0.2475 0.6616
vt 0.2511 0.6069
vt 0.2594 0.6062
vt 0.2584 0.6600
vt 0.4643 0.7571
vt 0.4483 0.8023
vt 0.4413 0.7958
vt 0.4565 0.7515
vt 0.4733 0.3723
vt 0.4672 0.3761
vt 0.3135 0.3324
vt 0.3364 0.2935
vt 0.3406 0.3002
vt 0.3190 0.3383
vt 0.2592 0.5604
vt 0.2672 0.5609
vt 0.4699 0.7175
vt 0.4620 0.7128
vt 0.3550 0.8526
vt 0.3255 0.8414
vt 0.3272 0.8348
vt 0.3544 0.8456
vt 0.4767 0.3293
vt 0.4706 0.3342
vt 0.2694 0.5152
vt 0.2770 0.5168
vt 0.4767 0.6707
vt 0.4695 0.6672
vt 0.4700 0.2910
vt 0.4646 0.2968
vt 0.3010 0.8168
vt 0.3045 0.8110
vt 0.4746 0.6392
vt 0.4687 0.6367
vt 0.3837 0.8522
vt 0.3809 0.8451
vt 0.2844 0.7911
vt 0.2893 0.7859
vt 0.4442 0.2672
vt 0.4408 0.2737
vt 0.4567 0.5997
vt 0.4522 0.5984
vt 0.3614 0.2684
vt 0.3640 0.2754
vt 0.2682 0.7567
vt 0.2743 0.7524
vt 0.4106 0.2551
vt 0.4097 0.2621
vt 0.2849 0.4661
vt 0.2916 0.4688
vt 0.4426 0.5576
vt 0.4340 0.5566
vt 0.3831 0.2574
vt 0.3842 0.2646
vt 0.2546 0.7167
vt 0.2649 0.7137
vt 0.4362 0.5095
vt 0.4327 0.5104
vt 0.4205 0.8390
vt 0.4152 0.8320
vt 0.3592 0.8211
vt 0.3669 0.7650
vt 0.3748 0.7278
vt 0.3800 0.6926
vt 0.3776 0.6555
vt 0.3695 0.6127
vt 0.3558 0.5703
vt 0.3460 0.5275
vt 0.3506 0.4969
vt 0.3684 0.4599
vt 0.3833 0.4225
vt 0.3952 0.3847
vt 0.4017 0.3461
vt 0.4056 0.3045
vt 0.6486 0.9164
vt 0.6027 0.9164
vt 0.3296 0.9164
vt 0.3090 0.9164
vt 0.9418 0.9164
vt 0.9127 0.9164
vt 0.6781 0.9789
vt 0.6310 0.9789
vt 0.3486 0.9164
vt 0.3431 0.9789
vt 0.3154 0.9789
vt 0.7244 0.9789
vt 0.8850 0.9164
vt 0.3816 0.9789
vt 0.8492 0.9164
vt 0.7680 0.9789
vt 0.5528 0.9164
vt 0.4269 0.9789
vt 0.4201 0.9164
vt 0.3795 0.9164
vt 0.8084 0.9164
vt 0.8244 0.9789
vt 0.4694 0.9789
vt 0.5111 0.9164
vt 0.8665 0.9789
vt 0.4634 0.9164
vt 0.5179 0.9789
vt 0.7512 0.9164
vt 0.9033 0.9789
vt 0.2946 0.9789
vt 0.5479 0.9789
vt 0.9299 0.9789
vt 0.6960 0.9164
vt 0.5882 0.9789
vt 0.9577 0.9789
vt 0.9655 0.9164
vt 0.8044 0.9232
vt 0.7485 0.9232
vt 0.6320 0.9859
vt 0.5898 0.9859
vt 0.3539 0.9232
vt 0.3342 0.9232
vt 0.3482 0.9859
vt 0.3200 0.9859
vt 0.7647 0.9859
vt 0.7223 0.9859
vt 0.6486 0.9232
vt 0.6032 0.9232
vt 0.9072 0.9232
vt 0.8797 0.9232
vt 0.4733 0.9859
vt 0.4314 0.9859
vt 0.5541 0.9232
vt 0.8982 0.9859
vt 0.8613 0.9859
vt 0.3846 0.9232
vt 0.5493 0.9859
vt 0.2992 0.9859
vt 0.3138 0.9232
vt 0.6947 0.9232
vt 0.6773 0.9859
vt 0.9365 0.9232
vt 0.3866 0.9859
vt 0.8201 0.9859
vt 0.4654 0.9232
vt 0.4244 0.9232
vt 0.8445 0.9232
vt 0.5200 0.9859
vt 0.5137 0.9232
vt 0.9533 0.9859
vt 0.9252 0.9859
vt 0.9600 0.9232
vt 0.7997 0.0086
vt 0.8445 0.0055
vt 0.8424 0.0304
vt 0.7983 0.0313
vt 0.2685 0.0074
vt 0.3089 0.0074
vt 0.3091 0.0314
vt 0.2686 0.0287
vt 0.8175 0.6806
vt 0.7978 0.6564
vt 0.8096 0.6424
vt 0.8289 0.6635
vt 0.8282 0.4496
vt 0.8569 0.4214
vt 0.8696 0.4422
vt 0.8411 0.4697
vt 0.7511 0.0109
vt 0.7498 0.0334
vt 0.4013 0.0116
vt 0.4383 0.0146
vt 0.4410 0.0378
vt 0.4051 0.0343
vt 0.5516 0.0148
vt 0.5847 0.0121
vt 0.5821 0.0341
vt 0.5507 0.0365
vt 0.0899 0.0134
vt 0.1329 0.0112
vt 0.1291 0.0372
vt 0.0914 0.0372
vt 0.5033 0.0199
vt 0.5290 0.0174
vt 0.5275 0.0393
vt 0.5026 0.0413
vt 0.7721 0.5926
vt 0.7721 0.5627
vt 0.7849 0.5649
vt 0.7856 0.5900
vt 0.2231 0.0106
vt 0.2223 0.0293
vt 0.8891 0.0080
vt 0.8867 0.0286
vt 0.7802 0.6249
vt 0.7935 0.6159
vt 0.7992 0.4861
vt 0.8120 0.5014
vt 0.6245 0.0096
vt 0.6648 0.0116
vt 0.6635 0.0339
vt 0.6213 0.0317
vt 0.3608 0.0116
vt 0.3618 0.0349
vt 0.8746 0.7377
vt 0.8438 0.7084
vt 0.8548 0.6894
vt 0.8865 0.7163
vt 0.0590 0.0146
vt 0.0616 0.0381
vt 0.7116 0.0124
vt 0.7103 0.0348
vt 0.4702 0.0196
vt 0.4718 0.0412
vt 0.9397 0.0153
vt 0.9363 0.0376
vt 0.1767 0.0091
vt 0.1722 0.0359
vt 0.7789 0.5249
vt 0.7927 0.5338
vt 0.0131 0.0211
vt 0.0162 0.0448
vt 0.9892 0.0325
vt 0.9857 0.0547
vt 0.8406 0.0512
vt 0.7973 0.0525
vt 0.3094 0.0540
vt 0.2688 0.0532
vt 0.8179 0.6334
vt 0.8377 0.6537
vt 0.8813 0.4618
vt 0.8498 0.4849
vt 0.4459 0.0588
vt 0.4119 0.0556
vt 0.7492 0.0548
vt 0.5759 0.0546
vt 0.5472 0.0567
vt 0.1293 0.0544
vt 0.0925 0.0559
vt 0.5258 0.0593
vt 0.5030 0.0615
vt 0.7952 0.5652
vt 0.7951 0.5882
vt 0.2222 0.0521
vt 0.8837 0.0536
vt 0.8212 0.5093
vt 0.8025 0.6098
vt 0.6624 0.0513
vt 0.6188 0.0521
vt 0.3629 0.0570
vt 0.8621 0.6747
vt 0.8949 0.6990
vt 0.0642 0.0592
vt 0.7095 0.0539
vt 0.4746 0.0615
vt 0.9329 0.0578
vt 0.1719 0.0532
vt 0.8009 0.5388
vt 0.0195 0.0667
vt 0.9832 0.0722
vt 0.8132 0.5836
vt 0.8342 0.5549
vt 0.8392 0.6037
vt 0.8613 0.5250
vt 0.8686 0.6346
vt 0.8625 0.5763
vt 0.1297 0.0748
vt 0.0934 0.0743
vt 0.6172 0.0707
vt 0.5745 0.0719
vt 0.5456 0.0741
vt 0.5255 0.0764
vt 0.2228 0.0741
vt 0.1733 0.0745
vt 0.7959 0.0716
vt 0.7482 0.0741
vt 0.3098 0.0749
vt 0.2690 0.0755
vt 0.7086 0.0736
vt 0.6610 0.0706
vt 0.4141 0.0753
vt 0.3643 0.0779
vt 0.9317 0.0816
vt 0.8816 0.0741
vt 0.4762 0.0793
vt 0.4483 0.0777
vt 0.0667 0.0784
vt 0.8388 0.0720
vt 0.5036 0.0789
vt 0.9852 0.1032
vt 0.0189 0.0990
vt 0.8998 0.6654
vt 0.8961 0.4913
vt 0.0970 0.1011
vt 0.0625 0.1096
vt 0.5250 0.0945
vt 0.5041 0.0971
vt 0.1750 0.0987
vt 0.1329 0.0994
vt 0.5730 0.0928
vt 0.5430 0.0929
vt 0.2700 0.0982
vt 0.2244 0.0976
vt 0.7061 0.0966
vt 0.6614 0.0927
vt 0.9331 0.1171
vt 0.8821 0.1009
vt 0.8880 0.5965
vt 0.9161 0.6313
vt 0.3638 0.1026
vt 0.3103 0.0982
vt 0.8367 0.0991
vt 0.7928 0.0973
vt 0.6154 0.0941
vt 0.4506 0.0978
vt 0.4158 0.0982
vt 0.0185 0.1248
vt 0.4779 0.0980
vt 0.7449 0.0982
vt 0.9741 0.1360
vt 0.9073 0.5153
vt 0.8842 0.5495
vt 0.9148 0.5689
vt 0.9265 0.6156
vt 0.9122 0.5395
vt 0.9664 0.1513
vt 0.9306 0.1585
vt 0.1903 0.1730
vt 0.2273 0.1674
vt 0.2286 0.1755
vt 0.1983 0.1761
vt 0.6229 0.1181
vt 0.6192 0.1248
vt 0.5849 0.1246
vt 0.5884 0.1177
vt 0.7969 0.1885
vt 0.7853 0.1928
vt 0.7568 0.1927
vt 0.7572 0.1867
vt 0.2647 0.1642
vt 0.2933 0.1564
vt 0.2941 0.1634
vt 0.2654 0.1706
vt 0.5061 0.1612
vt 0.5060 0.1650
vt 0.4975 0.1654
vt 0.4972 0.1606
vt 0.7216 0.1736
vt 0.7199 0.1781
vt 0.6940 0.1654
vt 0.6965 0.1610
vt 0.3342 0.1353
vt 0.3773 0.1217
vt 0.3790 0.1325
vt 0.3356 0.1454
vt 0.4865 0.1589
vt 0.4886 0.1638
vt 0.6626 0.1362
vt 0.6597 0.1448
vt 0.4429 0.1389
vt 0.4666 0.1515
vt 0.4710 0.1578
vt 0.4474 0.1474
vt 0.5598 0.1341
vt 0.5576 0.1412
vt 0.5360 0.1545
vt 0.5369 0.1488
vt 0.4167 0.1231
vt 0.4212 0.1363
vt 0.3123 0.1482
vt 0.3136 0.1564
vt 0.5175 0.1583
vt 0.5175 0.1627
vt 0.6793 0.1485
vt 0.6768 0.1555
vt 0.5274 0.1533
vt 0.5268 0.1590
vt 0.5843 0.1324
vt 0.5589 0.1492
vt 0.4710 0.1624
vt 0.4502 0.1540
vt 0.5072 0.1699
vt 0.4980 0.1697
vt 0.4178 0.1441
vt 0.4889 0.1678
vt 0.7536 0.1993
vt 0.7180 0.1846
vt 0.2682 0.1764
vt 0.2323 0.1808
vt 0.6756 0.1621
vt 0.6599 0.1505
vt 0.5270 0.1669
vt 0.5180 0.1688
vt 0.3367 0.1526
vt 0.3140 0.1623
vt 0.6182 0.1318
vt 0.3818 0.1389
vt 0.7846 0.1967
vt 0.1986 0.1798
vt 0.6910 0.1713
vt 0.2952 0.1690
vt 0.5375 0.1644
vt 0.6148 0.1411
vt 0.5892 0.1413
vt 0.4826 0.1704
vt 0.4597 0.1630
vt 0.4135 0.1510
vt 0.3833 0.1477
vt 0.5250 0.1725
vt 0.5092 0.1745
vt 0.7977 0.2030
vt 0.7564 0.2090
vt 0.2301 0.1866
vt 0.1893 0.1852
vt 0.7169 0.1983
vt 0.6861 0.1794
vt 0.6544 0.1566
vt 0.3030 0.1767
vt 0.2694 0.1849
vt 0.5651 0.1489
vt 0.5407 0.1650
vt 0.3381 0.1601
vt 0.4431 0.1570
vt 0.4965 0.1752
vt 0.6698 0.1686
vt 0.5334 0.1691
vt 0.3211 0.1697
vt 0.4793 0.1153
vt 0.4544 0.1166
vt 0.5447 0.1125
vt 0.5245 0.1121
vt 0.5027 0.1139
vt 0.4823 0.1306
vt 0.4630 0.1335
vt 0.5391 0.1288
vt 0.5213 0.1274
vt 0.5009 0.1287
vt 0.4851 0.1461
vt 0.4986 0.1451
vt 0.5135 0.1452
vt 0.5262 0.1467
vt 0.4746 0.1493
vt 0.8861 0.1252
vt 0.8442 0.1279
vt 0.7968 0.1328
vt 0.7477 0.1247
vt 0.7089 0.1217
vt 0.6697 0.1187
vt 0.1289 0.1290
vt 0.0936 0.1238
vt 0.1799 0.1328
vt 0.2289 0.1193
vt 0.2720 0.1185
vt 0.3188 0.1195
vt 0.9239 0.5681
vt 0.9399 0.6097
vt 0.9169 0.5408
vt 0.0131 0.1483
vt 0.0556 0.1534
vt 0.0513 0.1715
vt 0.0145 0.1529
vt 0.1001 0.1631
vt 0.0990 0.1779
vt 0.1441 0.1700
vt 0.1449 0.1893
vt 0.9717 0.1636
vt 0.9337 0.1736
vt 0.8711 0.1906
vt 0.8753 0.1732
vt 0.8343 0.2015
vt 0.8356 0.1807
vt 0.2086 0.1452
vt 0.2760 0.1376
vt 0.2465 0.1361
vt 0.3043 0.1374
vt 0.7808 0.1542
vt 0.7422 0.1551
vt 0.7128 0.1502
vt 0.6893 0.1379
vt 0.7388 0.8589
vt 0.7315 0.8331
vt 0.7761 0.8331
vt 0.7778 0.8589
vt 0.7318 0.8084
vt 0.7761 0.8084
vt 0.7396 0.7824
vt 0.7788 0.7824
vt 0.8158 0.8331
vt 0.8170 0.8589
vt 0.8173 0.8084
vt 0.8186 0.7824
vt 0.8550 0.8331
vt 0.8562 0.8589
vt 0.8575 0.8084
vt 0.8595 0.7824
vt 0.8942 0.8331
vt 0.8951 0.8589
vt 0.8962 0.8084
vt 0.8994 0.7824
vt 0.9329 0.8331
vt 0.9318 0.8589
vt 0.9364 0.8084
vt 0.9362 0.7824
vt 0.9660 0.8331
vt 0.9667 0.8589
vt 0.9642 0.8084
vt 0.9638 0.7824
vt 0.9722 0.7824
vt 0.9724 0.8084
vt 0.9735 0.8331
vt 0.9744 0.8589
vt 0.0281 0.8553
vt 0.0281 0.7972
vt 0.0336 0.7972
vt 0.0336 0.8553
vt 0.0281 0.9715
vt 0.0281 0.9134
vt 0.0336 0.9134
vt 0.0336 0.9715
vt 0.0133 0.9715
vt 0.0133 0.9134
vt 0.0188 0.9134
vt 0.0188 0.9715
vt 0.0133 0.8553
vt 0.0188 0.8553
vt 0.0133 0.7972
vt 0.0188 0.7972
vt 0.0188 0.7859
vt 0.0281 0.7859
vt 0.0133 0.7859
vt 0.0281 0.9829
vt 0.0188 0.9829
vt 0.0336 0.9829
vt 0.0336 0.7859
vt 0.0133 0.9829
vt 0.0281 0.8553
vt 0.0281 0.7972
vt 0.0336 0.7972
vt 0.0336 0.8553
vt 0.0281 0.9715
vt 0.0281 0.9134
vt 0.0336 0.9134
vt 0.0336 0.9715
vt 0.0133 0.9715
vt 0.0133 0.9134
vt 0.0188 0.9134
vt 0.0188 0.9715
vt 0.0133 0.8553
vt 0.0188 0.8553
vt 0.0133 0.7972
vt 0.0188 0.7972
vt 0.0741 0.9065
vt 0.0636 0.9072
vt 0.0636 0.8883
vt 0.0741 0.8886
vt 0.0741 0.9566
vt 0.0636 0.9561
vt 0.0636 0.9464
vt 0.0741 0.9465
vt 0.0586 0.9295
vt 0.0636 0.9307
vt 0.0636 0.9464
vt 0.0586 0.9449
vt 0.0586 0.8368
vt 0.0636 0.8380
vt 0.0636 0.8672
vt 0.0586 0.8663
vt 0.0741 0.9305
vt 0.0636 0.9307
vt 0.0636 0.9168
vt 0.0741 0.9162
vt 0.0783 0.8907
vt 0.0741 0.8886
vt 0.0741 0.8676
vt 0.0783 0.8670
vt 0.0281 0.8553
vt 0.0281 0.7972
vt 0.0336 0.7972
vt 0.0336 0.8553
vt 0.0281 0.9715
vt 0.0281 0.9134
vt 0.0336 0.9134
vt 0.0336 0.9715
vt 0.0133 0.9715
vt 0.0133 0.9134
vt 0.0188 0.9134
vt 0.0188 0.9715
vt 0.0133 0.8553
vt 0.0188 0.8553
vt 0.0133 0.7972
vt 0.0188 0.7972
vt 0.0783 0.9080
vt 0.0783 0.8907
vt 0.0866 0.8905
vt 0.0866 0.9074
vt 0.0783 0.9293
vt 0.0783 0.9166
vt 0.0866 0.9168
vt 0.0866 0.9298
vt 0.0586 0.8901
vt 0.0586 0.9086
vt 0.0586 0.9581
vt 0.0783 0.9588
vt 0.0783 0.9450
vt 0.0866 0.9455
vt 0.0866 0.9594
vt 0.0281 0.8553
vt 0.0281 0.7972
vt 0.0336 0.7972
vt 0.0336 0.8553
vt 0.0281 0.9715
vt 0.0281 0.9134
vt 0.0336 0.9134
vt 0.0336 0.9715
vt 0.0133 0.9715
vt 0.0133 0.9134
vt 0.0188 0.9134
vt 0.0188 0.9715
vt 0.0133 0.8553
vt 0.0188 0.8553
vt 0.0133 0.7972
vt 0.0188 0.7972
vt 0.0741 0.9847
vt 0.0636 0.9847
vt 0.0636 0.9718
vt 0.0741 0.9723
vt 0.0281 0.9829
vt 0.0188 0.9829
vt 0.0336 0.9829
vt 0.0133 0.9829
vt 0.0281 0.8553
vt 0.0281 0.7972
vt 0.0336 0.7972
vt 0.0336 0.8553
vt 0.0281 0.9715
vt 0.0281 0.9134
vt 0.0336 0.9134
vt 0.0336 0.9715
vt 0.0133 0.9715
vt 0.0133 0.9134
vt 0.0188 0.9134
vt 0.0188 0.9715
vt 0.0133 0.8553
vt 0.0188 0.8553
vt 0.0133 0.7972
vt 0.0188 0.7972
vt 0.0188 0.7859
vt 0.0281 0.7859
vt 0.0133 0.7859
vt 0.0783 0.9730
vt 0.0783 0.9588
vt 0.0336 0.7859
vt 0.0586 0.9171
vt 0.0281 0.8553
vt 0.0281 0.7972
vt 0.0336 0.7972
vt 0.0336 0.8553
vt 0.0281 0.9715
vt 0.0281 0.9134
vt 0.0336 0.9134
vt 0.0336 0.9715
vt 0.0133 0.9715
vt 0.0133 0.9134
vt 0.0188 0.9134
vt 0.0188 0.9715
vt 0.0133 0.8553
vt 0.0188 0.8553
vt 0.0133 0.7972
vt 0.0188 0.7972
vt 0.0783 0.9839
vt 0.0783 0.9730
vt 0.0866 0.9733
vt 0.0866 0.9844
vt 0.0281 0.9829
vt 0.0188 0.9829
vt 0.0336 0.9829
vt 0.0133 0.9829
vt 0.0281 0.8553
vt 0.0281 0.7972
vt 0.0336 0.7972
vt 0.0336 0.8553
vt 0.0281 0.9715
vt 0.0281 0.9134
vt 0.0336 0.9134
vt 0.0336 0.9715
vt 0.0133 0.9715
vt 0.0133 0.9134
vt 0.0188 0.9134
vt 0.0188 0.9715
vt 0.0133 0.8553
vt 0.0188 0.8553
vt 0.0133 0.7972
vt 0.0188 0.7972
vt 0.0188 0.7859
vt 0.0281 0.7859
vt 0.0133 0.7859
vt 0.0866 0.8671
vt 0.0336 0.7859
vt 0.0783 0.8373
vt 0.0866 0.8374
vt 0.0281 0.8553
vt 0.0281 0.7972
vt 0.0336 0.7972
vt 0.0336 0.8553
vt 0.0281 0.9715
vt 0.0281 0.9134
vt 0.0336 0.9134
vt 0.0336 0.9715
vt 0.0133 0.9715
vt 0.0133 0.9134
vt 0.0188 0.9134
vt 0.0188 0.9715
vt 0.0133 0.8553
vt 0.0188 0.8553
vt 0.0133 0.7972
vt 0.0188 0.7972
vt 0.0741 0.8676
vt 0.0741 0.8383
vt 0.0281 0.9829
vt 0.0188 0.9829
vt 0.0336 0.9829
vt 0.0133 0.9829
vt 0.0281 0.8553
vt 0.0281 0.7972
vt 0.0336 0.7972
vt 0.0336 0.8553
vt 0.0281 0.9715
vt 0.0281 0.9134
vt 0.0336 0.9134
vt 0.0336 0.9715
vt 0.0133 0.9715
vt 0.0133 0.9134
vt 0.0188 0.9134
vt 0.0188 0.9715
vt 0.0133 0.8553
vt 0.0188 0.8553
vt 0.0133 0.7972
vt 0.0188 0.7972
vt 0.0188 0.7859
vt 0.0281 0.7859
vt 0.0133 0.7859
vt 0.0336 0.7859
vt 0.0586 0.9723
vt 0.1022 0.9120
vt 0.1125 0.9142
vt 0.1125 0.9322
vt 0.1022 0.9319
vt 0.0586 0.9838
vt 0.1022 0.8642
vt 0.1125 0.8658
vt 0.1125 0.8752
vt 0.1022 0.8734
vt 0.1175 0.8921
vt 0.1125 0.8903
vt 0.1125 0.8752
vt 0.1175 0.8773
vt 0.1175 0.9851
vt 0.1125 0.9839
vt 0.1125 0.9538
vt 0.1175 0.9547
vt 0.1022 0.8884
vt 0.1125 0.8903
vt 0.1125 0.9043
vt 0.1022 0.9023
vt 0.0971 0.9297
vt 0.1022 0.9319
vt 0.1022 0.9537
vt 0.0971 0.9544
vt 0.1286 0.9144
vt 0.1286 0.9317
vt 0.1175 0.9303
vt 0.1175 0.9131
vt 0.1286 0.8928
vt 0.1286 0.9049
vt 0.1175 0.9046
vt 0.1175 0.8921
vt 0.1175 0.8643
vt 0.1286 0.8658
vt 0.1286 0.8784
vt 0.0971 0.9101
vt 0.1022 0.8378
vt 0.1125 0.8396
vt 0.1125 0.8512
vt 0.1022 0.8496
vt 0.0971 0.8484
vt 0.0971 0.8618
vt 0.1175 0.9046
vt 0.1286 0.8422
vt 0.1286 0.8527
vt 0.1175 0.8514
vt 0.1175 0.8409
vt 0.1286 0.9556
vt 0.1286 0.9860
vt 0.1022 0.9537
vt 0.1022 0.9838
vt 0.0971 0.8890
vt 0.0971 0.9014
vt 0.0971 0.8741
vt 0.0971 0.9848
vt 0.0971 0.8382
vt 0.1504 0.9495
vt 0.1402 0.9482
vt 0.1402 0.9364
vt 0.1504 0.9378
vt 0.1647 0.9222
vt 0.1688 0.9231
vt 0.1688 0.9382
vt 0.1647 0.9365
vt 0.1504 0.9234
vt 0.1402 0.9217
vt 0.1402 0.9113
vt 0.1504 0.9150
vt 0.1547 0.9227
vt 0.1547 0.9152
vt 0.1647 0.9134
vt 0.1647 0.9222
vt 0.1688 0.9505
vt 0.1647 0.9533
vt 0.1547 0.9525
vt 0.1547 0.9365
vt 0.1504 0.9844
vt 0.1402 0.9843
vt 0.1402 0.9687
vt 0.1504 0.9696
vt 0.1402 0.8992
vt 0.1504 0.9118
vt 0.1547 0.9705
vt 0.1547 0.9525
vt 0.1647 0.9056
vt 0.1688 0.9055
vt 0.1688 0.9128
vt 0.1647 0.9134
vt 0.1547 0.9834
vt 0.1547 0.9705
vt 0.1647 0.9714
vt 0.1647 0.9841
vt 0.1547 0.9118
vt 0.1688 0.9713
vt 0.1688 0.9856
vt 0.1896 0.9335
vt 0.2012 0.9339
vt 0.2012 0.9445
vt 0.1896 0.9445
vt 0.2054 0.9627
vt 0.2012 0.9611
vt 0.2012 0.9445
vt 0.2054 0.9461
vt 0.1896 0.9610
vt 0.2012 0.9611
vt 0.2012 0.9748
vt 0.1896 0.9722
vt 0.1856 0.9624
vt 0.1856 0.9726
vt 0.1776 0.9779
vt 0.1776 0.9639
vt 0.2054 0.9317
vt 0.1856 0.9312
vt 0.1856 0.9463
vt 0.1776 0.9466
vt 0.1776 0.9312
vt 0.1896 0.9027
vt 0.2012 0.9025
vt 0.2012 0.9167
vt 0.1896 0.9163
vt 0.2012 0.9808
vt 0.1896 0.9765
vt 0.1856 0.9157
vt 0.1856 0.9312
vt 0.2054 0.9827
vt 0.2054 0.9757
vt 0.1856 0.9037
vt 0.1856 0.9157
vt 0.1776 0.9160
vt 0.1776 0.9038
vt 0.1856 0.9769
vt 0.1776 0.9826
vt 0.2054 0.9161
vt 0.2054 0.9035
vt 0.1644 0.8796
vt 0.1710 0.8788
vt 0.1819 0.8898
vt 0.1504 0.8900
vt 0.1717 0.8725
vt 0.1819 0.8580
vt 0.1633 0.8716
vt 0.1504 0.8586
vt 0.5083 0.8738
vt 0.4594 0.8738
vt 0.4603 0.9041
vt 0.5089 0.9041
vt 0.5516 0.9041
vt 0.5510 0.8738
vt 0.6025 0.9041
vt 0.6026 0.8738
vt 0.4139 0.8738
vt 0.4162 0.9041
vt 0.3706 0.8738
vt 0.3753 0.9041
vt 0.6492 0.9041
vt 0.6489 0.8738
vt 0.6970 0.9041
vt 0.6964 0.8738
vt 0.7528 0.9041
vt 0.7518 0.8738
vt 0.8102 0.9041
vt 0.8091 0.8738
vt 0.3380 0.8738
vt 0.3452 0.9041
vt 0.8517 0.9041
vt 0.8515 0.8738
vt 0.8883 0.9041
vt 0.8888 0.8738
vt 0.9167 0.9041
vt 0.9179 0.8738
vt 0.9465 0.9041
vt 0.9488 0.8738
vt 0.9717 0.9041
vt 0.9752 0.8738
vt 0.3161 0.8738
vt 0.3257 0.9041
vt 0.2917 0.8738
vt 0.3038 0.9041
vt 0.9752 0.9347
vt 0.9424 0.9347
vt 0.9333 0.9658
vt 0.9629 0.9658
vt 0.9087 0.9347
vt 0.9057 0.9658
vt 0.8699 0.9347
vt 0.8705 0.9658
vt 0.8254 0.9347
vt 0.8277 0.9658
vt 0.7701 0.9347
vt 0.7712 0.9658
vt 0.7281 0.9347
vt 0.7269 0.9658
vt 0.6823 0.9347
vt 0.6795 0.9658
vt 0.6348 0.9347
vt 0.6307 0.9658
vt 0.5910 0.9347
vt 0.5873 0.9658
vt 0.5477 0.9347
vt 0.5458 0.9658
vt 0.5162 0.9347
vt 0.5158 0.9658
vt 0.4691 0.9347
vt 0.4671 0.9658
vt 0.4285 0.9347
vt 0.4251 0.9658
vt 0.3802 0.9347
vt 0.3791 0.9658
vt 0.3378 0.9347
vt 0.3397 0.9658
vt 0.3064 0.9347
vt 0.3110 0.9658
vt 0.2839 0.9347
vt 0.2885 0.9658
vt 0.5226 0.4243
vt 0.5280 0.4269
vt 0.5428 0.4650
vt 0.5383 0.4632
vt 0.6841 0.4252
vt 0.6779 0.4288
vt 0.6715 0.3816
vt 0.6775 0.3768
vt 0.7337 0.6616
vt 0.7227 0.6600
vt 0.7217 0.6062
vt 0.7300 0.6069
vt 0.5168 0.7571
vt 0.5246 0.7515
vt 0.5398 0.7958
vt 0.5329 0.8023
vt 0.5078 0.3723
vt 0.5139 0.3761
vt 0.6676 0.3324
vt 0.6621 0.3383
vt 0.6405 0.3002
vt 0.6447 0.2935
vt 0.7139 0.5609
vt 0.7219 0.5604
vt 0.5112 0.7175
vt 0.5191 0.7128
vt 0.6261 0.8526
vt 0.6267 0.8456
vt 0.6539 0.8348
vt 0.6556 0.8414
vt 0.5044 0.3293
vt 0.5105 0.3342
vt 0.7041 0.5168
vt 0.7117 0.5152
vt 0.5044 0.6707
vt 0.5117 0.6672
vt 0.5111 0.2910
vt 0.5165 0.2968
vt 0.6766 0.8110
vt 0.6802 0.8168
vt 0.5065 0.6392
vt 0.5124 0.6367
vt 0.5974 0.8522
vt 0.6002 0.8451
vt 0.6918 0.7859
vt 0.6967 0.7911
vt 0.5369 0.2672
vt 0.5403 0.2737
vt 0.5244 0.5997
vt 0.5289 0.5984
vt 0.6172 0.2754
vt 0.6198 0.2684
vt 0.7068 0.7524
vt 0.7130 0.7567
vt 0.5705 0.2551
vt 0.5714 0.2621
vt 0.6895 0.4688
vt 0.6963 0.4661
vt 0.5385 0.5576
vt 0.5471 0.5566
vt 0.5980 0.2574
vt 0.5969 0.2646
vt 0.7163 0.7137
vt 0.7265 0.7167
vt 0.5449 0.5095
vt 0.5484 0.5104
vt 0.5607 0.8390
vt 0.5659 0.8320
vt 0.6219 0.8211
vt 0.6142 0.7650
vt 0.6063 0.7278
vt 0.6012 0.6926
vt 0.6035 0.6555
vt 0.6116 0.6127
vt 0.6253 0.5703
vt 0.6351 0.5275
vt 0.6306 0.4969
vt 0.6127 0.4599
vt 0.5978 0.4225
vt 0.5859 0.3847
vt 0.5794 0.3461
vt 0.5755 0.3045
vt 0.6027 0.9164
vt 0.6486 0.9164
vt 0.3090 0.9164
vt 0.3296 0.9164
vt 0.9127 0.9164
vt 0.9418 0.9164
vt 0.6310 0.9789
vt 0.6781 0.9789
vt 0.3486 0.9164
vt 0.3154 0.9789
vt 0.3431 0.9789
vt 0.7244 0.9789
vt 0.8850 0.9164
vt 0.3816 0.9789
vt 0.8492 0.9164
vt 0.7680 0.9789
vt 0.5528 0.9164
vt 0.4269 0.9789
vt 0.3795 0.9164
vt 0.4201 0.9164
vt 0.8084 0.9164
vt 0.8244 0.9789
vt 0.4694 0.9789
vt 0.5111 0.9164
vt 0.8665 0.9789
vt 0.4634 0.9164
vt 0.5179 0.9789
vt 0.7512 0.9164
vt 0.9033 0.9789
vt 0.2946 0.9789
vt 0.5479 0.9789
vt 0.9299 0.9789
vt 0.6960 0.9164
vt 0.5882 0.9789
vt 0.9577 0.9789
vt 0.9655 0.9164
vt 0.7485 0.9232
vt 0.8044 0.9232
vt 0.5898 0.9859
vt 0.6320 0.9859
vt 0.3342 0.9232
vt 0.3539 0.9232
vt 0.3200 0.9859
vt 0.3482 0.9859
vt 0.7223 0.9859
vt 0.7647 0.9859
vt 0.6032 0.9232
vt 0.6486 0.9232
vt 0.8797 0.9232
vt 0.9072 0.9232
vt 0.4314 0.9859
vt 0.4733 0.9859
vt 0.5541 0.9232
vt 0.8613 0.9859
vt 0.8982 0.9859
vt 0.3846 0.9232
vt 0.5493 0.9859
vt 0.2992 0.9859
vt 0.3138 0.9232
vt 0.6947 0.9232
vt 0.6773 0.9859
vt 0.9365 0.9232
vt 0.3866 0.9859
vt 0.8201 0.9859
vt 0.4244 0.9232
vt 0.4654 0.9232
vt 0.8445 0.9232
vt 0.5200 0.9859
vt 0.5137 0.9232
vt 0.9252 0.9859
vt 0.9533 0.9859
vt 0.9600 0.9232
vt 0.7997 0.0086
vt 0.7983 0.0313
vt 0.8424 0.0304
vt 0.8445 0.0055
vt 0.2685 0.0074
vt 0.2686 0.0287
vt 0.3091 0.0314
vt 0.3089 0.0074
vt 0.8175 0.6806
vt 0.8289 0.6635
vt 0.8096 0.6424
vt 0.7978 0.6564
vt 0.8282 0.4496
vt 0.8411 0.4697
vt 0.8696 0.4422
vt 0.8569 0.4214
vt 0.7511 0.0109
vt 0.7498 0.0334
vt 0.4013 0.0116
vt 0.4051 0.0343
vt 0.4410 0.0378
vt 0.4383 0.0146
vt 0.5516 0.0148
vt 0.5507 0.0365
vt 0.5821 0.0341
vt 0.5847 0.0121
vt 0.0899 0.0134
vt 0.0914 0.0372
vt 0.1291 0.0372
vt 0.1329 0.0112
vt 0.5033 0.0199
vt 0.5026 0.0413
vt 0.5275 0.0393
vt 0.5290 0.0174
vt 0.7721 0.5926
vt 0.7856 0.5900
vt 0.7849 0.5649
vt 0.7721 0.5627
vt 0.2231 0.0106
vt 0.2223 0.0293
vt 0.8867 0.0286
vt 0.8891 0.0080
vt 0.7935 0.6159
vt 0.7802 0.6249
vt 0.7992 0.4861
vt 0.8120 0.5014
vt 0.6245 0.0096
vt 0.6213 0.0317
vt 0.6635 0.0339
vt 0.6648 0.0116
vt 0.3608 0.0116
vt 0.3618 0.0349
vt 0.8746 0.7377
vt 0.8865 0.7163
vt 0.8548 0.6894
vt 0.8438 0.7084
vt 0.0590 0.0146
vt 0.0616 0.0381
vt 0.7103 0.0348
vt 0.7116 0.0124
vt 0.4702 0.0196
vt 0.4718 0.0412
vt 0.9363 0.0376
vt 0.9397 0.0153
vt 0.1767 0.0091
vt 0.1722 0.0359
vt 0.7789 0.5249
vt 0.7927 0.5338
vt 0.0131 0.0211
vt 0.0162 0.0448
vt 0.9857 0.0547
vt 0.9892 0.0325
vt 0.7973 0.0525
vt 0.8406 0.0512
vt 0.2688 0.0532
vt 0.3094 0.0540
vt 0.8377 0.6537
vt 0.8179 0.6334
vt 0.8498 0.4849
vt 0.8813 0.4618
vt 0.4119 0.0556
vt 0.4459 0.0588
vt 0.7492 0.0548
vt 0.5472 0.0567
vt 0.5759 0.0546
vt 0.0925 0.0559
vt 0.1293 0.0544
vt 0.5030 0.0615
vt 0.5258 0.0593
vt 0.7951 0.5882
vt 0.7952 0.5652
vt 0.2222 0.0521
vt 0.8837 0.0536
vt 0.8212 0.5093
vt 0.8025 0.6098
vt 0.6188 0.0521
vt 0.6624 0.0513
vt 0.3629 0.0570
vt 0.8949 0.6990
vt 0.8621 0.6747
vt 0.0642 0.0592
vt 0.7095 0.0539
vt 0.4746 0.0615
vt 0.9329 0.0578
vt 0.1719 0.0532
vt 0.8009 0.5388
vt 0.0195 0.0667
vt 0.9832 0.0722
vt 0.8132 0.5836
vt 0.8342 0.5549
vt 0.8392 0.6037
vt 0.8613 0.5250
vt 0.8686 0.6346
vt 0.8625 0.5763
vt 0.0934 0.0743
vt 0.1297 0.0748
vt 0.5745 0.0719
vt 0.6172 0.0707
vt 0.5255 0.0764
vt 0.5456 0.0741
vt 0.1733 0.0745
vt 0.2228 0.0741
vt 0.7482 0.0741
vt 0.7959 0.0716
vt 0.2690 0.0755
vt 0.3098 0.0749
vt 0.6610 0.0706
vt 0.7086 0.0736
vt 0.3643 0.0779
vt 0.4141 0.0753
vt 0.8816 0.0741
vt 0.9317 0.0816
vt 0.4483 0.0777
vt 0.4762 0.0793
vt 0.0667 0.0784
vt 0.8388 0.0720
vt 0.5036 0.0789
vt 0.9852 0.1032
vt 0.0189 0.0990
vt 0.8998 0.6654
vt 0.8961 0.4913
vt 0.0625 0.1096
vt 0.0970 0.1011
vt 0.5041 0.0971
vt 0.5250 0.0945
vt 0.1329 0.0994
vt 0.1750 0.0987
vt 0.5430 0.0929
vt 0.5730 0.0928
vt 0.2244 0.0976
vt 0.2700 0.0982
vt 0.6614 0.0927
vt 0.7061 0.0966
vt 0.8821 0.1009
vt 0.9331 0.1171
vt 0.9161 0.6313
vt 0.8880 0.5965
vt 0.3103 0.0982
vt 0.3638 0.1026
vt 0.7928 0.0973
vt 0.8367 0.0991
vt 0.6154 0.0941
vt 0.4158 0.0982
vt 0.4506 0.0978
vt 0.0185 0.1248
vt 0.4779 0.0980
vt 0.7449 0.0982
vt 0.9741 0.1360
vt 0.8842 0.5495
vt 0.9073 0.5153
vt 0.9148 0.5689
vt 0.9265 0.6156
vt 0.9122 0.5395
vt 0.9306 0.1585
vt 0.9664 0.1513
vt 0.1903 0.1730
vt 0.1983 0.1761
vt 0.2286 0.1755
vt 0.2273 0.1674
vt 0.6229 0.1181
vt 0.5884 0.1177
vt 0.5849 0.1246
vt 0.6192 0.1248
vt 0.7969 0.1885
vt 0.7572 0.1867
vt 0.7568 0.1927
vt 0.7853 0.1928
vt 0.2647 0.1642
vt 0.2654 0.1706
vt 0.2941 0.1634
vt 0.2933 0.1564
vt 0.5061 0.1612
vt 0.4972 0.1606
vt 0.4975 0.1654
vt 0.5060 0.1650
vt 0.7216 0.1736
vt 0.6965 0.1610
vt 0.6940 0.1654
vt 0.7199 0.1781
vt 0.3342 0.1353
vt 0.3356 0.1454
vt 0.3790 0.1325
vt 0.3773 0.1217
vt 0.4865 0.1589
vt 0.4886 0.1638
vt 0.6626 0.1362
vt 0.6597 0.1448
vt 0.4429 0.1389
vt 0.4474 0.1474
vt 0.4710 0.1578
vt 0.4666 0.1515
vt 0.5598 0.1341
vt 0.5369 0.1488
vt 0.5360 0.1545
vt 0.5576 0.1412
vt 0.4167 0.1231
vt 0.4212 0.1363
vt 0.3123 0.1482
vt 0.3136 0.1564
vt 0.5175 0.1583
vt 0.5175 0.1627
vt 0.6793 0.1485
vt 0.6768 0.1555
vt 0.5274 0.1533
vt 0.5268 0.1590
vt 0.5589 0.1492
vt 0.5843 0.1324
vt 0.4502 0.1540
vt 0.4710 0.1624
vt 0.4980 0.1697
vt 0.5072 0.1699
vt 0.4178 0.1441
vt 0.4889 0.1678
vt 0.7180 0.1846
vt 0.7536 0.1993
vt 0.2323 0.1808
vt 0.2682 0.1764
vt 0.6599 0.1505
vt 0.6756 0.1621
vt 0.5180 0.1688
vt 0.5270 0.1669
vt 0.3140 0.1623
vt 0.3367 0.1526
vt 0.6182 0.1318
vt 0.3818 0.1389
vt 0.7846 0.1967
vt 0.1986 0.1798
vt 0.6910 0.1713
vt 0.2952 0.1690
vt 0.5375 0.1644
vt 0.5892 0.1413
vt 0.6148 0.1411
vt 0.4597 0.1630
vt 0.4826 0.1704
vt 0.3833 0.1477
vt 0.4135 0.1510
vt 0.5092 0.1745
vt 0.5250 0.1725
vt 0.7564 0.2090
vt 0.7977 0.2030
vt 0.1893 0.1852
vt 0.2301 0.1866
vt 0.6861 0.1794
vt 0.7169 0.1983
vt 0.6544 0.1566
vt 0.2694 0.1849
vt 0.3030 0.1767
vt 0.5407 0.1650
vt 0.5651 0.1489
vt 0.3381 0.1601
vt 0.4431 0.1570
vt 0.4965 0.1752
vt 0.6698 0.1686
vt 0.5334 0.1691
vt 0.3211 0.1697
vt 0.4544 0.1166
vt 0.4793 0.1153
vt 0.5245 0.1121
vt 0.5447 0.1125
vt 0.5027 0.1139
vt 0.4630 0.1335
vt 0.4823 0.1306
vt 0.5213 0.1274
vt 0.5391 0.1288
vt 0.5009 0.1287
vt 0.4986 0.1451
vt 0.4851 0.1461
vt 0.5135 0.1452
vt 0.5262 0.1467
vt 0.4746 0.1493
vt 0.8442 0.1279
vt 0.8861 0.1252
vt 0.7968 0.1328
vt 0.7477 0.1247
vt 0.7089 0.1217
vt 0.6697 0.1187
vt 0.0936 0.1238
vt 0.1289 0.1290
vt 0.1799 0.1328
vt 0.2289 0.1193
vt 0.2720 0.1185
vt 0.3188 0.1195
vt 0.9399 0.6097
vt 0.9239 0.5681
vt 0.9169 0.5408
vt 0.0131 0.1483
vt 0.0145 0.1529
vt 0.0513 0.1715
vt 0.0556 0.1534
vt 0.0990 0.1779
vt 0.1001 0.1631
vt 0.1449 0.1893
vt 0.1441 0.1700
vt 0.9337 0.1736
vt 0.9717 0.1636
vt 0.8753 0.1732
vt 0.8711 0.1906
vt 0.8356 0.1807
vt 0.8343 0.2015
vt 0.2086 0.1452
vt 0.2465 0.1361
vt 0.2760 0.1376
vt 0.3043 0.1374
vt 0.7422 0.1551
vt 0.7808 0.1542
vt 0.7128 0.1502
vt 0.6893 0.1379
vt 0.7388 0.8589
vt 0.7778 0.8589
vt 0.7761 0.8331
vt 0.7315 0.8331
vt 0.7761 0.8084
vt 0.7318 0.8084
vt 0.7788 0.7824
vt 0.7396 0.7824
vt 0.8170 0.8589
vt 0.8158 0.8331
vt 0.8173 0.8084
vt 0.8186 0.7824
vt 0.8562 0.8589
vt 0.8550 0.8331
vt 0.8575 0.8084
vt 0.8595 0.7824
vt 0.8951 0.8589
vt 0.8942 0.8331
vt 0.8962 0.8084
vt 0.8994 0.7824
vt 0.9318 0.8589
vt 0.9329 0.8331
vt 0.9364 0.8084
vt 0.9362 0.7824
vt 0.9667 0.8589
vt 0.9660 0.8331
vt 0.9642 0.8084
vt 0.9638 0.7824
vt 0.9724 0.8084
vt 0.9722 0.7824
vt 0.9735 0.8331
vt 0.9744 0.8589
vt 0.0281 0.8553
vt 0.0336 0.8553
vt 0.0336 0.7972
vt 0.0281 0.7972
vt 0.0281 0.9715
vt 0.0336 0.9715
vt 0.0336 0.9134
vt 0.0281 0.9134
vt 0.0133 0.9715
vt 0.0188 0.9715
vt 0.0188 0.9134
vt 0.0133 0.9134
vt 0.0188 0.8553
vt 0.0133 0.8553
vt 0.0188 0.7972
vt 0.0133 0.7972
vt 0.0281 0.7859
vt 0.0188 0.7859
vt 0.0133 0.7859
vt 0.0188 0.9829
vt 0.0281 0.9829
vt 0.0336 0.9829
vt 0.0336 0.7859
vt 0.0133 0.9829
vt 0.0281 0.8553
vt 0.0336 0.8553
vt 0.0336 0.7972
vt 0.0281 0.7972
vt 0.0281 0.9715
vt 0.0336 0.9715
vt 0.0336 0.9134
vt 0.0281 0.9134
vt 0.0133 0.9715
vt 0.0188 0.9715
vt 0.0188 0.9134
vt 0.0133 0.9134
vt 0.0188 0.8553
vt 0.0133 0.8553
vt 0.0188 0.7972
vt 0.0133 0.7972
vt 0.0741 0.9065
vt 0.0741 0.8886
vt 0.0636 0.8883
vt 0.0636 0.9072
vt 0.0741 0.9566
vt 0.0741 0.9465
vt 0.0636 0.9464
vt 0.0636 0.9561
vt 0.0586 0.9295
vt 0.0586 0.9449
vt 0.0636 0.9464
vt 0.0636 0.9307
vt 0.0586 0.8368
vt 0.0586 0.8663
vt 0.0636 0.8672
vt 0.0636 0.8380
vt 0.0741 0.9305
vt 0.0741 0.9162
vt 0.0636 0.9168
vt 0.0636 0.9307
vt 0.0783 0.8907
vt 0.0783 0.8670
vt 0.0741 0.8676
vt 0.0741 0.8886
vt 0.0281 0.8553
vt 0.0336 0.8553
vt 0.0336 0.7972
vt 0.0281 0.7972
vt 0.0281 0.9715
vt 0.0336 0.9715
vt 0.0336 0.9134
vt 0.0281 0.9134
vt 0.0133 0.9715
vt 0.0188 0.9715
vt 0.0188 0.9134
vt 0.0133 0.9134
vt 0.0188 0.8553
vt 0.0133 0.8553
vt 0.0188 0.7972
vt 0.0133 0.7972
vt 0.0783 0.9080
vt 0.0866 0.9074
vt 0.0866 0.8905
vt 0.0783 0.8907
vt 0.0783 0.9293
vt 0.0866 0.9298
vt 0.0866 0.9168
vt 0.0783 0.9166
vt 0.0586 0.8901
vt 0.0586 0.9086
vt 0.0586 0.9581
vt 0.0783 0.9588
vt 0.0866 0.9594
vt 0.0866 0.9455
vt 0.0783 0.9450
vt 0.0281 0.8553
vt 0.0336 0.8553
vt 0.0336 0.7972
vt 0.0281 0.7972
vt 0.0281 0.9715
vt 0.0336 0.9715
vt 0.0336 0.9134
vt 0.0281 0.9134
vt 0.0133 0.9715
vt 0.0188 0.9715
vt 0.0188 0.9134
vt 0.0133 0.9134
vt 0.0188 0.8553
vt 0.0133 0.8553
vt 0.0188 0.7972
vt 0.0133 0.7972
vt 0.0741 0.9847
vt 0.0741 0.9723
vt 0.0636 0.9718
vt 0.0636 0.9847
vt 0.0188 0.9829
vt 0.0281 0.9829
vt 0.0336 0.9829
vt 0.0133 0.9829
vt 0.0281 0.8553
vt 0.0336 0.8553
vt 0.0336 0.7972
vt 0.0281 0.7972
vt 0.0281 0.9715
vt 0.0336 0.9715
vt 0.0336 0.9134
vt 0.0281 0.9134
vt 0.0133 0.9715
vt 0.0188 0.9715
vt 0.0188 0.9134
vt 0.0133 0.9134
vt 0.0188 0.8553
vt 0.0133 0.8553
vt 0.0188 0.7972
vt 0.0133 0.7972
vt 0.0281 0.7859
vt 0.0188 0.7859
vt 0.0133 0.7859
vt 0.0783 0.9730
vt 0.0783 0.9588
vt 0.0336 0.7859
vt 0.0586 0.9171
vt 0.0281 0.8553
vt 0.0336 0.8553
vt 0.0336 0.7972
vt 0.0281 0.7972
vt 0.0281 0.9715
vt 0.0336 0.9715
vt 0.0336 0.9134
vt 0.0281 0.9134
vt 0.0133 0.9715
vt 0.0188 0.9715
vt 0.0188 0.9134
vt 0.0133 0.9134
vt 0.0188 0.8553
vt 0.0133 0.8553
vt 0.0188 0.7972
vt 0.0133 0.7972
vt 0.0783 0.9839
vt 0.0866 0.9844
vt 0.0866 0.9733
vt 0.0783 0.9730
vt 0.0188 0.9829
vt 0.0281 0.9829
vt 0.0336 0.9829
vt 0.0133 0.9829
vt 0.0281 0.8553
vt 0.0336 0.8553
vt 0.0336 0.7972
vt 0.0281 0.7972
vt 0.0281 0.9715
vt 0.0336 0.9715
vt 0.0336 0.9134
vt 0.0281 0.9134
vt 0.0133 0.9715
vt 0.0188 0.9715
vt 0.0188 0.9134
vt 0.0133 0.9134
vt 0.0188 0.8553
vt 0.0133 0.8553
vt 0.0188 0.7972
vt 0.0133 0.7972
vt 0.0281 0.7859
vt 0.0188 0.7859
vt 0.0133 0.7859
vt 0.0866 0.8671
vt 0.0336 0.7859
vt 0.0866 0.8374
vt 0.0783 0.8373
vt 0.0281 0.8553
vt 0.0336 0.8553
vt 0.0336 0.7972
vt 0.0281 0.7972
vt 0.0281 0.9715
vt 0.0336 0.9715
vt 0.0336 0.9134
vt 0.0281 0.9134
vt 0.0133 0.9715
vt 0.0188 0.9715
vt 0.0188 0.9134
vt 0.0133 0.9134
vt 0.0188 0.8553
vt 0.0133 0.8553
vt 0.0188 0.7972
vt 0.0133 0.7972
vt 0.0741 0.8676
vt 0.0741 0.8383
vt 0.0188 0.9829
vt 0.0281 0.9829
vt 0.0336 0.9829
vt 0.0133 0.9829
vt 0.0281 0.8553
vt 0.0336 0.8553
vt 0.0336 0.7972
vt 0.0281 0.7972
vt 0.0281 0.9715
vt 0.0336 0.9715
vt 0.0336 0.9134
vt 0.0281 0.9134
vt 0.0133 0.9715
vt 0.0188 0.9715
vt 0.0188 0.9134
vt 0.0133 0.9134
vt 0.0188 0.8553
vt 0.0133 0.8553
vt 0.0188 0.7972
vt 0.0133 0.7972
vt 0.0281 0.7859
vt 0.0188 0.7859
vt 0.0133 0.7859
vt 0.0336 0.7859
vt 0.0586 0.9723
vt 0.1022 0.9120
vt 0.1022 0.9319
vt 0.1125 0.9322
vt 0.1125 0.9142
vt 0.0586 0.9838
vt 0.1022 0.8642
vt 0.1022 0.8734
vt 0.1125 0.8752
vt 0.1125 0.8658
vt 0.1175 0.8921
vt 0.1175 0.8773
vt 0.1125 0.8752
vt 0.1125 0.8903
vt 0.1175 0.9851
vt 0.1175 0.9547
vt 0.1125 0.9538
vt 0.1125 0.9839
vt 0.1022 0.8884
vt 0.1022 0.9023
vt 0.1125 0.9043
vt 0.1125 0.8903
vt 0.0971 0.9297
vt 0.0971 0.9544
vt 0.1022 0.9537
vt 0.1022 0.9319
vt 0.1286 0.9144
vt 0.1175 0.9131
vt 0.1175 0.9303
vt 0.1286 0.9317
vt 0.1286 0.8928
vt 0.1175 0.8921
vt 0.1175 0.9046
vt 0.1286 0.9049
vt 0.1175 0.8643
vt 0.1286 0.8658
vt 0.1286 0.8784
vt 0.0971 0.9101
vt 0.1022 0.8378
vt 0.1022 0.8496
vt 0.1125 0.8512
vt 0.1125 0.8396
vt 0.0971 0.8484
vt 0.0971 0.8618
vt 0.1175 0.9046
vt 0.1286 0.8422
vt 0.1175 0.8409
vt 0.1175 0.8514
vt 0.1286 0.8527
vt 0.1286 0.9556
vt 0.1286 0.9860
vt 0.1022 0.9537
vt 0.1022 0.9838
vt 0.0971 0.8890
vt 0.0971 0.9014
vt 0.0971 0.8741
vt 0.0971 0.9848
vt 0.0971 0.8382
vt 0.1504 0.9495
vt 0.1504 0.9378
vt 0.1402 0.9364
vt 0.1402 0.9482
vt 0.1647 0.9222
vt 0.1647 0.9365
vt 0.1688 0.9382
vt 0.1688 0.9231
vt 0.1504 0.9234
vt 0.1504 0.9150
vt 0.1402 0.9113
vt 0.1402 0.9217
vt 0.1547 0.9227
vt 0.1647 0.9222
vt 0.1647 0.9134
vt 0.1547 0.9152
vt 0.1647 0.9533
vt 0.1688 0.9505
vt 0.1547 0.9525
vt 0.1547 0.9365
vt 0.1504 0.9844
vt 0.1504 0.9696
vt 0.1402 0.9687
vt 0.1402 0.9843
vt 0.1504 0.9118
vt 0.1402 0.8992
vt 0.1547 0.9705
vt 0.1547 0.9525
vt 0.1647 0.9056
vt 0.1647 0.9134
vt 0.1688 0.9128
vt 0.1688 0.9055
vt 0.1547 0.9834
vt 0.1647 0.9841
vt 0.1647 0.9714
vt 0.1547 0.9705
vt 0.1547 0.9118
vt 0.1688 0.9713
vt 0.1688 0.9856
vt 0.1896 0.9335
vt 0.1896 0.9445
vt 0.2012 0.9445
vt 0.2012 0.9339
vt 0.2054 0.9627
vt 0.2054 0.9461
vt 0.2012 0.9445
vt 0.2012 0.9611
vt 0.1896 0.9610
vt 0.1896 0.9722
vt 0.2012 0.9748
vt 0.2012 0.9611
vt 0.1856 0.9624
vt 0.1776 0.9639
vt 0.1776 0.9779
vt 0.1856 0.9726
vt 0.2054 0.9317
vt 0.1856 0.9312
vt 0.1776 0.9312
vt 0.1776 0.9466
vt 0.1856 0.9463
vt 0.1896 0.9027
vt 0.1896 0.9163
vt 0.2012 0.9167
vt 0.2012 0.9025
vt 0.1896 0.9765
vt 0.2012 0.9808
vt 0.1856 0.9157
vt 0.1856 0.9312
vt 0.2054 0.9827
vt 0.2054 0.9757
vt 0.1856 0.9037
vt 0.1776 0.9038
vt 0.1776 0.9160
vt 0.1856 0.9157
vt 0.1776 0.9826
vt 0.1856 0.9769
vt 0.2054 0.9161
vt 0.2054 0.9035
vt 0.1644 0.8796
vt 0.1504 0.8900
vt 0.1819 0.8898
vt 0.1710 0.8788
vt 0.1819 0.8580
vt 0.1717 0.8725
vt 0.1504 0.8586
vt 0.1633 0.8716
f 52/1 53/2 137/3 138/4
f 114/5 107/6 54/7 133/8
f 107/6 136/9 67/10 54/7
f 106/11 67/10 136/9 5/12
f 44/13 106/11 5/12 4/14
f 32/15 44/13 4/14 1/16
f 1/16 124/17 14/18 32/15
f 11/19 124/17 1/16 2/20
f 2/20 30/21 12/22 11/19
f 2/20 3/23 96/24 30/21
f 26/25 33/26 15/27 8/28
f 7/29 6/30 24/31 25/32
f 37/33 36/34 18/35 19/36
f 14/37 13/38 31/39 32/40
f 33/26 35/41 17/42 15/27
f 126/43 37/44 19/45 125/46
f 4/14 3/23 2/20 1/16
f 8/28 16/47 34/48 26/25
f 13/38 22/49 40/50 31/39
f 9/51 12/52 30/53 27/54
f 23/55 7/29 25/32 41/56
f 6/57 10/58 28/59 24/60
f 27/54 28/59 10/58 9/51
f 26/25 34/48 46/61 42/62
f 31/39 40/50 49/63 43/64
f 110/65 96/24 3/23 73/66
f 42/62 45/67 33/26 26/25
f 51/68 62/69 71/70 58/71
f 32/40 31/39 43/64 44/72
f 45/67 47/73 35/41 33/26
f 52/74 55/75 68/76 63/77
f 73/66 29/78 66/79 110/65
f 67/80 68/76 55/75 54/81
f 50/82 57/83 70/84 61/85
f 5/12 73/66 3/23 4/14
f 56/86 53/87 64/88 69/89
f 136/9 29/78 73/66 5/12
f 69/89 70/84 57/83 56/86
f 118/90 70/84 69/89 119/91
f 119/91 69/89 64/88 120/92
f 118/93 42/62 46/61 105/94
f 79/95 76/96 78/97 123/98
f 106/99 44/72 43/64 122/100
f 122/100 43/64 49/63 104/101
f 29/78 65/102 123/103 66/79
f 57/83 50/82 72/104 91/105
f 79/106 123/103 65/102 134/107
f 53/87 56/86 127/108 137/109
f 95/110 115/111 116/112 48/113
f 126/43 131/114 95/115 37/44
f 89/116 94/117 74/118 75/119
f 115/111 71/70 62/69 116/112
f 132/120 129/121 71/122 115/123
f 87/124 92/125 90/126 88/127
f 87/124 86/128 93/129 92/125
f 92/125 93/129 94/130 89/131
f 101/132 24/60 28/59 98/133
f 100/134 41/56 25/32 99/135
f 99/135 25/32 24/31 101/136
f 39/137 38/138 20/139 21/140
f 103/141 27/54 30/53 96/142
f 111/143 97/144 74/145 112/146
f 78/147 75/119 74/118 97/144
f 109/148 101/132 98/133 112/149
f 121/150 100/134 99/135 113/151
f 113/151 99/135 101/136 109/152
f 111/153 103/141 96/142 110/154
f 27/54 103/141 98/133 28/59
f 131/114 132/120 115/123 95/115
f 107/6 65/102 29/78 136/9
f 103/141 111/153 112/146 98/133
f 93/129 113/151 109/152 94/130
f 45/67 119/91 120/92 47/73
f 86/128 121/150 113/151 93/129
f 114/5 134/107 65/102 107/6
f 50/155 51/83 59/105 72/156
f 94/117 109/148 112/149 74/118
f 67/80 106/99 122/100 68/76
f 70/84 118/90 105/94 61/85
f 37/33 95/110 48/113 36/34
f 42/62 118/93 119/91 45/67
f 68/76 122/100 104/101 63/77
f 97/144 111/143 110/154 66/157
f 36/34 34/158 16/159 18/35
f 35/160 40/50 22/49 17/161
f 54/81 55/75 135/162 133/163
f 130/164 82/165 81/166 128/167
f 129/168 80/169 82/165 130/164
f 132/120 117/170 80/169 129/121
f 58/171 71/122 129/121 130/164
f 60/172 58/171 130/164 128/167
f 117/170 132/120 131/114 77/173
f 51/83 58/71 60/174 59/105
f 123/98 78/97 97/144 66/157
f 77/173 131/114 126/43 38/175
f 81/166 82/165 83/176 85/177
f 82/165 80/169 84/178 83/176
f 80/169 117/170 108/179 84/178
f 117/170 77/173 102/180 108/179
f 77/173 38/175 39/137 102/180
f 56/86 57/83 91/105 127/108
f 61/181 62/84 51/83 50/155
f 105/182 116/90 62/84 61/181
f 116/90 105/182 46/183 48/113
f 34/158 36/34 48/62 46/183
f 40/50 35/160 47/184 49/63
f 120/185 104/101 49/63 47/184
f 104/101 120/185 64/186 63/77
f 63/77 64/186 53/2 52/74
f 55/75 52/74 138/4 135/162
f 83/187 87/124 88/127 85/188
f 84/189 86/128 87/124 83/187
f 108/190 121/150 86/128 84/189
f 121/150 108/190 102/191 100/134
f 100/134 102/191 39/192 41/56
f 41/56 39/192 21/193 23/55
f 125/46 20/139 38/138 126/43
f 23/55 21/193 154/194 156/195
f 16/47 8/28 141/196 149/197
f 14/18 124/17 157/198 147/199
f 6/30 7/29 140/200 139/201
f 22/49 13/38 146/202 155/203
f 12/52 9/51 142/204 145/205
f 7/29 23/55 156/195 140/200
f 20/139 125/46 158/206 153/207
f 8/28 15/27 148/208 141/196
f 18/35 16/159 149/209 151/196
f 13/38 14/37 147/210 146/202
f 124/17 11/19 144/211 157/198
f 17/161 22/49 155/203 150/212
f 15/27 17/42 150/213 148/208
f 11/19 12/22 145/214 144/211
f 21/140 20/139 153/207 154/215
f 9/51 10/58 143/216 142/204
f 19/36 18/35 151/196 152/217
f 125/46 19/45 152/218 158/206
f 10/58 6/57 139/219 143/216
f 210/220 296/221 295/222 211/223
f 272/224 291/225 212/226 265/227
f 265/227 212/226 225/228 294/229
f 264/230 163/231 294/229 225/228
f 202/232 162/233 163/231 264/230
f 190/234 159/235 162/233 202/232
f 159/235 190/234 172/236 282/237
f 169/238 160/239 159/235 282/237
f 160/239 169/238 170/240 188/241
f 160/239 188/241 254/242 161/243
f 184/244 166/245 173/246 191/247
f 165/248 183/249 182/250 164/251
f 195/252 177/253 176/254 194/255
f 172/256 190/257 189/258 171/259
f 191/247 173/246 175/260 193/261
f 284/262 283/263 177/264 195/265
f 162/233 159/235 160/239 161/243
f 166/245 184/244 192/266 174/267
f 171/259 189/258 198/268 180/269
f 167/270 185/271 188/272 170/273
f 181/274 199/275 183/249 165/248
f 164/276 182/277 186/278 168/279
f 185/271 167/270 168/279 186/278
f 184/244 200/280 204/281 192/266
f 189/258 201/282 207/283 198/268
f 268/284 231/285 161/243 254/242
f 200/280 184/244 191/247 203/286
f 209/287 216/288 229/289 220/290
f 190/257 202/291 201/282 189/258
f 203/286 191/247 193/261 205/292
f 210/293 221/294 226/295 213/296
f 231/285 268/284 224/297 187/298
f 225/299 212/300 213/296 226/295
f 208/301 219/302 228/303 215/304
f 163/231 162/233 161/243 231/285
f 214/305 227/306 222/307 211/308
f 294/229 163/231 231/285 187/298
f 227/306 214/305 215/304 228/303
f 276/309 277/310 227/306 228/303
f 277/310 278/311 222/307 227/306
f 276/312 263/313 204/281 200/280
f 237/314 281/315 236/316 234/317
f 264/318 280/319 201/282 202/291
f 280/319 262/320 207/283 201/282
f 187/298 224/297 281/321 223/322
f 215/304 249/323 230/324 208/301
f 237/325 292/326 223/322 281/321
f 211/308 295/327 285/328 214/305
f 253/329 206/330 274/331 273/332
f 284/262 195/265 253/333 289/334
f 247/335 233/336 232/337 252/338
f 273/332 274/331 220/290 229/289
f 290/339 273/340 229/341 287/342
f 245/343 246/344 248/345 250/346
f 245/343 250/346 251/347 244/348
f 250/346 247/349 252/350 251/347
f 259/351 256/352 186/278 182/277
f 258/353 257/354 183/249 199/275
f 257/354 259/355 182/250 183/249
f 197/356 179/357 178/358 196/359
f 261/360 254/361 188/272 185/271
f 269/362 270/363 232/364 255/365
f 236/366 255/365 232/364 233/336
f 267/367 270/368 256/352 259/351
f 279/369 271/370 257/354 258/353
f 271/370 267/371 259/355 257/354
f 269/372 268/373 254/361 261/360
f 185/271 186/278 256/352 261/360
f 289/334 253/333 273/340 290/339
f 265/227 294/229 187/298 223/322
f 261/360 256/352 270/368 269/372
f 251/347 252/350 267/371 271/370
f 203/286 205/292 278/311 277/310
f 244/348 251/347 271/370 279/369
f 272/224 265/227 223/322 292/326
f 208/374 230/375 217/323 209/304
f 252/338 232/337 270/363 267/367
f 225/299 226/295 280/319 264/318
f 228/303 219/302 263/313 276/309
f 195/252 194/255 206/330 253/329
f 200/280 203/286 277/310 276/312
f 226/295 221/294 262/320 280/319
f 255/365 224/376 268/373 269/362
f 194/255 176/254 174/377 192/378
f 193/379 175/380 180/269 198/268
f 212/300 291/381 293/382 213/296
f 288/383 286/384 239/385 240/386
f 287/387 288/383 240/386 238/388
f 290/339 287/342 238/388 275/389
f 216/390 288/383 287/387 229/341
f 218/391 286/384 288/383 216/390
f 275/389 235/392 289/334 290/339
f 209/304 217/323 218/393 216/288
f 281/315 224/376 255/365 236/316
f 235/392 196/394 284/262 289/334
f 239/385 243/395 241/396 240/386
f 240/386 241/396 242/397 238/388
f 238/388 242/397 266/398 275/389
f 275/389 266/398 260/399 235/392
f 235/392 260/399 197/356 196/394
f 214/305 285/328 249/323 215/304
f 219/400 208/374 209/304 220/303
f 263/401 219/400 220/303 274/309
f 274/309 206/330 204/402 263/401
f 192/378 204/402 206/280 194/255
f 198/268 207/283 205/403 193/379
f 278/404 205/403 207/283 262/320
f 262/320 221/294 222/405 278/404
f 221/294 210/293 211/223 222/405
f 213/296 293/382 296/221 210/293
f 241/406 243/407 246/344 245/343
f 242/408 241/406 245/343 244/348
f 266/409 242/408 244/348 279/369
f 279/369 258/353 260/410 266/409
f 258/353 199/275 197/411 260/410
f 199/275 181/274 179/412 197/411
f 283/263 284/262 196/394 178/358
f 181/274 314/413 312/414 179/412
f 174/267 307/415 299/416 166/245
f 172/236 305/417 315/418 282/237
f 164/251 297/419 298/420 165/248
f 180/269 313/421 304/422 171/259
f 170/273 303/423 300/424 167/270
f 165/248 298/420 314/413 181/274
f 178/358 311/425 316/426 283/263
f 166/245 299/416 306/427 173/246
f 176/254 309/416 307/428 174/377
f 171/259 304/422 305/429 172/256
f 282/237 315/418 302/430 169/238
f 175/380 308/431 313/421 180/269
f 173/246 306/427 308/432 175/260
f 169/238 302/430 303/433 170/240
f 179/357 312/434 311/425 178/358
f 167/270 300/424 301/435 168/279
f 177/253 310/436 309/416 176/254
f 283/263 316/426 310/437 177/264
f 168/279 301/435 297/438 164/276
f 317/439 318/440 320/441 319/442
f 318/440 317/439 321/443 322/444
f 322/444 321/443 323/445 324/446
f 319/442 320/441 326/447 325/448
f 325/448 326/447 328/449 327/450
f 324/446 323/445 329/451 330/452
f 330/452 329/451 331/453 332/454
f 332/454 331/453 333/455 334/456
f 334/456 333/455 335/457 336/458
f 327/450 328/449 338/459 337/460
f 336/458 335/457 339/461 340/462
f 340/462 339/461 341/463 342/464
f 342/464 341/463 343/465 344/466
f 344/466 343/465 345/467 346/468
f 346/468 345/467 347/469 348/470
f 337/460 338/459 350/471 349/472
f 349/472 350/471 352/473 351/474
f 351/475 352/476 354/477 353/478
f 353/478 354/477 356/479 355/480
f 355/480 356/479 358/481 357/482
f 357/482 358/481 360/483 359/484
f 359/484 360/483 362/485 361/486
f 361/486 362/485 364/487 363/488
f 363/488 364/487 366/489 365/490
f 365/490 366/489 368/491 367/492
f 367/492 368/491 370/493 369/494
f 369/494 370/493 372/495 371/496
f 371/496 372/495 374/497 373/498
f 373/498 374/497 376/499 375/500
f 375/500 376/499 378/501 377/502
f 377/502 378/501 380/503 379/504
f 379/504 380/503 382/505 381/506
f 381/506 382/505 384/507 383/508
f 347/509 383/508 384/507 348/510
f 361/511 363/512 408/513 407/514
f 317/515 319/516 386/517 385/518
f 333/519 331/520 392/521 393/522
f 377/523 379/524 416/525 415/526
f 359/527 361/511 407/514 406/528
f 325/529 327/530 390/531 389/532
f 331/520 329/533 391/534 392/521
f 375/535 377/523 415/526 414/536
f 347/537 345/538 399/539 400/540
f 357/541 359/527 406/528 405/542
f 319/516 325/529 389/532 386/517
f 329/533 323/543 388/544 391/534
f 373/545 375/535 414/536 413/546
f 355/547 357/541 405/542 404/548
f 345/538 343/549 398/550 399/539
f 371/551 373/545 413/546 412/552
f 383/553 347/537 400/540 418/554
f 343/549 341/555 397/556 398/550
f 353/557 355/547 404/548 403/558
f 369/559 371/551 412/552 411/560
f 327/530 337/561 395/562 390/531
f 341/555 339/563 396/564 397/556
f 351/565 353/557 403/558 402/566
f 323/543 321/567 387/568 388/544
f 367/569 369/559 411/560 410/570
f 349/571 351/565 402/566 401/572
f 339/563 335/573 394/574 396/564
f 321/567 317/515 385/518 387/568
f 365/575 367/569 410/570 409/576
f 381/577 383/553 418/554 417/578
f 337/561 349/571 401/572 395/562
f 363/512 365/575 409/576 408/513
f 335/573 333/519 393/522 394/574
f 379/524 381/577 417/578 416/525
f 417/578 418/554 400/540 419/579
f 398/550 419/579 400/540 399/539
f 417/578 419/579 432/580 416/525
f 398/550 397/556 432/580 419/579
f 396/564 431/581 432/580 397/556
f 415/526 416/525 432/580 431/581
f 394/574 430/582 431/581 396/564
f 414/536 415/526 431/581 430/582
f 393/522 429/583 430/582 394/574
f 413/546 414/536 430/582 429/583
f 392/521 428/584 429/583 393/522
f 412/552 413/546 429/583 428/584
f 391/534 427/585 428/584 392/521
f 411/560 412/552 428/584 427/585
f 410/570 411/560 427/585 426/586
f 388/544 426/586 427/585 391/534
f 387/568 425/587 426/586 388/544
f 409/576 410/570 426/586 425/587
f 385/518 424/588 425/587 387/568
f 408/513 409/576 425/587 424/588
f 386/517 423/589 424/588 385/518
f 407/514 408/513 424/588 423/589
f 389/532 422/590 423/589 386/517
f 406/528 407/514 423/589 422/590
f 405/542 406/528 422/590 421/591
f 390/531 421/591 422/590 389/532
f 401/572 402/566 420/592 395/562
f 402/566 403/558 404/548 420/592
f 404/548 405/542 421/591 420/592
f 395/562 420/592 421/591 390/531
f 324/446 330/452 439/593 436/594
f 352/473 350/471 449/595 450/596
f 344/466 346/468 447/597 446/598
f 368/491 366/489 457/599 458/600
f 350/471 338/459 443/601 449/595
f 384/507 382/505 465/602 466/603
f 366/489 364/487 456/604 457/599
f 342/464 344/466 446/598 445/605
f 382/505 380/503 464/606 465/602
f 340/462 342/464 445/605 444/607
f 364/487 362/485 455/608 456/604
f 322/444 324/446 436/594 435/609
f 380/503 378/501 463/610 464/606
f 328/449 326/447 437/611 438/612
f 336/458 340/462 444/607 442/613
f 362/485 360/483 454/614 455/608
f 378/501 376/499 462/615 463/610
f 318/440 322/444 435/609 433/616
f 360/483 358/481 453/617 454/614
f 326/447 320/441 434/618 437/611
f 320/441 318/440 433/616 434/618
f 376/499 374/497 461/619 462/615
f 334/456 336/458 442/613 441/620
f 358/481 356/479 452/621 453/617
f 348/510 384/507 466/603 448/622
f 374/497 372/495 460/623 461/619
f 356/479 354/477 451/624 452/621
f 332/454 334/456 441/620 440/625
f 372/495 370/493 459/626 460/623
f 338/459 328/449 438/612 443/601
f 354/477 352/476 450/627 451/624
f 330/452 332/454 440/625 439/593
f 370/493 368/491 458/600 459/626
f 346/468 348/470 448/628 447/597
f 441/620 442/613 476/629 475/630
f 459/626 458/600 492/631 493/632
f 449/595 443/601 477/633 483/634
f 466/603 465/602 499/635 500/636
f 456/604 455/608 489/637 490/638
f 436/594 439/593 473/639 470/640
f 445/605 446/598 480/641 479/642
f 463/610 462/615 496/643 497/644
f 435/609 436/594 470/640 469/645
f 453/617 452/621 486/646 487/647
f 443/601 438/612 472/648 477/633
f 460/623 459/626 493/632 494/649
f 448/622 466/603 500/636 482/650
f 450/596 449/595 483/634 484/651
f 439/593 440/625 474/652 473/639
f 457/599 456/604 490/638 491/653
f 446/598 447/597 481/654 480/641
f 464/606 463/610 497/644 498/655
f 454/614 453/617 487/647 488/656
f 437/611 434/618 468/657 471/658
f 442/613 444/607 478/659 476/629
f 461/619 460/623 494/649 495/660
f 434/618 433/616 467/661 468/657
f 451/624 450/627 484/662 485/663
f 458/600 457/599 491/653 492/631
f 440/625 441/620 475/630 474/652
f 465/602 464/606 498/655 499/635
f 447/597 448/628 482/664 481/654
f 438/612 437/611 471/658 472/648
f 455/608 454/614 488/656 489/637
f 444/607 445/605 479/642 478/659
f 462/615 461/619 495/660 496/643
f 433/616 435/609 469/645 467/661
f 452/621 451/624 485/663 486/646
f 470/665 473/666 507/667 504/668
f 490/669 489/670 523/671 524/672
f 479/673 480/674 514/675 513/676
f 497/677 496/678 530/679 531/680
f 469/681 470/665 504/668 503/682
f 487/683 486/684 520/685 521/686
f 477/687 472/688 506/689 511/690
f 494/691 493/692 527/693 528/694
f 484/695 483/696 517/697 518/698
f 482/699 500/700 534/701 516/702
f 491/703 490/669 524/672 525/704
f 473/666 474/705 508/706 507/667
f 480/674 481/707 515/708 514/675
f 498/709 497/677 531/680 532/710
f 471/711 468/712 502/713 505/714
f 488/715 487/683 521/686 522/716
f 476/717 478/718 512/719 510/720
f 495/721 494/691 528/694 529/722
f 468/712 467/723 501/724 502/713
f 485/725 484/695 518/698 519/726
f 474/705 475/727 509/728 508/706
f 492/729 491/703 525/704 526/730
f 481/707 482/699 516/702 515/708
f 499/731 498/709 532/710 533/732
f 489/670 488/715 522/716 523/671
f 472/688 471/711 505/714 506/689
f 478/718 479/673 513/676 512/719
f 496/733 495/721 529/722 530/734
f 467/723 469/681 503/682 501/724
f 486/684 485/725 519/726 520/685
f 493/692 492/729 526/730 527/693
f 475/727 476/735 510/736 509/728
f 500/700 499/731 533/732 534/701
f 483/696 477/687 511/690 517/697
f 504/668 507/667 541/737 538/738
f 524/672 523/671 557/739 558/740
f 513/676 514/675 548/741 547/742
f 531/680 530/679 564/743 565/744
f 521/686 520/685 554/745 555/746
f 503/682 504/668 538/738 537/747
f 511/690 506/689 540/748 545/749
f 528/694 527/693 561/750 562/751
f 518/698 517/697 551/752 552/753
f 516/702 534/701 568/754 550/755
f 525/704 524/672 558/740 559/756
f 507/667 508/706 542/757 541/737
f 532/710 531/680 565/744 566/758
f 514/675 515/708 549/759 548/741
f 505/714 502/713 536/760 539/761
f 522/716 521/686 555/746 556/762
f 510/720 512/719 546/763 544/764
f 529/722 528/694 562/751 563/765
f 502/713 501/724 535/766 536/760
f 519/726 518/698 552/753 553/767
f 508/706 509/728 543/768 542/757
f 526/730 525/704 559/756 560/769
f 515/708 516/702 550/755 549/759
f 533/732 532/710 566/758 567/770
f 523/671 522/716 556/762 557/739
f 506/689 505/714 539/761 540/748
f 512/719 513/676 547/742 546/763
f 530/734 529/722 563/765 564/771
f 501/724 503/682 537/747 535/766
f 520/685 519/726 553/767 554/745
f 509/728 510/736 544/772 543/768
f 527/693 526/730 560/769 561/750
f 534/701 533/732 567/770 568/754
f 517/697 511/690 545/749 551/752
f 548/741 549/759 550/755 569/773
f 567/770 569/773 550/755 568/754
f 566/758 571/774 569/773 567/770
f 547/742 548/741 569/773 570/775
f 565/744 574/776 571/774 566/758
f 546/763 547/742 570/775 572/777
f 569/773 571/774 573/778 570/775
f 562/751 561/750 596/779 597/780
f 540/748 539/761 579/781 580/782
f 551/752 545/749 585/783 586/784
f 560/769 559/756 594/785 595/786
f 537/747 538/738 578/787 577/788
f 558/740 557/739 592/789 593/790
f 536/760 535/766 575/791 576/792
f 545/749 540/748 580/782 585/783
f 556/762 555/746 590/793 591/794
f 542/757 543/768 583/795 582/796
f 554/745 553/767 588/797 589/798
f 563/765 562/751 597/780 598/799
f 538/738 541/737 581/800 578/787
f 552/753 551/752 586/784 587/801
f 561/750 560/769 595/786 596/779
f 539/761 536/760 576/792 579/781
f 559/756 558/740 593/790 594/785
f 535/766 537/747 577/788 575/791
f 557/739 556/762 591/794 592/789
f 543/768 544/772 584/802 583/795
f 555/746 554/745 589/798 590/793
f 564/771 563/765 598/799 599/803
f 541/737 542/757 582/796 581/800
f 553/767 552/753 587/801 588/797
f 544/764 546/763 572/777 584/804
f 564/743 599/805 574/776 565/744
f 598/799 597/780 624/806 625/807
f 587/801 586/784 613/808 614/809
f 596/779 595/786 622/810 623/811
f 585/783 580/782 607/812 612/813
f 594/785 593/790 620/814 621/815
f 576/792 575/791 602/816 603/817
f 582/796 583/795 610/818 609/819
f 584/804 572/777 600/820 611/821
f 592/789 591/794 618/822 619/823
f 578/787 581/800 608/824 605/825
f 579/781 576/792 603/817 606/826
f 590/793 589/798 616/827 617/828
f 599/803 598/799 625/807 626/829
f 588/797 587/801 614/809 615/830
f 597/780 596/779 623/811 624/806
f 586/784 585/783 612/813 613/808
f 595/786 594/785 621/815 622/810
f 575/791 577/788 604/831 602/816
f 583/795 584/802 611/832 610/818
f 574/776 599/805 626/833 601/834
f 593/790 592/789 619/823 620/814
f 581/800 582/796 609/819 608/824
f 580/782 579/781 606/826 607/812
f 591/794 590/793 617/828 618/822
f 577/788 578/787 605/825 604/831
f 589/798 588/797 615/830 616/827
f 574/776 601/834 573/778 571/774
f 572/777 570/775 573/778 600/820
f 573/778 601/834 627/835 600/820
f 611/821 600/820 627/835 641/836
f 626/833 655/837 627/835 601/834
f 611/832 641/838 640/839 610/818
f 651/840 650/841 676/842 677/843
f 632/844 662/845 658/846 628/847
f 637/848 667/849 666/850 636/851
f 649/852 648/853 674/854 675/855
f 656/856 678/857 679/858 657/859
f 635/860 665/861 664/862 634/863
f 647/864 646/865 672/866 673/867
f 644/868 657/859 679/858 670/869
f 633/870 663/871 662/845 632/844
f 643/872 645/873 671/874 669/875
f 629/876 659/877 661/878 631/879
f 642/880 643/872 669/875 668/881
f 650/841 649/852 675/855 676/842
f 628/847 658/846 659/877 629/876
f 636/851 666/850 665/861 635/860
f 768/882 647/864 673/867 769/883
f 630/884 660/885 678/857 656/856
f 776/886 777/887 663/871 633/870
f 645/873 644/868 670/869 671/874
f 739/888 740/889 660/885 630/884
f 646/865 642/880 668/881 672/866
f 658/846 680/890 681/891 659/877
f 669/875 671/874 693/892 691/893
f 678/857 700/894 701/895 679/858
f 668/881 669/875 691/893 690/896
f 670/869 679/858 701/895 692/897
f 666/850 688/898 687/899 665/861
f 676/842 675/855 697/900 698/901
f 777/887 778/902 685/903 663/871
f 740/889 741/904 682/905 660/885
f 769/883 673/867 695/906 770/907
f 662/845 684/908 680/890 658/846
f 671/874 670/869 692/897 693/892
f 672/866 668/881 690/896 694/909
f 660/885 682/905 700/894 678/857
f 667/849 689/910 688/898 666/850
f 677/843 676/842 698/901 699/911
f 665/861 687/899 686/912 664/862
f 663/871 685/903 684/908 662/845
f 675/855 674/854 696/913 697/900
f 659/877 681/891 683/914 661/878
f 673/867 672/866 694/909 695/906
f 684/908 706/915 702/916 680/890
f 693/892 692/897 714/917 715/918
f 694/909 690/896 712/919 716/920
f 682/905 704/921 722/922 700/894
f 689/910 711/923 710/924 688/898
f 699/911 698/901 720/925 721/926
f 687/899 709/927 708/928 686/912
f 685/903 707/929 706/915 684/908
f 697/900 696/913 718/930 719/931
f 681/891 703/932 705/933 683/914
f 695/906 694/909 716/920 717/934
f 680/890 702/916 703/932 681/891
f 691/893 693/892 715/918 713/935
f 700/894 722/922 723/936 701/895
f 690/896 691/893 713/935 712/919
f 692/897 701/895 723/936 714/917
f 688/898 710/924 709/927 687/899
f 698/901 697/900 719/931 720/925
f 778/902 779/937 707/929 685/903
f 741/904 742/938 704/921 682/905
f 770/907 695/906 717/934 771/939
f 618/822 617/828 642/880 646/865
f 606/826 632/844 628/847 607/812
f 616/827 615/830 729/940 730/941
f 613/808 612/813 727/942 728/943
f 613/808 728/943 724/944 614/809
f 615/830 614/809 724/944 729/940
f 612/813 607/812 628/847 727/942
f 616/827 730/941 642/880 617/828
f 730/941 729/940 733/945 734/946
f 728/943 727/942 731/947 732/948
f 642/880 730/941 734/946 643/872
f 629/876 731/947 727/942 628/847
f 724/944 728/943 732/948 725/949
f 725/949 733/945 729/940 724/944
f 644/868 735/950 726/951 657/859
f 656/856 657/859 726/951 736/952
f 725/949 726/951 735/950 733/945
f 725/949 732/948 736/952 726/951
f 732/948 731/947 737/953 736/952
f 631/879 737/953 731/947 629/876
f 733/945 735/950 738/954 734/946
f 645/873 643/872 734/946 738/954
f 644/868 645/873 738/954 735/950
f 656/856 736/952 737/953 630/884
f 631/879 661/878 740/889 739/888
f 661/878 683/914 741/904 740/889
f 683/914 705/933 742/938 741/904
f 631/879 739/888 630/884 737/953
f 608/824 609/819 748/955 747/956
f 605/825 608/824 747/956 746/957
f 604/831 605/825 746/957 745/958
f 602/816 604/831 745/958 743/959
f 603/817 602/816 743/959 744/960
f 624/806 623/811 753/961 754/962
f 623/811 622/810 752/963 753/961
f 622/810 621/815 751/964 752/963
f 621/815 620/814 750/965 751/964
f 620/814 619/823 749/966 750/965
f 619/823 618/822 646/865 749/966
f 603/817 744/960 632/844 606/826
f 667/849 637/848 711/923 689/910
f 677/843 699/911 721/926 651/840
f 641/836 627/835 755/967 759/968
f 627/835 655/837 763/969 755/967
f 655/970 654/971 762/972 763/973
f 654/971 653/974 761/975 762/972
f 653/974 652/976 760/977 761/975
f 640/839 641/838 759/978 758/979
f 640/839 758/979 757/980 639/981
f 639/981 757/980 756/982 638/983
f 638/983 756/982 711/923 637/848
f 652/976 651/840 721/926 760/977
f 609/819 610/818 640/839 748/955
f 626/829 625/807 654/971 655/970
f 625/807 624/806 754/962 654/971
f 654/971 754/962 753/961 653/974
f 639/981 747/956 748/955 640/839
f 638/983 746/957 747/956 639/981
f 653/974 753/961 752/963 652/976
f 651/840 652/976 752/963 764/984
f 751/964 750/965 765/985 766/986
f 751/964 766/986 764/984 752/963
f 650/841 651/840 764/984 766/986
f 650/841 766/986 765/985 649/852
f 749/966 767/987 765/985 750/965
f 648/853 649/852 765/985 767/987
f 647/864 767/987 749/966 646/865
f 648/853 768/882 769/883 674/854
f 674/854 769/883 770/907 696/913
f 696/913 770/907 771/939 718/930
f 648/853 767/987 647/864 768/882
f 745/958 746/957 773/988 772/989
f 637/848 773/988 746/957 638/983
f 745/958 772/989 775/990 743/959
f 633/870 632/844 744/960 774/991
f 744/960 743/959 775/990 774/991
f 636/851 772/989 773/988 637/848
f 636/851 635/860 775/990 772/989
f 634/863 774/991 775/990 635/860
f 634/863 664/862 777/887 776/886
f 664/862 686/912 778/902 777/887
f 686/912 708/928 779/937 778/902
f 776/886 633/870 774/991 634/863
f 780/992 781/993 785/994 784/995
f 781/993 782/996 786/997 785/994
f 782/996 783/998 787/999 786/997
f 784/995 785/994 789/1000 788/1001
f 785/994 786/997 790/1002 789/1000
f 786/997 787/999 791/1003 790/1002
f 788/1001 789/1000 793/1004 792/1005
f 789/1000 790/1002 794/1006 793/1004
f 790/1002 791/1003 795/1007 794/1006
f 792/1005 793/1004 797/1008 796/1009
f 793/1004 794/1006 798/1010 797/1008
f 794/1006 795/1007 799/1011 798/1010
f 796/1009 797/1008 801/1012 800/1013
f 797/1008 798/1010 802/1014 801/1012
f 798/1010 799/1011 803/1015 802/1014
f 800/1013 801/1012 805/1016 804/1017
f 801/1012 802/1014 806/1018 805/1016
f 802/1014 803/1015 807/1019 806/1018
f 806/1018 807/1019 811/1020 810/1021
f 805/1016 806/1018 810/1021 809/1022
f 804/1017 805/1016 809/1022 808/1023
f 827/1024 821/1025 815/1026 822/1027
f 816/1028 825/1029 823/1030 814/1031
f 825/1029 827/1024 822/1027 823/1030
f 812/1032 818/1033 824/1034 817/1035
f 817/1035 824/1034 825/1029 816/1028
f 818/1033 819/1036 826/1037 824/1034
f 824/1034 826/1037 827/1024 825/1029
f 819/1036 813/1038 820/1039 826/1037
f 826/1037 820/1039 821/1025 827/1024
f 821/1025 820/1039 834/1040 835/1041
f 820/1039 813/1038 829/1042 834/1040
f 817/1035 816/1028 832/1043 833/1044
f 816/1028 814/1031 830/1045 832/1043
f 815/1026 821/1025 835/1041 831/1046
f 812/1032 817/1035 833/1044 828/1047
f 851/1048 845/1049 839/1050 846/1051
f 840/1052 849/1053 847/1054 838/1055
f 849/1053 851/1048 846/1051 847/1054
f 836/1056 842/1057 848/1058 841/1059
f 841/1059 848/1058 849/1053 840/1052
f 842/1057 843/1060 850/1061 848/1058
f 848/1058 850/1061 851/1048 849/1053
f 843/1060 837/1062 844/1063 850/1061
f 850/1061 844/1063 845/1049 851/1048
f 929/1064 997/1065 999/1066 928/1067
f 1024/1068 876/1069 878/1070 1020/1071
f 903/1072 880/1073 878/1074 906/1075
f 853/1076 1003/1077 1002/1078 855/1079
f 1023/1080 880/1081 881/1082 1027/1083
f 951/1084 928/1085 926/1086 954/1087
f 875/1088 869/1089 863/1090 870/1091
f 864/1092 873/1093 871/1094 862/1095
f 873/1093 875/1088 870/1091 871/1094
f 860/1096 866/1097 872/1098 865/1099
f 865/1099 872/1098 873/1093 864/1092
f 866/1097 867/1100 874/1101 872/1098
f 872/1098 874/1101 875/1088 873/1093
f 867/1100 861/1102 868/1103 874/1101
f 874/1101 868/1103 869/1089 875/1088
f 949/1104 951/1105 858/1106 859/1107
f 976/1108 977/1109 901/1110 903/1111
f 858/1112 999/1066 997/1065 859/1113
f 906/1075 878/1074 876/1069 907/1114
f 972/1115 974/1116 906/1117 907/1118
f 949/1104 929/1064 928/1067 951/1105
f 899/1119 893/1120 887/1121 894/1122
f 888/1123 897/1124 895/1125 886/1126
f 897/1124 899/1119 894/1122 895/1125
f 884/1127 890/1128 896/1129 889/1130
f 889/1130 896/1129 897/1124 888/1123
f 890/1128 891/1131 898/1132 896/1129
f 896/1129 898/1132 899/1119 897/1124
f 891/1131 885/1133 892/1134 898/1132
f 898/1132 892/1134 893/1120 899/1119
f 854/1135 856/1136 857/1137 852/1138
f 852/1138 857/1137 876/1069 1024/1068
f 889/1130 888/1123 904/1139 905/1140
f 888/1123 886/1126 902/1141 904/1139
f 1027/1083 881/1082 997/1065 929/1064
f 884/1127 889/1130 905/1140 900/1142
f 923/1143 917/1144 911/1145 918/1146
f 912/1147 921/1148 919/1149 910/1150
f 921/1148 923/1143 918/1146 919/1149
f 908/1151 914/1152 920/1153 913/1154
f 913/1154 920/1153 921/1148 912/1147
f 914/1152 915/1155 922/1156 920/1153
f 920/1153 922/1156 923/1143 921/1148
f 915/1155 909/1157 916/1158 922/1156
f 922/1156 916/1158 917/1144 923/1143
f 917/1144 916/1158 930/1159 931/1160
f 916/1158 909/1157 925/1161 930/1159
f 855/1079 1002/1078 999/1066 858/1112
f 883/1162 852/1138 1024/1068 972/1163
f 911/1145 917/1144 931/1160 927/1164
f 859/1113 997/1065 881/1082 901/1165
f 947/1166 941/1167 935/1168 942/1169
f 936/1170 945/1171 943/1172 934/1173
f 945/1171 947/1166 942/1169 943/1172
f 932/1174 938/1175 944/1176 937/1177
f 937/1177 944/1176 945/1171 936/1170
f 938/1175 939/1178 946/1179 944/1176
f 944/1176 946/1179 947/1166 945/1171
f 939/1178 933/1180 940/1181 946/1179
f 946/1179 940/1181 941/1167 947/1166
f 882/1182 883/1183 877/1184 879/1185
f 977/1109 949/1104 859/1107 901/1110
f 937/1177 936/1170 952/1186 953/1187
f 936/1170 934/1173 950/1188 952/1186
f 883/1183 972/1163 907/1118 877/1184
f 932/1174 937/1177 953/1187 948/1189
f 971/1190 965/1191 959/1192 966/1193
f 960/1194 969/1195 967/1196 958/1197
f 969/1195 971/1190 966/1193 967/1196
f 956/1198 962/1199 968/1200 961/1201
f 961/1201 968/1200 969/1195 960/1194
f 962/1199 963/1202 970/1203 968/1200
f 968/1200 970/1203 971/1190 969/1195
f 963/1202 957/1204 964/1205 970/1203
f 970/1203 964/1205 965/1191 971/1190
f 965/1191 964/1205 978/1206 979/1207
f 964/1205 957/1204 973/1208 978/1206
f 974/1116 976/1108 903/1111 906/1117
f 951/1105 954/1087 855/1209 858/1106
f 959/1192 965/1191 979/1207 975/1210
f 954/1087 955/1211 853/1212 855/1209
f 995/1213 989/1214 983/1215 990/1216
f 984/1217 993/1218 991/1219 982/1220
f 993/1218 995/1213 990/1216 991/1219
f 980/1221 986/1222 992/1223 985/1224
f 985/1224 992/1223 993/1218 984/1217
f 986/1222 987/1225 994/1226 992/1223
f 992/1223 994/1226 995/1213 993/1218
f 987/1225 981/1227 988/1228 994/1226
f 994/1226 988/1228 989/1214 995/1213
f 1020/1071 878/1070 880/1073 1023/1080
f 926/1229 1002/1078 1003/1077 924/1230
f 985/1224 984/1217 1000/1231 1001/1232
f 984/1217 982/1220 998/1233 1000/1231
f 928/1085 999/1066 1002/1078 926/1086
f 980/1221 985/1224 1001/1232 996/1234
f 1019/1235 1013/1236 1007/1237 1014/1238
f 1008/1239 1017/1240 1015/1241 1006/1242
f 1017/1240 1019/1235 1014/1238 1015/1241
f 1004/1243 1010/1244 1016/1245 1009/1246
f 1009/1246 1016/1245 1017/1240 1008/1239
f 1010/1244 1011/1247 1018/1248 1016/1245
f 1016/1245 1018/1248 1019/1235 1017/1240
f 1011/1247 1005/1249 1012/1250 1018/1248
f 1018/1248 1012/1250 1013/1236 1019/1235
f 1013/1236 1012/1250 1025/1251 1026/1252
f 1012/1250 1005/1249 1021/1253 1025/1251
f 976/1108 1023/1080 1027/1083 977/1109
f 1007/1237 1013/1236 1026/1252 1022/1254
f 907/1114 876/1069 857/1137 877/1255
f 977/1109 1027/1083 929/1064 949/1104
f 1051/1256 1060/1257 1061/1258 1050/1259
f 877/1255 857/1137 856/1136 879/1260
f 974/1116 1020/1071 1023/1080 976/1108
f 901/1165 881/1082 880/1081 903/1072
f 1066/1261 1036/1262 1038/1263 1064/1264
f 954/1087 926/1086 924/1230 955/1211
f 882/1182 854/1135 852/1138 883/1183
f 972/1115 1024/1068 1020/1071 974/1116
f 1045/1265 1040/1266 1038/1267 1046/1268
f 1029/1269 1063/1270 1062/1271 1031/1272
f 1065/1273 1040/1274 1041/1275 1067/1276
f 1053/1277 1050/1278 1049/1279 1054/1280
f 1052/1281 1053/1282 1034/1283 1035/1284
f 1058/1285 1059/1286 1044/1287 1045/1288
f 1034/1283 1061/1258 1060/1257 1035/1284
f 1046/1268 1038/1267 1036/1262 1047/1289
f 1056/1290 1057/1291 1046/1268 1047/1289
f 1052/1292 1051/1256 1050/1259 1053/1277
f 1030/1293 1032/1294 1033/1295 1028/1296
f 1028/1296 1033/1295 1036/1262 1066/1261
f 1067/1276 1041/1275 1060/1257 1051/1256
f 1031/1272 1062/1271 1061/1258 1034/1283
f 1043/1297 1028/1296 1066/1261 1056/1298
f 1035/1284 1060/1257 1041/1275 1044/1299
f 1042/1300 1043/1301 1037/1302 1039/1303
f 1059/1286 1052/1281 1035/1284 1044/1287
f 1043/1301 1056/1290 1047/1289 1037/1302
f 1057/1291 1058/1285 1045/1288 1046/1268
f 1053/1282 1054/1304 1031/1272 1034/1283
f 1054/1304 1055/1305 1029/1269 1031/1272
f 1064/1264 1038/1263 1040/1266 1065/1273
f 1049/1306 1062/1271 1063/1270 1048/1307
f 1050/1278 1061/1258 1062/1271 1049/1279
f 1058/1308 1065/1273 1067/1276 1059/1309
f 1047/1289 1036/1262 1033/1295 1037/1302
f 1059/1309 1067/1276 1051/1256 1052/1292
f 1037/1302 1033/1295 1032/1294 1039/1303
f 1057/1310 1064/1264 1065/1273 1058/1308
f 1044/1287 1041/1275 1040/1274 1045/1288
f 1054/1280 1049/1279 1048/1307 1055/1311
f 1042/1312 1030/1293 1028/1296 1043/1297
f 1056/1298 1066/1261 1064/1264 1057/1310
f 1094/1313 1073/1314 1075/1315 1092/1316
f 1082/1317 1077/1318 1075/1319 1083/1320
f 1093/1321 1077/1322 1078/1323 1095/1324
f 1089/1325 1090/1326 1081/1327 1082/1328
f 1083/1320 1075/1319 1073/1329 1084/1330
f 1087/1331 1088/1332 1083/1320 1084/1330
f 1069/1333 1070/1334 1071/1335 1068/1336
f 1068/1336 1071/1335 1073/1314 1094/1313
f 1095/1324 1078/1323 1091/1337 1085/1338
f 1080/1339 1068/1336 1094/1313 1087/1340
f 1072/1341 1091/1342 1078/1343 1081/1344
f 1079/1345 1080/1346 1074/1347 1076/1348
f 1090/1326 1086/1349 1072/1341 1081/1327
f 1080/1346 1087/1340 1084/1330 1074/1347
f 1088/1332 1089/1325 1082/1328 1083/1320
f 1092/1316 1075/1315 1077/1322 1093/1321
f 1089/1325 1093/1321 1095/1324 1090/1326
f 1084/1330 1073/1329 1071/1350 1074/1347
f 1090/1326 1095/1324 1085/1338 1086/1349
f 1074/1347 1071/1350 1070/1351 1076/1348
f 1088/1332 1092/1316 1093/1321 1089/1325
f 1081/1327 1078/1343 1077/1318 1082/1328
f 1079/1345 1069/1333 1068/1336 1080/1346
f 1087/1331 1094/1313 1092/1316 1088/1332
f 1072/1341 1086/1349 1085/1338 1091/1337
f 1122/1352 1101/1353 1103/1354 1120/1355
f 1110/1356 1105/1357 1103/1358 1111/1359
f 1121/1360 1105/1361 1106/1362 1123/1363
f 1117/1364 1118/1365 1109/1366 1110/1367
f 1111/1359 1103/1358 1101/1353 1112/1368
f 1115/1369 1116/1370 1111/1371 1112/1372
f 1097/1373 1098/1374 1099/1375 1096/1376
f 1096/1376 1099/1375 1101/1353 1122/1352
f 1123/1363 1106/1362 1119/1377 1113/1378
f 1108/1379 1096/1376 1122/1352 1115/1380
f 1100/1381 1119/1377 1106/1362 1109/1382
f 1107/1383 1108/1384 1102/1385 1104/1386
f 1118/1365 1114/1387 1100/1388 1109/1366
f 1108/1384 1115/1380 1112/1372 1102/1385
f 1116/1370 1117/1364 1110/1367 1111/1371
f 1120/1355 1103/1354 1105/1357 1121/1360
f 1117/1364 1121/1360 1123/1363 1118/1365
f 1112/1368 1101/1353 1099/1375 1102/1389
f 1118/1365 1123/1363 1113/1378 1114/1387
f 1102/1389 1099/1375 1098/1374 1104/1390
f 1116/1370 1120/1355 1121/1360 1117/1364
f 1109/1382 1106/1362 1105/1361 1110/1356
f 1107/1383 1097/1373 1096/1376 1108/1384
f 1115/1369 1122/1352 1120/1355 1116/1370
f 1100/1388 1114/1387 1113/1378 1119/1377
f 1128/1391 1129/1392 1125/1393 1124/1394
f 1129/1392 1130/1395 1126/1396 1125/1393
f 1130/1395 1131/1397 1127/1398 1126/1396
f 1131/1397 1128/1391 1124/1394 1127/1398
f 1131/1397 1130/1395 1129/1392 1128/1391
f 1132/1399 1134/1400 1135/1401 1133/1402
f 1133/1402 1137/1403 1136/1404 1132/1399
f 1137/1403 1139/1405 1138/1406 1136/1404
f 1134/1400 1140/1407 1141/1408 1135/1401
f 1140/1407 1142/1409 1143/1410 1141/1408
f 1139/1405 1145/1411 1144/1412 1138/1406
f 1145/1411 1147/1413 1146/1414 1144/1412
f 1147/1413 1149/1415 1148/1416 1146/1414
f 1149/1415 1151/1417 1150/1418 1148/1416
f 1142/1409 1152/1419 1153/1420 1143/1410
f 1151/1417 1155/1421 1154/1422 1150/1418
f 1155/1421 1157/1423 1156/1424 1154/1422
f 1157/1423 1159/1425 1158/1426 1156/1424
f 1159/1425 1161/1427 1160/1428 1158/1426
f 1161/1427 1163/1429 1162/1430 1160/1428
f 1152/1419 1164/1431 1165/1432 1153/1420
f 1164/1431 1166/1433 1167/1434 1165/1432
f 1166/1435 1168/1436 1169/1437 1167/1438
f 1168/1436 1170/1439 1171/1440 1169/1437
f 1170/1439 1172/1441 1173/1442 1171/1440
f 1172/1441 1174/1443 1175/1444 1173/1442
f 1174/1443 1176/1445 1177/1446 1175/1444
f 1176/1445 1178/1447 1179/1448 1177/1446
f 1178/1447 1180/1449 1181/1450 1179/1448
f 1180/1449 1182/1451 1183/1452 1181/1450
f 1182/1451 1184/1453 1185/1454 1183/1452
f 1184/1453 1186/1455 1187/1456 1185/1454
f 1186/1455 1188/1457 1189/1458 1187/1456
f 1188/1457 1190/1459 1191/1460 1189/1458
f 1190/1459 1192/1461 1193/1462 1191/1460
f 1192/1461 1194/1463 1195/1464 1193/1462
f 1194/1463 1196/1465 1197/1466 1195/1464
f 1196/1465 1198/1467 1199/1468 1197/1466
f 1162/1469 1163/1470 1199/1468 1198/1467
f 1176/1471 1222/1472 1223/1473 1178/1474
f 1132/1475 1200/1476 1201/1477 1134/1478
f 1148/1479 1208/1480 1207/1481 1146/1482
f 1192/1483 1230/1484 1231/1485 1194/1486
f 1174/1487 1221/1488 1222/1472 1176/1471
f 1140/1489 1204/1490 1205/1491 1142/1492
f 1146/1482 1207/1481 1206/1493 1144/1494
f 1190/1495 1229/1496 1230/1484 1192/1483
f 1162/1497 1215/1498 1214/1499 1160/1500
f 1172/1501 1220/1502 1221/1488 1174/1487
f 1134/1478 1201/1477 1204/1490 1140/1489
f 1144/1494 1206/1493 1203/1503 1138/1504
f 1188/1505 1228/1506 1229/1496 1190/1495
f 1170/1507 1219/1508 1220/1502 1172/1501
f 1160/1500 1214/1499 1213/1509 1158/1510
f 1186/1511 1227/1512 1228/1506 1188/1505
f 1198/1513 1233/1514 1215/1498 1162/1497
f 1158/1510 1213/1509 1212/1515 1156/1516
f 1168/1517 1218/1518 1219/1508 1170/1507
f 1184/1519 1226/1520 1227/1512 1186/1511
f 1142/1492 1205/1491 1210/1521 1152/1522
f 1156/1516 1212/1515 1211/1523 1154/1524
f 1166/1525 1217/1526 1218/1518 1168/1517
f 1138/1504 1203/1503 1202/1527 1136/1528
f 1182/1529 1225/1530 1226/1520 1184/1519
f 1164/1531 1216/1532 1217/1526 1166/1525
f 1154/1524 1211/1523 1209/1533 1150/1534
f 1136/1528 1202/1527 1200/1476 1132/1475
f 1180/1535 1224/1536 1225/1530 1182/1529
f 1196/1537 1232/1538 1233/1514 1198/1513
f 1152/1522 1210/1521 1216/1532 1164/1531
f 1178/1474 1223/1473 1224/1536 1180/1535
f 1150/1534 1209/1533 1208/1480 1148/1479
f 1194/1486 1231/1485 1232/1538 1196/1537
f 1232/1538 1234/1539 1215/1498 1233/1514
f 1213/1509 1214/1499 1215/1498 1234/1539
f 1232/1538 1231/1485 1247/1540 1234/1539
f 1213/1509 1234/1539 1247/1540 1212/1515
f 1211/1523 1212/1515 1247/1540 1246/1541
f 1230/1484 1246/1541 1247/1540 1231/1485
f 1209/1533 1211/1523 1246/1541 1245/1542
f 1229/1496 1245/1542 1246/1541 1230/1484
f 1208/1480 1209/1533 1245/1542 1244/1543
f 1228/1506 1244/1543 1245/1542 1229/1496
f 1207/1481 1208/1480 1244/1543 1243/1544
f 1227/1512 1243/1544 1244/1543 1228/1506
f 1206/1493 1207/1481 1243/1544 1242/1545
f 1226/1520 1242/1545 1243/1544 1227/1512
f 1225/1530 1241/1546 1242/1545 1226/1520
f 1203/1503 1206/1493 1242/1545 1241/1546
f 1202/1527 1203/1503 1241/1546 1240/1547
f 1224/1536 1240/1547 1241/1546 1225/1530
f 1200/1476 1202/1527 1240/1547 1239/1548
f 1223/1473 1239/1548 1240/1547 1224/1536
f 1201/1477 1200/1476 1239/1548 1238/1549
f 1222/1472 1238/1549 1239/1548 1223/1473
f 1204/1490 1201/1477 1238/1549 1237/1550
f 1221/1488 1237/1550 1238/1549 1222/1472
f 1220/1502 1236/1551 1237/1550 1221/1488
f 1205/1491 1204/1490 1237/1550 1236/1551
f 1216/1532 1210/1521 1235/1552 1217/1526
f 1217/1526 1235/1552 1219/1508 1218/1518
f 1219/1508 1235/1552 1236/1551 1220/1502
f 1210/1521 1205/1491 1236/1551 1235/1552
f 1139/1405 1251/1553 1254/1554 1145/1411
f 1167/1434 1265/1555 1264/1556 1165/1432
f 1159/1425 1261/1557 1262/1558 1161/1427
f 1183/1452 1273/1559 1272/1560 1181/1450
f 1165/1432 1264/1556 1258/1561 1153/1420
f 1199/1468 1281/1562 1280/1563 1197/1466
f 1181/1450 1272/1560 1271/1564 1179/1448
f 1157/1423 1260/1565 1261/1557 1159/1425
f 1197/1466 1280/1563 1279/1566 1195/1464
f 1155/1421 1259/1567 1260/1565 1157/1423
f 1179/1448 1271/1564 1270/1568 1177/1446
f 1137/1403 1250/1569 1251/1553 1139/1405
f 1195/1464 1279/1566 1278/1570 1193/1462
f 1143/1410 1253/1571 1252/1572 1141/1408
f 1151/1417 1257/1573 1259/1567 1155/1421
f 1177/1446 1270/1568 1269/1574 1175/1444
f 1193/1462 1278/1570 1277/1575 1191/1460
f 1133/1402 1248/1576 1250/1569 1137/1403
f 1175/1444 1269/1574 1268/1577 1173/1442
f 1141/1408 1252/1572 1249/1578 1135/1401
f 1135/1401 1249/1578 1248/1576 1133/1402
f 1191/1460 1277/1575 1276/1579 1189/1458
f 1149/1415 1256/1580 1257/1573 1151/1417
f 1173/1442 1268/1577 1267/1581 1171/1440
f 1163/1470 1263/1582 1281/1562 1199/1468
f 1189/1458 1276/1579 1275/1583 1187/1456
f 1171/1440 1267/1581 1266/1584 1169/1437
f 1147/1413 1255/1585 1256/1580 1149/1415
f 1187/1456 1275/1583 1274/1586 1185/1454
f 1153/1420 1258/1561 1253/1571 1143/1410
f 1169/1437 1266/1584 1265/1587 1167/1438
f 1145/1411 1254/1554 1255/1585 1147/1413
f 1185/1454 1274/1586 1273/1559 1183/1452
f 1161/1427 1262/1558 1263/1588 1163/1429
f 1256/1580 1290/1589 1291/1590 1257/1573
f 1274/1586 1308/1591 1307/1592 1273/1559
f 1264/1556 1298/1593 1292/1594 1258/1561
f 1281/1562 1315/1595 1314/1596 1280/1563
f 1271/1564 1305/1597 1304/1598 1270/1568
f 1251/1553 1285/1599 1288/1600 1254/1554
f 1260/1565 1294/1601 1295/1602 1261/1557
f 1278/1570 1312/1603 1311/1604 1277/1575
f 1250/1569 1284/1605 1285/1599 1251/1553
f 1268/1577 1302/1606 1301/1607 1267/1581
f 1258/1561 1292/1594 1287/1608 1253/1571
f 1275/1583 1309/1609 1308/1591 1274/1586
f 1263/1582 1297/1610 1315/1595 1281/1562
f 1265/1555 1299/1611 1298/1593 1264/1556
f 1254/1554 1288/1600 1289/1612 1255/1585
f 1272/1560 1306/1613 1305/1597 1271/1564
f 1261/1557 1295/1602 1296/1614 1262/1558
f 1279/1566 1313/1615 1312/1603 1278/1570
f 1269/1574 1303/1616 1302/1606 1268/1577
f 1252/1572 1286/1617 1283/1618 1249/1578
f 1257/1573 1291/1590 1293/1619 1259/1567
f 1276/1579 1310/1620 1309/1609 1275/1583
f 1249/1578 1283/1618 1282/1621 1248/1576
f 1266/1584 1300/1622 1299/1623 1265/1587
f 1273/1559 1307/1592 1306/1613 1272/1560
f 1255/1585 1289/1612 1290/1589 1256/1580
f 1280/1563 1314/1596 1313/1615 1279/1566
f 1262/1558 1296/1614 1297/1624 1263/1588
f 1253/1571 1287/1608 1286/1617 1252/1572
f 1270/1568 1304/1598 1303/1616 1269/1574
f 1259/1567 1293/1619 1294/1601 1260/1565
f 1277/1575 1311/1604 1310/1620 1276/1579
f 1248/1576 1282/1621 1284/1605 1250/1569
f 1267/1581 1301/1607 1300/1622 1266/1584
f 1285/1625 1319/1626 1322/1627 1288/1628
f 1305/1629 1339/1630 1338/1631 1304/1632
f 1294/1633 1328/1634 1329/1635 1295/1636
f 1312/1637 1346/1638 1345/1639 1311/1640
f 1284/1641 1318/1642 1319/1626 1285/1625
f 1302/1643 1336/1644 1335/1645 1301/1646
f 1292/1647 1326/1648 1321/1649 1287/1650
f 1309/1651 1343/1652 1342/1653 1308/1654
f 1299/1655 1333/1656 1332/1657 1298/1658
f 1297/1659 1331/1660 1349/1661 1315/1662
f 1306/1663 1340/1664 1339/1630 1305/1629
f 1288/1628 1322/1627 1323/1665 1289/1666
f 1295/1636 1329/1635 1330/1667 1296/1668
f 1313/1669 1347/1670 1346/1638 1312/1637
f 1286/1671 1320/1672 1317/1673 1283/1674
f 1303/1675 1337/1676 1336/1644 1302/1643
f 1291/1677 1325/1678 1327/1679 1293/1680
f 1310/1681 1344/1682 1343/1652 1309/1651
f 1283/1674 1317/1673 1316/1683 1282/1684
f 1300/1685 1334/1686 1333/1656 1299/1655
f 1289/1666 1323/1665 1324/1687 1290/1688
f 1307/1689 1341/1690 1340/1664 1306/1663
f 1296/1668 1330/1667 1331/1660 1297/1659
f 1314/1691 1348/1692 1347/1670 1313/1669
f 1304/1632 1338/1631 1337/1676 1303/1675
f 1287/1650 1321/1649 1320/1672 1286/1671
f 1293/1680 1327/1679 1328/1634 1294/1633
f 1311/1693 1345/1694 1344/1682 1310/1681
f 1282/1684 1316/1683 1318/1642 1284/1641
f 1301/1646 1335/1645 1334/1686 1300/1685
f 1308/1654 1342/1653 1341/1690 1307/1689
f 1290/1688 1324/1687 1325/1695 1291/1696
f 1315/1662 1349/1661 1348/1692 1314/1691
f 1298/1658 1332/1657 1326/1648 1292/1647
f 1319/1626 1353/1697 1356/1698 1322/1627
f 1339/1630 1373/1699 1372/1700 1338/1631
f 1328/1634 1362/1701 1363/1702 1329/1635
f 1346/1638 1380/1703 1379/1704 1345/1639
f 1336/1644 1370/1705 1369/1706 1335/1645
f 1318/1642 1352/1707 1353/1697 1319/1626
f 1326/1648 1360/1708 1355/1709 1321/1649
f 1343/1652 1377/1710 1376/1711 1342/1653
f 1333/1656 1367/1712 1366/1713 1332/1657
f 1331/1660 1365/1714 1383/1715 1349/1661
f 1340/1664 1374/1716 1373/1699 1339/1630
f 1322/1627 1356/1698 1357/1717 1323/1665
f 1347/1670 1381/1718 1380/1703 1346/1638
f 1329/1635 1363/1702 1364/1719 1330/1667
f 1320/1672 1354/1720 1351/1721 1317/1673
f 1337/1676 1371/1722 1370/1705 1336/1644
f 1325/1678 1359/1723 1361/1724 1327/1679
f 1344/1682 1378/1725 1377/1710 1343/1652
f 1317/1673 1351/1721 1350/1726 1316/1683
f 1334/1686 1368/1727 1367/1712 1333/1656
f 1323/1665 1357/1717 1358/1728 1324/1687
f 1341/1690 1375/1729 1374/1716 1340/1664
f 1330/1667 1364/1719 1365/1714 1331/1660
f 1348/1692 1382/1730 1381/1718 1347/1670
f 1338/1631 1372/1700 1371/1722 1337/1676
f 1321/1649 1355/1709 1354/1720 1320/1672
f 1327/1679 1361/1724 1362/1701 1328/1634
f 1345/1694 1379/1731 1378/1725 1344/1682
f 1316/1683 1350/1726 1352/1707 1318/1642
f 1335/1645 1369/1706 1368/1727 1334/1686
f 1324/1687 1358/1728 1359/1732 1325/1695
f 1342/1653 1376/1711 1375/1729 1341/1690
f 1349/1661 1383/1715 1382/1730 1348/1692
f 1332/1657 1366/1713 1360/1708 1326/1648
f 1363/1702 1384/1733 1365/1714 1364/1719
f 1382/1730 1383/1715 1365/1714 1384/1733
f 1381/1718 1382/1730 1384/1733 1386/1734
f 1362/1701 1385/1735 1384/1733 1363/1702
f 1380/1703 1381/1718 1386/1734 1389/1736
f 1361/1724 1387/1737 1385/1735 1362/1701
f 1384/1733 1385/1735 1388/1738 1386/1734
f 1377/1710 1412/1739 1411/1740 1376/1711
f 1355/1709 1395/1741 1394/1742 1354/1720
f 1366/1713 1401/1743 1400/1744 1360/1708
f 1375/1729 1410/1745 1409/1746 1374/1716
f 1352/1707 1392/1747 1393/1748 1353/1697
f 1373/1699 1408/1749 1407/1750 1372/1700
f 1351/1721 1391/1751 1390/1752 1350/1726
f 1360/1708 1400/1744 1395/1741 1355/1709
f 1371/1722 1406/1753 1405/1754 1370/1705
f 1357/1717 1397/1755 1398/1756 1358/1728
f 1369/1706 1404/1757 1403/1758 1368/1727
f 1378/1725 1413/1759 1412/1739 1377/1710
f 1353/1697 1393/1748 1396/1760 1356/1698
f 1367/1712 1402/1761 1401/1743 1366/1713
f 1376/1711 1411/1740 1410/1745 1375/1729
f 1354/1720 1394/1742 1391/1751 1351/1721
f 1374/1716 1409/1746 1408/1749 1373/1699
f 1350/1726 1390/1752 1392/1747 1352/1707
f 1372/1700 1407/1750 1406/1753 1371/1722
f 1358/1728 1398/1756 1399/1762 1359/1732
f 1370/1705 1405/1754 1404/1757 1369/1706
f 1379/1731 1414/1763 1413/1759 1378/1725
f 1356/1698 1396/1760 1397/1755 1357/1717
f 1368/1727 1403/1758 1402/1761 1367/1712
f 1359/1723 1399/1764 1387/1737 1361/1724
f 1379/1704 1380/1703 1389/1736 1414/1765
f 1413/1759 1440/1766 1439/1767 1412/1739
f 1402/1761 1429/1768 1428/1769 1401/1743
f 1411/1740 1438/1770 1437/1771 1410/1745
f 1400/1744 1427/1772 1422/1773 1395/1741
f 1409/1746 1436/1774 1435/1775 1408/1749
f 1391/1751 1418/1776 1417/1777 1390/1752
f 1397/1755 1424/1778 1425/1779 1398/1756
f 1399/1764 1426/1780 1415/1781 1387/1737
f 1407/1750 1434/1782 1433/1783 1406/1753
f 1393/1748 1420/1784 1423/1785 1396/1760
f 1394/1742 1421/1786 1418/1776 1391/1751
f 1405/1754 1432/1787 1431/1788 1404/1757
f 1414/1763 1441/1789 1440/1766 1413/1759
f 1403/1758 1430/1790 1429/1768 1402/1761
f 1412/1739 1439/1767 1438/1770 1411/1740
f 1401/1743 1428/1769 1427/1772 1400/1744
f 1410/1745 1437/1771 1436/1774 1409/1746
f 1390/1752 1417/1777 1419/1791 1392/1747
f 1398/1756 1425/1779 1426/1792 1399/1762
f 1389/1736 1416/1793 1441/1794 1414/1765
f 1408/1749 1435/1775 1434/1782 1407/1750
f 1396/1760 1423/1785 1424/1778 1397/1755
f 1395/1741 1422/1773 1421/1786 1394/1742
f 1406/1753 1433/1783 1432/1787 1405/1754
f 1392/1747 1419/1791 1420/1784 1393/1748
f 1404/1757 1431/1788 1430/1790 1403/1758
f 1389/1736 1386/1734 1388/1738 1416/1793
f 1387/1737 1415/1781 1388/1738 1385/1735
f 1388/1738 1415/1781 1442/1795 1416/1793
f 1426/1780 1456/1796 1442/1795 1415/1781
f 1441/1794 1416/1793 1442/1795 1470/1797
f 1426/1792 1425/1779 1455/1798 1456/1799
f 1466/1800 1492/1801 1491/1802 1465/1803
f 1447/1804 1443/1805 1473/1806 1477/1807
f 1452/1808 1451/1809 1481/1810 1482/1811
f 1464/1812 1490/1813 1489/1814 1463/1815
f 1471/1816 1472/1817 1494/1818 1493/1819
f 1450/1820 1449/1821 1479/1822 1480/1823
f 1462/1824 1488/1825 1487/1826 1461/1827
f 1459/1828 1485/1829 1494/1818 1472/1817
f 1448/1830 1447/1804 1477/1807 1478/1831
f 1458/1832 1484/1833 1486/1834 1460/1835
f 1444/1836 1446/1837 1476/1838 1474/1839
f 1457/1840 1483/1841 1484/1833 1458/1832
f 1465/1803 1491/1802 1490/1813 1464/1812
f 1443/1805 1444/1836 1474/1839 1473/1806
f 1451/1809 1450/1820 1480/1823 1481/1810
f 1583/1842 1584/1843 1488/1825 1462/1824
f 1445/1844 1471/1816 1493/1819 1475/1845
f 1591/1846 1448/1830 1478/1831 1592/1847
f 1460/1835 1486/1834 1485/1829 1459/1828
f 1554/1848 1445/1844 1475/1845 1555/1849
f 1461/1827 1487/1826 1483/1841 1457/1840
f 1473/1806 1474/1839 1496/1850 1495/1851
f 1484/1833 1506/1852 1508/1853 1486/1834
f 1493/1819 1494/1818 1516/1854 1515/1855
f 1483/1841 1505/1856 1506/1852 1484/1833
f 1485/1829 1507/1857 1516/1854 1494/1818
f 1481/1810 1480/1823 1502/1858 1503/1859
f 1491/1802 1513/1860 1512/1861 1490/1813
f 1592/1847 1478/1831 1500/1862 1593/1863
f 1555/1849 1475/1845 1497/1864 1556/1865
f 1584/1843 1585/1866 1510/1867 1488/1825
f 1477/1807 1473/1806 1495/1851 1499/1868
f 1486/1834 1508/1853 1507/1857 1485/1829
f 1487/1826 1509/1869 1505/1856 1483/1841
f 1475/1845 1493/1819 1515/1855 1497/1864
f 1482/1811 1481/1810 1503/1859 1504/1870
f 1492/1801 1514/1871 1513/1860 1491/1802
f 1480/1823 1479/1822 1501/1872 1502/1858
f 1478/1831 1477/1807 1499/1868 1500/1862
f 1490/1813 1512/1861 1511/1873 1489/1814
f 1474/1839 1476/1838 1498/1874 1496/1850
f 1488/1825 1510/1867 1509/1869 1487/1826
f 1499/1868 1495/1851 1517/1875 1521/1876
f 1508/1853 1530/1877 1529/1878 1507/1857
f 1509/1869 1531/1879 1527/1880 1505/1856
f 1497/1864 1515/1855 1537/1881 1519/1882
f 1504/1870 1503/1859 1525/1883 1526/1884
f 1514/1871 1536/1885 1535/1886 1513/1860
f 1502/1858 1501/1872 1523/1887 1524/1888
f 1500/1862 1499/1868 1521/1876 1522/1889
f 1512/1861 1534/1890 1533/1891 1511/1873
f 1496/1850 1498/1874 1520/1892 1518/1893
f 1510/1867 1532/1894 1531/1879 1509/1869
f 1495/1851 1496/1850 1518/1893 1517/1875
f 1506/1852 1528/1895 1530/1877 1508/1853
f 1515/1855 1516/1854 1538/1896 1537/1881
f 1505/1856 1527/1880 1528/1895 1506/1852
f 1507/1857 1529/1878 1538/1896 1516/1854
f 1503/1859 1502/1858 1524/1888 1525/1883
f 1513/1860 1535/1886 1534/1890 1512/1861
f 1593/1863 1500/1862 1522/1889 1594/1897
f 1556/1865 1497/1864 1519/1882 1557/1898
f 1585/1866 1586/1899 1532/1894 1510/1867
f 1433/1783 1461/1827 1457/1840 1432/1787
f 1421/1786 1422/1773 1443/1805 1447/1804
f 1431/1788 1545/1900 1544/1901 1430/1790
f 1428/1769 1543/1902 1542/1903 1427/1772
f 1428/1769 1429/1768 1539/1904 1543/1902
f 1430/1790 1544/1901 1539/1904 1429/1768
f 1427/1772 1542/1903 1443/1805 1422/1773
f 1431/1788 1432/1787 1457/1840 1545/1900
f 1545/1900 1549/1905 1548/1906 1544/1901
f 1543/1902 1547/1907 1546/1908 1542/1903
f 1457/1840 1458/1832 1549/1905 1545/1900
f 1444/1836 1443/1805 1542/1903 1546/1908
f 1539/1904 1540/1909 1547/1907 1543/1902
f 1540/1909 1539/1904 1544/1901 1548/1906
f 1459/1828 1472/1817 1541/1910 1550/1911
f 1471/1816 1551/1912 1541/1910 1472/1817
f 1540/1909 1548/1906 1550/1911 1541/1910
f 1540/1909 1541/1910 1551/1912 1547/1907
f 1547/1907 1551/1912 1552/1913 1546/1908
f 1446/1837 1444/1836 1546/1908 1552/1913
f 1548/1906 1549/1905 1553/1914 1550/1911
f 1460/1835 1553/1914 1549/1905 1458/1832
f 1459/1828 1550/1911 1553/1914 1460/1835
f 1471/1816 1445/1844 1552/1913 1551/1912
f 1446/1837 1554/1848 1555/1849 1476/1838
f 1476/1838 1555/1849 1556/1865 1498/1874
f 1498/1874 1556/1865 1557/1898 1520/1892
f 1446/1837 1552/1913 1445/1844 1554/1848
f 1423/1785 1562/1915 1563/1916 1424/1778
f 1420/1784 1561/1917 1562/1915 1423/1785
f 1419/1791 1560/1918 1561/1917 1420/1784
f 1417/1777 1558/1919 1560/1918 1419/1791
f 1418/1776 1559/1920 1558/1919 1417/1777
f 1439/1767 1569/1921 1568/1922 1438/1770
f 1438/1770 1568/1922 1567/1923 1437/1771
f 1437/1771 1567/1923 1566/1924 1436/1774
f 1436/1774 1566/1924 1565/1925 1435/1775
f 1435/1775 1565/1925 1564/1926 1434/1782
f 1434/1782 1564/1926 1461/1827 1433/1783
f 1418/1776 1421/1786 1447/1804 1559/1920
f 1482/1811 1504/1870 1526/1884 1452/1808
f 1492/1801 1466/1800 1536/1885 1514/1871
f 1456/1796 1574/1927 1570/1928 1442/1795
f 1442/1795 1570/1928 1578/1929 1470/1797
f 1470/1930 1578/1931 1577/1932 1469/1933
f 1469/1933 1577/1932 1576/1934 1468/1935
f 1468/1935 1576/1934 1575/1936 1467/1937
f 1455/1798 1573/1938 1574/1939 1456/1799
f 1455/1798 1454/1940 1572/1941 1573/1938
f 1454/1940 1453/1942 1571/1943 1572/1941
f 1453/1942 1452/1808 1526/1884 1571/1943
f 1467/1937 1575/1936 1536/1885 1466/1800
f 1424/1778 1563/1916 1455/1798 1425/1779
f 1441/1789 1470/1930 1469/1933 1440/1766
f 1440/1766 1469/1933 1569/1921 1439/1767
f 1469/1933 1468/1935 1568/1922 1569/1921
f 1454/1940 1455/1798 1563/1916 1562/1915
f 1453/1942 1454/1940 1562/1915 1561/1917
f 1468/1935 1467/1937 1567/1923 1568/1922
f 1466/1800 1579/1944 1567/1923 1467/1937
f 1566/1924 1581/1945 1580/1946 1565/1925
f 1566/1924 1567/1923 1579/1944 1581/1945
f 1465/1803 1581/1945 1579/1944 1466/1800
f 1465/1803 1464/1812 1580/1946 1581/1945
f 1564/1926 1565/1925 1580/1946 1582/1947
f 1463/1815 1582/1947 1580/1946 1464/1812
f 1462/1824 1461/1827 1564/1926 1582/1947
f 1463/1815 1489/1814 1584/1843 1583/1842
f 1489/1814 1511/1873 1585/1866 1584/1843
f 1511/1873 1533/1891 1586/1899 1585/1866
f 1463/1815 1583/1842 1462/1824 1582/1947
f 1560/1918 1587/1948 1588/1949 1561/1917
f 1452/1808 1453/1942 1561/1917 1588/1949
f 1560/1918 1558/1919 1590/1950 1587/1948
f 1448/1830 1589/1951 1559/1920 1447/1804
f 1559/1920 1589/1951 1590/1950 1558/1919
f 1451/1809 1452/1808 1588/1949 1587/1948
f 1451/1809 1587/1948 1590/1950 1450/1820
f 1449/1821 1450/1820 1590/1950 1589/1951
f 1449/1821 1591/1846 1592/1847 1479/1822
f 1479/1822 1592/1847 1593/1863 1501/1872
f 1501/1872 1593/1863 1594/1897 1523/1887
f 1591/1846 1449/1821 1589/1951 1448/1830
f 1595/1952 1599/1953 1600/1954 1596/1955
f 1596/1955 1600/1954 1601/1956 1597/1957
f 1597/1957 1601/1956 1602/1958 1598/1959
f 1599/1953 1603/1960 1604/1961 1600/1954
f 1600/1954 1604/1961 1605/1962 1601/1956
f 1601/1956 1605/1962 1606/1963 1602/1958
f 1603/1960 1607/1964 1608/1965 1604/1961
f 1604/1961 1608/1965 1609/1966 1605/1962
f 1605/1962 1609/1966 1610/1967 1606/1963
f 1607/1964 1611/1968 1612/1969 1608/1965
f 1608/1965 1612/1969 1613/1970 1609/1966
f 1609/1966 1613/1970 1614/1971 1610/1967
f 1611/1968 1615/1972 1616/1973 1612/1969
f 1612/1969 1616/1973 1617/1974 1613/1970
f 1613/1970 1617/1974 1618/1975 1614/1971
f 1615/1972 1619/1976 1620/1977 1616/1973
f 1616/1973 1620/1977 1621/1978 1617/1974
f 1617/1974 1621/1978 1622/1979 1618/1975
f 1621/1978 1625/1980 1626/1981 1622/1979
f 1620/1977 1624/1982 1625/1980 1621/1978
f 1619/1976 1623/1983 1624/1982 1620/1977
f 1642/1984 1637/1985 1630/1986 1636/1987
f 1631/1988 1629/1989 1638/1990 1640/1991
f 1640/1991 1638/1990 1637/1985 1642/1984
f 1627/1992 1632/1993 1639/1994 1633/1995
f 1632/1993 1631/1988 1640/1991 1639/1994
f 1633/1995 1639/1994 1641/1996 1634/1997
f 1639/1994 1640/1991 1642/1984 1641/1996
f 1634/1997 1641/1996 1635/1998 1628/1999
f 1641/1996 1642/1984 1636/1987 1635/1998
f 1636/1987 1650/2000 1649/2001 1635/1998
f 1635/1998 1649/2001 1644/2002 1628/1999
f 1632/1993 1648/2003 1647/2004 1631/1988
f 1631/1988 1647/2004 1645/2005 1629/1989
f 1630/1986 1646/2006 1650/2000 1636/1987
f 1627/1992 1643/2007 1648/2003 1632/1993
f 1666/2008 1661/2009 1654/2010 1660/2011
f 1655/2012 1653/2013 1662/2014 1664/2015
f 1664/2015 1662/2014 1661/2009 1666/2008
f 1651/2016 1656/2017 1663/2018 1657/2019
f 1656/2017 1655/2012 1664/2015 1663/2018
f 1657/2019 1663/2018 1665/2020 1658/2021
f 1663/2018 1664/2015 1666/2008 1665/2020
f 1658/2021 1665/2020 1659/2022 1652/2023
f 1665/2020 1666/2008 1660/2011 1659/2022
f 1744/2024 1743/2025 1814/2026 1812/2027
f 1839/2028 1835/2029 1693/2030 1691/2031
f 1718/2032 1721/2033 1693/2034 1695/2035
f 1668/2036 1670/2037 1817/2038 1818/2039
f 1838/2040 1842/2041 1696/2042 1695/2043
f 1766/2044 1769/2045 1741/2046 1743/2047
f 1690/2048 1685/2049 1678/2050 1684/2051
f 1679/2052 1677/2053 1686/2054 1688/2055
f 1688/2055 1686/2054 1685/2049 1690/2048
f 1675/2056 1680/2057 1687/2058 1681/2059
f 1680/2057 1679/2052 1688/2055 1687/2058
f 1681/2059 1687/2058 1689/2060 1682/2061
f 1687/2058 1688/2055 1690/2048 1689/2060
f 1682/2061 1689/2060 1683/2062 1676/2063
f 1689/2060 1690/2048 1684/2051 1683/2062
f 1764/2064 1674/2065 1673/2066 1766/2067
f 1791/2068 1718/2069 1716/2070 1792/2071
f 1673/2072 1674/2073 1812/2027 1814/2026
f 1721/2033 1722/2074 1691/2031 1693/2034
f 1787/2075 1722/2076 1721/2077 1789/2078
f 1764/2064 1766/2067 1743/2047 1744/2024
f 1714/2079 1709/2080 1702/2081 1708/2082
f 1703/2083 1701/2084 1710/2085 1712/2086
f 1712/2086 1710/2085 1709/2080 1714/2079
f 1699/2087 1704/2088 1711/2089 1705/2090
f 1704/2088 1703/2083 1712/2086 1711/2089
f 1705/2090 1711/2089 1713/2091 1706/2092
f 1711/2089 1712/2086 1714/2079 1713/2091
f 1706/2092 1713/2091 1707/2093 1700/2094
f 1713/2091 1714/2079 1708/2082 1707/2093
f 1669/2095 1667/2096 1672/2097 1671/2098
f 1667/2096 1839/2028 1691/2031 1672/2097
f 1704/2088 1720/2099 1719/2100 1703/2083
f 1703/2083 1719/2100 1717/2101 1701/2084
f 1842/2041 1744/2024 1812/2027 1696/2042
f 1699/2087 1715/2102 1720/2099 1704/2088
f 1738/2103 1733/2104 1726/2105 1732/2106
f 1727/2107 1725/2108 1734/2109 1736/2110
f 1736/2110 1734/2109 1733/2104 1738/2103
f 1723/2111 1728/2112 1735/2113 1729/2114
f 1728/2112 1727/2107 1736/2110 1735/2113
f 1729/2114 1735/2113 1737/2115 1730/2116
f 1735/2113 1736/2110 1738/2103 1737/2115
f 1730/2116 1737/2115 1731/2117 1724/2118
f 1737/2115 1738/2103 1732/2106 1731/2117
f 1732/2106 1746/2119 1745/2120 1731/2117
f 1731/2117 1745/2120 1740/2121 1724/2118
f 1670/2037 1673/2072 1814/2026 1817/2038
f 1698/2122 1787/2123 1839/2028 1667/2096
f 1726/2105 1742/2124 1746/2119 1732/2106
f 1674/2073 1716/2125 1696/2042 1812/2027
f 1762/2126 1757/2127 1750/2128 1756/2129
f 1751/2130 1749/2131 1758/2132 1760/2133
f 1760/2133 1758/2132 1757/2127 1762/2126
f 1747/2134 1752/2135 1759/2136 1753/2137
f 1752/2135 1751/2130 1760/2133 1759/2136
f 1753/2137 1759/2136 1761/2138 1754/2139
f 1759/2136 1760/2133 1762/2126 1761/2138
f 1754/2139 1761/2138 1755/2140 1748/2141
f 1761/2138 1762/2126 1756/2129 1755/2140
f 1697/2142 1694/2143 1692/2144 1698/2145
f 1792/2071 1716/2070 1674/2065 1764/2064
f 1752/2135 1768/2146 1767/2147 1751/2130
f 1751/2130 1767/2147 1765/2148 1749/2131
f 1698/2145 1692/2144 1722/2076 1787/2123
f 1747/2134 1763/2149 1768/2146 1752/2135
f 1786/2150 1781/2151 1774/2152 1780/2153
f 1775/2154 1773/2155 1782/2156 1784/2157
f 1784/2157 1782/2156 1781/2151 1786/2150
f 1771/2158 1776/2159 1783/2160 1777/2161
f 1776/2159 1775/2154 1784/2157 1783/2160
f 1777/2161 1783/2160 1785/2162 1778/2163
f 1783/2160 1784/2157 1786/2150 1785/2162
f 1778/2163 1785/2162 1779/2164 1772/2165
f 1785/2162 1786/2150 1780/2153 1779/2164
f 1780/2153 1794/2166 1793/2167 1779/2164
f 1779/2164 1793/2167 1788/2168 1772/2165
f 1789/2078 1721/2077 1718/2069 1791/2068
f 1766/2067 1673/2066 1670/2169 1769/2045
f 1774/2152 1790/2170 1794/2166 1780/2153
f 1769/2045 1670/2169 1668/2171 1770/2172
f 1810/2173 1805/2174 1798/2175 1804/2176
f 1799/2177 1797/2178 1806/2179 1808/2180
f 1808/2180 1806/2179 1805/2174 1810/2173
f 1795/2181 1800/2182 1807/2183 1801/2184
f 1800/2182 1799/2177 1808/2180 1807/2183
f 1801/2184 1807/2183 1809/2185 1802/2186
f 1807/2183 1808/2180 1810/2173 1809/2185
f 1802/2186 1809/2185 1803/2187 1796/2188
f 1809/2185 1810/2173 1804/2176 1803/2187
f 1835/2029 1838/2040 1695/2043 1693/2030
f 1741/2189 1739/2190 1818/2039 1817/2038
f 1800/2182 1816/2191 1815/2192 1799/2177
f 1799/2177 1815/2192 1813/2193 1797/2178
f 1743/2047 1741/2046 1817/2038 1814/2026
f 1795/2181 1811/2194 1816/2191 1800/2182
f 1834/2195 1829/2196 1822/2197 1828/2198
f 1823/2199 1821/2200 1830/2201 1832/2202
f 1832/2202 1830/2201 1829/2196 1834/2195
f 1819/2203 1824/2204 1831/2205 1825/2206
f 1824/2204 1823/2199 1832/2202 1831/2205
f 1825/2206 1831/2205 1833/2207 1826/2208
f 1831/2205 1832/2202 1834/2195 1833/2207
f 1826/2208 1833/2207 1827/2209 1820/2210
f 1833/2207 1834/2195 1828/2198 1827/2209
f 1828/2198 1841/2211 1840/2212 1827/2209
f 1827/2209 1840/2212 1836/2213 1820/2210
f 1791/2068 1792/2071 1842/2041 1838/2040
f 1822/2197 1837/2214 1841/2211 1828/2198
f 1722/2074 1692/2215 1672/2097 1691/2031
f 1792/2071 1764/2064 1744/2024 1842/2041
f 1866/2216 1865/2217 1876/2218 1875/2219
f 1692/2215 1694/2220 1671/2098 1672/2097
f 1789/2078 1791/2068 1838/2040 1835/2029
f 1716/2125 1718/2032 1695/2035 1696/2042
f 1881/2221 1879/2222 1853/2223 1851/2224
f 1769/2045 1770/2172 1739/2190 1741/2046
f 1697/2142 1698/2145 1667/2096 1669/2095
f 1787/2075 1789/2078 1835/2029 1839/2028
f 1860/2225 1861/2226 1853/2227 1855/2228
f 1844/2229 1846/2230 1877/2231 1878/2232
f 1880/2233 1882/2234 1856/2235 1855/2236
f 1868/2237 1869/2238 1864/2239 1865/2240
f 1867/2241 1850/2242 1849/2243 1868/2244
f 1873/2245 1860/2246 1859/2247 1874/2248
f 1849/2243 1850/2242 1875/2219 1876/2218
f 1861/2226 1862/2249 1851/2224 1853/2227
f 1871/2250 1862/2249 1861/2226 1872/2251
f 1867/2252 1868/2237 1865/2240 1866/2216
f 1845/2253 1843/2254 1848/2255 1847/2256
f 1843/2254 1881/2221 1851/2224 1848/2255
f 1882/2234 1866/2216 1875/2219 1856/2235
f 1846/2230 1849/2243 1876/2218 1877/2231
f 1858/2257 1871/2258 1881/2221 1843/2254
f 1850/2242 1859/2259 1856/2235 1875/2219
f 1857/2260 1854/2261 1852/2262 1858/2263
f 1874/2248 1859/2247 1850/2242 1867/2241
f 1858/2263 1852/2262 1862/2249 1871/2250
f 1872/2251 1861/2226 1860/2225 1873/2245
f 1868/2244 1849/2243 1846/2230 1869/2264
f 1869/2264 1846/2230 1844/2229 1870/2265
f 1879/2222 1880/2233 1855/2236 1853/2223
f 1864/2266 1863/2267 1878/2232 1877/2231
f 1865/2240 1864/2239 1877/2231 1876/2218
f 1873/2268 1874/2269 1882/2234 1880/2233
f 1862/2249 1852/2262 1848/2255 1851/2224
f 1874/2269 1867/2252 1866/2216 1882/2234
f 1852/2262 1854/2261 1847/2256 1848/2255
f 1872/2270 1873/2268 1880/2233 1879/2222
f 1859/2247 1860/2246 1855/2228 1856/2235
f 1869/2238 1870/2271 1863/2267 1864/2239
f 1857/2272 1858/2257 1843/2254 1845/2253
f 1871/2258 1872/2270 1879/2222 1881/2221
f 1909/2273 1907/2274 1890/2275 1888/2276
f 1897/2277 1898/2278 1890/2279 1892/2280
f 1908/2281 1910/2282 1893/2283 1892/2284
f 1904/2285 1897/2286 1896/2287 1905/2288
f 1898/2278 1899/2289 1888/2290 1890/2279
f 1902/2291 1899/2289 1898/2278 1903/2292
f 1884/2293 1883/2294 1886/2295 1885/2296
f 1883/2294 1909/2273 1888/2276 1886/2295
f 1910/2282 1900/2297 1906/2298 1893/2283
f 1895/2299 1902/2300 1909/2273 1883/2294
f 1887/2301 1896/2302 1893/2303 1906/2304
f 1894/2305 1891/2306 1889/2307 1895/2308
f 1905/2288 1896/2287 1887/2301 1901/2309
f 1895/2308 1889/2307 1899/2289 1902/2300
f 1903/2292 1898/2278 1897/2277 1904/2285
f 1907/2274 1908/2281 1892/2284 1890/2275
f 1904/2285 1905/2288 1910/2282 1908/2281
f 1899/2289 1889/2307 1886/2310 1888/2290
f 1905/2288 1901/2309 1900/2297 1910/2282
f 1889/2307 1891/2306 1885/2311 1886/2310
f 1903/2292 1904/2285 1908/2281 1907/2274
f 1896/2287 1897/2286 1892/2280 1893/2303
f 1894/2305 1895/2308 1883/2294 1884/2293
f 1902/2291 1903/2292 1907/2274 1909/2273
f 1887/2301 1906/2298 1900/2297 1901/2309
f 1937/2312 1935/2313 1918/2314 1916/2315
f 1925/2316 1926/2317 1918/2318 1920/2319
f 1936/2320 1938/2321 1921/2322 1920/2323
f 1932/2324 1925/2325 1924/2326 1933/2327
f 1926/2317 1927/2328 1916/2315 1918/2318
f 1930/2329 1927/2330 1926/2331 1931/2332
f 1912/2333 1911/2334 1914/2335 1913/2336
f 1911/2334 1937/2312 1916/2315 1914/2335
f 1938/2321 1928/2337 1934/2338 1921/2322
f 1923/2339 1930/2340 1937/2312 1911/2334
f 1915/2341 1924/2342 1921/2322 1934/2338
f 1922/2343 1919/2344 1917/2345 1923/2346
f 1933/2327 1924/2326 1915/2347 1929/2348
f 1923/2346 1917/2345 1927/2330 1930/2340
f 1931/2332 1926/2331 1925/2325 1932/2324
f 1935/2313 1936/2320 1920/2323 1918/2314
f 1932/2324 1933/2327 1938/2321 1936/2320
f 1927/2328 1917/2349 1914/2335 1916/2315
f 1933/2327 1929/2348 1928/2337 1938/2321
f 1917/2349 1919/2350 1913/2336 1914/2335
f 1931/2332 1932/2324 1936/2320 1935/2313
f 1924/2342 1925/2316 1920/2319 1921/2322
f 1922/2343 1923/2346 1911/2334 1912/2333
f 1930/2329 1931/2332 1935/2313 1937/2312
f 1915/2347 1934/2338 1928/2337 1929/2348
f 1943/2351 1939/2352 1940/2353 1944/2354
f 1944/2354 1940/2353 1941/2355 1945/2356
f 1945/2356 1941/2355 1942/2357 1946/2358
f 1946/2358 1942/2357 1939/2352 1943/2351
f 1946/2358 1943/2351 1944/2354 1945/2356